node,t,dlmp_signal,spot_eur_mwh,adder_signal
8,0,38.246974190946354,31.0,7.246974190946354
8,1,36.86122862586134,31.0,5.861228625861337
8,2,37.72558427234353,31.0,6.725584272343532
8,3,38.157832816474574,31.0,7.157832816474574
8,4,32.56755093719173,30.94,1.6275509371917316
8,5,40.12159060918988,30.94,9.181590609189879
8,6,37.09341255831119,30.94,6.153412558311192
8,7,34.89052069607136,30.94,3.9505206960713615
8,8,36.607810769756796,31.32,5.2878107697567955
8,9,35.27047478447097,31.32,3.95047478447097
8,10,38.1078503324275,31.32,6.787850332427503
8,11,34.910358424932205,31.32,3.590358424932205
8,12,36.97208634358782,29.03,7.9420863435878175
8,13,34.941516524742134,29.03,5.911516524742133
8,14,30.652052431810063,29.03,1.6220524318100615
8,15,33.900551904101285,29.03,4.8705519041012835
8,16,28.911458569892318,28.2,0.7114585698923186
8,17,28.912034508758317,28.2,0.7120345087583182
8,18,28.912034912318372,28.2,0.7120349123183729
8,19,28.912035316557446,28.2,0.7120353165574471
8,20,44.463043423683224,43.75,0.7130434236832244
8,21,44.4643549388344,43.75,0.714354938834397
8,22,44.464376284089425,43.75,0.7143762840894254
8,23,44.46750686625392,43.75,0.7175068662539204
8,24,52.741696920599864,51.79,0.9516969205998649
8,25,52.7416970017702,51.79,0.9516970017701993
8,26,52.74169701900355,51.79,0.9516970190035536
8,27,52.74169702518447,51.79,0.9516970251844725
8,28,53.351697030967046,52.4,0.9516970309670469
8,29,53.35169703533661,52.4,0.9516970353366148
8,30,53.35169703906733,52.4,0.9516970390673336
8,31,53.351697043870324,52.4,0.9516970438703254
8,32,50.371697047656234,49.42,0.9516970476562321
8,33,50.37169705313865,49.42,0.9516970531386448
8,34,51.01743239703545,49.42,1.5974323970354476
8,35,50.37169706900915,49.42,0.9516970690091497
8,36,50.33169705564704,49.38,0.9516970556470383
8,37,50.331697054899905,49.38,0.9516970548999026
8,38,50.331697055842355,49.38,0.9516970558423523
8,39,50.33169705524017,49.38,0.9516970552401673
8,40,47.33169705586793,46.38,0.9516970558679247
8,41,47.331697056812246,46.38,0.9516970568122431
8,42,47.331697056723776,46.38,0.9516970567237735
8,43,47.33169705701608,46.38,0.9516970570160765
8,44,37.23169705727747,36.28,0.951697057277471
8,45,37.23169705637206,36.28,0.9516970563720619
8,46,37.231697057928145,36.28,0.9516970579281434
8,47,37.231697056348345,36.28,0.951697056348344
8,48,36.53169705704086,35.58,0.9516970570408603
8,49,36.531697057776,35.58,0.951697057776002
8,50,36.531697056544985,35.58,0.9516970565449867
8,51,36.531697057307845,35.58,0.9516970573078467
8,52,36.171697055085126,35.22,0.9516970550851269
8,53,36.17169705508132,35.22,0.9516970550813184
8,54,36.17169705614051,35.22,0.9516970561405103
8,55,36.17169705506377,35.22,0.951697055063768
8,56,35.87169705623936,34.92,0.951697056239361
8,57,35.87169705800569,34.92,0.9516970580056849
8,58,40.8504595817065,34.92,5.930459581706501
8,59,44.31064495329927,34.92,9.390644953299265
8,60,58.36627870459657,34.76,23.60627870459657
8,61,54.90187651295439,34.76,20.14187651295439
8,62,36.40652724047807,34.76,1.646527240478072
8,63,89.70529460096799,34.76,54.94529460096799
8,64,48.435306382404065,40.47,7.965306382404066
8,65,46.878206270423554,40.47,6.408206270423555
8,66,66.8065512343087,40.47,26.3365512343087
8,67,46.85918266601237,40.47,6.389182666012374
8,68,59.9857458827979,48.01,11.975745882797902
8,69,56.38929522814766,48.01,8.379295228147662
8,70,52.45418909831974,48.01,4.44418909831974
8,71,85.26296869408891,48.01,37.25296869408891
8,72,55.3793841853268,51.61,3.7693841853267998
8,73,72.63614644122434,51.61,21.02614644122434
8,74,80.49018783072698,51.61,28.88018783072698
8,75,55.51395794807192,51.61,3.9039579480719198
8,76,49.778790532020736,47.16,2.618790532020739
8,77,49.642029080767394,47.16,2.482029080767397
8,78,71.52238251937429,47.16,24.362382519374293
8,79,51.47485120425243,47.16,4.3148512042524345
8,80,38.08169704837685,37.13,0.9516970483768503
8,81,38.08169704612839,37.13,0.9516970461283876
8,82,38.08169704398623,37.13,0.9516970439862291
8,83,38.08169704304672,37.13,0.951697043046714
8,84,41.86435909953061,34.69,7.174359099530612
8,85,37.747140881698215,34.69,3.057140881698217
8,86,35.64169703244093,34.69,0.9516970324409328
8,87,35.64169702441655,34.69,0.9516970244165535
8,88,35.38996849102615,31.8,3.589968491026152
8,89,31.827033378932462,31.8,0.027033378932461716
8,90,31.827033375391295,31.8,0.027033375391294356
8,91,31.827033352289174,31.8,0.02703335228917325
8,92,26.69714458623138,26.21,0.48714458623138057
8,93,26.794845752917396,26.21,0.5848457529173956
8,94,51.011596286622286,26.21,24.801596286622285
8,95,28.559695951708065,26.21,2.349695951708064
10,0,38.477116129492245,31.0,7.477116129492245
10,1,37.128713836879385,31.0,6.128713836879385
10,2,37.97096626302276,31.0,6.97096626302276
10,3,38.3920110853523,31.0,7.392011085352301
10,4,32.75277904450479,30.94,1.81277904450479
10,5,40.321410639593566,30.94,9.381410639593565
10,6,37.35184226616485,30.94,6.41184226616485
10,7,35.19709605448948,30.94,4.257096054489477
10,8,36.890952434827526,31.32,5.570952434827525
10,9,35.577321318074326,31.32,4.257321318074325
10,10,38.350548996360864,31.32,7.030548996360864
10,11,35.192228748068274,31.32,3.8722287480682738
10,12,37.18992626093731,29.03,8.159926260937311
10,13,35.20478220159544,29.03,6.174782201595441
10,14,30.838617809210312,29.03,1.8086178092103111
10,15,34.1926035209468,29.03,5.162603520946796
10,16,29.077222078777424,28.2,0.8772220787774252
10,17,29.078717005329377,28.2,0.8787170053293778
10,18,29.08093358404391,28.2,0.880933584043909
10,19,29.084545060751662,28.2,0.8845450607516625
10,20,44.641938875828444,43.75,0.8919388758284441
10,21,44.64198776472832,43.75,0.8919877647283201
10,22,44.64198902045161,43.75,0.8919890204516108
10,23,44.64198910920651,43.75,0.8919891092065129
10,24,52.6819891453503,51.79,0.8919891453503013
10,25,52.68198916390153,51.79,0.8919891639015276
10,26,52.68198917952813,51.79,0.8919891795281316
10,27,52.68198918649802,51.79,0.891989186498023
10,28,53.29198919034934,52.4,0.8919891903493422
10,29,53.291989193782925,52.4,0.8919891937829263
10,30,53.29198919658149,52.4,0.8919891965814912
10,31,53.29198919932476,52.4,0.8919891993247617
10,32,50.311989202028734,49.42,0.8919892020287321
10,33,50.311989203723414,49.42,0.8919892037234121
10,34,50.95764784771722,49.42,1.537647847717217
10,35,50.31198920780631,49.42,0.8919892078063114
10,36,50.27198920918654,49.38,0.8919892091865407
10,37,50.27198921095453,49.38,0.8919892109545273
10,38,50.27198921259848,49.38,0.8919892125984745
10,39,50.2719892161896,49.38,0.8919892161896001
10,40,47.27198921580138,46.38,0.8919892158013809
10,41,47.2719892163247,46.38,0.8919892163246956
10,42,47.271989217411566,46.38,0.8919892174115631
10,43,47.27198921869746,46.38,0.8919892186974607
10,44,37.17198921912552,36.28,0.8919892191255201
10,45,37.17198921965923,36.28,0.8919892196592301
10,46,37.17198922093754,36.28,0.8919892209375391
10,47,37.171989220508415,36.28,0.8919892205084139
10,48,36.47198922076458,35.58,0.8919892207645788
10,49,36.47198922130601,35.58,0.8919892213060123
10,50,36.4719892219452,35.58,0.8919892219452024
10,51,36.471989222869595,35.58,0.8919892228695971
10,52,36.11198922291336,35.22,0.8919892229133595
10,53,36.11198922320952,35.22,0.8919892232095208
10,54,36.11198922405298,35.22,0.8919892240529776
10,55,36.11198922477367,35.22,0.891989224773674
10,56,35.81198922556757,34.92,0.8919892255675705
10,57,35.811989225712786,34.92,0.8919892257127842
10,58,40.79632616880396,34.92,5.876326168803956
10,59,44.26092670576443,34.92,9.340926705764431
10,60,58.33292243586277,34.76,23.572922435862772
10,61,54.86521328053691,34.76,20.105213280536915
10,62,36.34766599328439,34.76,1.5876659932843893
10,63,89.69330386233236,34.76,54.93330386233236
10,64,48.38133999083389,40.47,7.911339990833888
10,65,46.82393833015949,40.47,6.353938330159494
10,66,66.76772658444409,40.47,26.297726584444092
10,67,46.80680234769143,40.47,6.336802347691432
10,68,59.93975158898246,48.01,11.929751588982462
10,69,56.33896245635188,48.01,8.328962456351881
10,70,52.40084452789573,48.01,4.39084452789573
10,71,85.23446551711478,48.01,37.22446551711479
10,72,55.3246540117563,51.61,3.714654011756302
10,73,72.60125891994878,51.61,20.991258919948777
10,74,80.47020997171404,51.61,28.860209971714042
10,75,55.460554775513174,51.61,3.8505547755131744
10,76,49.72248745937153,47.16,2.562487459371532
10,77,49.58530515772099,47.16,2.4253051577209916
10,78,71.52656759472269,47.16,24.366567594722696
10,79,51.42132797628433,47.16,4.261327976284335
10,80,38.021989230616995,37.13,0.8919892306169928
10,81,38.021989231070236,37.13,0.8919892310702338
10,82,38.02198923060128,37.13,0.8919892306012756
10,83,38.02198923105318,37.13,0.8919892310531807
10,84,41.8209766878187,34.69,7.130976687818702
10,85,37.69248765842439,34.69,3.0024876584243927
10,86,35.581989228357465,34.69,0.8919892283574669
10,87,35.58198922882936,34.69,0.8919892288293596
10,88,35.6908994101055,31.8,3.8908994101055008
10,89,32.6919892269077,31.8,0.8919892269077003
10,90,32.6919892267329,31.8,0.8919892267328997
10,91,32.69198922666869,31.8,0.891989226668688
10,92,27.101989225802182,26.21,0.8919892258021811
10,93,27.68745310750267,26.21,1.4774531075026687
10,94,51.948924385053246,26.21,25.738924385053245
10,95,29.232329040976904,26.21,3.022329040976903
11,0,38.25897718600024,31.0,7.258977186000237
11,1,36.86709063612041,31.0,5.867090636120409
11,2,37.732060067967005,31.0,6.732060067967005
11,3,38.16472204380025,31.0,7.1647220438002535
11,4,32.574374943089694,30.94,1.6343749430896928
11,5,40.1299270011858,30.94,9.189927001185797
11,6,37.09607705466541,30.94,6.156077054665406
11,7,34.8971274372026,30.94,3.9571274372025975
11,8,36.61039198483101,31.32,5.290391984831011
11,9,35.277339367824986,31.32,3.9573393678249857
11,10,38.111793443178485,31.32,6.791793443178484
11,11,34.91805454283144,31.32,3.5980545428314414
11,12,36.976597593424444,29.03,7.946597593424443
11,13,34.94464808800204,29.03,5.914648088002039
11,14,30.658664044519647,29.03,1.6286640445196454
11,15,33.90397334221278,29.03,4.8739733422127784
11,16,28.91241173076513,28.2,0.7124117307651296
11,17,28.912986259877034,28.2,0.7129862598770345
11,18,28.912986493716854,28.2,0.7129864937168549
11,19,28.912986725922302,28.2,0.7129867259223026
11,20,44.46395115012022,43.75,0.7139511501202165
11,21,44.465136742127,43.75,0.715136742127001
11,22,44.465151066831,43.75,0.7151510668309982
11,23,44.4651511985986,43.75,0.7151511985985977
11,24,52.790503485129875,51.79,1.000503485129876
11,25,52.79050353158685,51.79,1.0005035315868511
11,26,52.790503544082185,51.79,1.0005035440821857
11,27,52.79050354937063,51.79,1.0005035493706274
11,28,53.4005035541123,52.4,1.0005035541122993
11,29,53.4005035576059,52.4,1.000503557605903
11,30,53.40050356054305,52.4,1.0005035605430521
11,31,53.400503564711286,52.4,1.0005035647112877
11,32,50.42050356793511,49.42,1.0005035679351053
11,33,50.42050357456194,49.42,1.0005035745619395
11,34,51.07299040740319,49.42,1.6529904074031876
11,35,50.351621377730176,49.42,0.9316213777301741
11,36,50.38050357618891,49.38,1.0005035761889047
11,37,50.38050357452144,49.38,1.0005035745214386
11,38,50.38050357569597,49.38,1.0005035756959657
11,39,50.38050357453076,49.38,1.0005035745307609
11,40,47.38050357522914,46.38,1.0005035752291391
11,41,47.380503576492664,46.38,1.0005035764926618
11,42,47.38050357614414,46.38,1.0005035761441405
11,43,47.38050357625232,46.38,1.0005035762523207
11,44,37.28050357650279,36.28,1.000503576502787
11,45,37.280503575126026,36.28,1.0005035751260252
11,46,37.280503577248325,36.28,1.000503577248324
11,47,37.28050357497121,36.28,1.0005035749712121
11,48,36.580503575831855,35.58,1.000503575831857
11,49,36.580503576867294,35.58,1.0005035768672954
11,50,36.58050357496162,35.58,1.0005035749616198
11,51,36.58050357581747,35.58,1.0005035758174685
11,52,36.2205035724437,35.22,1.000503572443698
11,53,37.08473258297557,35.22,1.86473258297557
11,54,37.08504776477463,35.22,1.86504776477463
11,55,37.08502167768747,35.22,1.8650216776874728
11,56,35.92050357442978,34.92,1.0005035744297786
11,57,35.92050357713535,34.92,1.0005035771353477
11,58,40.91084311507623,34.92,5.990843115076231
11,59,44.374059944309366,34.92,9.454059944309364
11,60,58.469238157312915,34.76,23.709238157312917
11,61,54.97809037503601,34.76,20.218090375036013
11,62,36.455497443846696,34.76,1.6954974438466976
11,63,89.87937170506692,34.76,55.11937170506692
11,64,48.494556423907824,40.47,8.024556423907825
11,65,46.93715591086102,40.47,6.467155910861024
11,66,66.91519927545039,40.47,26.445199275450392
11,67,46.91592509421079,40.47,6.445925094210793
11,68,60.0554746883075,48.01,12.0454746883075
11,69,56.44958999028436,48.01,8.439589990284361
11,70,52.50941489356939,48.01,4.499414893569394
11,71,85.39818792850694,48.01,37.388187928506945
11,72,55.43214045037505,51.61,3.822140450375052
11,73,72.72924927013008,51.61,21.119249270130084
11,74,80.60275843900675,51.61,28.99275843900675
11,75,55.56783868419537,51.61,3.957838684195373
11,76,49.83077504336672,47.16,2.6707750433667243
11,77,49.69436614429469,47.16,2.534366144294694
11,78,71.63187823298371,47.16,24.471878232983713
11,79,51.53133940509788,47.16,4.371339405097885
11,80,38.130503569119895,37.13,1.0005035691198927
11,81,38.13050356684199,37.13,1.000503566841985
11,82,38.13050356487689,37.13,1.0005035648768867
11,83,38.130503564490795,37.13,1.000503564490792
11,84,41.92291022571941,34.69,7.232910225719415
11,85,37.799645509631596,34.69,3.109645509631598
11,86,35.690503555337045,34.69,1.0005035553370476
11,87,35.69050354862136,34.69,1.00050354862136
11,88,35.73220147881328,31.8,3.9322014788132797
11,89,32.73533243703678,31.8,0.9353324370367808
11,90,32.735332432900805,31.8,0.9353324329008039
11,91,32.735332412979275,31.8,0.9353324129792746
11,92,27.145152563855547,26.21,0.9351525638555458
11,93,28.657344063315882,26.21,2.4473440633158816
11,94,52.01580232616524,26.21,25.805802326165242
11,95,30.171411188399567,26.21,3.961411188399566
16,0,532.5547973287128,31.0,501.55479732871277
16,1,419.69086803756693,31.0,388.69086803756693
16,2,491.5668636358232,31.0,460.5668636358232
16,3,526.655632876372,31.0,495.655632876372
16,4,31.6439362335064,30.94,0.703936233506397
16,5,685.2444117844651,30.94,654.3044117844651
16,6,444.5936508897472,30.94,413.6536508897472
16,7,253.2708712868554,30.94,222.3308712868554
16,8,371.1583057850118,31.32,339.8383057850118
16,9,253.55592452157217,31.32,222.23592452157217
16,10,497.23489898463293,31.32,465.91489898463294
16,11,222.81359205692632,31.32,191.49359205692633
16,12,587.3633731355592,29.03,558.3333731355592
16,13,422.4502130888113,29.03,393.42021308881135
16,14,29.73328928239345,29.03,0.7032892823934489
16,15,332.72143645228607,29.03,303.6914364522861
16,16,57.869321932325036,28.2,29.669321932325037
16,17,57.86932193283393,28.2,29.669321932833927
16,18,57.86932193340613,28.2,29.669321933406128
16,19,57.869321934168006,28.2,29.669321934168007
16,20,73.41932193473892,43.75,29.669321934738917
16,21,73.41932193500608,43.75,29.66932193500608
16,22,73.41932193552181,43.75,29.669321935521808
16,23,73.41932193606638,43.75,29.669321936066382
16,24,81.45932193660326,51.79,29.66932193660326
16,25,81.45932193687813,51.79,29.669321936878127
16,26,81.45932193749194,51.79,29.669321937491937
16,27,81.45932193804236,51.79,29.669321938042366
16,28,82.06932193891843,52.4,29.669321938918436
16,29,82.06932193977023,52.4,29.669321939770235
16,30,82.06932194152436,52.4,29.669321941524366
16,31,82.06932194006696,52.4,29.669321940066958
16,32,79.08932194053385,49.42,29.669321940533848
16,33,79.0893219408131,49.42,29.66932194081309
16,34,79.73735062929383,49.42,30.317350629293827
16,35,79.08932194152463,49.42,29.66932194152463
16,36,79.04932194230561,49.38,29.669321942305608
16,37,79.0493219423245,49.38,29.669321942324494
16,38,79.04932194271682,49.38,29.669321942716813
16,39,79.04932194279395,49.38,29.66932194279395
16,40,76.0493219431765,46.38,29.66932194317649
16,41,76.04932194425099,46.38,29.66932194425099
16,42,76.04932194394769,46.38,29.669321943947686
16,43,76.04932194439434,46.38,29.669321944394333
16,44,65.94932194466605,36.28,29.669321944666052
16,45,65.9493219447663,36.28,29.669321944766295
16,46,65.94932194534478,36.28,29.669321945344777
16,47,65.94932194526278,36.28,29.66932194526278
16,48,65.24932194580167,35.58,29.66932194580167
16,49,65.24932194606114,35.58,29.669321946061146
16,50,65.24932194635475,35.58,29.669321946354756
16,51,65.24932194779268,35.58,29.66932194779268
16,52,64.88932194687514,35.22,29.669321946875144
16,53,64.88932194729068,35.22,29.669321947290683
16,54,64.88932194743077,35.22,29.669321947430774
16,55,64.88932194671074,35.22,29.66932194671074
16,56,64.58932194681924,34.92,29.669321946819238
16,57,64.58932194774879,34.92,29.669321947748784
16,58,69.57834358855604,34.92,34.658343588556036
16,59,73.11342581623255,34.92,38.19342581623255
16,60,1687.1921166229533,34.76,1652.4321166229533
16,61,1437.7033693625197,34.76,1402.9433693625197
16,62,65.13050844786446,34.76,30.37050844786446
16,63,3462.597224246338,34.76,3427.837224246338
16,64,77.22888864182994,40.47,36.75888864182994
16,65,75.63217305791974,40.47,35.162173057919745
16,66,95.67849320099148,40.47,55.208493200991484
16,67,75.61001787082309,40.47,35.14001787082309
16,68,88.77818906141569,48.01,40.76818906141569
16,69,85.17791460417307,48.01,37.16791460417307
16,70,81.19485585197884,48.01,33.184855851978845
16,71,114.26016597192896,48.01,66.25016597192896
16,72,84.11219717693561,51.61,32.50219717693561
16,73,101.55389128016685,51.61,49.94389128016685
16,74,109.54701028389078,51.61,57.937010283890785
16,75,84.25605410434943,51.61,32.64605410434943
16,76,78.52056705343608,47.16,31.360567053436085
16,77,78.37144575119858,47.16,31.211445751198582
16,78,1005.9970987109523,47.16,958.8370987109523
16,79,80.23310165464675,47.16,33.07310165464675
16,80,66.79932194656594,37.13,29.669321946565937
16,81,66.79932194561968,37.13,29.66932194561968
16,82,66.79932194577282,37.13,29.669321945772815
16,83,66.79932194586581,37.13,29.66932194586581
16,84,70.61258239344312,34.69,35.92258239344312
16,85,66.47794630336048,34.69,31.787946303360485
16,86,64.3593219442162,34.69,29.669321944216207
16,87,64.35932194368476,34.69,29.669321943684764
16,88,64.47589285055946,31.8,32.675892850559464
16,89,61.469321942194355,31.8,29.669321942194355
16,90,61.46932194133652,31.8,29.669321941336516
16,91,61.46932194072166,31.8,29.669321940721662
16,92,55.879321939948426,26.21,29.669321939948425
16,93,56.46611665163267,26.21,30.256116651632667
16,94,1288.3504832145832,26.21,1262.1404832145831
16,95,58.014629311079496,26.21,31.804629311079495
20,0,1602.7722432230066,31.0,1571.7722432230066
20,1,1246.6500172447124,31.0,1215.6500172447124
20,2,1472.362585110999,31.0,1441.362585110999
20,3,1582.7570201267522,31.0,1551.7570201267522
20,4,31.56391826278656,30.94,0.6239182627865603
20,5,2080.7816675852328,30.94,2049.8416675852327
20,6,1324.3432931116472,30.94,1293.4032931116471
20,7,723.6789046189695,30.94,692.7389046189694
20,8,1092.8453621184728,31.32,1061.525362118473
20,9,723.5841272195938,31.32,692.2641272195938
20,10,1488.930611612937,31.32,1457.610611612937
20,11,627.2204533564902,31.32,595.9004533564902
20,12,1777.302005004654,29.03,1748.272005004654
20,13,1258.9878824753398,29.03,1229.9578824753398
20,14,29.65362981631612,29.03,0.623629816316118
20,15,976.9684884892902,29.03,947.9384884892902
20,16,116.1028890848111,28.2,87.9028890848111
20,17,116.10288908684656,28.2,87.90288908684656
20,18,116.10288908899047,28.2,87.90288908899046
20,19,116.1028890914165,28.2,87.9028890914165
20,20,131.6528890935473,43.75,87.90288909354729
20,21,131.6528890952098,43.75,87.90288909520979
20,22,131.65288909722244,43.75,87.90288909722244
20,23,131.6528890992745,43.75,87.90288909927449
20,24,139.6928891013728,51.79,87.9028891013728
20,25,139.69288910296277,51.79,87.90288910296277
20,26,139.69288910509079,51.79,87.9028891050908
20,27,139.69288910713448,51.79,87.90288910713448
20,28,140.3028891095896,52.4,87.90288910958958
20,29,140.3028891120287,52.4,87.9028891120287
20,30,140.30288911567047,52.4,87.90288911567046
20,31,140.30288911428093,52.4,87.90288911428092
20,32,137.32288911580594,49.42,87.90288911580593
20,33,137.32288911701767,49.42,87.90288911701766
20,34,137.99521659402893,49.42,88.57521659402893
20,35,137.32288911942982,49.42,87.90288911942982
20,36,137.28288912028535,49.38,87.90288912028535
20,37,137.28288912158675,49.38,87.90288912158675
20,38,137.28288912282034,49.38,87.90288912282034
20,39,137.282889123932,49.38,87.902889123932
20,40,134.28288912510124,46.38,87.90288912510124
20,41,134.28288912742684,46.38,87.90288912742685
20,42,134.28288912751827,46.38,87.90288912751828
20,43,134.28288912876022,46.38,87.90288912876022
20,44,124.18288912965683,36.28,87.90288912965683
20,45,124.18288913042932,36.28,87.90288913042932
20,46,124.1828891316826,36.28,87.9028891316826
20,47,124.18288913211826,36.28,87.90288913211826
20,48,123.48288913335861,35.58,87.90288913335861
20,49,123.48288913426421,35.58,87.90288913426421
20,50,123.48288913512089,35.58,87.90288913512089
20,51,123.4828891377459,35.58,87.9028891377459
20,52,123.12288913669217,35.22,87.90288913669217
20,53,123.12288913766665,35.22,87.90288913766665
20,54,123.12288913840644,35.22,87.90288913840644
20,55,123.12288913768244,35.22,87.90288913768244
20,56,122.8228891381718,34.92,87.9028891381718
20,57,122.8228891398582,34.92,87.9028891398582
20,58,127.92555767774776,34.92,93.00555767774776
20,59,131.67562846860363,34.92,96.75562846860363
20,60,5342.09118411856,34.76,5307.33118411856
20,61,4495.306170433934,34.76,4460.546170433934
20,62,123.38484380689928,34.76,88.62484380689929
20,63,8487.458232299346,34.76,8452.698232299346
20,64,135.79078358118076,40.47,95.32078358118076
20,65,134.0527633788692,40.47,93.5827633788692
20,66,154.80128793843298,40.47,114.33128793843298
20,67,134.01227383346162,40.47,93.54227383346162
20,68,147.44102568016098,48.01,99.43102568016099
20,69,143.71851355438605,48.01,95.70851355438606
20,70,139.55530719074252,48.01,91.54530719074253
20,71,174.09915956524213,48.01,126.08915956524214
20,72,142.42901235757694,51.61,90.81901235757694
20,73,160.65384645733286,51.61,109.04384645733286
20,74,169.33076764255685,51.61,117.72076764255685
20,75,142.60808399156275,51.61,90.99808399156275
20,76,136.8420511555313,47.16,89.6820511555313
20,77,136.66767307415302,47.16,89.50767307415302
20,78,3080.480725312544,47.16,3033.3207253125443
20,79,138.64349758273704,47.16,91.48349758273704
20,80,125.03288914320845,37.13,87.90288914320845
20,81,125.0328891421349,37.13,87.90288914213491
20,82,125.03288914259161,37.13,87.90288914259162
20,83,125.03288914304724,37.13,87.90288914304725
20,84,129.00893771888812,34.69,94.31893771888812
20,85,124.77692723916276,34.69,90.08692723916276
20,86,122.59288914157375,34.69,87.90288914157375
20,87,122.59288914111973,34.69,87.90288914111973
20,88,122.7785108990486,31.8,90.9785108990486
20,89,119.70288913964876,31.8,87.90288913964876
20,90,119.70288913874826,31.8,87.90288913874826
20,91,119.7028891382143,31.8,87.9028891382143
20,92,114.11288913757375,26.21,87.90288913757374
20,93,114.70853501107754,26.21,88.49853501107754
20,94,4014.7401288682636,26.21,3988.5301288682635
20,95,116.29138205254705,26.21,90.08138205254704
22,0,1851.3771422962125,31.0,1820.3771422962125
22,1,1414.7321112784302,31.0,1383.7321112784302
22,2,1691.7662504560456,31.0,1660.7662504560456
22,3,1827.165351828495,31.0,1796.165351828495
22,4,30.201138886521573,30.94,-0.7388611134784284
22,5,2438.183415320787,30.94,2407.243415320787
22,6,1510.1097382584544,30.94,1479.1697382584543
22,7,773.0807044009107,30.94,742.1407044009106
22,8,1226.013563578357,31.32,1194.693563578357
22,9,772.942549888009,31.32,741.622549888009
22,10,1712.0227915287735,31.32,1680.7027915287736
22,11,654.693060108217,31.32,623.3730601082169
22,12,2066.3440288024967,29.03,2037.3140288024968
22,13,1430.2837003915333,29.03,1401.2537003915334
22,14,28.288229911016828,29.03,-0.7417700889831735
22,15,1084.286780044145,29.03,1055.256780044145
22,16,28.20001343108144,28.2,1.3431081441694914e-05
22,17,28.20001335520478,28.2,1.335520478207286e-05
22,18,28.200013346529406,28.2,1.3346529406987884e-05
22,19,28.2000068592622,28.2,6.859262200009653e-06
22,20,43.750000403201476,43.75,4.032014757626712e-07
22,21,43.75000040589169,43.75,4.058916900362419e-07
22,22,43.75000040886574,43.75,4.088657377110394e-07
22,23,43.75000041182574,43.75,4.118257379559509e-07
22,24,51.790000414754765,51.79,4.147547656430106e-07
22,25,51.79000041705426,51.79,4.1705425957161424e-07
22,26,51.790000419910605,51.79,4.1991060584223305e-07
22,27,51.79000042260785,51.79,4.2260784738346047e-07
22,28,52.40000042570733,52.4,4.2570733427282903e-07
22,29,52.40000042868788,52.4,4.286878834136587e-07
22,30,52.40000043313965,52.4,4.331396539214438e-07
22,31,52.4000004313353,52.4,4.313353016982546e-07
22,32,49.420000433007495,49.42,4.3300749297259244e-07
22,33,49.42000043432744,49.42,4.3432743979110455e-07
22,34,50.09389554561235,49.42,0.6738955456123463
22,35,49.420000437066655,49.42,4.370666530917333e-07
22,36,49.38000043803748,49.38,4.380374747370297e-07
22,37,49.38000043947779,49.38,4.3947778749497957e-07
22,38,49.38000044084183,49.38,4.4084183059567295e-07
22,39,49.380000442035545,49.38,4.420355423917499e-07
22,40,46.38000044326989,46.38,4.43269890126885e-07
22,41,46.38000044584776,46.38,4.458477604885047e-07
22,42,46.38000044582671,46.38,4.4582670710724415e-07
22,43,46.38000044710569,46.38,4.4710568403161233e-07
22,44,36.28000044797792,36.28,4.47977917872322e-07
22,45,36.28000044872879,36.28,4.4872879101376384e-07
22,46,36.280000449977386,36.28,4.499773851307509e-07
22,47,36.28000045032391,36.28,4.5032390971755376e-07
22,48,35.58000045157144,35.58,4.5157144512586456e-07
22,49,35.580000452423434,35.58,4.524234356040324e-07
22,50,35.58000045322426,35.58,4.532242598997982e-07
22,51,35.580000456160974,35.58,4.5616097565925884e-07
22,52,35.22000045465338,35.22,4.5465338160965985e-07
22,53,35.220000455604485,35.22,4.556044856940389e-07
22,54,35.220000456258894,35.22,4.5625889555367394e-07
22,55,35.22000045526669,35.22,4.5526669367745853e-07
22,56,34.920000455648285,34.92,4.5564828354827114e-07
22,57,34.920000457374805,34.92,4.573748029201852e-07
22,58,40.02903371458343,34.92,5.1090337145834255
22,59,43.799004431123684,34.92,8.879004431123683
22,60,6426.864107029903,34.76,6392.1041070299025
22,61,5392.355284820748,34.76,5357.595284820748
22,62,35.48377686128777,34.76,0.7237768612877744
22,63,7096.497611943193,34.76,7061.737611943193
22,64,47.916709823450965,40.47,7.446709823450966
22,65,46.16556080269695,40.47,5.695560802696953
22,66,66.96098277312642,40.47,26.49098277312642
22,67,46.12441112845302,40.47,5.65441112845302
22,68,59.57424744391664,48.01,11.564247443916642
22,69,55.8448484509823,48.01,7.8348484509822995
22,70,51.664749806016964,48.01,3.654749806016966
22,71,86.30510688842402,48.01,38.29510688842402
22,72,54.53433592276424,51.61,2.924335922764243
22,73,72.82828581068915,51.61,21.218285810689153
22,74,81.56297468356624,51.61,29.95297468356624
22,75,54.71757225103426,51.61,3.107572251034263
22,76,48.94879469038095,47.16,1.7887946903809535
22,77,48.77136640860881,47.16,1.6113664086088164
22,78,3655.557890299706,47.16,3608.397890299706
22,79,50.758829071414574,47.16,3.5988290714145776
22,80,37.130000457732784,37.13,4.5773278145588847e-07
22,81,37.13000045621946,37.13,4.5621946043183925e-07
22,82,37.1300004565071,37.13,4.565070952367023e-07
22,83,37.130000456802335,37.13,4.56802332848838e-07
22,84,41.12570643634268,34.69,6.435706436342684
22,85,36.88176835251371,34.69,2.191768352513712
22,86,34.69000045391451,34.69,4.53914509535025e-07
22,87,34.69000045288279,34.69,4.5288279437727397e-07
22,88,34.88439172469051,31.8,3.0843917246905086
22,89,31.80000044984123,31.8,4.4984123093172457e-07
22,90,31.800000447950875,31.8,4.4795087461579897e-07
22,91,31.800000446357487,31.8,4.463574860835706e-07
22,92,26.210000444444084,26.21,4.4444408331401064e-07
22,93,26.80682673164132,26.21,0.5968267316413183
22,94,4807.5638844898685,26.21,4781.3538844898685
22,95,28.39392911777916,26.21,2.183929117779158
23,0,2189.195522827876,31.0,2158.195522827876
23,1,1670.8819280014861,31.0,1639.8819280014861
23,2,1999.2676833196206,31.0,1968.2676833196206
23,3,2159.700542718141,31.0,2128.700542718141
23,4,30.200598171996152,30.94,-0.7394018280038495
23,5,2883.7681725879543,30.94,2852.828172587954
23,6,1783.901375622955,30.94,1752.9613756229548
23,7,910.4368967493472,30.94,879.4968967493471
23,8,1447.1731802144961,31.32,1415.8531802144962
23,9,910.2551062869209,31.32,878.9351062869208
23,10,2023.1700516037192,31.32,1991.8500516037193
23,11,770.1014294980624,31.32,738.7814294980624
23,12,2443.4997719817893,29.03,2414.469771981789
23,13,1689.5751872585902,29.03,1660.5451872585902
23,14,28.287973327471484,29.03,-0.7420266725285174
23,15,1279.5626906600157,29.03,1250.5326906600158
23,16,28.200027324584365,28.2,2.732458436582874e-05
23,17,28.200021000978133,28.2,2.100097813340085e-05
23,18,28.200014724183383,28.2,1.4724183383663103e-05
23,19,28.200008486807103,28.2,8.48680710419103e-06
23,20,43.75000228137575,43.75,2.281375749646486e-06
23,21,43.750002265124806,43.75,2.2651248059446516e-06
23,22,43.7500022679014,43.75,2.2679014008986087e-06
23,23,43.750002270245425,43.75,2.2702454245404624e-06
23,24,51.790002272912155,51.79,2.2729121553766163e-06
23,25,51.79000227495139,51.79,2.2749513917119657e-06
23,26,51.790002278648736,51.79,2.27864873636463e-06
23,27,51.79000228083192,51.79,2.2808319215528172e-06
23,28,52.400002282100644,52.4,2.2821006453455084e-06
23,29,52.400002283573066,52.4,2.2835730675296873e-06
23,30,52.40000228523466,52.4,2.285234664611835e-06
23,31,52.40000228681354,52.4,2.2868135403086853e-06
23,32,49.420002288337585,49.42,2.288337583422617e-06
23,33,49.42000228975162,49.42,2.2897516203101986e-06
23,34,50.09545264199724,49.42,0.6754526419972393
23,35,49.42000229290414,49.42,2.292904135003937e-06
23,36,49.38000229370706,49.38,2.2937070554007732e-06
23,37,49.38000229526005,49.38,2.29526004602576e-06
23,38,49.38000229693018,49.38,2.296930176726164e-06
23,39,49.38000230151898,49.38,2.3015189754005405e-06
23,40,46.38000230027717,46.38,2.30027716696668e-06
23,41,46.380002300948235,46.38,2.300948231948041e-06
23,42,46.38000230204829,46.38,2.3020482871061176e-06
23,43,46.38000230322108,46.38,2.303221080524054e-06
23,44,36.28000230346329,36.28,2.3034632903318197e-06
23,45,36.28000230425852,36.28,2.3042585155508277e-06
23,46,36.28000230575958,36.28,2.305759579712685e-06
23,47,36.28000230556161,36.28,2.3055616082956476e-06
23,48,35.58000230574293,35.58,2.3057429316963862e-06
23,49,35.58000230657719,35.58,2.306577194133297e-06
23,50,35.58000230738868,35.58,2.3073886836755264e-06
23,51,35.58000230838682,35.58,2.3083868185835854e-06
23,52,35.220002308602176,35.22,2.308602176981367e-06
23,53,35.220002308934426,35.22,2.3089344267646084e-06
23,54,35.22000231060044,35.22,2.3106004434225724e-06
23,55,35.22000231147794,35.22,2.311477942384954e-06
23,56,34.920002312609036,34.92,2.3126090340497285e-06
23,57,34.920002312823264,34.92,2.31282326268456e-06
23,58,40.03524393949321,34.92,5.115243939493212
23,59,43.82360474495901,34.92,8.903604744959011
23,60,7601.776691697652,34.76,7567.016691697651
23,61,6379.358511299698,34.76,6344.598511299698
23,62,35.48551889299945,34.76,0.7255188929994532
23,63,9722.247784501917,34.76,9687.487784501916
23,64,47.94495110880991,40.47,7.474951108809911
23,65,46.18113611273599,40.47,5.711136112735993
23,66,67.02268578836339,40.47,26.55268578836339
23,67,46.1392578869824,40.47,5.6692578869824
23,68,59.609659222782405,48.01,11.599659222782407
23,69,55.87324471846877,48.01,7.863244718468771
23,70,51.676924502072,48.01,3.666924502072
23,71,86.41245791530332,48.01,38.40245791530332
23,72,54.54247046694343,51.61,2.9324704669434283
23,73,72.90384762642312,51.61,21.293847626423116
23,74,81.6945322694058,51.61,30.0845322694058
23,75,54.72975842383498,51.61,3.1197584238349805
23,76,48.958066628620806,47.16,1.7980666286208091
23,77,49.68814424863867,47.16,2.528144248638675
23,78,4321.960501531013,47.16,4274.800501531013
23,79,50.776596259839074,47.16,3.6165962598390777
23,80,37.13000231678783,37.13,2.3167878282492893e-06
23,81,37.13000231719684,37.13,2.317196837964275e-06
23,82,37.13000231605641,37.13,2.3160564097679526e-06
23,83,37.13000231627038,37.13,2.316270375501972e-06
23,84,41.145140006448884,34.69,6.455140006448886
23,85,36.889437272909895,34.69,2.199437272909897
23,86,34.690002310828326,34.69,2.3108283286887854e-06
23,87,34.69000231094503,34.69,2.310945035333134e-06
23,88,34.89304941905673,31.8,3.0930494190567295
23,89,31.800002306507917,31.8,2.3065079162165603e-06
23,90,31.800002308163528,31.8,2.308163526976159e-06
23,91,31.80000230398367,31.8,2.3039836705152084e-06
23,92,26.210002301192304,26.21,2.301192303377775e-06
23,93,26.809021427009295,26.21,0.5990214270092942
23,94,5690.96898171637,26.21,5664.75898171637
23,95,28.39929110039534,26.21,2.189291100395341
24,0,2345.6743431318355,31.0,2314.6743431318355
24,1,1827.1283041369402,31.0,1796.1283041369402
24,2,2155.593028758299,31.0,2124.593028758299
24,3,2315.9590543984527,31.0,2284.9590543984527
24,4,31.51652468796299,30.94,0.5765246879629871
24,5,3040.0217934482953,30.94,3009.0817934482952
24,6,1940.0791936129347,30.94,1909.1391936129346
24,7,1066.6296943158393,30.94,1035.6896943158392
24,8,1603.366451253461,31.32,1572.046451253461
24,9,1066.3723025688555,31.32,1035.0523025688556
24,10,2179.43504667606,31.32,2148.11504667606
24,11,1040.5636861211829,31.32,1009.2436861211828
24,12,2599.8118714998127,29.03,2570.7818714998125
24,13,1845.8150949128747,29.03,1816.7850949128747
24,14,29.607227520306246,29.03,0.5772275203062449
24,15,1435.7794178408399,29.03,1406.74941784084
24,16,184.31049869021405,28.2,156.11049869021406
24,17,184.3104916354083,28.2,156.11049163540832
24,18,184.3104845484699,28.2,156.1104845484699
24,19,184.31047741933685,28.2,156.11047741933686
24,20,199.86047023727153,43.75,156.11047023727153
24,21,199.86046299111453,43.75,156.11046299111453
24,22,199.86046299881158,43.75,156.11046299881158
24,23,199.86046300657506,43.75,156.11046300657506
24,24,207.90045554050778,51.79,156.1104555405078
24,25,207.90023890347442,51.79,156.11023890347442
24,26,207.9002383017973,51.79,156.1102383017973
24,27,207.90023874255513,51.79,156.11023874255514
24,28,208.51023557516402,52.4,156.110235575164
24,29,208.51045555459328,52.4,156.11045555459327
24,30,52.978212398692555,52.4,0.5782123986925569
24,31,208.51023517245366,52.4,156.11023517245366
24,32,205.53024060917824,49.42,156.11024060917822
24,33,205.5302461362637,49.42,156.1102461362637
24,34,206.20512120381636,49.42,156.78512120381635
24,35,205.53023388533904,49.42,156.11023388533903
24,36,205.49023529261024,49.38,156.11023529261024
24,37,205.49022713828555,49.38,156.11022713828555
24,38,205.49023270836287,49.38,156.11023270836287
24,39,205.49022443585318,49.38,156.11022443585318
24,40,202.49022377438817,46.38,156.11022377438817
24,41,202.49023565273498,46.38,156.11023565273499
24,42,202.49022447136505,46.38,156.11022447136506
24,43,202.49022661488345,46.38,156.11022661488346
24,44,192.39022365208757,36.28,156.11022365208757
24,45,192.39023087607487,36.28,156.11023087607487
24,46,192.39022361198207,36.28,156.11022361198206
24,47,192.39022444108477,36.28,156.11022444108477
24,48,191.69046266929865,35.58,156.11046266929867
24,49,191.6904626658697,35.58,156.1104626658697
24,50,191.6904626635419,35.58,156.1104626635419
24,51,36.155165615943794,35.58,0.5751656159437957
24,52,35.770749258355764,35.22,0.5507492583557649
24,53,191.33046266222894,35.22,156.11046266222894
24,54,35.8012693204323,35.22,0.5812693204322983
24,55,191.3304626576149,35.22,156.1104626576149
24,56,191.03046265731916,34.92,156.11046265731915
24,57,191.03046265959273,34.92,156.1104626595927
24,58,41.59214357737347,34.92,6.672143577373468
24,59,199.9475044129125,34.92,165.0275044129125
24,60,8923.21015111138,34.76,8888.45015111138
24,61,7401.329466713462,34.76,7366.569466713462
24,62,191.59678407798995,34.76,156.83678407798996
24,63,16042.936412096728,34.76,16008.176412096727
24,64,204.0629064748142,40.47,163.5929064748142
24,65,202.29358618349593,40.47,161.82358618349593
24,66,223.14433967201512,40.47,182.67433967201512
24,67,202.25204528278684,40.47,161.78204528278684
24,68,215.72807062388443,48.01,167.71807062388444
24,69,211.99289662894083,48.01,163.98289662894084
24,70,207.78930733597429,48.01,159.7793073359743
24,71,242.53899060926224,48.01,194.52899060926225
24,72,210.65397486326663,51.61,159.0439748632666
24,73,229.03372317177406,51.61,177.42372317177404
24,74,237.84306064979268,51.61,186.23306064979266
24,75,210.84263954716158,51.61,159.23263954716157
24,76,205.072616837106,47.16,157.91261683710601
24,77,204.88942543080142,47.16,157.72942543080143
24,78,4483.503437337253,47.16,4436.343437337253
24,79,206.89248476363815,47.16,159.73248476363815
24,80,193.24046264626566,37.13,156.11046264626566
24,81,193.24046263991013,37.13,156.11046263991014
24,82,193.24046263435218,37.13,156.1104626343522
24,83,193.24046262389632,37.13,156.11046262389632
24,84,154.77892609584893,34.69,120.08892609584893
24,85,150.52107476366868,34.69,115.83107476366868
24,86,148.3207020062336,34.69,113.6307020062336
24,87,148.320702004543,34.69,113.630702004543
24,88,148.52533135842347,31.8,116.72533135842347
24,89,145.4307136715042,31.8,113.63071367150421
24,90,145.43071366821223,31.8,113.63071366821224
24,91,145.43071366501266,31.8,113.63071366501266
24,92,139.84071903229207,26.21,113.63071903229206
24,93,27.48122913011668,26.21,1.27122913011668
24,94,5809.7128353945545,26.21,5783.5028353945545
24,95,29.407731635621715,26.21,3.1977316356217145
25,0,2687.78272763797,31.0,2656.78272763797
25,1,2088.5729119936223,31.0,2057.5729119936223
25,2,2468.0307373856604,31.0,2437.0307373856604
25,3,2653.6538298102323,31.0,2622.6538298102323
25,4,31.516361252563375,30.94,0.5763612525633732
25,5,3490.7728084541695,30.94,3459.8328084541695
25,6,2219.3655015826303,30.94,2188.42550158263
25,7,1209.5810525225356,30.94,1178.6410525225356
25,8,1829.9627317240788,31.32,1798.6427317240789
25,9,1209.3640589282554,31.32,1178.0440589282555
25,10,2495.724756017772,31.32,2464.404756017772
25,11,918.7094165921349,31.32,887.3894165921348
25,12,2981.99439138448,29.03,2952.9643913844798
25,13,2110.653171024013,29.03,2081.6231710240127
25,14,29.607109123587684,29.03,0.5771091235876824
25,15,1636.6074616861513,29.03,1607.5774616861513
25,16,190.21033917489595,28.2,162.01033917489596
25,17,190.2103319831322,28.2,162.0103319831322
25,18,190.210331986393,28.2,162.010331986393
25,19,190.21033198869188,28.2,162.0103319886919
25,20,205.76032465036775,43.75,162.01032465036775
25,21,205.76031725029284,43.75,162.01031725029284
25,22,205.76030977566413,43.75,162.01030977566413
25,23,205.76030978132283,43.75,162.01030978132283
25,24,213.8003021278637,51.79,162.0103021278637
25,25,213.8003021339885,51.79,162.01030213398852
25,26,213.80030215461719,51.79,162.0103021546172
25,27,213.80030214521616,51.79,162.01030214521617
25,28,214.41030214541516,52.4,162.01030214541515
25,29,214.4103021472027,52.4,162.0103021472027
25,30,214.41030215140313,52.4,162.01030215140312
25,31,214.4100855349669,52.4,162.0100855349669
25,32,211.4303021500416,49.42,162.01030215004158
25,33,211.43030215113947,49.42,162.01030215113946
25,34,212.10780038875868,49.42,162.68780038875866
25,35,211.43030216076153,49.42,162.0103021607615
25,36,211.39030215379591,49.38,162.01030215379592
25,37,211.39007736909727,49.38,162.01007736909727
25,38,211.3900831117437,49.38,162.0100831117437
25,39,211.39007499982137,49.38,162.01007499982137
25,40,208.39007438493988,46.38,162.01007438493988
25,41,208.3900859993714,46.38,162.0100859993714
25,42,208.390075051006,46.38,162.010075051006
25,43,208.39007687585988,46.38,162.01007687585988
25,44,198.29007429330224,36.28,162.01007429330224
25,45,198.2900812767864,36.28,162.0100812767864
25,46,198.29007425956286,36.28,162.01007425956286
25,47,198.29007505027485,36.28,162.01007505027485
25,48,197.59030214714602,35.58,162.01030214714604
25,49,197.59030214917505,35.58,162.01030214917506
25,50,197.59030214680655,35.58,162.01030214680657
25,51,197.5903021469989,35.58,162.01030214699892
25,52,197.23030214819033,35.22,162.01030214819033
25,53,197.2303021480168,35.22,162.0103021480168
25,54,197.23030215026165,35.22,162.01030215026165
25,55,197.2303021485326,35.22,162.0103021485326
25,56,196.93030214851927,34.92,162.01030214851926
25,57,196.93030214988937,34.92,162.01030214988936
25,58,41.60053481111919,34.92,6.680534811119188
25,59,205.84036985586744,34.92,170.92036985586742
25,60,7773.334346653996,34.76,7738.574346653996
25,61,6661.462754175093,34.76,6626.702754175093
25,62,36.16646912519937,34.76,1.4064691251993722
25,63,18459.340073392304,34.76,18424.580073392306
25,64,209.97261257446223,40.47,169.50261257446223
25,65,208.20222170118723,40.47,167.73222170118723
25,66,229.07158610382933,40.47,188.60158610382933
25,67,208.15868153926257,40.47,167.68868153926257
25,68,221.64023994519457,48.01,173.63023994519457
25,69,217.8980738448776,48.01,169.8880738448776
25,70,213.69446334155802,48.01,165.68446334155803
25,71,248.4941344214652,48.01,200.4841344214652
25,72,216.55765447039738,51.61,164.94765447039737
25,73,234.95713091313235,51.61,183.34713091313233
25,74,243.7747489094195,51.61,192.16474890941947
25,75,216.74685958115617,51.61,165.13685958115616
25,76,210.97000839000404,47.16,163.81000839000404
25,77,210.7921459649354,47.16,163.6321459649354
25,78,5142.235246894493,47.16,5095.075246894493
25,79,212.79597129690242,47.16,165.63597129690243
25,80,199.14030214969463,37.13,162.01030214969464
25,81,199.14030216108821,37.13,162.01030216108822
25,82,199.14009909397043,37.13,162.01009909397044
25,83,199.14030212822786,37.13,162.01030212822786
25,84,186.77633875312617,34.69,152.08633875312617
25,85,182.51554975939933,34.69,147.82554975939934
25,86,180.3115382987394,34.69,145.6215382987394
25,87,180.3115442099856,34.69,145.62154420998561
25,88,180.5190064747887,31.8,148.7190064747887
25,89,177.4215499861664,31.8,145.6215499861664
25,90,177.4215499778041,31.8,145.62154997780408
25,91,177.42155541283603,31.8,145.62155541283602
25,92,26.790330742663727,26.21,0.5803307426637261
25,93,27.48135711466604,26.21,1.2713571146660385
25,94,6713.13792831191,26.21,6686.92792831191
25,95,29.40969091567085,26.21,3.1996909156708497
28,0,39.22162114795245,31.0,8.221621147952447
28,1,37.415599591980126,31.0,6.415599591980126
28,2,38.5697026784276,31.0,7.569702678427603
28,3,39.124793502241445,31.0,8.124793502241445
28,4,31.220425329669855,30.94,0.28042532966985334
28,5,41.57501889016596,30.94,10.635018890165956
28,6,37.752585222248655,30.94,6.812585222248654
28,7,34.6137734569126,30.94,3.6737734569125955
28,8,36.94634000182438,31.32,5.626340001824381
28,9,34.995080699030886,31.32,3.675080699030886
28,10,38.97172211013052,31.32,7.651722110130521
28,11,34.46895765575454,31.32,3.1489576557545362
28,12,38.14821038573102,29.03,9.118210385731018
28,13,35.510151423364334,29.03,6.480151423364333
28,14,29.304247393616457,29.03,0.2742473936164558
28,15,34.057664482049944,29.03,5.027664482049943
28,16,28.999062306290764,28.2,0.7990623062907645
28,17,29.000981415954396,28.2,0.8009814159543964
28,18,29.00317272345915,28.2,0.8031727234591521
28,19,29.00568727098636,28.2,0.8056872709863612
28,20,44.5585694944652,43.75,0.8085694944652033
28,21,44.56179618801744,43.75,0.8117961880174391
28,22,44.56497215562257,43.75,0.81497215562257
28,23,44.56508363561437,43.75,0.8150836356143714
28,24,52.83922015550264,51.79,1.0492201555026384
28,25,52.83925736299979,51.79,1.0492573629997892
28,26,52.83927690661453,51.79,1.04927690661453
28,27,52.83928267375038,51.79,1.0492826737503833
28,28,53.44928453827102,52.4,1.0492845382710243
28,29,53.449284750441805,52.4,1.0492847504418066
28,30,53.449284889037635,52.4,1.0492848890376365
28,31,53.44928491805736,52.4,1.04928491805736
28,32,50.46928494015828,49.42,1.0492849401582802
28,33,50.48577678210229,49.42,1.06577678210229
28,34,51.12476080696567,49.42,1.7047608069656661
28,35,50.485719524017085,49.42,1.0657195240170836
28,36,50.44569528166123,49.38,1.0656952816612275
28,37,50.44567150434085,49.38,1.0656715043408482
28,38,50.445649111445846,49.38,1.0656491114458433
28,39,50.44562766729486,49.38,1.065627667294855
28,40,47.44561418533371,46.38,1.0656141853337076
28,41,47.445600774206035,46.38,1.0656007742060325
28,42,47.4455958388627,46.38,1.0655958388626985
28,43,47.445650451518965,46.38,1.0656504515189624
28,44,37.34565445739246,36.28,1.065654457392462
28,45,37.34566784799096,36.28,1.0656678479909587
28,46,37.345680072740706,36.28,1.0656800727407045
28,47,37.345667544362904,36.28,1.0656675443629027
28,48,36.645694608016086,35.58,1.0656946080160878
28,49,36.62928494340495,35.58,1.049284943404949
28,50,36.6292849956357,35.58,1.049284995635702
28,51,36.62928496029404,35.58,1.0492849602940382
28,52,36.26928495847332,35.22,1.0492849584733221
28,53,36.269284953829676,35.22,1.0492849538296767
28,54,36.26928495381629,35.22,1.04928495381629
28,55,36.26928494620324,35.22,1.0492849462032439
28,56,35.96928494606842,34.92,1.0492849460684184
28,57,35.96928494844998,34.92,1.04928494844998
28,58,40.7942000572277,34.92,5.8742000572276964
28,59,44.39312313780487,34.92,9.473123137804869
28,60,62.18398107225337,34.76,27.42398107225337
28,61,58.1772238342019,34.76,23.4172238342019
28,62,36.505927065886965,34.76,1.745927065886967
28,63,97.63331355281898,34.76,62.87331355281898
28,64,48.5439221654027,40.47,8.0739221654027
28,65,46.981139749534634,40.47,6.511139749534635
28,66,66.90454544074134,40.47,26.434545440741346
28,67,46.97111498541341,40.47,6.501114985413409
28,68,60.1094321943848,48.01,12.099432194384804
28,69,56.51106544618534,48.01,8.501065446185343
28,70,52.565193435570094,48.01,4.5551934355700965
28,71,85.39140361976122,48.01,37.38140361976122
28,72,55.48813398329841,51.61,3.8781339832984116
28,73,72.78187494794798,51.61,21.171874947947984
28,74,80.68996579767715,51.61,29.079965797677147
28,75,55.627504195268806,51.61,4.017504195268806
28,76,49.88737552755959,47.16,2.7273755275595946
28,77,49.74617089495807,47.16,2.586170894958073
28,78,73.8953740339916,47.16,26.735374033991604
28,79,51.58929702358823,47.16,4.429297023588234
28,80,38.179284901111714,37.13,1.0492849011117116
28,81,38.17928488739103,37.13,1.0492848873910248
28,82,38.17928487198022,37.13,1.0492848719802197
28,83,38.179284843516186,37.13,1.0492848435161832
28,84,41.37183814906662,34.69,6.681838149066621
28,85,37.227882091314754,34.69,2.5378820913147564
28,86,35.111012079538455,34.69,0.4210120795384569
28,87,35.11101204921305,34.69,0.42101204921305424
28,88,34.96131423626746,31.8,3.1613142362674616
28,89,31.9541934097986,31.8,0.15419340979859797
28,90,31.95419339968341,31.8,0.15419339968341106
28,91,31.954193366085754,31.8,0.15419336608575307
28,92,26.105652741582098,26.21,-0.10434725841790282
28,93,26.714843495597208,26.21,0.504843495597207
28,94,53.91950841878648,26.21,27.709508418786477
28,95,28.340712018935378,26.21,2.1307120189353768
31,0,39.37749985257332,31.0,8.377499852573322
31,1,37.55291573387995,31.0,6.552915733879949
31,2,38.72384339194918,31.0,7.723843391949181
31,3,39.28259555022103,31.0,8.282595550221032
31,4,31.226096726004815,30.94,0.2860967260048142
31,5,41.742600820927564,30.94,10.802600820927562
31,6,37.891865010724494,30.94,6.951865010724493
31,7,34.68869833316787,30.94,3.7486983331678694
31,8,37.068154929716876,31.32,5.7481549297168755
31,9,35.07130586812169,31.32,3.7513058681216904
31,10,39.1234441595527,31.32,7.803444159552697
31,11,34.53019283655364,31.32,3.210192836553638
31,12,38.31035590960743,29.03,9.28035590960743
31,13,35.64000948655595,29.03,6.610009486555946
31,14,29.30816601659989,29.03,0.27816601659989004
31,15,34.163146446375215,29.03,5.133146446375214
31,16,29.152308299975584,28.2,0.9523082999755843
31,17,29.155312576422187,28.2,0.9553125764221875
31,18,29.159245438424083,28.2,0.9592454384240838
31,19,29.16472453861844,28.2,0.9647245386184409
31,20,44.72547444192344,43.75,0.9754744419234385
31,21,44.72587831960552,43.75,0.9758783196055205
31,22,44.72590545016367,43.75,0.9759054501636726
31,23,44.72590810668048,43.75,0.9759081066804782
31,24,52.765909166260634,51.79,0.9759091662606352
31,25,52.765909618169125,51.79,0.9759096181691262
31,26,52.76590993505037,51.79,0.9759099350503675
31,27,52.76590998375647,51.79,0.9759099837564733
31,28,53.37591000227952,52.4,0.9759100022795195
31,29,53.37591001475183,52.4,0.9759100147518325
31,30,53.375910027848136,52.4,0.975910027848137
31,31,53.37591003956769,52.4,0.9759100395676938
31,32,50.39591004965263,49.42,0.9759100496526258
31,33,50.39591005869183,49.42,0.9759100586918308
31,34,51.03081901159863,49.42,1.610819011598629
31,35,50.39591007592062,49.42,0.9759100759206163
31,36,50.355910082353475,49.38,0.9759100823534723
31,37,50.35591008954692,49.38,0.9759100895469146
31,38,50.355910096154034,49.38,0.9759100961540312
31,39,50.35591010713858,49.38,0.9759101071385743
31,40,47.3559101079113,46.38,0.9759101079112966
31,41,47.374567042377706,46.38,0.9945670423777031
31,42,47.374557482923144,46.38,0.9945574829231418
31,43,47.37460701391898,46.38,0.99460701391898
31,44,37.27460207265505,36.28,0.9946020726550486
31,45,37.274599650056395,36.28,0.9945996500563936
31,46,37.27459349176225,36.28,0.9945934917622523
31,47,37.274554842840324,36.28,0.9945548428403228
31,48,36.55591011631157,35.58,0.9759101163115744
31,49,36.55591011651201,35.58,0.9759101165120114
31,50,36.555910116947864,35.58,0.9759101169478654
31,51,36.55591011739637,35.58,0.9759101173963742
31,52,36.19591011720556,35.22,0.975910117205558
31,53,36.19591011692904,35.22,0.9759101169290432
31,54,36.195910117949865,35.22,0.9759101179498657
31,55,36.19591011869746,35.22,0.9759101186974632
31,56,35.89591011965204,34.92,0.9759101196520348
31,57,35.89591011917908,34.92,0.9759101191790762
31,58,40.8421842440659,34.92,5.922184244065896
31,59,44.31962413429167,34.92,9.39962413429167
31,60,62.14452363511028,34.76,27.384523635110284
31,61,58.1483758044928,34.76,23.388375804492803
31,62,36.43349237848908,34.76,1.6734923784890796
31,63,97.75012499862204,34.76,62.99012499862204
31,64,48.48758754012431,40.47,8.01758754012431
31,65,46.92293790372152,40.47,6.452937903721519
31,66,66.8892042049375,40.47,26.4192042049375
31,67,46.91594982967892,40.47,6.4459498296789235
31,68,60.07433051251685,48.01,12.064330512516854
31,69,56.46264435318995,48.01,8.452644353189953
31,70,52.50805196383912,48.01,4.498051963839124
31,71,85.42086109595368,48.01,37.410861095953685
31,72,55.42703687058148,51.61,3.8170368705814823
31,73,72.77799313380824,51.61,21.16799313380824
31,74,80.73501236156447,51.61,29.125012361564472
31,75,55.5705209983864,51.61,3.9605209983864
31,76,49.82299565143928,47.16,2.6629956514392816
31,77,49.71170255938619,47.16,2.551702559386193
31,78,74.3038393827955,47.16,27.143839382795505
31,79,51.53415834184005,47.16,4.374158341840051
31,80,38.105910116681876,37.13,0.9759101166818738
31,81,38.10591011645726,37.13,0.975910116457257
31,82,38.105910114432476,37.13,0.9759101144324731
31,83,38.10591011382843,37.13,0.9759101138284265
31,84,41.96460639553774,34.69,7.274606395537745
31,85,37.795344306628365,34.69,3.1053443066283677
31,86,35.66591010332323,34.69,0.9759101033232298
31,87,35.66591010209381,34.69,0.9759101020938132
31,88,35.79900693405768,31.8,3.999006934057679
31,89,32.77591009209661,31.8,0.9759100920966084
31,90,32.77591009163338,31.8,0.9759100916333772
31,91,32.77591008261286,31.8,0.9759100826128595
31,92,27.185910063907293,26.21,0.9759100639072926
31,93,27.17757396690954,26.21,0.9675739669095407
31,94,55.043548058073966,26.21,28.833548058073966
31,95,28.953794028371306,26.21,2.7437940283713047
32,0,39.22624618805001,31.0,8.226246188050013
32,1,37.42194929030673,31.0,6.421949290306728
32,2,38.58075979286765,31.0,7.580759792867653
32,3,39.13359873632731,31.0,8.133598736327308
32,4,31.182821988942766,30.94,0.2428219889427652
32,5,41.58001032002366,30.94,10.64001032002366
32,6,37.75523640931907,30.94,6.815236409319066
32,7,34.59764311877008,30.94,3.6576431187700784
32,8,36.94653205587971,31.32,5.626532055879707
32,9,34.98054012962156,31.32,3.660540129621559
32,10,38.9787029916503,31.32,7.658702991650301
32,11,34.451228129734965,31.32,3.1312281297349642
32,12,38.15408909348521,29.03,9.12408909348521
32,13,35.507211727555415,29.03,6.477211727555414
32,14,29.26816224776585,29.03,0.2381622477658496
32,15,34.04968217287363,29.03,5.01968217287363
32,16,28.97707715420592,28.2,0.7770771542059194
32,17,28.97712249232841,28.2,0.7771224923284095
32,18,28.97716883897508,28.2,0.7771688389750793
32,19,28.978071631372575,28.2,0.7780716313725762
32,20,44.52842388365019,43.75,0.7784238836501913
32,21,44.528658633012945,43.75,0.7786586330129452
32,22,44.528896441014034,43.75,0.7788964410140338
32,23,44.52913652242266,43.75,0.779136522422661
32,24,52.780105307055365,51.79,0.9901053070553658
32,25,52.78011790315456,51.79,0.9901179031545624
32,26,52.780122639761885,51.79,0.9901226397618856
32,27,52.780125818172635,51.79,0.9901258181726362
32,28,53.390125903176376,52.4,0.9901259031763772
32,29,53.39012593356367,52.4,0.9901259335636681
32,30,53.39012595474686,52.4,0.9901259547468584
32,31,53.39012597002843,52.4,0.99012597002843
32,32,50.41012598183159,49.42,0.9901259818315893
32,33,50.42654227142023,49.42,1.00654227142023
32,34,51.064122949956996,49.42,1.6441229499569943
32,35,50.42649881724717,49.42,1.00649881724717
32,36,50.3864793045693,49.38,1.0064793045692966
32,37,50.38646196407759,49.38,1.0064619640775874
32,38,50.38644825498346,49.38,1.0064482549834608
32,39,50.38643469885871,49.38,1.0064346988587047
32,40,47.38642576718677,46.38,1.0064257671867693
32,41,47.386425679934966,46.38,1.0064256799349636
32,42,47.386426755282244,46.38,1.0064267552822415
32,43,47.386490483364256,46.38,1.006490483364253
32,44,37.286502539087074,36.28,1.006502539087073
32,45,37.286525448596564,36.28,1.0065254485965625
32,46,37.28654498801571,36.28,1.0065449880157118
32,47,37.28654610388098,36.28,1.0065461038809786
32,48,36.57012596123913,35.58,0.99012596123913
32,49,36.57012601246642,35.58,0.9901260124664191
32,50,36.57012597352157,35.58,0.9901259735215717
32,51,36.570125977742194,35.58,0.9901259777421956
32,52,36.210125976794686,35.22,0.9901259767946868
32,53,36.21012597615946,35.22,0.9901259761594616
32,54,36.21012598274353,35.22,0.9901259827435283
32,55,36.210125985760584,35.22,0.9901259857605851
32,56,35.91012598827564,34.92,0.9901259882756364
32,57,35.910125990146405,34.92,0.990125990146403
32,58,40.85631764312646,34.92,5.936317643126458
32,59,44.33566332609746,34.92,9.415663326097459
32,60,62.17080223227232,34.76,27.410802232272324
32,61,58.17376044087338,34.76,23.413760440873382
32,62,36.44810119072966,34.76,1.688101190729661
32,63,97.80521983032648,34.76,63.04521983032648
32,64,48.50639107017546,40.47,8.036391070175462
32,65,46.941226217480505,40.47,6.471226217480506
32,66,66.9201990937846,40.47,26.450199093784605
32,67,46.93512723911616,40.47,6.465127239116164
32,68,60.09830719600548,48.01,12.08830719600548
32,69,56.48326682534737,48.01,8.473266825347373
32,70,52.52653096069222,48.01,4.516530960692222
32,71,85.46056373126294,48.01,37.45056373126294
32,72,55.44450331564576,51.61,3.8345033156457617
32,73,72.80995794816718,51.61,21.19995794816718
32,74,80.77853243029482,51.61,29.168532430294817
32,75,55.58890380259432,51.61,3.978903802594317
32,76,49.83946711248825,47.16,2.679467112488254
32,77,49.7240816031597,47.16,2.564081603159707
32,78,55.73290685856551,47.16,8.57290685856551
32,79,51.55266930391628,47.16,4.392669303916286
32,80,38.12012598683812,37.13,0.990125986838116
32,81,38.120125984304686,37.13,0.990125984304683
32,82,38.12012597692072,37.13,0.9901259769207158
32,83,38.12012596617758,37.13,0.9901259661775796
32,84,41.973114372541104,34.69,7.283114372541107
32,85,37.08789110531205,34.69,2.3978911053120555
32,86,34.955216189481256,34.69,0.2652161894812579
32,87,34.95521617539465,34.69,0.2652161753946558
32,88,35.07788340250717,31.8,3.277883402507168
32,89,31.890171885314818,31.8,0.09017188531481679
32,90,31.836007712958775,31.8,0.03600771295877436
32,91,31.836007708661146,31.8,0.03600770866114544
32,92,26.096146990444936,26.21,-0.11385300955506494
32,93,26.710305620535358,26.21,0.5003056205353573
32,94,54.10141696614194,26.21,27.89141696614194
32,95,28.35159074975715,26.21,2.1415907497571496
33,0,38.467017288191585,31.0,7.467017288191585
33,1,36.66756284448431,31.0,5.6675628444843085
33,2,37.82633570617441,31.0,6.826335706174412
33,3,38.36537801858432,31.0,7.365378018584323
33,4,30.82363517156458,30.94,-0.1163648284354224
33,5,40.80881240887954,30.94,9.868812408879538
33,6,36.99503295134095,30.94,6.0550329513409515
33,7,33.95281079118727,30.94,3.012810791187267
33,8,36.20930603796103,31.32,4.889306037961028
33,9,34.335764359617635,31.32,3.0157643596176342
33,10,38.21243426182262,31.32,6.892434261822622
33,11,33.84644411039942,31.32,2.5264441103994173
33,12,37.38412811409704,29.03,8.354128114097037
33,13,34.75190271227058,29.03,5.721902712270577
33,14,28.91325070517412,29.03,-0.1167492948258797
33,15,33.33322081552088,29.03,4.303220815520881
33,16,28.20000307620846,28.2,3.0762084612945273e-06
33,17,28.200003079604503,28.2,3.0796045038528064e-06
33,18,28.20000308258839,28.2,3.0825883889917804e-06
33,19,28.2000030857722,28.2,3.0857721995403153e-06
33,20,43.75000308902766,43.75,3.0890276576656106e-06
33,21,43.750003092424535,43.75,3.092424535111604e-06
33,22,43.75000309586563,43.75,3.095865629632044e-06
33,23,43.7500030986767,43.75,3.0986767001195403e-06
33,24,51.79000310176501,51.79,3.1017650101716754e-06
33,25,51.79000310446825,51.79,3.1044682486935926e-06
33,26,51.79000310915453,51.79,3.1091545338313153e-06
33,27,51.79000311197188,51.79,3.1119718784111683e-06
33,28,52.400003113738066,52.4,3.11373806738402e-06
33,29,52.40000311557743,52.4,3.1155774280478e-06
33,30,52.40000311798933,52.4,3.1179893298372008e-06
33,31,52.40000312026045,52.4,3.1202604517943655e-06
33,32,49.42000312231947,49.42,3.1223194696394785e-06
33,33,49.42000312423138,49.42,3.1242313767165797e-06
33,34,50.05451300019602,49.42,0.6345130001960158
33,35,49.42000312896109,49.42,3.128961090226312e-06
33,36,49.38000313034432,49.38,3.130344317980871e-06
33,37,49.38000313264458,49.38,3.1326445792956292e-06
33,38,49.38000313481934,49.38,3.13481933744697e-06
33,39,49.38000314080335,49.38,3.140803350731858e-06
33,40,46.3800031398336,46.38,3.139833594900665e-06
33,41,46.38000314049273,46.38,3.140492729869493e-06
33,42,46.38000314239035,46.38,3.142390347932178e-06
33,43,46.38000314424846,46.38,3.1442484598187548e-06
33,44,36.28000314500066,36.28,3.1450006616751125e-06
33,45,36.280003145993334,36.28,3.1459933325095335e-06
33,46,36.28000314849826,36.28,3.1484982585539e-06
33,47,36.280003148318606,36.28,3.1483186049285905e-06
33,48,35.58000314883203,35.58,3.148832028898596e-06
33,49,35.58000314999686,35.58,3.1499968642378917e-06
33,50,35.58000315136557,35.58,3.1513655684989317e-06
33,51,35.58000315274153,35.58,3.152741534506731e-06
33,52,35.22000315350919,35.22,3.1535091906675916e-06
33,53,35.220003154190124,35.22,3.1541901250875526e-06
33,54,35.22000315606168,35.22,3.15606168044269e-06
33,55,35.220003157662596,35.22,3.1576625971752037e-06
33,56,34.92000315942725,34.92,3.159427251375746e-06
33,57,34.9200031598693,34.92,3.1598693013279444e-06
33,58,39.867878802590866,34.92,4.947878802590864
33,59,43.34847138257403,34.92,8.428471382574031
33,60,61.190142479825084,34.76,26.430142479825086
33,61,57.19120455514269,34.76,22.431204555142692
33,62,35.45819641951576,34.76,0.6981964195157602
33,63,96.83287348448505,34.76,62.07287348448505
33,64,47.51793125980514,40.47,7.047931259805139
33,65,45.95262682466565,40.47,5.482626824665651
33,66,65.93626982005313,40.47,25.466269820053128
33,67,45.9469047427345,40.47,5.476904742734504
33,68,59.111875370511655,48.01,11.101875370511657
33,69,55.49559497745118,48.01,7.4855949774511785
33,70,51.53804644642916,48.01,3.5280464464291654
33,71,84.47985733601249,48.01,36.46985733601249
33,72,54.45564168316259,51.61,2.84564168316259
33,73,71.82659291343103,51.61,20.21659291343103
33,74,79.79934621356331,51.61,28.18934621356331
33,75,54.60038812291661,51.61,2.990388122916613
33,76,48.850217889452225,47.16,1.690217889452228
33,77,48.94842000386261,47.16,1.788420003862612
33,78,73.41090498500223,47.16,26.250904985002236
33,79,50.564190522436675,47.16,3.4041905224366786
33,80,37.130003173707166,37.13,3.1737071637394365e-06
33,81,37.13000317438689,37.13,3.1743868902367467e-06
33,82,37.130003173633895,37.13,3.173633892572525e-06
33,83,37.13000317422648,37.13,3.1742264781087215e-06
33,84,41.031086335756115,34.69,6.341086335756117
33,85,36.83395044515649,34.69,2.1439504451564915
33,86,34.69000316971968,34.69,3.169719683171479e-06
33,87,34.69000317063815,34.69,3.1706381520280047e-06
33,88,34.829100423265565,31.8,3.0291004232655645
33,89,31.800003167189978,31.8,3.167189976949203e-06
33,90,31.80000317019744,31.8,3.1701974378961495e-06
33,91,31.800003167036234,31.8,3.167036233264753e-06
33,92,26.21000316705382,26.21,3.167053819197463e-06
33,93,26.79756188435183,26.21,0.5875618843518282
33,94,54.115536972692865,26.21,27.905536972692865
33,95,28.352332415022886,26.21,2.142332415022885
35,0,38.46589924116101,31.0,7.4658992411610114
35,1,36.49764781668767,31.0,5.497647816687667
35,2,37.48234004663095,31.0,6.482340046630952
35,3,37.95340035470391,31.0,6.953400354703909
35,4,31.244218309041106,30.94,0.30421830904110436
35,5,40.03597206214734,30.94,9.095972062147336
35,6,36.78733844015624,30.94,5.847338440156239
35,7,34.09895464513751,30.94,3.1589546451375092
35,8,36.145711416970435,31.32,4.825711416970435
35,9,34.4766045389436,31.32,3.156604538943597
35,10,37.87635658487235,31.32,6.556356584872347
35,11,34.02861004576606,31.32,2.708610045766058
35,12,36.82910120835723,29.03,7.799101208357229
35,13,34.59166926050121,29.03,5.561669260501212
35,14,29.33347368623822,29.03,0.30347368623822035
35,15,33.34636270720883,29.03,4.316362707208832
35,16,28.89302513286743,28.2,0.6930251328674295
35,17,28.893029624600967,28.2,0.6930296246009675
35,18,28.893033412207743,28.2,0.6930334122077433
35,19,28.894547740000952,28.2,0.694547740000953
35,20,44.44647329116071,43.75,0.6964732911607072
35,21,44.44908911043412,43.75,0.699089110434123
35,22,44.45308620066797,43.75,0.7030862006679683
35,23,44.46082881137078,43.75,0.7108288113707815
35,24,61.67422836098193,51.79,9.884228360981929
35,25,61.67403863677245,51.79,9.884038636772452
35,26,61.6740386391279,51.79,9.884038639127901
35,27,61.674038561879826,51.79,9.884038561879827
35,28,62.28403859423368,52.4,9.88403859423368
35,29,62.28403879198963,52.4,9.884038791989632
35,30,62.28403878816388,52.4,9.884038788163885
35,31,62.28403892403813,52.4,9.88403892403813
35,32,59.30403923541945,49.42,9.88403923541945
35,33,59.304039506977695,49.42,9.884039506977693
35,34,73.33786311444513,49.42,23.917863114445126
35,35,59.30403912878634,49.42,9.884039128786341
35,36,59.26403918036909,49.38,9.884039180369086
35,37,59.2640391771839,49.38,9.884039177183901
35,38,59.26403934085138,49.38,9.88403934085138
35,39,59.26403923214527,49.38,9.88403923214527
35,40,56.26403893947965,46.38,9.884038939479645
35,41,56.26403940147116,46.38,9.884039401471156
35,42,56.264039195414654,46.38,9.884039195414651
35,43,56.26403977749197,46.38,9.88403977749197
35,44,46.16423375650594,36.28,9.884233756505942
35,45,46.16423365175315,36.28,9.88423365175315
35,46,46.164233751941275,36.28,9.884233751941274
35,47,46.16403874304904,36.28,9.88403874304904
35,48,45.464250198381215,35.58,9.884250198381217
35,49,45.46425015296901,35.58,9.88425015296901
35,50,45.464250136028426,35.58,9.884250136028427
35,51,45.46425013341825,35.58,9.884250133418249
35,52,45.10425012549818,35.22,9.884250125498184
35,53,45.10425012781393,35.22,9.884250127813928
35,54,45.10425012564794,35.22,9.884250125647938
35,55,45.10425012709397,35.22,9.88425012709397
35,56,44.804250125149125,34.92,9.884250125149123
35,57,44.80425012905214,34.92,9.884250129052141
35,58,152.52632894882936,34.92,117.60632894882936
35,59,229.7141808852631,34.92,194.79418088526307
35,60,91.78379081393945,34.76,57.02379081393945
35,61,82.69006975830817,34.76,47.93006975830817
35,62,59.91336682573108,34.76,25.153366825731084
35,63,289.1325951016337,34.76,254.3725951016337
35,64,205.62268205351654,40.47,165.15268205351654
35,65,170.62194372440518,40.47,130.15194372440519
35,66,101.45800540349725,40.47,60.988005403497255
35,67,170.46663297044142,40.47,129.99663297044142
35,68,302.8965793068856,48.01,254.8865793068856
35,69,222.55247815913427,48.01,174.54247815913428
35,70,135.14999637453917,48.01,87.13999637453918
35,71,332.02593284185485,48.01,284.01593284185486
35,72,123.69477455223362,51.61,72.08477455223363
35,73,275.79040236243077,51.61,224.18040236243075
35,74,417.0805043946899,51.61,365.4705043946899
35,75,126.65954423206053,51.61,75.04954423206053
35,76,93.75748860027109,47.16,46.59748860027109
35,77,90.7016328329988,47.16,43.5416328329988
35,78,320.3027163548803,47.16,273.14271635488035
35,79,131.24977523120535,47.16,84.08977523120535
35,80,47.01424999697993,37.13,9.884249996979925
35,81,47.014249950506695,37.13,9.884249950506693
35,82,47.01424987111461,37.13,9.884249871114605
35,83,47.01424962354964,37.13,9.884249623549636
35,84,180.37315830652955,34.69,145.68315830652955
35,85,90.03074051278685,34.69,55.34074051278685
35,86,43.828065289304064,34.69,9.138065289304066
35,87,43.82806509371007,34.69,9.138065093710075
35,88,106.10950978716075,31.8,74.30950978716075
35,89,40.7049128899303,31.8,8.904912889930298
35,90,40.7049125866024,31.8,8.904912586602396
35,91,40.70490357584252,31.8,8.904903575842521
35,92,35.11490276243199,26.21,8.904902762431988
35,93,41.905792343421105,26.21,15.695792343421104
35,94,234.9475092341041,26.21,208.7375092341041
35,95,81.19707419529084,26.21,54.98707419529084
36,0,38.46806902778605,31.0,7.468069027786051
36,1,36.49976553055327,31.0,5.499765530553269
36,2,37.4847774426541,31.0,6.484777442654099
36,3,37.95540642768311,31.0,6.9554064276831085
36,4,31.246127985045103,30.94,0.3061279850451015
36,5,40.03815199956885,30.94,9.098151999568852
36,6,36.79019438861529,30.94,5.850194388615289
36,7,34.10187831228643,30.94,3.1618783122864293
36,8,36.14860800136624,31.32,4.828608001366241
36,9,34.479818391065095,31.32,3.1598183910650945
36,10,37.87893718765448,31.32,6.558937187654479
36,11,34.03126813839846,31.32,2.7112681383984594
36,12,36.83140501587745,29.03,7.8014050158774495
36,13,34.59484355689442,29.03,5.564843556894417
36,14,29.335394235562063,29.03,0.305394235562062
36,15,33.34965128273593,29.03,4.319651282735926
36,16,28.893484390761778,28.2,0.6934843907617783
36,17,28.894456207509844,28.2,0.6944562075098446
36,18,28.895564753824562,28.2,0.6955647538245628
36,19,28.89559087252273,28.2,0.6955908725227324
36,20,44.44706772252164,43.75,0.6970677225216377
36,21,44.447086145945,43.75,0.6970861459450006
36,22,44.44709970532736,43.75,0.6970997053273607
36,23,44.44710264981988,43.75,0.6971026498198825
36,24,62.48213389556317,51.79,10.692133895563174
36,25,62.482137575115665,51.79,10.692137575115666
36,26,62.48213789198179,51.79,10.692137891981794
36,27,62.48213795697554,51.79,10.692137956975543
36,28,63.09213800681688,52.4,10.692138006816883
36,29,63.092138066641816,52.4,10.692138066641817
36,30,63.0921380975475,52.4,10.692138097547499
36,31,63.092138120991414,52.4,10.692138120991416
36,32,60.112138131886965,49.42,10.692138131886963
36,33,60.11213813636512,49.42,10.692138136365116
36,34,74.1399944345581,49.42,24.719994434558103
36,35,60.1119509989698,49.42,10.691950998969801
36,36,60.07195103983418,49.38,10.69195103983418
36,37,60.07195103486376,49.38,10.691951034863756
36,38,60.07195119292399,49.38,10.691951192923987
36,39,60.07213818762477,49.38,10.69213818762477
36,40,57.07213819314836,46.38,10.69213819314836
36,41,57.071951269395626,46.38,10.691951269395624
36,42,57.07195108170575,46.38,10.691951081705746
36,43,57.07195164250623,46.38,10.691951642506226
36,44,46.9719505185509,36.28,10.691950518550897
36,45,46.97195074699483,36.28,10.691950746994827
36,46,46.97195050781282,36.28,10.69195050781282
36,47,46.97195074883922,36.28,10.691950748839218
36,48,46.272138169269326,35.58,10.692138169269327
36,49,46.27213817056243,35.58,10.69213817056243
36,50,46.27213817563676,35.58,10.692138175636764
36,51,46.27213818041002,35.58,10.69213818041002
36,52,45.91213817944838,35.22,10.692138179448378
36,53,45.91213818024854,35.22,10.692138180248541
36,54,45.91213818570764,35.22,10.692138185707641
36,55,45.91213818550567,35.22,10.69213818550567
36,56,45.61213818691122,34.92,10.692138186911215
36,57,45.612138190835935,34.92,10.692138190835934
36,58,153.26377822709446,34.92,118.34377822709446
36,59,230.3748539210306,34.92,195.45485392103058
36,60,92.59529982831974,34.76,57.83529982831974
36,61,83.48831521833193,34.76,48.728315218331936
36,62,60.71249303746419,34.76,25.952493037464194
36,63,289.5998870569536,34.76,254.83988705695361
36,64,206.19323070260853,40.47,165.72323070260853
36,65,171.27157958641217,40.47,130.80157958641217
36,66,271.9599740584498,40.47,231.4899740584498
36,67,171.14088245056038,40.47,130.67088245056038
36,68,303.1661193638796,48.01,255.1561193638796
36,69,223.14987887095805,48.01,175.13987887095806
36,70,135.8722331343921,48.01,87.86223313439211
36,71,332.20373001322105,48.01,284.19373001322106
36,72,124.44777009443789,51.61,72.83777009443789
36,73,276.2480311099623,51.61,224.6380311099623
36,74,416.7332921822812,51.61,365.1232921822812
36,75,127.39618980060732,51.61,75.78618980060732
36,76,94.51987334063178,47.16,47.35987334063178
36,77,91.46484469820345,47.16,44.30484469820345
36,78,320.47091103972764,47.16,273.31091103972767
36,79,131.93431525209996,47.16,84.77431525209997
36,80,47.822138875974964,37.13,10.692138875974962
36,81,47.82213822727519,37.13,10.692138227275187
36,82,47.82213817845025,37.13,10.69213817845025
36,83,47.82213813247982,37.13,10.692138132479819
36,84,181.90134878096092,34.69,147.21134878096092
36,85,91.58516953137064,34.69,56.89516953137064
36,86,42.47594455475598,34.69,7.785944554755986
36,87,42.47594458944343,34.69,7.785944589443432
36,88,105.00608210203309,31.8,73.2060821020331
36,89,39.58594626562237,31.8,7.785946265622368
36,90,39.58594622009372,31.8,7.785946220093717
36,91,39.585946129666056,31.8,7.785946129666055
36,92,26.77163689079085,26.21,0.5616368907908509
36,93,41.90555164974652,26.21,15.69555164974652
36,94,233.79313430144285,26.21,207.58313430144284
36,95,80.10373846490617,26.21,53.89373846490617
38,0,38.4707681042689,31.0,7.470768104268899
38,1,36.50307552329503,31.0,5.503075523295031
38,2,37.489997154733196,31.0,6.489997154733196
38,3,37.96033284987223,31.0,6.9603328498722306
38,4,31.246861890845235,30.94,0.30686189084523363
38,5,40.04345089611813,30.94,9.10345089611813
38,6,36.7914966626884,30.94,5.851496662688401
38,7,34.10262736087705,30.94,3.1626273608770497
38,8,36.15036826597498,31.32,4.8303682659749825
38,9,34.481036209579926,31.32,3.161036209579926
38,10,37.88265867324031,31.32,6.562658673240307
38,11,34.03319926676661,31.32,2.7131992667666083
38,12,36.83622858268796,29.03,7.806228582687957
38,13,34.59380618946246,29.03,5.563806189462461
38,14,29.336126817160114,29.03,0.3061268171601128
38,15,33.34903933925977,29.03,4.319039339259767
38,16,28.89318419562009,28.2,0.6931841956200913
38,17,28.894217259372333,28.2,0.6942172593723335
38,18,28.895432709505062,28.2,0.695432709505063
38,19,28.8969036559505,28.2,0.6969036559505
38,20,44.44876916362745,43.75,0.6987691636274533
38,21,44.44881118206231,43.75,0.6988111820623075
38,22,44.44881908128628,43.75,0.6988190812862811
38,23,44.46264905690225,43.75,0.7126490569022508
38,24,62.23997796954389,51.79,10.449977969543887
38,25,62.239980396747214,51.79,10.449980396747215
38,26,62.239982350500114,51.79,10.449982350500115
38,27,62.2399828317301,51.79,10.449982831730104
38,28,62.849983061952415,52.4,10.449983061952416
38,29,62.849983227618665,52.4,10.449983227618667
38,30,62.8499833694612,52.4,10.4499833694612
38,31,62.84998349026223,52.4,10.449983490262234
38,32,59.869983594563536,49.42,10.449983594563534
38,33,59.8697788417941,49.42,10.4497788417941
38,34,73.82848213420246,49.42,24.40848213420246
38,35,59.869778474740514,49.42,10.449778474740512
38,36,59.82977852865951,49.38,10.449778528659508
38,37,59.82977853174131,49.38,10.449778531741309
38,38,59.82977870918125,49.38,10.449778709181246
38,39,59.82977861689294,49.38,10.449778616892935
38,40,56.82977834100056,46.38,10.44977834100056
38,41,56.82977883500753,46.38,10.449778835007528
38,42,56.82977865046981,46.38,10.44977865046981
38,43,56.82978282998148,46.38,10.44978282998148
38,44,46.72977808301386,36.28,10.449778083013861
38,45,46.72977834313752,36.28,10.449778343137517
38,46,46.72977809305756,36.28,10.44977809305756
38,47,46.729778350119666,36.28,10.449778350119665
38,48,46.02998374821628,35.58,10.449983748216283
38,49,46.029983770151844,35.58,10.449983770151846
38,50,46.029778571660316,35.58,10.449778571660318
38,51,46.02998374488298,35.58,10.449983744882985
38,52,45.669983617919755,35.22,10.449983617919756
38,53,45.66998362663704,35.22,10.449983626637042
38,54,45.6699836853666,35.22,10.449983685366604
38,55,45.66998371018089,35.22,10.449983710180888
38,56,45.36998372411987,34.92,10.449983724119868
38,57,45.369983732079106,34.92,10.449983732079104
38,58,152.8711676935605,34.92,117.95116769356049
38,59,229.92651382503476,34.92,195.00651382503474
38,60,92.34695575307329,34.76,57.58695575307329
38,61,83.2588626783087,34.76,48.498862678308704
38,62,60.47337049906727,34.76,25.713370499067274
38,63,289.4773027786515,34.76,254.71730277865151
38,64,205.98855584745968,40.47,165.51855584745968
38,65,171.12856208334748,40.47,130.65856208334748
38,66,271.83805865891657,40.47,231.36805865891657
38,67,171.03521504943936,40.47,130.56521504943936
38,68,303.20211705270776,48.01,255.19211705270777
38,69,223.0404609747623,48.01,175.03046097476232
38,70,135.77055836761662,48.01,87.76055836761662
38,71,332.09723820314804,48.01,284.08723820314805
38,72,124.32135748235858,51.61,72.71135748235858
38,73,276.15239227860957,51.61,224.54239227860955
38,74,416.97736374542507,51.61,365.36736374542505
38,75,127.32694905505576,51.61,75.71694905505576
38,76,94.3867961973108,47.16,47.226796197310804
38,77,91.31114976068943,47.16,44.151149760689435
38,78,321.2333541250406,47.16,274.0733541250406
38,79,131.88443090407537,47.16,84.72443090407538
38,80,47.57998370745987,37.13,10.449983707459864
38,81,47.57998369146999,37.13,10.449983691469988
38,82,47.579983657667164,37.13,10.449983657667161
38,83,47.579983586150774,37.13,10.449983586150772
38,84,181.69025248128557,34.69,147.00025248128557
38,85,91.01815001494325,34.69,56.32815001494325
38,86,44.678566012926545,34.69,9.988566012926547
38,87,44.67856591280929,34.69,9.988565912809293
38,88,107.40436654838494,31.8,75.60436654838495
38,89,41.78843767568961,31.8,9.988437675689607
38,90,41.78843765271928,31.8,9.98843765271928
38,91,41.7884375487262,31.8,9.9884375487262
38,92,26.77282809949746,26.21,0.5628280994974588
38,93,41.929515607734636,26.21,15.719515607734635
38,94,236.55803933457557,26.21,210.34803933457556
38,95,82.0431837019521,26.21,55.8331837019521
42,0,42.03828032006167,31.0,11.038280320061673
42,1,36.7677499607216,31.0,5.767749960721602
42,2,37.79054503899099,31.0,6.790545038990992
42,3,38.267804394624555,31.0,7.267804394624555
42,4,31.304958396796312,30.94,0.36495839679631104
42,5,40.386437156290704,30.94,9.446437156290703
42,6,37.07925675052816,30.94,6.139256750528158
42,7,34.26991518187491,30.94,3.329915181874906
42,8,36.38600455466586,31.32,5.066004554665859
42,9,34.639325841502874,31.32,3.3193258415028737
42,10,38.18334951038656,31.32,6.863349510386563
42,11,34.16501734106897,31.32,2.845017341068967
42,12,37.14974184233719,29.03,8.119741842337191
42,13,34.85104371750685,29.03,5.821043717506846
42,14,29.39601828704228,29.03,0.3660182870422801
42,15,33.55836699428971,29.03,4.528366994289712
42,16,29.160780416865347,28.2,0.9607804168653473
42,17,29.16247841496723,28.2,0.9624784149672294
42,18,29.164995613840382,28.2,0.964995613840383
42,19,29.169919761889524,28.2,0.9699197618895248
42,20,122.72731672163899,43.75,78.97731672163899
42,21,122.72731733875203,43.75,78.97731733875203
42,22,122.72731773551018,43.75,78.97731773551018
42,23,122.72731800816126,43.75,78.97731800816126
42,24,130.76731825454516,51.79,78.97731825454517
42,25,130.76731840258327,51.79,78.97731840258328
42,26,130.76731850930608,51.79,78.97731850930609
42,27,130.7673185883198,51.79,78.9773185883198
42,28,131.3773186630893,52.4,78.9773186630893
42,29,131.3773186859534,52.4,78.9773186859534
42,30,131.3773187076329,52.4,78.97731870763289
42,31,131.3773187255721,52.4,78.9773187255721
42,32,128.39731873952886,49.42,78.97731873952885
42,33,128.3973187515137,49.42,78.97731875151369
42,34,247.024774974909,49.42,197.604774974909
42,35,128.39731877552202,49.42,78.97731877552202
42,36,128.35731879126118,49.38,78.97731879126118
42,37,128.3573187945307,49.38,78.9773187945307
42,38,128.35731880906485,49.38,78.97731880906485
42,39,128.35731881343568,49.38,78.97731881343569
42,40,125.3573188226593,46.38,78.9773188226593
42,41,125.3573188299633,46.38,78.97731882996331
42,42,125.35731882830103,46.38,78.97731882830104
42,43,125.35731884452818,46.38,78.97731884452818
42,44,115.25731883492944,36.28,78.97731883492943
42,45,115.25731884521669,36.28,78.97731884521669
42,46,115.25731885311015,36.28,78.97731885311015
42,47,115.2573188706012,36.28,78.9773188706012
42,48,114.55731886932328,35.58,78.97731886932328
42,49,114.5573188999236,35.58,78.9773188999236
42,50,114.55731886182394,35.58,78.97731886182395
42,51,114.55731886236752,35.58,78.97731886236753
42,52,114.19731885784981,35.22,78.97731885784981
42,53,114.19731886669419,35.22,78.97731886669419
42,54,114.19731886483568,35.22,78.97731886483568
42,55,114.19731886621948,35.22,78.97731886621948
42,56,113.89731886492734,34.92,78.97731886492734
42,57,113.89731886987244,34.92,78.97731886987243
42,58,1019.8200055775711,34.92,984.9000055775712
42,59,1667.412047030523,34.92,1632.4920470305228
42,60,351.405737952402,34.76,316.645737952402
42,61,298.4866122303313,34.76,263.7266122303313
42,62,241.8534188308443,34.76,207.0934188308443
42,63,1841.2158631587984,34.76,1806.4558631587984
42,64,1425.628199704408,40.47,1385.158199704408
42,65,1129.4701847697022,40.47,1089.0001847697022
42,66,1859.3613080406558,40.47,1818.8913080406558
42,67,1127.4820142016374,40.47,1087.0120142016374
42,68,2188.1269543650014,48.01,2140.116954365001
42,69,1510.1198444268134,48.01,1462.1098444268134
42,70,775.0673677929346,48.01,727.0573677929347
42,71,2248.3556440246234,48.01,2200.345644024623
42,72,652.0433174527341,51.61,600.4333174527341
42,73,1850.2616119935751,51.61,1798.6516119935752
42,74,3034.653572852524,51.61,2983.043572852524
42,75,676.7753567764964,51.61,625.1653567764964
42,76,433.5642240154507,47.16,386.4042240154507
42,77,408.32594575547523,47.16,361.16594575547526
42,78,2249.556038806008,47.16,2202.396038806008
42,79,748.7246302064888,47.16,701.5646302064888
42,80,116.10731884882958,37.13,78.97731884882958
42,81,116.10731883323709,37.13,78.97731883323709
42,82,116.10731881602635,37.13,78.97731881602635
42,83,116.10731879112919,37.13,78.97731879112919
42,84,1253.929828335816,34.69,1219.239828335816
42,85,499.77459575153165,34.69,465.08459575153165
42,86,113.66731864096543,34.69,78.97731864096544
42,87,113.6673184828659,34.69,78.9773184828659
42,88,656.2401377336748,31.8,624.4401377336749
42,89,31.88124399079903,31.8,0.081243990799031
42,90,31.831562023177067,31.8,0.03156202317706658
42,91,31.831561818481873,31.8,0.03156181848187245
42,92,26.131981830345175,26.21,-0.07801816965482544
42,93,132.076581119594,26.21,105.866581119594
42,94,1577.2150986051865,26.21,1551.0050986051865
42,95,411.24850479581346,26.21,385.0385047958135
48,0,45.161290030122224,31.0,14.161290030122224
48,1,36.631004416895635,31.0,5.631004416895635
48,2,37.636798814895606,31.0,6.636798814895606
48,3,38.10356446266385,31.0,7.103564462663847
48,4,31.271192734990006,30.94,0.33119273499000457
48,5,40.25040413686422,30.94,9.310404136864218
48,6,36.936430678501246,30.94,5.996430678501245
48,7,34.18860727482505,30.94,3.2486072748250514
48,8,36.25806254094533,31.32,4.938062540945332
48,9,34.552939802099466,31.32,3.232939802099466
48,10,38.026524742972775,31.32,6.706524742972775
48,11,34.094278969013544,31.32,2.774278969013544
48,12,36.98298977818728,29.03,7.9529897781872805
48,13,34.70399747855841,29.03,5.673997478558412
48,14,29.36405421611086,29.03,0.3340542161108573
48,15,33.44427166502688,29.03,4.414271665026881
48,16,28.973429485066767,28.2,0.7734294850667673
48,17,28.974286600673267,28.2,0.7742866006732676
48,18,28.975285292084045,28.2,0.7752852920840461
48,19,28.976470177989423,28.2,0.7764701779894239
48,20,44.52791258413168,43.75,0.777912584131677
48,21,44.52791544864508,43.75,0.7779154486450821
48,22,44.5304788807116,43.75,0.7804788807115983
48,23,44.5353090123245,43.75,0.7853090123244968
48,24,147.9638285677632,51.79,96.1738285677632
48,25,216.8986040690618,51.79,165.1086040690618
48,26,216.89860352712682,51.79,165.10860352712683
48,27,216.89860507584322,51.79,165.10860507584323
48,28,217.5086032102826,52.4,165.10860321028258
48,29,217.50885221915516,52.4,165.10885221915515
48,30,217.50885222495526,52.4,165.10885222495526
48,31,217.50860356022616,52.4,165.10860356022616
48,32,214.52860827532385,49.42,165.10860827532383
48,33,214.5286104133043,49.42,165.1086104133043
48,34,439.3567043348727,49.42,389.9367043348727
48,35,214.52860149881383,49.42,165.1086014988138
48,36,214.48859768966088,49.38,165.10859768966088
48,37,214.48859936356666,49.38,165.10859936356667
48,38,214.4886007160245,49.38,165.1086007160245
48,39,214.48859629727755,49.38,165.10859629727756
48,40,211.48859197687423,46.38,165.10859197687424
48,41,211.48860039040122,46.38,165.10860039040122
48,42,211.488595412088,46.38,165.108595412088
48,43,211.4886046474679,46.38,165.1086046474679
48,44,201.38859522845036,36.28,165.10859522845035
48,45,201.38885231941435,36.28,165.10885231941435
48,46,201.38885223806707,36.28,165.10885223806707
48,47,201.38859347975108,36.28,165.10859347975108
48,48,200.6888779004429,35.58,165.1088779004429
48,49,200.68887790931825,35.58,165.10887790931827
48,50,200.68887788724436,35.58,165.10887788724438
48,51,36.153159772836716,35.58,0.5731597728367177
48,52,35.79807341929763,35.22,0.5780734192976311
48,53,200.32887789314643,35.22,165.10887789314643
48,54,200.32887789377526,35.22,165.10887789377526
48,55,200.32887787650782,35.22,165.10887787650782
48,56,200.02887787744584,34.92,165.10887787744582
48,57,200.0288778864769,34.92,165.10887788647688
48,58,1913.453764373083,34.92,1878.533764373083
48,59,3137.6253059573064,34.92,3102.7053059573063
48,60,630.3946398319401,34.76,595.6346398319401
48,61,533.1518899539145,34.76,498.39188995391453
48,62,442.2747850945881,34.76,407.5147850945881
48,63,3438.1195363786887,34.76,3403.3595363786885
48,64,2680.2452078834604,40.47,2639.7752078834606
48,65,2119.7425919942552,40.47,2079.2725919942554
48,66,3492.674586543229,40.47,3452.204586543229
48,67,2114.0932069708497,40.47,2073.62320697085
48,68,4114.419707524327,48.01,4066.409707524327
48,69,2829.794850037774,48.01,2781.7848500377736
48,70,1439.4363624168823,48.01,1391.4263624168823
48,71,4221.678184854391,48.01,4173.66818485439
48,72,1202.4397389536475,51.61,1150.8297389536476
48,73,3468.7258538955316,51.61,3417.1158538955315
48,74,5720.328147494277,51.61,5668.718147494277
48,75,1249.5798696014097,51.61,1197.9698696014098
48,76,793.6545503924505,47.16,746.4945503924505
48,77,745.7079243014573,47.16,698.5479243014573
48,78,4225.147150472732,47.16,4177.9871504727325
48,79,1390.869347097585,47.16,1343.709347097585
48,80,202.2388777655315,37.13,165.1088777655315
48,81,202.23887770233384,37.13,165.10887770233384
48,82,202.23887762858368,37.13,165.10887762858368
48,83,202.23887750455486,37.13,165.10887750455487
48,84,2327.8067875442016,34.69,2293.1167875442015
48,85,906.8470067051164,34.69,872.1570067051164
48,86,178.57442724131226,34.69,143.88442724131227
48,87,178.57442714868287,34.69,143.88442714868287
48,88,1111.9534127100715,31.8,1080.1534127100715
48,89,83.23857371990289,31.8,51.43857371990289
48,90,83.23857367923604,31.8,51.43857367923604
48,91,83.23857358951462,31.8,51.43857358951462
48,92,26.210086059987404,26.21,8.605998740307541e-05
48,93,225.83158151375304,26.21,199.62158151375303
48,94,2938.124216231771,26.21,2911.9142162317708
48,95,752.764010692748,26.21,726.554010692748
54,0,45.173194155941715,31.0,14.173194155941715
54,1,36.630726788799656,31.0,5.630726788799656
54,2,37.63796262477714,31.0,6.637962624777138
54,3,38.10919345933583,31.0,7.1091934593358275
54,4,31.269754190311428,30.94,0.3297541903114265
54,5,40.25239868925573,30.94,9.312398689255726
54,6,36.93755838561293,30.94,5.99755838561293
54,7,34.18778935084798,30.94,3.2477893508479774
54,8,36.26054203523202,31.32,4.940542035232021
54,9,34.55256411595221,31.32,3.232564115952208
54,10,38.02810065642531,31.32,6.708100656425309
54,11,34.09334401448268,31.32,2.7733440144826815
54,12,36.98480804245976,29.03,7.95480804245976
54,13,34.70526980399542,29.03,5.67526980399542
54,14,29.363084093465176,29.03,0.33308409346517465
54,15,33.44481212315793,29.03,4.41481212315793
54,16,28.973816844073724,28.2,0.7738168440737248
54,17,28.974678998204755,28.2,0.7746789982047559
54,18,28.975703255107632,28.2,0.7757032551076328
54,19,28.976961775117637,28.2,0.7769617751176376
54,20,44.528593869656035,43.75,0.778593869656035
54,21,44.52861008001361,43.75,0.7786100800136069
54,22,44.52861046885344,43.75,0.7786104688534365
54,23,44.540225178562956,43.75,0.7902251785629559
54,24,121.43306075812845,51.79,69.64306075812846
54,25,200.2602728340957,51.79,148.4702728340957
54,26,200.26027288941384,51.79,148.47027288941385
54,27,200.26027287728672,51.79,148.47027287728673
54,28,200.87027289249616,52.4,148.47027289249615
54,29,200.8702729087274,52.4,148.4702729087274
54,30,200.8702729261321,52.4,148.47027292613208
54,31,200.87027294295606,52.4,148.47027294295606
54,32,197.8902729562842,49.42,148.4702729562842
54,33,197.8902729697508,49.42,148.4702729697508
54,34,423.1089766253098,49.42,373.6889766253098
54,35,197.89027300286443,49.42,148.47027300286442
54,36,197.85027301607647,49.38,148.47027301607648
54,37,197.8502730285208,49.38,148.4702730285208
54,38,197.85027304253032,49.38,148.47027304253032
54,39,197.8502731351336,49.38,148.4702731351336
54,40,194.85027319826975,46.38,148.47027319826975
54,41,194.85027308166065,46.38,148.47027308166065
54,42,194.85004393741087,46.38,148.47004393741088
54,43,194.85027308997863,46.38,148.47027308997863
54,44,184.75027309812614,36.28,148.47027309812614
54,45,184.75027309557663,36.28,148.47027309557663
54,46,184.75027310700892,36.28,148.47027310700892
54,47,184.75004274171025,36.28,148.47004274171024
54,48,184.05027309680816,35.58,148.47027309680817
54,49,184.0500409484108,35.58,148.47004094841083
54,50,184.05027311432076,35.58,148.47027311432078
54,51,184.05027314455702,35.58,148.47027314455704
54,52,183.6902731170327,35.22,148.4702731170327
54,53,183.69027311993926,35.22,148.47027311993926
54,54,183.6902731225345,35.22,148.4702731225345
54,55,183.6902731281536,35.22,148.4702731281536
54,56,183.3902731287596,34.92,148.47027312875957
54,57,35.48890699262979,34.92,0.5689069926297918
54,58,1898.8640055634303,34.92,1863.9440055634302
54,59,3126.137107349361,34.92,3091.217107349361
54,60,614.4466445551997,34.76,579.6866445551997
54,61,516.8685202559986,34.76,482.10852025599866
54,62,425.9791722115067,34.76,391.2191722115067
54,63,3425.873235528668,34.76,3391.1132355286677
54,64,2667.5615640277692,40.47,2627.0915640277694
54,65,2105.4757084793155,40.47,2065.0057084793157
54,66,3480.346879107815,40.47,3439.876879107815
54,67,2100.1809857573767,40.47,2059.710985757377
54,68,4104.309128066085,48.01,4056.2991280660844
54,69,2817.550828821124,48.01,2769.540828821124
54,70,939.7521133196922,48.01,891.7421133196922
54,71,939.7521576538595,48.01,891.7421576538595
54,72,1187.1578053285746,51.61,1135.5478053285747
54,73,3459.222613860573,51.61,3407.6126138605728
54,74,5711.245262765593,51.61,5659.635262765593
54,75,1234.2799955028809,51.61,1182.669995502881
54,76,777.4750433404652,47.16,730.3150433404652
54,77,729.504758102559,47.16,682.344758102559
54,78,4214.076838114714,47.16,4166.916838114714
54,79,938.9041667614397,47.16,891.7441667614397
54,80,185.60004931846603,37.13,148.47004931846604
54,81,185.60027326788975,37.13,148.47027326788975
54,82,185.60027319183976,37.13,148.47027319183977
54,83,185.60027316683357,37.13,148.47027316683358
54,84,2330.1516350457796,34.69,2295.4616350457795
54,85,907.9907228867755,34.69,873.3007228867755
54,86,178.7328979621735,34.69,144.0428979621735
54,87,178.73289795074376,34.69,144.04289795074376
54,88,1278.8659625318212,31.8,1247.0659625318212
54,89,91.18710376368233,31.8,59.38710376368233
54,90,91.1871037040259,31.8,59.387103704025904
54,91,91.18710366236071,31.8,59.387103662360715
54,92,26.210055833119995,26.21,5.583311999401985e-05
54,93,256.7912484732328,26.21,230.58124847323282
54,94,3383.8988319839527,26.21,3357.6888319839527
54,95,864.9870930821436,26.21,838.7770930821436
56,0,38.05312603727659,31.0,7.053126037276591
56,1,36.44825066969139,31.0,5.44825066969139
56,2,37.46534208375851,31.0,6.465342083758507
56,3,37.95348629292365,31.0,6.95348629292365
56,4,31.10278404200705,30.94,0.162784042007047
56,5,40.07070980972499,30.94,9.130709809724987
56,6,36.74473266071202,30.94,5.804732660712016
56,7,33.97769168819343,30.94,3.03769168819343
56,8,36.07006387193382,31.32,4.750063871933818
56,9,34.356144998816326,31.32,3.036144998816326
56,10,37.861151178162075,31.32,6.541151178162075
56,11,33.90350383615653,31.32,2.583503836156531
56,12,36.85040833226834,29.03,7.820408332268336
56,13,34.543381739152835,29.03,5.513381739152834
56,14,29.18849020915777,29.03,0.1584902091577689
56,15,33.25550732589926,29.03,4.225507325899258
56,16,28.947550434638956,28.2,0.7475504346389563
56,17,28.951927846267942,28.2,0.7519278462679431
56,18,28.951942218039914,28.2,0.7519422180399147
56,19,28.95194520977604,28.2,0.7519452097760393
56,20,44.50844123743671,43.75,0.7584412374367133
56,21,44.51583759254294,43.75,0.7658375925429368
56,22,44.51588765627977,43.75,0.765887656279773
56,23,44.516078242656086,43.75,0.7660782426560857
56,24,55.854539822834276,51.79,4.064539822834277
56,25,55.854546048959094,51.79,4.0645460489590945
56,26,55.85454893301209,51.79,4.064548933012091
56,27,55.85455024535529,51.79,4.064550245355292
56,28,56.46455123838691,52.4,4.064551238386912
56,29,56.46455196629931,52.4,4.064551966299312
56,30,56.46455263428625,52.4,4.064552634286251
56,31,56.4645533029882,52.4,4.064553302988202
56,32,53.48455378876729,49.42,4.064553788767292
56,33,53.48455413850187,49.42,4.064554138501869
56,34,54.12449495132144,49.42,4.704494951321436
56,35,53.48535375901207,49.42,4.065353759012069
56,36,53.44535223148623,49.38,4.06535223148623
56,37,53.445351171702505,49.38,4.065351171702503
56,38,53.44534967999228,49.38,4.065349679992281
56,39,53.4445545135005,49.38,4.064554513500497
56,40,50.44534710285964,46.38,4.06534710285964
56,41,50.44534722813383,46.38,4.065347228133831
56,42,50.44534604479454,46.38,4.065346044794538
56,43,50.44534732817328,46.38,4.065347328173274
56,44,40.34534650809967,36.28,4.065346508099665
56,45,40.345347134245735,36.28,4.065347134245734
56,46,40.34534821801614,36.28,4.06534821801614
56,47,40.344554519120734,36.28,4.064554519120733
56,48,39.644554526182546,35.58,4.0645545261825475
56,49,39.6445545124919,35.58,4.0645545124919025
56,50,39.6453527825409,35.58,4.065352782540899
56,51,39.64535454719812,35.58,4.065354547198119
56,52,39.28455451407863,35.22,4.06455451407863
56,53,39.28455451409009,35.22,4.064554514090091
56,54,39.284554515956195,35.22,4.064554515956196
56,55,39.284554514982176,35.22,4.064554514982177
56,56,38.98455451486774,34.92,4.064554514867737
56,57,38.98455451451615,34.92,4.064554514516146
56,58,43.94143519359554,34.92,9.021435193595536
56,59,47.40323038666419,34.92,12.48323038666419
56,60,61.44263220788831,34.76,26.68263220788831
56,61,58.01208960810325,34.76,23.252089608103255
56,62,39.520202206276,34.76,4.7602022062759985
56,63,92.83017008504356,34.76,58.070170085043564
56,64,51.556195505554555,40.47,11.086195505554556
56,65,50.00342885357035,40.47,9.53342885357035
56,66,298.8641333225743,40.47,258.39413332257425
56,67,49.98136743360097,40.47,9.511367433600974
56,68,63.109141275203996,48.01,15.099141275203998
56,69,59.504331551545974,48.01,11.494331551545976
56,70,55.56856545733624,48.01,7.558565457336243
56,71,446.958581603107,48.01,398.948581603107
56,72,58.49250451593562,51.61,6.882504515935622
56,73,230.3891614540309,51.61,178.77916145403088
56,74,262.4242502062112,51.61,210.81425020621117
56,75,58.625501930737094,51.61,7.015501930737095
56,76,52.891900412344526,47.16,5.73190041234453
56,77,52.75249382040922,47.16,5.592493820409224
56,78,74.6086215081726,47.16,27.448621508172607
56,79,54.58668149339414,47.16,7.426681493394142
56,80,41.194554488681085,37.13,4.0645544886810825
56,81,41.194554482919294,37.13,4.0645544829192914
56,82,41.19455438851428,37.13,4.064554388514274
56,83,41.194554112966955,37.13,4.0645541129669525
56,84,41.6572089525147,34.69,6.967208952514703
56,85,37.63126419223657,34.69,2.9412641922365736
56,86,35.52841095833632,34.69,0.8384109583363255
56,87,35.52841063593741,34.69,0.8384106359374144
56,88,35.62469855020489,31.8,3.8246985502048894
56,89,32.63623412882146,31.8,0.8362341288214559
56,90,32.63623408186204,31.8,0.8362340818620417
56,91,32.63623382070641,31.8,0.8362338207064077
56,92,26.427372560888763,26.21,0.21737256088876222
56,93,27.07897251078586,26.21,0.8689725107858592
56,94,51.77950169162029,26.21,25.56950169162029
56,95,28.779747837896053,26.21,2.5697478378960525
60,0,40.40016751138893,31.0,9.40016751138893
60,1,38.87005705515753,31.0,7.870057055157531
60,2,39.83680252567968,31.0,8.83680252567968
60,3,40.305292186348055,31.0,9.305292186348055
60,4,31.590865287200554,30.94,0.6508652872005527
60,5,41.420388908393406,30.94,10.480388908393405
60,6,37.618158176324094,30.94,6.678158176324093
60,7,34.55327665819911,30.94,3.6132766581991085
60,8,36.819665243519125,31.32,5.499665243519125
60,9,34.93187680960153,31.32,3.611876809601533
60,10,38.8317646336226,31.32,7.511764633622597
60,11,34.40363416748261,31.32,3.0836341674826073
60,12,38.00319562253767,29.03,8.973195622537666
60,13,35.381897517178885,29.03,6.351897517178884
60,14,29.67860002414342,29.03,0.6486000241434198
60,15,33.95113202217919,29.03,4.9211320221791865
60,16,31.249426658989268,28.2,3.049426658989269
60,17,31.249426662434047,28.2,3.0494266624340476
60,18,31.249426665956303,28.2,3.049426665956304
60,19,31.249426669664686,28.2,3.049426669664687
60,20,46.79942667309548,43.75,3.049426673095482
60,21,46.79942667612126,43.75,3.049426676121257
60,22,46.79942667935764,43.75,3.0494266793576372
60,23,46.799426682572864,43.75,3.0494266825728644
60,24,54.8394266856592,51.79,3.049426685659199
60,25,54.83942668851933,51.79,3.0494266885193326
60,26,54.83942669165526,51.79,3.0494266916552633
60,27,54.839426694658165,51.79,3.049426694658166
60,28,55.449426697950365,52.4,3.0494266979503664
60,29,55.44942670103623,52.4,3.049426701036232
60,30,55.449426705148674,52.4,3.049426705148676
60,31,55.449426705085855,52.4,3.049426705085857
60,32,52.46942670716773,49.42,3.0494267071677257
60,33,52.46942670896059,49.42,3.0494267089605884
60,34,53.109105833243426,49.42,3.689105833243424
60,35,52.46942671256944,49.42,3.049426712569435
60,36,52.4294267139544,49.38,3.0494267139543965
60,37,52.4294267157394,49.38,3.0494267157394006
60,38,52.42942671730895,49.38,3.049426717308947
60,39,52.429426718875895,49.38,3.0494267188758926
60,40,49.42942672044264,46.38,3.0494267204426393
60,41,49.42942672262709,46.38,3.0494267226270892
60,42,49.42942672328783,46.38,3.04942672328783
60,43,49.42942672469611,46.38,3.0494267246961044
60,44,39.32942672589468,36.28,3.0494267258946763
60,45,39.32942672675152,36.28,3.04942672675152
60,46,39.32942672823787,36.28,3.0494267282378686
60,47,39.32942672881601,36.28,3.049426728816009
60,48,38.629426730109174,35.58,3.0494267301091753
60,49,38.629426730989266,35.58,3.0494267309892678
60,50,38.62942673192725,35.58,3.049426731927255
60,51,38.62942673424113,35.58,3.0494267342411305
60,52,38.26942673356834,35.22,3.049426733568339
60,53,38.26942673450852,35.22,3.049426734508522
60,54,38.26942673494057,35.22,3.0494267349405746
60,55,38.269426734558095,35.22,3.0494267345580965
60,56,37.969426735065895,34.92,3.049426735065893
60,57,37.9694267364517,34.92,3.0494267364517
60,58,42.92418040862559,34.92,8.004180408625587
60,59,46.3956799412203,34.92,11.4756799412203
60,60,60.45318260971194,34.76,25.69318260971194
60,61,56.99280916700715,34.76,22.232809167007154
60,62,38.50532065810062,34.76,3.745320658100624
60,63,91.76426648174908,34.76,57.00426648174908
60,64,50.53589413579526,40.47,10.065894135795261
60,65,48.983398068134136,40.47,8.513398068134137
60,66,297.63754754297804,40.47,257.167547542978
60,67,48.96388830504561,40.47,8.493888305045608
60,68,62.0903925808191,48.01,14.080392580819101
60,69,58.4893455139742,48.01,10.479345513974202
60,70,54.55187682165936,48.01,6.541876821659365
60,71,445.56157095312284,48.01,397.55157095312285
60,72,57.47620411519867,51.61,5.86620411519867
60,73,229.30275083271783,51.61,177.69275083271782
60,74,261.27253081894105,51.61,209.66253081894104
60,75,57.60870776291986,51.61,5.998707762919864
60,76,51.87704620600954,47.16,4.717046206009542
60,77,51.73589030690153,47.16,4.575890306901535
60,78,73.56349906305705,47.16,26.403499063057055
60,79,53.56973679808709,47.16,6.409736798087096
60,80,40.17942674000746,37.13,3.049426740007455
60,81,40.17942673900486,37.13,3.0494267390048577
60,82,40.17942673947388,37.13,3.04942673947388
60,83,40.17942673989209,37.13,3.049426739892084
60,84,43.95553979466078,34.69,9.265539794660782
60,85,39.84095784558008,34.69,5.150957845580081
60,86,37.739426738487865,34.69,3.049426738487867
60,87,37.73942673808699,34.69,3.049426738086993
60,88,37.83705896754789,31.8,6.037058967547889
60,89,34.84942673670383,31.8,3.0494267367038326
60,90,34.84942673589901,31.8,3.049426735899008
60,91,34.849426735407405,31.8,3.0494267354074047
60,92,29.2594267346604,26.21,3.0494267346604005
60,93,29.84274345060389,26.21,3.63274345060389
60,94,53.97588587684911,26.21,27.76588587684911
60,95,31.379820413808847,26.21,5.169820413808846
62,0,38.067888620152196,31.0,7.067888620152196
62,1,36.44194630925343,31.0,5.4419463092534315
62,2,37.47024168398218,31.0,6.470241683982181
62,3,37.9565386212977,31.0,6.956538621297703
62,4,31.033042183679694,30.94,0.09304218367969241
62,5,40.08399445601682,30.94,9.143994456016816
62,6,36.74248598473396,30.94,5.802485984733959
62,7,33.944417609737684,30.94,3.0044176097376827
62,8,36.05751704419492,31.32,4.737517044194917
62,9,34.32248748078609,31.32,3.002487480786087
62,10,37.86670409587972,31.32,6.5467040958797185
62,11,33.86757650704853,31.32,2.5475765070485323
62,12,36.857727147278375,29.03,7.827727147278374
62,13,34.53605988914281,29.03,5.506059889142811
62,14,29.121805560307457,29.03,0.09180556030745635
62,15,33.24012105232084,29.03,4.2101210523208366
62,16,28.946518946226643,28.2,0.7465189462266437
62,17,28.950935421964804,28.2,0.7509354219648046
62,18,28.950936313605432,28.2,0.7509363136054326
62,19,28.950936604320884,28.2,0.7509366043208843
62,20,44.50768664561541,43.75,0.7576866456154079
62,21,44.51556498593008,43.75,0.7655649859300766
62,22,44.52406611780113,43.75,0.7740661178011266
62,23,44.524443467559394,43.75,0.7744434675593936
62,24,67.57992301837419,51.79,15.78992301837419
62,25,67.57992438434013,51.79,15.789924384340132
62,26,67.5799255498371,51.79,15.7899255498371
62,27,67.57992620384114,51.79,15.78992620384114
62,28,68.18992655970222,52.4,15.789926559702216
62,29,68.18992680852678,52.4,15.78992680852678
62,30,68.18992696951146,52.4,15.789926969511463
62,31,68.18992707524689,52.4,15.789927075246887
62,32,65.20992715578512,49.42,15.789927155785122
62,33,65.20980973095233,49.42,15.789809730952328
62,34,65.84978335492718,49.42,16.42978335492718
62,35,65.20980959892408,49.42,15.78980959892408
62,36,65.16980925743246,49.38,15.78980925743246
62,37,65.16980947677592,49.38,15.789809476775922
62,38,65.16980920724593,49.38,15.78980920724593
62,39,65.16980895582412,49.38,15.789808955824121
62,40,62.169809382595275,46.38,15.789809382595273
62,41,62.16980923385559,46.38,15.789809233855586
62,42,62.169809232281374,46.38,15.789809232281371
62,43,62.16981028940803,46.38,15.789810289408024
62,44,52.06980992568084,36.28,15.789809925680842
62,45,52.069809646957125,36.28,15.789809646957124
62,46,52.069810296717385,36.28,15.789810296717384
62,47,52.069809967982465,36.28,15.789809967982464
62,48,51.36981003593397,35.58,15.789810035933975
62,49,51.369927244914905,35.58,15.789927244914907
62,50,51.36992720143475,35.58,15.78992720143475
62,51,51.36992723929806,35.58,15.78992723929806
62,52,51.0099272354097,35.22,15.7899272354097
62,53,51.00992723701615,35.22,15.789927237016151
62,54,51.00992723233269,35.22,15.789927232332694
62,55,51.009927233569044,35.22,15.789927233569045
62,56,50.70992723407318,34.92,15.789927234073176
62,57,50.70992723736161,34.92,15.78992723736161
62,58,55.68384368271036,34.92,20.76384368271036
62,59,59.15605010801771,34.92,24.236050108017707
62,60,73.26495194137652,34.76,38.504951941376525
62,61,69.82992694431852,34.76,35.06992694431852
62,62,51.24839841383456,34.76,16.48839841383456
62,63,104.88572458162966,34.76,70.12572458162967
62,64,63.32294611605133,40.47,22.852946116051328
62,65,61.78385717920848,40.47,21.313857179208483
62,66,1175.1274169665364,40.47,1134.6574169665364
62,67,61.75370905012535,40.47,21.283709050125353
62,68,74.92433699136261,48.01,26.91433699136261
62,69,71.26959768763788,48.01,23.259597687637886
62,70,67.32209008093892,48.01,19.312090080938923
62,71,1843.931306430526,48.01,1795.921306430526
62,72,70.23580138080595,51.61,18.625801380805953
62,73,826.1428444059928,51.61,774.5328444059928
62,74,947.7425097406251,51.61,896.1325097406251
62,75,70.36940989419557,51.61,18.75940989419557
62,76,64.6258719056378,47.16,17.465871905637798
62,77,64.48521896877976,47.16,17.325218968779765
62,78,86.52373722765367,47.16,39.36373722765367
62,79,66.33489609606225,47.16,19.174896096062255
62,80,52.91992714646433,37.13,15.78992714646433
62,81,52.91992680146456,37.13,15.78992680146456
62,82,52.91992525766399,37.13,15.789925257663988
62,83,52.919923796558635,37.13,15.789923796558632
62,84,42.20166289253939,34.69,7.511662892539391
62,85,37.237026289821,34.69,2.547026289821005
62,86,34.88991759337371,34.69,0.19991759337371207
62,87,34.82258965528992,34.69,0.1325896552899195
62,88,34.89165288156787,31.8,3.091652881567871
62,89,31.88825188944868,31.8,0.0882518894486779
62,90,31.888251695439187,31.8,0.08825169543918676
62,91,31.888251523572414,31.8,0.0882515235724135
62,92,25.979373172757448,26.21,-0.23062682724255268
62,93,26.606221533721964,26.21,0.3962215337219632
62,94,51.04862560215186,26.21,24.838625602151858
62,95,28.23388113905805,26.21,2.023881139058048
65,0,38.100268410465205,31.0,7.100268410465205
65,1,36.457203061933846,31.0,5.457203061933846
65,2,37.492386455870935,31.0,6.492386455870935
65,3,37.97275689296095,31.0,6.972756892960952
65,4,31.03904144546198,30.94,0.09904144546197813
65,5,40.10924884503416,30.94,9.169248845034158
65,6,36.75945795899515,30.94,5.819457958995148
65,7,33.955082514448506,30.94,3.0150825144485047
65,8,36.07182410712662,31.32,4.751824107126623
65,9,34.33255317490696,31.32,3.0125531749069623
65,10,37.88821754603545,31.32,6.568217546035449
65,11,33.87972751872697,31.32,2.559727518726973
65,12,36.87630083480771,29.03,7.846300834807707
65,13,34.5479972757788,29.03,5.5179972757787965
65,14,29.127469636061477,29.03,0.09746963606147574
65,15,33.25588991739641,29.03,4.225889917396408
65,16,28.945921724156637,28.2,0.7459217241566378
65,17,28.950219549609937,28.2,0.7502195496099375
65,18,28.950449026862852,28.2,0.750449026862853
65,19,28.950652205622028,28.2,0.7506522056220284
65,20,44.5072891257917,43.75,0.7572891257917007
65,21,44.515273165392955,43.75,0.765273165392955
65,22,44.525170028089626,43.75,0.7751700280896259
65,23,44.537542075252176,43.75,0.7875420752521762
65,24,90.49771880570788,51.79,38.70771880570788
65,25,90.4977195557782,51.79,38.707719555778205
65,26,90.49772038827679,51.79,38.70772038827679
65,27,90.4977207212992,51.79,38.707720721299204
65,28,91.1077208862225,52.4,38.707720886222496
65,29,91.10772098065388,52.4,38.70772098065388
65,30,91.10772104104959,52.4,38.70772104104959
65,31,91.10772107815295,52.4,38.70772107815295
65,32,88.1277211038151,49.42,38.7077211038151
65,33,88.12772112018308,49.42,38.70772112018308
65,34,88.77217349163345,49.42,39.35217349163345
65,35,88.1277211454975,49.42,38.7077211454975
65,36,88.08772115383962,49.38,38.70772115383962
65,37,88.08772116997471,49.38,38.70772116997471
65,38,88.08772191975416,49.38,38.70772191975416
65,39,88.08772128398007,49.38,38.70772128398007
65,40,85.08772121644796,46.38,38.70772121644796
65,41,85.0877212085604,46.38,38.70772120856039
65,42,85.08772117081779,46.38,38.707721170817784
65,43,85.08772117580368,46.38,38.70772117580368
65,44,74.98772116616097,36.28,38.707721166160965
65,45,74.98772116732536,36.28,38.70772116732536
65,46,74.98772116471253,36.28,38.707721164712524
65,47,74.98772116590038,36.28,38.70772116590038
65,48,74.28772116990118,35.58,38.70772116990118
65,49,74.28772116829686,35.58,38.70772116829686
65,50,74.2877211657946,35.58,38.707721165794595
65,51,74.28772117198058,35.58,38.70772117198058
65,52,35.78890978725246,35.22,0.5689097872524584
65,53,35.79026922520773,35.22,0.5702692252077313
65,54,35.790122441619246,35.22,0.5701224416192474
65,55,35.79000719689402,35.22,0.5700071968940179
65,56,35.489790975496966,34.92,0.5697909754969643
65,57,35.491164015273775,34.92,0.5711640152737729
65,58,78.6575594756984,34.92,43.737559475698404
65,59,82.16352955221524,34.92,47.243529552215236
65,60,96.45599164267742,34.76,61.69599164267742
65,61,92.97071219481224,34.76,58.21071219481224
65,62,74.17328508743407,34.76,39.41328508743407
65,63,129.1050276296679,34.76,94.3450276296679
65,64,86.32903574389425,40.47,45.85903574389425
65,65,84.902194321997,40.47,44.432194321997
65,66,2998.3783845971993,40.47,2957.9083845971995
65,67,84.8495183480292,40.47,44.37951834802921
65,68,98.2499843287635,48.01,50.239984328763505
65,69,94.27160858450624,48.01,46.26160858450624
65,70,90.3563346452028,48.01,42.346334645202795
65,71,3943.1790578736063,48.01,3895.169057873606
65,72,93.20749854703973,51.61,41.597498547039734
65,73,2058.4555674960347,51.61,2006.8455674960348
65,74,2370.377027156133,51.61,2318.767027156133
65,75,93.34600711959455,51.61,41.73600711959455
65,76,87.57626263877465,47.16,40.416262638774654
65,77,87.4202745059518,47.16,40.2602745059518
65,78,110.39182677837512,47.16,63.23182677837512
65,79,89.35297109081026,47.16,42.19297109081026
65,80,75.83772120457266,37.13,38.70772120457266
65,81,75.83772118148552,37.13,38.70772118148552
65,82,75.83772117780978,37.13,38.70772117780978
65,83,75.83772117966618,37.13,38.70772117966617
65,84,79.76165080156774,34.69,45.07165080156774
65,85,75.53565312439156,34.69,40.84565312439156
65,86,73.39772116854039,34.69,38.70772116854039
65,87,73.39772115936933,34.69,38.70772115936933
65,88,35.43877826404345,31.8,3.6387782640434487
65,89,31.860013917738822,31.8,0.060013917738821476
65,90,31.86001391310786,31.8,0.060013913107859196
65,91,31.860013859067355,31.8,0.06001385906735379
65,92,25.978495914540446,26.21,-0.23150408545955514
65,93,26.797124579403842,26.21,0.5871245794038416
65,94,51.258728971983544,26.21,25.048728971983543
65,95,28.244810067575422,26.21,2.034810067575421
68,0,78.95446589113983,31.0,47.95446589113983
68,1,77.38646630092958,31.0,46.386466300929584
68,2,78.36750228394254,31.0,47.36750228394254
68,3,78.82420076728968,31.0,47.82420076728968
68,4,31.507429034866686,30.94,0.5674290348666844
68,5,41.49439672467671,30.94,10.55439672467671
68,6,37.595099221201686,30.94,6.655099221201684
68,7,34.49226193504681,30.94,3.552261935046811
68,8,36.781189109695575,31.32,5.4611891096955745
68,9,34.8695043170398,31.32,3.5495043170397977
68,10,38.83244284653403,31.32,7.512442846534029
68,11,34.34618833334236,31.32,3.026188333342361
68,12,38.020990931026844,29.03,8.990990931026843
68,13,35.34614569528711,29.03,6.316145695287112
68,14,29.601893930447943,29.03,0.571893930447942
68,15,33.915239152178756,29.03,4.885239152178755
68,16,69.73937341333509,28.2,41.539373413335085
68,17,69.739373420432,28.2,41.539373420432
68,18,69.73937342771613,28.2,41.53937342771613
68,19,69.73937343527537,28.2,41.539373435275365
68,20,85.28937344241103,43.75,41.53937344241103
68,21,85.28937344903474,43.75,41.53937344903474
68,22,85.28937345584265,43.75,41.53937345584265
68,23,85.28937346262,43.75,41.539373462620006
68,24,93.32937346919744,51.79,41.539373469197436
68,25,93.32937347547656,51.79,41.53937347547656
68,26,93.32937348208544,51.79,41.539373482085445
68,27,93.32937348850433,51.79,41.53937348850433
68,28,93.93937349511104,52.4,41.53937349511104
68,29,93.93937350132822,52.4,41.53937350132822
68,30,93.93937350830612,52.4,41.53937350830612
68,31,93.93937351020853,52.4,41.53937351020853
68,32,90.95937351427119,49.42,41.53937351427119
68,33,90.9593735179467,49.42,41.5393735179467
68,34,91.60034066381851,49.42,42.18034066381851
68,35,90.95937352488099,49.42,41.539373524880986
68,36,90.91937352778251,49.38,41.53937352778251
68,37,90.9193735311572,49.38,41.5393735311572
68,38,90.91937353417836,49.38,41.53937353417836
68,39,90.91937353716366,49.38,41.53937353716366
68,40,87.91937354012083,46.38,41.53937354012083
68,41,87.91937354378757,46.38,41.53937354378757
68,42,87.91937354554616,46.38,41.53937354554616
68,43,87.91937354817927,46.38,41.53937354817926
68,44,77.81937355037073,36.28,41.539373550370726
68,45,77.81937355217754,36.28,41.53937355217754
68,46,77.8193735546429,36.28,41.53937355464289
68,47,77.81937355600941,36.28,41.53937355600941
68,48,77.11937355806623,35.58,41.53937355806623
68,49,77.11937355973437,35.58,41.53937355973437
68,50,77.11937356143608,35.58,41.53937356143608
68,51,77.11937356459546,35.58,41.539373564595465
68,52,76.75937356435657,35.22,41.539373564356566
68,53,76.75937356586701,35.22,41.53937356586701
68,54,76.7593735667877,35.22,41.5393735667877
68,55,76.75937356676363,35.22,41.53937356676363
68,56,76.45937356770071,34.92,41.53937356770071
68,57,76.45937356966283,34.92,41.53937356966283
68,58,81.48215899816978,34.92,46.56215899816978
68,59,84.9933753127224,34.92,50.073375312722405
68,60,99.52624788517059,34.76,64.7662478851706
68,61,95.94231029449935,34.76,61.18231029449935
68,62,77.00520773166673,34.76,42.24520773166673
68,63,132.05462888872833,34.76,97.29462888872834
68,64,89.23866641132801,40.47,48.76866641132801
68,65,87.77669029332813,40.47,47.30669029332813
68,66,4344.616716768332,40.47,4304.146716768331
68,67,87.71778066804058,40.47,47.247780668040576
68,68,101.15546271028427,48.01,53.14546271028427
68,69,97.18720074827628,48.01,49.177200748276285
68,70,93.20915081332338,48.01,45.19915081332338
68,71,6821.106395514626,48.01,6773.096395514625
68,72,96.07208093343175,51.61,44.46208093343175
68,73,2964.023308693484,51.61,2912.413308693484
68,74,3419.892535553009,51.61,3368.282535553009
68,75,96.21526143937444,51.61,44.605261439374445
68,76,90.4299870119003,47.16,43.2699870119003
68,77,90.27049050627213,47.16,43.11049050627213
68,78,113.42276219652085,47.16,66.26276219652085
68,79,92.20843157316509,47.16,45.04843157316509
68,80,78.6693735765566,37.13,41.53937357655659
68,81,78.66937357551222,37.13,41.53937357551222
68,82,78.66937357611198,37.13,41.53937357611198
68,83,78.66937357657866,37.13,41.53937357657866
68,84,82.65926759968357,34.69,47.969267599683576
68,85,78.38654834585907,34.69,43.69654834585907
68,86,76.22937357515103,34.69,41.53937357515103
68,87,76.22937357476201,34.69,41.53937357476201
68,88,76.39287117858537,31.8,44.59287117858537
68,89,73.33937357336008,31.8,41.53937357336008
68,90,73.33937357248861,31.8,41.539373572488614
68,91,73.3393735719721,31.8,41.539373571972106
68,92,67.74937357127786,26.21,41.53937357127786
68,93,68.33818069004,26.21,42.128180690040004
68,94,92.99538536082929,26.21,66.78538536082928
68,95,69.89307981952545,26.21,43.68307981952545
74,0,95.96032096185222,31.0,64.96032096185222
74,1,94.38674239627687,31.0,63.38674239627687
74,2,95.36946545461046,31.0,64.36946545461046
74,3,95.82380493117081,31.0,64.82380493117081
74,4,31.50732261445074,30.94,0.5673226144507382
74,5,41.5004109929164,30.94,10.560410992916399
74,6,37.598411190578304,30.94,6.6584111905783026
74,7,34.49355256085303,30.94,3.5535525608530314
74,8,36.78366750359528,31.32,5.463667503595282
74,9,34.87014224853143,31.32,3.5501422485314293
74,10,38.83719263190118,31.32,7.517192631901182
74,11,34.348321776954535,31.32,3.0283217769545345
74,12,38.02361847480087,29.03,8.993618474800869
74,13,35.34754150187369,29.03,6.317541501873691
74,14,29.602008967228045,29.03,0.5720089672280437
74,15,33.91896121392131,29.03,4.888961213921306
74,16,86.73734198360619,28.2,58.53734198360618
74,17,86.73734198773116,28.2,58.53734198773115
74,18,86.73734199206739,28.2,58.53734199206738
74,19,86.73734199606083,28.2,58.53734199606083
74,20,102.28734200049195,43.75,58.53734200049195
74,21,102.28734200480679,43.75,58.53734200480679
74,22,102.2873420091685,43.75,58.5373420091685
74,23,102.28734201266215,43.75,58.53734201266215
74,24,110.32734201861122,51.79,58.53734201861122
74,25,110.32734202047254,51.79,58.53734202047254
74,26,110.32734202484352,51.79,58.53734202484352
74,27,110.32734202856955,51.79,58.53734202856955
74,28,110.93734203096456,52.4,58.53734203096456
74,29,110.93734203419076,52.4,58.537342034190765
74,30,110.93734203678147,52.4,58.537342036781475
74,31,110.93734203856246,52.4,58.537342038562464
74,32,107.95734204071886,49.42,58.537342040718855
74,33,107.95734204124537,49.42,58.53734204124537
74,34,108.59718825597307,49.42,59.177188255973064
74,35,107.95734204705701,49.42,58.53734204705701
74,36,107.91734204871861,49.38,58.53734204871861
74,37,107.91734204737767,49.38,58.53734204737767
74,38,107.91734204948733,49.38,58.53734204948733
74,39,107.91734205006841,49.38,58.53734205006841
74,40,104.91734205388966,46.38,58.53734205388965
74,41,104.91734205316266,46.38,58.537342053162654
74,42,104.91734205331225,46.38,58.53734205331225
74,43,104.91734205451358,46.38,58.53734205451358
74,44,94.81734205629681,36.28,58.53734205629681
74,45,94.8173420571444,36.28,58.5373420571444
74,46,94.81734205777789,36.28,58.53734205777789
74,47,94.81734205886357,36.28,58.53734205886357
74,48,94.11734205842379,35.58,58.53734205842379
74,49,94.11734205941252,35.58,58.537342059412524
74,50,94.11734205920703,35.58,58.537342059207035
74,51,94.11734206067797,35.58,58.53734206067797
74,52,93.75734206063868,35.22,58.53734206063868
74,53,93.75734206126023,35.22,58.53734206126023
74,54,93.757342062227,35.22,58.537342062227
74,55,93.75734206292391,35.22,58.53734206292391
74,56,93.45734206281861,34.92,58.53734206281861
74,57,93.45734206316965,34.92,58.537342063169646
74,58,98.47766289100434,34.92,63.55766289100434
74,59,101.98613938208186,34.92,67.06613938208186
74,60,116.51390517841477,34.76,81.75390517841478
74,61,112.95173676814628,34.76,78.19173676814628
74,62,94.00313311656026,34.76,59.243133116560266
74,63,149.1067548682172,34.76,114.3467548682172
74,64,106.24528109246427,40.47,65.77528109246427
74,65,104.80713566563747,40.47,64.33713566563748
74,66,6135.312395629954,40.47,6094.842395629954
74,67,104.74207475134372,40.47,64.27207475134372
74,68,118.20256860278931,48.01,70.19256860278932
74,69,114.19567496867899,48.01,66.185674968679
74,70,110.22099204081002,48.01,62.21099204081002
74,71,9638.413410426067,48.01,9590.403410426066
74,72,113.07905428850998,51.61,61.46905428850998
74,73,4171.89996549576,51.61,4120.28996549576
74,74,4813.303961418218,51.61,4761.693961418218
74,75,113.22195680144776,51.61,61.61195680144776
74,76,107.43047238125965,47.16,60.27047238125965
74,77,107.28322810837479,47.16,60.12322810837479
74,78,130.5212947016306,47.16,83.36129470163061
74,79,109.2180904796762,47.16,62.05809047967621
74,80,95.6673420709158,37.13,58.53734207091579
74,81,95.66734206772807,37.13,58.53734206772807
74,82,95.66734206587098,37.13,58.53734206587098
74,83,95.66734206618317,37.13,58.537342066183164
74,84,99.67815480942087,34.69,64.98815480942088
74,85,95.3892517805,34.69,60.699251780500006
74,86,93.2273420644884,34.69,58.5373420644884
74,87,93.2273420638573,34.69,58.537342063857295
74,88,93.39680039300164,31.8,61.596800393001644
74,89,90.3373420621965,31.8,58.5373420621965
74,90,90.33734206118307,31.8,58.53734206118307
74,91,90.33734206024626,31.8,58.53734206024626
74,92,84.74734205981704,26.21,58.53734205981704
74,93,85.33653725188486,26.21,59.12653725188486
74,94,110.02966431239852,26.21,83.81966431239852
74,95,86.89259564010857,26.21,60.682595640108566
