node,t,dlmp_signal,spot_eur_mwh,adder_signal
8,0,53.153608661388795,31.0,22.153608661388795
8,1,43.54678485318657,31.0,12.546784853186573
8,2,43.146192952734225,31.0,12.146192952734225
8,3,43.550000178994836,31.0,12.550000178994836
8,4,37.662480155236715,30.94,6.722480155236713
8,5,45.55589964757053,30.94,14.615899647570526
8,6,40.49735949562673,30.94,9.55735949562673
8,7,41.95058752785456,30.94,11.010587527854558
8,8,32.84031729837068,31.32,1.5203172983706779
8,9,32.84031729812125,31.32,1.520317298121249
8,10,32.84031729821976,31.32,1.5203172982197586
8,11,32.840317297970266,31.32,1.5203172979702657
8,12,42.39664460762478,29.03,13.366644607624778
8,13,40.23696405761361,29.03,11.206964057613611
8,14,30.539671352524934,29.03,1.5096713525249328
8,15,39.08297273183779,29.03,10.05297273183779
8,16,36.84472717016848,28.2,8.644727170168483
8,17,38.159095267832654,28.2,9.959095267832655
8,18,38.9859961282827,28.2,10.7859961282827
8,19,38.00839606760408,28.2,9.808396067604082
8,20,45.27395790763607,43.75,1.523957907636067
8,21,45.27395794511202,43.75,1.5239579451120235
8,22,45.273957964566925,43.75,1.5239579645669252
8,23,45.27395797808651,43.75,1.5239579780865071
8,24,53.313957989821624,51.79,1.523957989821625
8,25,53.313957999232194,51.79,1.523957999232195
8,26,53.31395800626194,51.79,1.5239580062619424
8,27,53.31395801312333,51.79,1.523958013123334
8,28,53.923958019403074,52.4,1.523958019403075
8,29,53.92395802562874,52.4,1.523958025628744
8,30,53.92395803078509,52.4,1.5239580307850886
8,31,53.92395803550118,52.4,1.523958035501181
8,32,50.9439580399439,49.42,1.5239580399438992
8,33,50.943958047823195,49.42,1.5239580478231929
8,34,50.94484751255173,49.42,1.5248475125517302
8,35,50.943958043524766,49.42,1.5239580435247646
8,36,50.90395805055701,49.38,1.523958050557006
8,37,50.90395804779868,49.38,1.5239580477986792
8,38,50.903958047854104,49.38,1.5239580478541015
8,39,50.90395805444776,49.38,1.5239580544477604
8,40,47.90395804580561,46.38,1.5239580458056068
8,41,47.90395805955781,46.38,1.5239580595578062
8,42,47.90395805046535,46.38,1.523958050465346
8,43,47.90395804858286,46.38,1.5239580485828554
8,44,37.803958048774966,36.28,1.5239580487749649
8,45,37.80395814463482,36.28,1.5239581446348183
8,46,37.803958048389944,36.28,1.523958048389943
8,47,37.80395805297374,36.28,1.5239580529737395
8,48,37.10395804817145,35.58,1.5239580481714512
8,49,37.10147168421379,35.58,1.5214716842137932
8,50,37.10395805278669,35.58,1.5239580527866892
8,51,37.104848926267806,35.58,1.5248489262678078
8,52,36.74395804866465,35.22,1.5239580486646531
8,53,36.74395804468039,35.22,1.5239580446803913
8,54,36.7439580444129,35.22,1.5239580444129004
8,55,36.743958080461084,35.22,1.5239580804610853
8,56,35.35053996559426,34.92,0.43053996559425656
8,57,36.436527113011714,34.92,1.516527113011712
8,58,38.504665771236574,34.92,3.5846657712365726
8,59,54.33187850199402,34.92,19.411878501994018
8,60,98.49768295723682,34.76,63.73768295723682
8,61,68.28290859904538,34.76,33.52290859904539
8,62,52.196750834356465,34.76,17.436750834356467
8,63,111.42877129061722,34.76,76.66877129061723
8,64,48.92731895528843,40.47,8.457318955288429
8,65,48.1270897716719,40.47,7.657089771671899
8,66,64.00035811684751,40.47,23.53035811684751
8,67,47.512152524556754,40.47,7.042152524556755
8,68,59.39400346144869,48.01,11.384003461448692
8,69,55.304929669615774,48.01,7.294929669615776
8,70,55.63286818453557,48.01,7.6228681845355695
8,71,86.19067755542233,48.01,38.18067755542233
8,72,57.31127557688416,51.61,5.701275576884157
8,73,68.12994039038601,51.61,16.51994039038601
8,74,76.86891665539906,51.61,25.258916655399062
8,75,58.15965403450163,51.61,6.5496540345016285
8,76,51.39435777790466,47.16,4.234357777904663
8,77,53.60399774912489,47.16,6.443997749124897
8,78,59.00666982009492,47.16,11.846669820094924
8,79,55.13987038402982,47.16,7.979870384029823
8,80,38.914303621866814,37.13,1.7843036218668118
8,81,38.77018151665033,37.13,1.6401815166503297
8,82,38.653958041288156,37.13,1.5239580412881537
8,83,38.653958033143475,37.13,1.5239580331434723
8,84,40.30802778199354,34.69,5.61802778199354
8,85,44.34596265883536,34.69,9.655962658835364
8,86,36.21395640053965,34.69,1.523956400539653
8,87,36.2139554727298,34.69,1.5239554727298028
8,88,33.32395452184084,31.8,1.5239545218408388
8,89,33.323953580171626,31.8,1.523953580171625
8,90,33.323952666784315,31.8,1.5239526667843144
8,91,33.32395179341106,31.8,1.5239517934110616
8,92,56.487502854663205,26.21,30.277502854663204
8,93,57.12622444050676,26.21,30.91622444050676
8,94,92.09953788698948,26.21,65.88953788698947
8,95,62.66227980117749,26.21,36.45227980117749
10,0,53.147628297182834,31.0,22.147628297182834
10,1,43.53675300978472,31.0,12.536753009784718
10,2,43.13751993122632,31.0,12.137519931226322
10,3,43.54029680544857,31.0,12.54029680544857
10,4,37.64791126287487,30.94,6.70791126287487
10,5,45.547289083545536,30.94,14.607289083545535
10,6,40.480156398620075,30.94,9.540156398620073
10,7,41.93554739293147,30.94,10.995547392931467
10,8,32.823153203919006,31.32,1.5031532039190054
10,9,32.82315320885959,31.32,1.5031532088595867
10,10,32.82315320901719,31.32,1.5031532090171922
10,11,32.823153209230625,31.32,1.503153209230625
10,12,42.38746845563505,29.03,13.35746845563505
10,13,40.219301406365894,29.03,11.189301406365892
10,14,30.539538603948003,29.03,1.5095386039480019
10,15,39.064913508790674,29.03,10.034913508790673
10,16,36.824573793355235,28.2,8.624573793355236
10,17,38.137920936522455,28.2,9.937920936522456
10,18,38.966806502396516,28.2,10.766806502396516
10,19,37.98988531167762,28.2,9.789885311677619
10,20,45.25634175440392,43.75,1.5063417544039197
10,21,45.25634185046618,43.75,1.5063418504661783
10,22,45.25634188540496,43.75,1.5063418854049573
10,23,45.25634190528185,43.75,1.5063419052818503
10,24,53.29634192537053,51.79,1.5063419253705277
10,25,53.29634194449603,51.79,1.5063419444960289
10,26,53.296341959148535,51.79,1.5063419591485356
10,27,53.296341970956625,51.79,1.5063419709566261
10,28,53.90634197431048,52.4,1.5063419743104802
10,29,53.90634197630135,52.4,1.50634197630135
10,30,53.906341978728605,52.4,1.5063419787286065
10,31,53.906341981191105,52.4,1.506341981191106
10,32,50.92634198368162,49.42,1.5063419836816152
10,33,50.92634198601705,49.42,1.5063419860170484
10,34,50.92634198834272,49.42,1.5063419883427187
10,35,50.92634199096316,49.42,1.5063419909631577
10,36,50.88634199322788,49.38,1.5063419932278777
10,37,50.88634199508053,49.38,1.5063419950805255
10,38,50.88634199605095,49.38,1.5063419960509492
10,39,50.88634199711824,49.38,1.5063419971182341
10,40,47.88634199816607,46.38,1.5063419981660644
10,41,47.886341998970885,46.38,1.506341998970882
10,42,47.88634199962356,46.38,1.506341999623558
10,43,47.88723220196341,46.38,1.5072322019634043
10,44,37.78723113336433,36.28,1.5072311333643285
10,45,37.787230258230764,36.28,1.5072302582307628
10,46,37.78722964289525,36.28,1.507229642895247
10,47,37.78634200869124,36.28,1.5063420086912416
10,48,37.08634200179396,35.58,1.5063420017939606
10,49,37.08634200200885,35.58,1.50634200200885
10,50,37.086342002106775,35.58,1.506342002106777
10,51,37.08634200252417,35.58,1.5063420025241712
10,52,36.72634200290361,35.22,1.506342002903608
10,53,36.7263420030816,35.22,1.506342003081599
10,54,36.72634200290813,35.22,1.5063420029081342
10,55,36.726342002925456,35.22,1.5063420029254573
10,56,36.426342003358705,34.92,1.5063420033587036
10,57,36.426342003160464,34.92,1.5063420031604622
10,58,39.11917138032453,34.92,4.199171380324529
10,59,54.337365473949205,34.92,19.417365473949204
10,60,98.56743225358045,34.76,63.80743225358045
10,61,68.3076793049333,34.76,33.547679304933304
10,62,52.199168352501616,34.76,17.439168352501618
10,63,111.49807636877054,34.76,76.73807636877055
10,64,48.9165213218789,40.47,8.446521321878905
10,65,48.11659674670405,40.47,7.6465967467040485
10,66,64.00513645374969,40.47,23.535136453749686
10,67,47.50272539388466,40.47,7.032725393884661
10,68,59.390578899234896,48.01,11.380578899234898
10,69,55.295441269988174,48.01,7.285441269988176
10,70,55.627601845470735,48.01,7.6176018454707375
10,71,86.21372789134021,48.01,38.203727891340215
10,72,57.30165844158404,51.61,5.691658441584039
10,73,68.13375687543558,51.61,16.52375687543558
10,74,76.89186587275645,51.61,25.281865872756455
10,75,58.15387307669424,51.61,6.54387307669424
10,76,51.38284360681448,47.16,4.222843606814486
10,77,53.59721701904347,47.16,6.437217019043473
10,78,64.03574331287855,47.16,16.875743312878555
10,79,55.13587833263957,47.16,7.975878332639574
10,80,38.89737032817691,37.13,1.7673703281769093
10,81,38.75282989630605,37.13,1.622829896306044
10,82,38.63634199458759,37.13,1.5063419945875864
10,83,38.636341988745066,37.13,1.5063419887450635
10,84,39.85579470632141,34.69,5.165794706321414
10,85,44.3495670856022,34.69,9.659567085602205
10,86,36.19634124130275,34.69,1.5063412413027493
10,87,36.19634123783826,34.69,1.5063412378382637
10,88,33.306340315982,31.8,1.5063403159819977
10,89,33.30633939496254,31.8,1.5063393949625414
10,90,33.30633939396094,31.8,1.506339393960939
10,91,33.30633850735136,31.8,1.5063385073513622
10,92,56.52246054818606,26.21,30.31246054818606
10,93,57.1395971962836,26.21,30.929597196283602
10,94,92.21091689498252,26.21,66.00091689498251
10,95,62.69627681275407,26.21,36.48627681275407
11,0,53.24527956147141,31.0,22.245279561471413
11,1,43.618522545501065,31.0,12.618522545501065
11,2,43.21711326656596,31.0,12.21711326656596
11,3,43.62001220719853,31.0,12.620012207198528
11,4,37.725244249029885,30.94,6.785244249029883
11,5,45.62321383716305,30.94,14.683213837163049
11,6,40.5668266416553,30.94,9.626826641655295
11,7,42.018968300105,30.94,11.078968300105
11,8,32.89449945397665,31.32,1.5744994539766495
11,9,32.89449945345511,31.32,1.574499453455111
11,10,32.89449945460113,31.32,1.5744994546011313
11,11,32.89449945449868,31.32,1.5744994544986781
11,12,42.45994098538898,29.03,13.429940985388981
11,13,40.3042356253257,29.03,11.274235625325701
11,14,30.548632172352953,29.03,1.5186321723529517
11,15,39.15186776268233,29.03,10.121867762682328
11,16,36.91424642997223,28.2,8.714246429972231
11,17,38.22861817079736,28.2,10.028618170797362
11,18,39.05266384328722,28.2,10.852663843287221
11,19,38.07979499627318,28.2,9.87979499627318
11,20,45.32992213715153,43.75,1.5799221371515273
11,21,45.32992216585716,43.75,1.5799221658571625
11,22,45.32992218140915,43.75,1.5799221814091524
11,23,45.32992219239497,43.75,1.5799221923949673
11,24,53.36992220207572,51.79,1.5799222020757213
11,25,53.369922209909326,51.79,1.579922209909327
11,26,53.3699222156822,51.79,1.5799222156822026
11,27,53.36992222142224,51.79,1.579922221422244
11,28,53.97992222666006,52.4,1.5799222266600594
11,29,53.979922231956884,52.4,1.5799222319568855
11,30,53.97992223629948,52.4,1.5799222362994811
11,31,53.9799222403984,52.4,1.5799222403984032
11,32,50.99992224461463,49.42,1.5799222446146288
11,33,50.99992225958239,49.42,1.5799222595823892
11,34,51.00066046576391,49.42,1.5806604657639056
11,35,50.99992224725065,49.42,1.57992224725065
11,36,50.95992226190107,49.38,1.5799222619010678
11,37,50.95992225304842,49.38,1.5799222530484158
11,38,50.95992225266526,49.38,1.5799222526652557
11,39,50.95992227922748,49.38,1.5799222792274747
11,40,47.95992224912409,46.38,1.5799222491240883
11,41,47.959925865797985,46.38,1.579925865797982
11,42,47.95992225676864,46.38,1.57992225676864
11,43,47.959922252662594,46.38,1.5799222526625911
11,44,37.859922252841116,36.28,1.579922252841115
11,45,37.860657987606494,36.28,1.580657987606493
11,46,37.8599222519874,36.28,1.5799222519873979
11,47,37.859922263506185,36.28,1.5799222635061838
11,48,37.15992225149659,35.58,1.5799222514965905
11,49,37.157819659048705,35.58,1.577819659048707
11,50,37.15992226302603,35.58,1.5799222630260346
11,51,37.16066653702686,35.58,1.5806665370268647
11,52,36.74603940328184,35.22,1.5260394032818425
11,53,36.7999222466204,35.22,1.5799222466203986
11,54,36.79992224608688,35.22,1.5799222460868805
11,55,36.74672586033944,35.22,1.5267258603394396
11,56,35.361559437965646,34.92,0.441559437965644
11,57,36.447029305978724,34.92,1.527029305978722
11,58,38.531762193779635,34.92,3.611762193779633
11,59,54.422344774630304,34.92,19.502344774630302
11,60,98.72107426597498,34.76,63.96107426597498
11,61,68.38975992501449,34.76,33.62975992501449
11,62,52.25824148015619,34.76,17.49824148015619
11,63,111.68334942730704,34.76,76.92334942730704
11,64,48.88554985834722,40.47,8.41554985834722
11,65,48.19574459359543,40.47,7.725744593595429
11,66,64.11363628182423,40.47,23.64363628182423
11,67,47.57720709111339,40.47,7.107207091113388
11,68,59.47119800178517,48.01,11.46119800178517
11,69,55.37097273238529,48.01,7.360972732385292
11,70,55.70167254013627,48.01,7.691672540136274
11,71,86.34541153313666,48.01,38.33541153313666
11,72,57.37395186859253,51.61,5.763951868592528
11,73,68.22269435228833,51.61,16.61269435228833
11,74,76.98754801668548,51.61,25.37754801668548
11,75,58.225698490636034,51.61,6.615698490636035
11,76,51.45622175826658,47.16,4.296221758266583
11,77,53.69075317509337,47.16,6.530753175093373
11,78,59.34492512277506,47.16,12.184925122775063
11,79,55.26870500779276,47.16,8.108705007792764
11,80,38.97089150771705,37.13,1.8408915077170462
11,81,38.82640891321734,37.13,1.6964089132173399
11,82,38.70992224840413,37.13,1.5799222484041309
11,83,38.70992223950885,37.13,1.5799222395088464
11,84,40.3712602198697,34.69,5.681260219869699
11,85,44.41829366435374,34.69,9.728293664353743
11,86,36.26992130412441,34.69,1.5799213041244116
11,87,36.26992130147413,34.69,1.5799213014741298
11,88,33.379920202264785,31.8,1.579920202264784
11,89,33.329229972178396,31.8,1.5292299721783955
11,90,33.379919132676726,31.8,1.579919132676725
11,91,33.37991912185951,31.8,1.5799191218595077
11,92,56.59069918158488,26.21,30.38069918158488
11,93,57.24716315757801,26.21,31.037163157578007
11,94,92.34878305094594,26.21,66.13878305094593
11,95,62.80380151120788,26.21,36.59380151120788
16,0,1522.5966443183613,31.0,1491.5966443183613
16,1,907.7833552933408,31.0,876.7833552933408
16,2,877.3696375330586,31.0,846.3696375330586
16,3,908.2351139891756,31.0,877.2351139891756
16,4,455.5830118629821,30.94,424.6430118629821
16,5,1064.2100518825164,30.94,1033.2700518825163
16,6,677.9003257249891,30.94,646.960325724989
16,7,790.6229057453953,30.94,759.6829057453953
16,8,91.30269283959711,31.32,59.982692839597114
16,9,91.30269283914978,31.32,59.982692839149784
16,10,91.3026928389726,31.32,59.9826928389726
16,11,91.3026928385755,31.32,59.982692838575495
16,12,968.7405235118858,29.03,939.7105235118859
16,13,804.2442843864363,29.03,775.2142843864364
16,14,29.587820946023214,29.03,0.5578209460232131
16,15,714.7864413206674,29.03,685.7564413206675
16,16,603.8779046076189,28.2,575.6779046076189
16,17,706.754915683617,28.2,678.554915683617
16,18,771.1771674161664,28.2,742.9771674161664
16,19,694.5985336656881,28.2,666.3985336656881
16,20,103.73269283946166,43.75,59.98269283946166
16,21,103.73269283999929,43.75,59.98269283999929
16,22,103.73269284028044,43.75,59.982692840280436
16,23,103.7326928417459,43.75,59.9826928417459
16,24,111.77269284749664,51.79,59.982692847496644
16,25,111.77269284199113,51.79,59.98269284199113
16,26,111.77269284266919,51.79,59.98269284266919
16,27,111.77269284296877,51.79,59.98269284296877
16,28,112.38269284327082,52.4,59.98269284327082
16,29,112.38269284660853,52.4,59.982692846608536
16,30,112.38269284474111,52.4,59.982692844741116
16,31,112.38269284416016,52.4,59.98269284416016
16,32,109.40269284412307,49.42,59.982692844123065
16,33,109.4026928446781,49.42,59.9826928446781
16,34,109.40269284513948,49.42,59.98269284513948
16,35,109.40269284539905,49.42,59.98269284539904
16,36,109.36269284572879,49.38,59.982692845728785
16,37,109.36269284575256,49.38,59.98269284575256
16,38,109.36269284607832,49.38,59.982692846078315
16,39,109.36269284593044,49.38,59.98269284593044
16,40,106.36269284659794,46.38,59.982692846597935
16,41,106.36269284686928,46.38,59.98269284686928
16,42,106.36269284667787,46.38,59.98269284667787
16,43,106.36269284654551,46.38,59.98269284654551
16,44,96.26269284692424,36.28,59.98269284692424
16,45,96.26269284714354,36.28,59.98269284714354
16,46,96.26269284734957,36.28,59.98269284734957
16,47,96.26269284812548,36.28,59.98269284812548
16,48,95.56269284772017,35.58,59.98269284772017
16,49,95.56269284787493,35.58,59.98269284787493
16,50,95.56269284821832,35.58,59.98269284821832
16,51,95.56269284897918,35.58,59.982692848979184
16,52,95.20269284811724,35.22,59.98269284811724
16,53,95.2026928501737,35.22,59.982692850173706
16,54,95.2026928534993,35.22,59.9826928534993
16,55,95.20269285063918,35.22,59.98269285063918
16,56,94.90269284990072,34.92,59.982692849900715
16,57,94.9026928527783,34.92,59.9826928527783
16,58,97.59741391555522,34.92,62.67741391555522
16,59,667.7001447659145,34.92,632.7801447659145
16,60,406.10684303714226,34.76,371.34684303714226
16,61,1363.3573308008908,34.76,1328.5973308008909
16,62,110.79466693400411,34.76,76.03466693400412
16,63,3897.4571297529333,34.76,3862.697129752933
16,64,107.45770771370162,40.47,66.98770771370162
16,65,106.6249485926924,40.47,66.1549485926924
16,66,122.5869610764251,40.47,82.1169610764251
16,67,106.00328568446947,40.47,65.53328568446948
16,68,117.9165315854203,48.01,69.90653158542031
16,69,113.81650049155886,48.01,65.80650049155886
16,70,114.13004562439443,48.01,66.12004562439444
16,71,144.91771064894246,48.01,96.90771064894247
16,72,115.79165538887807,51.61,64.18165538887807
16,73,126.73104942551709,51.61,75.12104942551709
16,74,135.59988177739814,51.61,83.98988177739814
16,75,116.65817783114365,51.61,65.04817783114365
16,76,109.89057924644635,47.16,62.730579246446354
16,77,112.09881059852326,47.16,64.93881059852326
16,78,325.11231620422586,47.16,277.9523162042259
16,79,113.67264646275697,47.16,66.51264646275698
16,80,97.37433751600946,37.13,60.24433751600946
16,81,97.22973676944363,37.13,60.09973676944363
16,82,97.11269283252912,37.13,59.98269283252912
16,83,97.11269283058417,37.13,59.98269283058416
16,84,98.78617258916464,34.69,64.09617258916464
16,85,570.74682663575,34.69,536.05682663575
16,86,94.67269282289831,34.69,59.982692822898315
16,87,94.67269281863204,34.69,59.982692818632046
16,88,91.78269281489979,31.8,59.98269281489979
16,89,91.78269281005294,31.8,59.98269281005294
16,90,91.78269280509254,31.8,59.98269280509254
16,91,91.78269279911747,31.8,59.98269279911747
16,92,2113.600031089085,26.21,2087.390031089085
16,93,2090.5521854341946,26.21,2064.3421854341946
16,94,4225.18268305984,26.21,4198.97268305984
16,95,2463.456394034424,26.21,2437.246394034424
20,0,4704.345147962986,31.0,4673.345147962986
20,1,2770.6009899307023,31.0,2739.6009899307023
20,2,2674.939583449603,31.0,2643.939583449603
20,3,2772.2196008662395,31.0,2741.2196008662395
20,4,1348.5409710416543,30.94,1317.6009710416542
20,5,3261.8796087404626,30.94,3230.9396087404625
20,6,2047.5423237977552,30.94,2016.6023237977552
20,7,2401.368453315508,30.94,2370.428453315508
20,8,205.09879903552815,31.32,173.77879903552815
20,9,205.0987990344131,31.32,173.7787990344131
20,10,205.0987990358263,31.32,173.7787990358263
20,11,205.09879903586042,31.32,173.77879903586043
20,12,2965.849616648449,29.03,2936.8196166484486
20,13,2448.435573591123,29.03,2419.405573591123
20,14,29.528386558193255,29.03,0.4983865581932534
20,15,2166.8627207085688,29.03,2137.8327207085686
20,16,1820.240389380993,28.2,1792.040389380993
20,17,2143.6192784570762,28.2,2115.4192784570764
20,18,2346.2362446183133,28.2,2318.0362446183135
20,19,2105.2339404875884,28.2,2077.0339404875886
20,20,217.528799315466,43.75,173.778799315466
20,21,217.52879931907466,43.75,173.77879931907466
20,22,217.52879932227884,43.75,173.77879932227884
20,23,217.52879932718028,43.75,173.77879932718028
20,24,225.5687993415736,51.79,173.7787993415736
20,25,225.56879933143193,51.79,173.77879933143194
20,26,225.56879933376203,51.79,173.77879933376204
20,27,225.5687993354801,51.79,173.7787993354801
20,28,226.178799337126,52.4,173.778799337126
20,29,226.17879934356642,52.4,173.77879934356642
20,30,226.17879934129002,52.4,173.77879934129
20,31,226.17879934126867,52.4,173.77879934126867
20,32,223.19879934203124,49.42,173.77879934203122
20,33,223.19879934361398,49.42,173.77879934361397
20,34,223.1987993450486,49.42,173.77879934504858
20,35,223.19879934610316,49.42,173.77879934610314
20,36,223.15879934729844,49.38,173.77879934729845
20,37,223.15879934800148,49.38,173.77879934800148
20,38,223.15879934913906,49.38,173.77879934913906
20,39,223.1587993495772,49.38,173.7787993495772
20,40,220.15879935111832,46.38,173.77879935111832
20,41,220.15879935220534,46.38,173.77879935220534
20,42,220.15879935250376,46.38,173.77879935250377
20,43,220.15879935291792,46.38,173.77879935291793
20,44,210.0587993540028,36.28,173.77879935400279
20,45,210.05879935496543,36.28,173.77879935496543
20,46,210.05879935579586,36.28,173.77879935579585
20,47,210.05879935749644,36.28,173.77879935749644
20,48,209.35879935749352,35.58,173.77879935749354
20,49,209.35879935829553,35.58,173.77879935829554
20,50,209.3587993593136,35.58,173.7787993593136
20,51,209.35879936096325,35.58,173.77879936096326
20,52,208.99879936023993,35.22,173.77879936023993
20,53,208.99879936374643,35.22,173.77879936374643
20,54,208.99879937098208,35.22,173.77879937098209
20,55,208.99879936541367,35.22,173.77879936541368
20,56,208.698799364664,34.92,173.778799364664
20,57,208.69879937027173,34.92,173.7787993702717
20,58,211.44692131732495,34.92,176.52692131732493
20,59,2010.443256899874,34.92,1975.523256899874
20,60,1087.4374806155784,34.76,1052.6774806155784
20,61,4220.403626542073,34.76,4185.6436265420725
20,62,224.987889322378,34.76,190.22788932237802
20,63,5426.470762349791,34.76,5391.7107623497905
20,64,221.57154560896387,40.47,181.10154560896387
20,65,220.62543214204487,40.47,180.15543214204487
20,66,236.958928150877,40.47,196.488928150877
20,67,219.9339541416718,40.47,179.4639541416718
20,68,232.08246873323296,48.01,184.07246873323297
20,69,227.84521320126643,48.01,179.83521320126644
20,70,228.14156749736517,48.01,180.13156749736518
20,71,260.2493323457777,48.01,212.2393323457777
20,72,229.68615246901464,51.61,178.07615246901463
20,73,241.16518261042728,51.61,189.55518261042727
20,74,250.6911634824301,51.61,199.0811634824301
20,75,230.65220151410222,51.61,179.0422015141022
20,76,223.82899363269073,47.16,176.66899363269073
20,77,226.09340816934264,47.16,178.93340816934264
20,78,891.4470994490248,47.16,844.2870994490248
20,79,227.80463659168103,47.16,180.64463659168104
20,80,211.17823168436965,37.13,174.04823168436965
20,81,211.02985554589486,37.13,173.89985554589487
20,82,210.90879935750874,37.13,173.77879935750875
20,83,210.9087993566319,37.13,173.7787993566319
20,84,212.6735856453974,34.69,177.9835856453974
20,85,1715.0450173481463,34.69,1680.3550173481462
20,86,208.46879935287498,34.69,173.77879935287498
20,87,208.468799349967,34.69,173.778799349967
20,88,205.57879934847932,31.8,173.7787993484793
20,89,205.5787993457944,31.8,173.7787993457944
20,90,205.57879934238173,31.8,173.77879934238172
20,91,205.5787989337392,31.8,173.77879893373918
20,92,6590.8583685252615,26.21,6564.6483685252615
20,93,6517.816283679184,26.21,6491.606283679184
20,94,13351.651925288792,26.21,13325.441925288793
20,95,7703.407030881322,26.21,7677.197030881322
22,0,5775.209929242783,31.0,5744.209929242783
22,1,3403.830838047027,31.0,3372.830838047027
22,2,3286.6153012579034,31.0,3255.6153012579034
22,3,3405.8760221111943,31.0,3374.8760221111943
22,4,1659.175271807225,30.94,1628.235271807225
22,5,4006.586076672149,30.94,3975.646076672149
22,6,2516.722647922192,30.94,2485.782647922192
22,7,2950.86524017227,30.94,2919.92524017227
22,8,255.93205387468987,31.32,224.61205387468988
22,9,255.93205387461367,31.32,224.61205387461368
22,10,255.93205387456868,31.32,224.6120538745687
22,11,255.93205387419934,31.32,224.61205387419935
22,12,3643.9486854114984,29.03,3614.9186854114982
22,13,3008.925722659415,29.03,2979.895722659415
22,14,29.49324585958413,29.03,0.4632458595841271
22,15,2663.5164818983885,29.03,2634.4864818983883
22,16,2238.3903128098186,28.2,2210.190312809819
22,17,2635.0352213953015,28.2,2606.8352213953017
22,18,2883.665245305116,28.2,2855.4652453051162
22,19,2588.064722319294,28.2,2559.8647223192943
22,20,268.36205416652774,43.75,224.61205416652774
22,21,268.36205416973223,43.75,224.61205416973223
22,22,268.3620541725305,43.75,224.61205417253052
22,23,268.3620541771808,43.75,224.61205417718082
22,24,276.40205419571635,51.79,224.61205419571635
22,25,276.4020541808019,51.79,224.6120541808019
22,26,276.4020541829628,51.79,224.6120541829628
22,27,276.40205418447476,51.79,224.61205418447477
22,28,277.01205418593133,52.4,224.61205418593133
22,29,277.0120541930203,52.4,224.61205419302027
22,30,277.0120541899216,52.4,224.61205418992162
22,31,277.01205418963684,52.4,224.61205418963684
22,32,274.0320541902354,49.42,224.61205419023537
22,33,274.03205419174657,49.42,224.61205419174655
22,34,274.03205419310257,49.42,224.61205419310255
22,35,274.03205419405083,49.42,224.6120541940508
22,36,273.99205419516574,49.38,224.61205419516574
22,37,273.99205419573826,49.38,224.61205419573827
22,38,273.99205419680544,49.38,224.61205419680545
22,39,273.9920541971038,49.38,224.61205419710382
22,40,270.9920541986272,46.38,224.61205419862722
22,41,270.99205419966285,46.38,224.61205419966285
22,42,270.9920541998242,46.38,224.61205419982423
22,43,270.99205420012277,46.38,224.61205420012277
22,44,260.8920542011565,36.28,224.6120542011565
22,45,260.8920542020817,36.28,224.61205420208168
22,46,260.892054202846,36.28,224.612054202846
22,47,260.8920542045835,36.28,224.61205420458347
22,48,260.19205420444825,35.58,224.61205420444827
22,49,260.192054205201,35.58,224.612054205201
22,50,260.19205420619323,35.58,224.61205420619325
22,51,260.19205420790166,35.58,224.61205420790168
22,52,259.83205420697607,35.22,224.61205420697607
22,53,259.83205421077616,35.22,224.61205421077617
22,54,259.83205422008126,35.22,224.61205422008126
22,55,259.83205421244236,35.22,224.61205421244236
22,56,259.5320542114679,34.92,224.61205421146786
22,57,259.5320542182752,34.92,224.6120542182752
22,58,262.28346575768126,34.92,227.36346575768124
22,59,1675.4993869713176,34.92,1640.5793869713175
22,60,9803.257676505167,34.76,9768.497676505167
22,61,5171.526127315769,34.76,5136.766127315769
22,62,275.93169798248005,34.76,241.17169798248005
22,63,4481.869087630065,34.76,4447.109087630065
22,64,272.43331109501605,40.47,231.96331109501605
22,65,271.4763323674315,40.47,231.0063323674315
22,66,287.8429884476011,40.47,247.3729884476011
22,67,270.7816027985508,40.47,230.3116027985508
22,68,282.94800055178456,48.01,234.93800055178457
22,69,278.70115601752667,48.01,230.69115601752668
22,70,278.9963474451105,48.01,230.98634744511048
22,71,311.1924296955397,48.01,263.1824296955397
22,72,280.5309328998268,51.61,228.92093289982677
22,73,292.0561623675918,51.61,240.4461623675918
22,74,301.63919620291205,51.61,250.02919620291203
22,75,281.50652675787734,51.61,229.89652675787733
22,76,274.6779758464944,47.16,227.5179758464944
22,77,276.947832280562,47.16,229.78783228056201
22,78,1090.8121251101647,47.16,1043.6521251101647
22,79,278.672886582228,47.16,231.512886582228
22,80,262.01239497309933,37.13,224.88239497309934
22,81,261.86356782528475,37.13,224.73356782528475
22,82,261.7420542004198,37.13,224.61205420041978
22,83,261.7420541988467,37.13,224.6120541988467
22,84,263.53391502611055,34.69,228.84391502611055
22,85,2106.9597330931056,34.69,2072.2697330931055
22,86,259.3020533933916,34.69,224.6120533933916
22,87,259.3020531459109,34.69,224.61205314591092
22,88,256.41205290681825,31.8,224.61205290681823
22,89,256.4120526720479,31.8,224.61205267204787
22,90,256.41205267268657,31.8,224.61205267268656
22,91,256.4120526730157,31.8,224.61205267301568
22,92,8091.843672557643,26.21,8065.633672557643
22,93,8000.323136132989,26.21,7974.113136132989
22,94,16376.426636217617,26.21,16350.216636217618
22,95,9454.586447908878,26.21,9428.376447908879
23,0,6862.511856284053,31.0,6831.511856284053
23,1,4049.9180544208866,31.0,4018.9180544208866
23,2,3911.1323955649373,31.0,3880.1323955649373
23,3,4052.408098654859,31.0,4021.408098654859
23,4,1982.348010441705,30.94,1951.4080104417048
23,5,4764.211741864055,30.94,4733.271741864055
23,6,2998.576417510896,30.94,2967.636417510896
23,7,3513.0320532919422,30.94,3482.092053291942
23,8,319.25096858092604,31.32,287.93096858092605
23,9,319.25096858101017,31.32,287.9309685810102
23,10,319.25096857943305,31.32,287.93096857943306
23,11,319.25096858271115,31.32,287.93096858271116
23,12,4334.884262870321,29.03,4305.854262870322
23,13,3582.085338014764,29.03,3553.055338014764
23,14,29.49431202186632,29.03,0.4643120218663199
23,15,3172.783110268555,29.03,3143.753110268555
23,16,2669.1095085251386,28.2,2640.909508525139
23,17,3139.0507792637545,28.2,3110.8507792637547
23,18,3433.722168608268,28.2,3405.522168608268
23,19,3083.5036091811153,28.2,3055.3036091811155
23,20,331.68096886373104,43.75,287.93096886373104
23,21,331.6809688664408,43.75,287.9309688664408
23,22,331.68096886938594,43.75,287.93096886938594
23,23,331.6809688721241,43.75,287.9309688721241
23,24,339.7209688755438,51.79,287.9309688755438
23,25,339.72096887939153,51.79,287.9309688793915
23,26,339.720968883472,51.79,287.93096888347196
23,27,339.7209688897096,51.79,287.93096888970956
23,28,340.3309688921258,52.4,287.9309688921258
23,29,340.33096889392874,52.4,287.93096889392876
23,30,340.33096889672055,52.4,287.9309688967206
23,31,340.3309688998786,52.4,287.9309688998786
23,32,337.3509689034408,49.42,287.93096890344077
23,33,337.35096890694814,49.42,287.9309689069481
23,34,337.35096891076074,49.42,287.9309689107607
23,35,337.35096891518896,49.42,287.93096891518894
23,36,337.3109689194411,49.38,287.9309689194411
23,37,337.3109689230919,49.38,287.9309689230919
23,38,337.3109689256716,49.38,287.9309689256716
23,39,337.31096892834194,49.38,287.93096892834194
23,40,334.3109689309658,46.38,287.93096893096583
23,41,334.3109689334857,46.38,287.9309689334857
23,42,334.3109689354815,46.38,287.93096893548153
23,43,334.3109764736459,46.38,287.9309764736459
23,44,324.21097660536134,36.28,287.93097660536137
23,45,324.2109763677495,36.28,287.9309763677495
23,46,324.210976619769,36.28,287.930976619769
23,47,324.21096894742004,36.28,287.93096894742007
23,48,323.5109689415916,35.58,287.93096894159163
23,49,323.51096894218506,35.58,287.9309689421851
23,50,323.5109689425243,35.58,287.9309689425243
23,51,323.5109689434019,35.58,287.9309689434019
23,52,323.1509689440802,35.22,287.9309689440802
23,53,323.1509689445702,35.22,287.93096894457017
23,54,323.1509689448129,35.22,287.9309689448129
23,55,323.1509689450195,35.22,287.93096894501946
23,56,322.8509689457929,34.92,287.93096894579287
23,57,322.85096894591464,34.92,287.9309689459146
23,58,325.6057067962351,34.92,290.6857067962351
23,59,2931.0902453233925,34.92,2896.1702453233925
23,60,12858.848449221116,34.76,12824.088449221115
23,61,6137.009610191491,34.76,6102.249610191491
23,62,339.2905135365338,34.76,304.5305135365338
23,63,13525.01991102616,34.76,13490.25991102616
23,64,335.78016653510645,40.47,295.3101665351064
23,65,334.812741126119,40.47,294.342741126119
23,66,351.3785112700227,40.47,310.9085112700227
23,67,334.1474433078753,40.47,293.67744330787525
23,68,346.2986253422546,48.01,298.2886253422546
23,69,342.0421834468392,48.01,294.0321834468392
23,70,342.3365410305416,48.01,294.3265410305416
23,71,374.6198569387561,48.01,326.6098569387561
23,72,343.8837928219287,51.61,292.2737928219287
23,73,355.4315906949831,51.61,303.82159069498306
23,74,365.07026489220004,51.61,313.46026489220003
23,75,344.84620090085883,51.61,293.2362009008588
23,76,338.01195334205056,47.16,290.8519533420506
23,77,340.2876843128771,47.16,293.12768431287714
23,78,1303.4311252048835,47.16,1256.2711252048834
23,79,342.02599274117426,47.16,294.8659927411743
23,80,325.3322059057236,37.13,288.2022059057236
23,81,325.18293492687314,37.13,288.05293492687315
23,82,325.06096894008186,37.13,287.93096894008187
23,83,325.0609689383523,37.13,287.9309689383523
23,84,326.865621839073,34.69,292.175621839073
23,85,2512.399681450076,34.69,2477.709681450076
23,86,322.6209686614086,34.69,287.9309686614086
23,87,322.6209686608131,34.69,287.9309686608131
23,88,319.7309684080559,31.8,287.9309684080559
23,89,319.73096816786597,31.8,287.93096816786596
23,90,319.73096793573563,31.8,287.9309679357356
23,91,319.7309677103093,31.8,287.9309677103093
23,92,9607.729589378672,26.21,9581.519589378673
23,93,9497.678699240087,26.21,9471.468699240088
23,94,19422.736635371435,26.21,19396.526635371436
23,95,11221.770938168402,26.21,11195.560938168403
24,0,6818.090561152474,31.0,6787.090561152474
24,1,4004.670110628031,31.0,3973.670110628031
24,2,3865.9669124799284,31.0,3834.9669124799284
24,3,4007.1110310584036,31.0,3976.1110310584036
24,4,1936.7630191538103,30.94,1905.8230191538103
24,5,4718.878931974278,30.94,4687.938931974279
24,6,2953.1204838061967,30.94,2922.1804838061967
24,7,3467.8064187851533,30.94,3436.866418785153
24,8,273.68882275575487,31.32,242.36882275575488
24,9,273.6888227549774,31.32,242.36882275497743
24,10,273.6888227563664,31.32,242.3688227563664
24,11,273.6888227563409,31.32,242.36882275634093
24,12,4289.662341789733,29.03,4260.632341789733
24,13,3536.7811525085967,29.03,3507.7511525085965
24,14,29.49405376780765,29.03,0.4640537678076484
24,15,3127.4667893653595,29.03,3098.4367893653593
24,16,2623.627985508864,28.2,2595.4279855088644
24,17,3093.6391408849477,28.2,3065.439140884948
24,18,3388.4886526544997,28.2,3360.2886526545
24,19,3038.125583340586,28.2,3009.9255833405864
24,20,286.1188230401079,43.75,242.36882304010788
24,21,286.11882304244386,43.75,242.36882304244386
24,22,286.11882304429696,43.75,242.36882304429696
24,23,286.1188230483335,43.75,242.36882304833352
24,24,294.1588230955088,51.79,242.36882309550882
24,25,294.15882305008125,51.79,242.36882305008126
24,26,294.1588230514586,51.79,242.36882305145863
24,27,294.15882305217514,51.79,242.36882305217514
24,28,294.76883042144755,52.4,242.36883042144754
24,29,294.7688230585273,52.4,242.36882305852728
24,30,294.7688230552682,52.4,242.36882305526817
24,31,294.76883047962764,52.4,242.36883047962763
24,32,291.78883028946154,49.42,242.36883028946153
24,33,291.7888300834661,49.42,242.3688300834661
24,34,291.788829799949,49.42,242.36882979994897
24,35,291.7888306620183,49.42,242.3688306620183
24,36,291.7488305296469,49.38,242.3688305296469
24,37,291.74883080967413,49.38,242.36883080967414
24,38,291.748830723998,49.38,242.36883072399803
24,39,291.7488308963882,49.38,242.3688308963882
24,40,288.7488309776331,46.38,242.36883097763308
24,41,288.74883043077773,46.38,242.36883043077773
24,42,288.7488309165369,46.38,242.36883091653692
24,43,288.748830825161,46.38,242.368830825161
24,44,278.6488309518371,36.28,242.3688309518371
24,45,278.6488307206238,36.28,242.36883072062378
24,46,278.6488230563788,36.28,242.36882305637877
24,47,278.6488309132084,36.28,242.36883091320843
24,48,277.94882269471043,35.58,242.36882269471045
24,49,277.9488227891064,35.58,242.3688227891064
24,50,277.94882251009926,35.58,242.36882251009928
24,51,277.94882225659364,35.58,242.36882225659366
24,52,277.5888219871623,35.22,242.3688219871623
24,53,277.58882200155745,35.22,242.36882200155745
24,54,35.687665318719844,35.22,0.4676653187198454
24,55,277.5888220001184,35.22,242.3688220001184
24,56,277.2888219979591,34.92,242.36882199795906
24,57,35.38760279582312,34.92,0.4676027958231188
24,58,280.0427017713882,34.92,245.12270177138817
24,59,3286.5279694972196,34.92,3251.6079694972195
24,60,18745.508838651305,34.76,18710.748838651307
24,61,6098.701571236265,34.76,6063.941571236265
24,62,55.11604285138817,34.76,20.356042851388175
24,63,17995.856503614003,34.76,17961.096503614004
24,64,290.2255426824113,40.47,249.7555426824113
24,65,289.2528808582018,40.47,248.78288085820182
24,66,305.8262360424187,40.47,265.3562360424187
24,67,288.5876962725488,40.47,248.11769627254878
24,68,300.74370420490595,48.01,252.73370420490596
24,69,296.48724027481285,48.01,248.47724027481286
24,70,296.7778204427238,48.01,248.7678204427238
24,71,329.0744704550047,48.01,281.0644704550047
24,72,298.3232228452009,51.61,246.7132228452009
24,73,309.88416293419493,51.61,258.2741629341949
24,74,319.5410969419232,51.61,267.93109694192316
24,75,299.28824591359927,51.61,247.67824591359926
24,76,292.4565873648237,47.16,245.2965873648237
24,77,294.7291105261769,47.16,247.5691105261769
24,78,1259.1108281117542,47.16,1211.9508281117542
24,79,296.47442491064874,47.16,249.31442491064874
24,80,279.77023180311903,37.13,242.64023180311904
24,81,279.62086334334697,37.13,242.49086334334697
24,82,279.49882197004604,37.13,242.36882197004604
24,83,279.4988219547795,37.13,242.3688219547795
24,84,258.4331278239621,34.69,223.74312782396208
24,85,2444.9293360495744,34.69,2410.2393360495744
24,86,35.109617774690086,34.69,0.41961777469008865
24,87,35.0145751930161,34.69,0.32457519301610205
24,88,32.032492793500616,31.8,0.23249279350061514
24,89,31.949475469228243,31.8,0.14947546922824273
24,90,31.87205688535983,31.8,0.07205688535982802
24,91,31.87205687182692,31.8,0.07205687182691989
24,92,9324.461956050522,26.21,9298.251956050522
24,93,9214.053027736587,26.21,9187.843027736588
24,94,19152.098873495488,26.21,19125.88887349549
24,95,10939.339352554816,26.21,10913.129352554817
25,0,7968.2299161903975,31.0,7937.2299161903975
25,1,4717.103788262317,31.0,4686.103788262317
25,2,4556.44802387027,31.0,4525.44802387027
25,3,4720.066675913072,31.0,4689.066675913072
25,4,2327.3001608531395,30.94,2296.3601608531394
25,5,5543.082562294762,30.94,5512.142562294763
25,6,3502.0759714796154,30.94,3471.1359714796154
25,7,4096.50655039488,30.94,4065.56655039488
25,8,404.7291820743473,31.32,373.4091820743473
25,9,404.72918207336494,31.32,373.40918207336495
25,10,404.7291820751799,31.32,373.4091820751799
25,11,404.72918207494024,31.32,373.40918207494025
25,12,5046.866985108588,29.03,5017.836985108588
25,13,4176.9671590567605,29.03,4147.937159056761
25,14,29.493959866866227,29.03,0.4639598668662259
25,15,3703.6608849716904,29.03,3674.63088497169
25,16,3121.7715017253736,28.2,3093.5715017253738
25,17,3665.1238109643095,28.2,3636.9238109643097
25,18,4005.5330373723673,28.2,3977.3330373723675
25,19,3600.648561200615,28.2,3572.448561200615
25,20,417.15918235761154,43.75,373.40918235761154
25,21,417.15918235987857,43.75,373.40918235987857
25,22,417.15918236276536,43.75,373.40918236276536
25,23,417.15918236570144,43.75,373.40918236570144
25,24,425.19918236930044,51.79,373.4091823693004
25,25,425.19918237309537,51.79,373.40918237309535
25,26,425.1991823764043,51.79,373.40918237640426
25,27,425.1991823806166,51.79,373.4091823806166
25,28,425.8091823850985,52.4,373.4091823850985
25,29,425.8091895228293,52.4,373.4091895228293
25,30,425.8091896722633,52.4,373.4091896722633
25,31,425.8091897630334,52.4,373.4091897630334
25,32,422.82918239542863,49.42,373.4091823954286
25,33,422.829182399066,49.42,373.40918239906597
25,34,422.8291824096372,49.42,373.4091824096372
25,35,422.8291899492269,49.42,373.40918994922686
25,36,422.7891898167014,49.38,373.4091898167014
25,37,422.7891900970036,49.38,373.4091900970036
25,38,422.7891900174749,49.38,373.4091900174749
25,39,422.7891901829704,49.38,373.4091901829704
25,40,419.7891902592588,46.38,373.4091902592588
25,41,419.78918972039696,46.38,373.40918972039697
25,42,419.78919020538916,46.38,373.40919020538917
25,43,419.7891901148079,46.38,373.4091901148079
25,44,409.6891902367579,36.28,373.4091902367579
25,45,409.689182398806,36.28,373.409182398806
25,46,409.6891902485951,36.28,373.4091902485951
25,47,409.6891902043694,36.28,373.40919020436945
25,48,408.98918238785654,35.58,373.40918238785656
25,49,408.9891823963879,35.58,373.4091823963879
25,50,408.9891824196574,35.58,373.40918241965744
25,51,408.98918239534584,35.58,373.40918239534585
25,52,408.62918239114765,35.22,373.4091823911476
25,53,408.6291823881352,35.22,373.40918238813515
25,54,35.68792804431419,35.22,0.467928044314192
25,55,35.6879054330909,35.22,0.46790543309089827
25,56,35.38792955453867,34.92,0.4679295545386708
25,57,35.387863788317404,34.92,0.46786378831740194
25,58,38.64631611916461,34.92,3.7263161191646077
25,59,3018.5130620037708,34.92,2983.5930620037707
25,60,16434.485431432855,34.76,16399.725431432857
25,61,7116.614552632165,34.76,7081.854552632165
25,62,55.10963081359783,34.76,20.349630813597834
25,63,20818.607552977363,34.76,20783.847552977364
25,64,421.2759402902892,40.47,380.8059402902892
25,65,420.3031193803971,40.47,379.8331193803971
25,66,436.8903512953991,40.47,396.4203512953991
25,67,419.63495092170535,40.47,379.1649509217053
25,68,431.7951040767048,48.01,383.7851040767048
25,69,427.5317754447432,48.01,379.5217754447432
25,70,427.8274622387564,48.01,379.81746223875643
25,71,460.1706238572601,48.01,412.16062385726013
25,72,429.36927241593264,51.61,377.7592724159326
25,73,440.94216934679145,51.61,389.33216934679143
25,74,450.60869792003945,51.61,398.99869792003943
25,75,430.3360692010996,51.61,378.72606920109956
25,76,423.4959718910957,47.16,376.3359718910957
25,77,425.778900919743,47.16,378.61890091974306
25,78,1536.3647295658773,47.16,1489.2047295658772
25,79,427.52207816993257,47.16,380.3620781699326
25,80,410.8108743955218,37.13,373.6808743955218
25,81,410.6614194181075,37.13,373.53141941810753
25,82,410.5391823987113,37.13,373.4091823987113
25,83,410.5391823941971,37.13,373.4091823941971
25,84,412.35022237070046,34.69,377.66022237070047
25,85,2937.856576849797,34.69,2903.166576849797
25,86,408.09918156280145,34.69,373.40918156280145
25,87,408.0991815724848,34.69,373.4091815724848
25,88,32.26732127542732,31.8,0.46732127542732016
25,89,405.2091813174049,31.8,373.4091813174049
25,90,405.2091813112319,31.8,373.40918131123186
25,91,405.20918131366636,31.8,373.40918131366635
25,92,11137.449526732094,26.21,11111.239526732095
25,93,11011.74382089929,26.21,10985.53382089929
25,94,22468.11469881714,26.21,22441.90469881714
25,95,13003.14107612622,26.21,12976.93107612622
28,0,56.615996535426255,31.0,25.615996535426255
28,1,45.55068155265771,31.0,14.550681552657707
28,2,45.06969322372866,31.0,14.069693223728663
28,3,45.55792684299233,31.0,14.55792684299233
28,4,37.88361649102202,30.94,6.943616491022016
28,5,47.9694523065115,30.94,17.029452306511498
28,6,41.72085364422652,30.94,10.780853644226521
28,7,43.59274100750791,30.94,12.65274100750791
28,8,33.00399997823845,31.32,1.6839999782384467
28,9,33.00399997703914,31.32,1.683999977039143
28,10,33.00399997901774,31.32,1.6839999790177416
28,11,33.0039999792606,31.32,1.683999979260598
28,12,44.58090428074664,29.03,15.550904280746636
28,13,41.92042961238991,29.03,12.890429612389909
28,14,29.400395228424948,29.03,0.37039522842494677
28,15,40.45329418837402,29.03,11.423294188374015
28,16,37.75700444449477,28.2,9.557004444494769
28,17,39.49073283985775,28.2,11.29073283985775
28,18,40.55988040769698,28.2,12.35988040769698
28,19,39.30112365333915,28.2,11.101123653339148
28,20,45.439337989213726,43.75,1.6893379892137261
28,21,45.4393392838402,43.75,1.689339283840198
28,22,45.439339528562805,43.75,1.6893395285628046
28,23,45.43933967118492,43.75,1.6893396711849178
28,24,53.47933972393379,51.79,1.6893397239337915
28,25,53.47933972158897,51.79,1.689339721588972
28,26,53.48381657292451,51.79,1.6938165729245114
28,27,53.48380963683334,51.79,1.6938096368333433
28,28,54.09380274032118,52.4,1.693802740321182
28,29,54.089339740124636,52.4,1.6893397401246375
28,30,54.093787598757444,52.4,1.6937875987574458
28,31,54.09377971292519,52.4,1.693779712925192
28,32,51.113771730088935,49.42,1.6937717300889332
28,33,51.113763816758144,49.42,1.6937638167581426
28,34,51.11375649290942,49.42,1.693756492909415
28,35,51.11375000360592,49.42,1.6937500036059205
28,36,51.07374485347547,49.38,1.693744853475465
28,37,51.073741357344616,49.38,1.6937413573446136
28,38,51.07373980399144,49.38,1.6937398039914342
28,39,51.07374038306103,49.38,1.6937403830610265
28,40,48.073743177454546,46.38,1.693743177454543
28,41,48.07374811906007,46.38,1.6937481190600678
28,42,48.073755071637784,46.38,1.6937550716377814
28,43,48.07376418291432,46.38,1.6937641829143146
28,44,37.97377464570815,36.28,1.693774645708146
28,45,37.96933978878485,36.28,1.6893397887848494
28,46,37.96933837900388,36.28,1.6893383790038783
28,47,37.96933702926257,36.28,1.6893370292625676
28,48,37.269335662151946,35.58,1.6893356621519473
28,49,37.26933566923614,35.58,1.6893356692361436
28,50,37.26933566665792,35.58,1.6893356666579251
28,51,37.27368335893374,35.58,1.6936833589337397
28,52,36.909334079363944,35.22,1.6893340793639453
28,53,36.90933254067976,35.22,1.6893325406797643
28,54,35.579772667634494,35.22,0.3597726676344948
28,55,36.91357771086371,35.22,1.693577710863714
28,56,36.609329561354414,34.92,1.6893295613544126
28,57,35.287919514208916,34.92,0.3679195142089142
28,58,39.28246013025143,34.92,4.362460130251428
28,59,55.75591936163862,34.92,20.835919361638616
28,60,106.54201515635563,34.76,71.78201515635564
28,61,71.37072361675985,34.76,36.61072361675985
28,62,52.39605097436489,34.76,17.636050974364892
28,63,120.36259205661969,34.76,85.6025920566197
28,64,49.10292189244751,40.47,8.632921892447513
28,65,48.2979852600845,40.47,7.827985260084503
28,66,64.16480197950895,40.47,23.694801979508952
28,67,47.69142872951803,40.47,7.221428729518031
28,68,59.581339739563674,48.01,11.571339739563676
28,69,55.488262702227395,48.01,7.478262702227397
28,70,55.82052475220836,48.01,7.810524752208359
28,71,86.38320609485598,48.01,38.37320609485598
28,72,57.49252187229061,51.61,5.88252187229061
28,73,68.32906441291809,51.61,16.719064412918087
28,74,77.11532899607587,51.61,25.505328996075875
28,75,58.35095470105587,51.61,6.74095470105587
28,76,51.57686876439657,47.16,4.416868764396575
28,77,53.78935220591149,47.16,6.629352205911495
28,78,64.74666508361095,47.16,17.586665083610953
28,79,55.33590992424835,47.16,8.175909924248352
28,80,39.08094203345443,37.13,1.9509420334544245
28,81,38.93606513619122,37.13,1.806065136191215
28,82,38.819329323274395,37.13,1.689329323274393
28,83,38.81932927451153,37.13,1.689329274511529
28,84,40.49765415651577,34.69,5.807654156515774
28,85,45.65495082802846,34.69,10.964950828028464
28,86,36.37932188967705,34.69,1.6893218896770534
28,87,36.37932181791872,34.69,1.6893218179187244
28,88,33.48931867961897,31.8,1.6893186796189674
28,89,33.4893186525441,31.8,1.6893186525440989
28,90,33.489318622948964,31.8,1.6893186229489636
28,91,33.489318555395,31.8,1.6893185553950012
28,92,61.44803231337793,26.21,35.23803231337793
28,93,61.94615430103451,26.21,35.73615430103451
28,94,102.02071752091487,26.21,75.81071752091486
28,95,68.38722588792474,26.21,42.17722588792474
31,0,56.383523398685355,31.0,25.383523398685355
31,1,45.31508031346134,31.0,14.315080313461337
31,2,44.84012410155684,31.0,13.840124101556839
31,3,45.32242083019446,31.0,14.32242083019446
31,4,37.76471988662546,30.94,6.824719886625456
31,5,47.72371911623273,30.94,16.783719116232728
31,6,41.53360204657392,30.94,10.593602046573917
31,7,43.36788619042372,30.94,12.427886190423717
31,8,32.72859995602156,31.32,1.4085999560215612
31,9,32.72859995648852,31.32,1.4085999564885228
31,10,32.72859994673086,31.32,1.4085999467308596
31,11,32.72859995745295,31.32,1.4085999574529495
31,12,44.33784008709745,29.03,15.307840087097446
31,13,41.684664310386474,29.03,12.654664310386472
31,14,29.332305904823187,29.03,0.30230590482318576
31,15,40.24658704679671,29.03,11.216587046796711
31,16,37.59096506454451,28.2,9.390965064544513
31,17,39.28058893691109,28.2,11.080588936911088
31,18,40.33025134798008,28.2,12.130251347980082
31,19,39.10225529230384,28.2,10.902255292303838
31,20,45.160482377568364,43.75,1.4104823775683641
31,21,45.160483826346635,43.75,1.4104838263466348
31,22,45.160484287720806,43.75,1.4104842877208057
31,23,45.160484517995684,43.75,1.410484517995684
31,24,53.20048475064272,51.79,1.4104847506427234
31,25,53.20048496914644,51.79,1.410484969146438
31,26,53.200485121132445,51.79,1.4104851211324458
31,27,53.20048521640217,51.79,1.4104852164021722
31,28,53.810485238586956,52.4,1.4104852385869577
31,29,53.810485251250924,52.4,1.4104852512509254
31,30,53.81048526386064,52.4,1.410485263860643
31,31,53.8104852760792,52.4,1.4104852760792
31,32,50.8304852879926,49.42,1.4104852879926
31,33,50.83772420631181,49.42,1.41772420631181
31,34,50.83771012165997,49.42,1.4177101216599652
31,35,50.837695017806865,49.42,1.4176950178068637
31,36,50.79767976826337,49.38,1.417679768263369
31,37,50.797665187602426,49.38,1.4176651876024238
31,38,50.797652246647985,49.38,1.4176522466479824
31,39,50.79764191611742,49.38,1.417641916117418
31,40,47.79763525671213,46.38,1.4176352567121242
31,41,47.79763311509138,46.38,1.4176331150913768
31,42,47.797636182836904,46.38,1.417636182836901
31,43,47.79048531989805,46.38,1.4104853198980507
31,44,37.69048531209549,36.28,1.4104853120954886
31,45,37.690485310740975,36.28,1.4104853107409738
31,46,37.69048531021859,36.28,1.41048531021859
31,47,37.69769080862293,36.28,1.417690808622929
31,48,36.99770495968991,35.58,1.4177049596899138
31,49,36.99772235836388,35.58,1.417722358363882
31,50,36.997742390557384,35.58,1.417742390557386
31,51,36.99776415746779,35.58,1.4177641574677935
31,52,36.63048527650582,35.22,1.410485276505824
31,53,36.630485295509025,35.22,1.4104852955090266
31,54,36.6304852746204,35.22,1.4104852746203989
31,55,36.63048527454952,35.22,1.4104852745495222
31,56,36.33048527876482,34.92,1.410485278764817
31,57,36.33048528428787,34.92,1.4104852842878657
31,58,39.00256865131014,34.92,4.08256865131014
31,59,55.47734599778241,34.92,20.557345997782406
31,60,106.36587752265888,34.76,71.60587752265889
31,61,71.1658116768688,34.76,36.4058116768688
31,62,52.1443309044341,34.76,17.3843309044341
31,63,120.36850125761055,34.76,85.60850125761056
31,64,49.067000713086095,40.47,8.597000713086096
31,65,48.19971033817456,40.47,7.729710338174563
31,66,63.940077168970426,40.47,23.470077168970427
31,67,47.43222131527722,40.47,6.962221315277219
31,68,59.33939779847684,48.01,11.32939779847684
31,69,55.23019843324837,48.01,7.22019843324837
31,70,55.57203706238887,48.01,7.562037062388875
31,71,86.2177070978585,48.01,38.207707097858496
31,72,57.232994835843094,51.61,5.622994835843095
31,73,68.10583940010437,51.61,16.495839400104373
31,74,76.94680450348514,51.61,25.33680450348514
31,75,58.10205071812746,51.61,6.492050718127459
31,76,51.31375639688156,47.16,4.153756396881562
31,77,53.540553283737715,47.16,6.380553283737719
31,78,64.78645430463347,47.16,17.62645430463347
31,79,55.094996252722474,47.16,7.9349962527224775
31,80,38.80372744658261,37.13,1.6737274465826104
31,81,38.65790322242486,37.13,1.527903222424861
31,82,38.540485260863136,37.13,1.4104852608631333
31,83,38.54048523734675,37.13,1.410485237346748
31,84,39.3715642328049,34.69,4.681564232804902
31,85,44.74597345602717,34.69,10.055973456027175
31,86,35.411451438144525,34.69,0.721451438144527
31,87,35.41145142103848,34.69,0.7214514210384806
31,88,31.901349970863805,31.8,0.10134997086380437
31,89,31.84291851504963,31.8,0.04291851504962807
31,90,31.842918524376035,31.8,0.042918524376034384
31,91,31.842918498163403,31.8,0.04291849816340232
31,92,59.897473373629836,26.21,33.687473373629835
31,93,60.35874926177146,26.21,34.14874926177146
31,94,100.74678165300648,26.21,74.53678165300647
31,95,66.86353067727066,26.21,40.65353067727066
32,0,56.63748778733129,31.0,25.63748778733129
32,1,45.55740319261807,31.0,14.557403192618068
32,2,45.08038658699393,31.0,14.080386586993932
32,3,45.565024357028555,31.0,14.565024357028555
32,4,37.87292841379662,30.94,6.9329284137966205
32,5,47.97424021948479,30.94,17.03424021948479
32,6,41.717315568164,30.94,10.777315568163996
32,7,43.588366047683095,30.94,12.648366047683094
32,8,32.97462613290379,31.32,1.6546261329037932
32,9,32.974626133241216,31.32,1.6546261332412158
32,10,32.97462613358103,31.32,1.6546261335810328
32,11,32.974626133915784,31.32,1.6546261339157837
32,12,44.58493183701059,29.03,15.554931837010592
32,13,41.90602573074089,29.03,12.876025730740892
32,14,29.36692303469728,29.03,0.33692303469727847
32,15,40.442951755366934,29.03,11.412951755366933
32,16,37.74352309023943,28.2,9.543523090239429
32,17,39.471569597061404,28.2,11.271569597061404
32,18,40.542666958764066,28.2,12.342666958764067
32,19,39.29144874233454,28.2,11.091448742334538
32,20,45.40926099336573,43.75,1.6592609933657272
32,21,45.4092618777862,43.75,1.6592618777862
32,22,45.40926216348073,43.75,1.659262163480733
32,23,45.40926230824303,43.75,1.6592623082430293
32,24,53.4492624540212,51.79,1.6592624540212029
32,25,53.44926259061376,51.79,1.6592625906137641
32,26,53.449262686444406,51.79,1.659262686444407
32,27,53.449262749795864,51.79,1.6592627497958645
32,28,54.059262764019685,52.4,1.6592627640196866
32,29,54.059262770699945,52.4,1.6592627706999465
32,30,54.06396876160224,52.4,1.6639687616022414
32,31,54.06396091985739,52.4,1.663960919857388
32,32,51.08395262606454,49.42,1.6639526260645354
32,33,51.08394387114455,49.42,1.6639438711445464
32,34,51.08393496977051,49.42,1.6639349697705086
32,35,51.08392627334133,49.42,1.6639262733413318
32,36,51.04391832244859,49.38,1.6639183224485876
32,37,51.04391164937423,49.38,1.6639116493742279
32,38,51.043906781074334,49.38,1.6639067810743313
32,39,51.04390416624278,49.38,1.66390416624278
32,40,48.04390414146367,46.38,1.663904141463668
32,41,48.04390694065815,46.38,1.6639069406581442
32,42,48.04391247844491,46.38,1.6639124784449066
32,43,48.039262805636,46.38,1.659262805635997
32,44,37.9392627940506,36.28,1.6592627940505977
32,45,37.939262792399255,36.28,1.6592627923992538
32,46,37.939262791825314,36.28,1.6592627918253129
32,47,37.94395646941151,36.28,1.6639564694115094
32,48,37.24396578336325,35.58,1.6639657833632526
32,49,37.243975971996655,35.58,1.6639759719966563
32,50,37.23926275517769,35.58,1.6592627551776928
32,51,37.239262793212866,35.58,1.6592627932128678
32,52,36.87926275934716,35.22,1.6592627593471576
32,53,36.879262758701806,35.22,1.6592627587018072
32,54,36.879262756800394,35.22,1.6592627568003948
32,55,36.87926275619608,35.22,1.6592627561960782
32,56,36.57926275718782,34.92,1.6592627571878182
32,57,36.57926275761681,34.92,1.6592627576168084
32,58,39.25124366524651,34.92,4.331243665246511
32,59,55.72988799566079,34.92,20.809887995660787
32,60,106.64569814733832,34.76,71.88569814733833
32,61,71.43137995994009,34.76,36.67137995994009
32,62,52.39819155218334,34.76,17.638191552183343
32,63,120.67128884807232,34.76,85.91128884807233
32,64,49.095598013808754,40.47,8.625598013808755
32,65,48.29067763097407,40.47,7.820677630974075
32,66,64.20329232047663,40.47,23.733292320476636
32,67,47.68609574612314,40.47,7.216095746123138
32,68,59.59710627922152,48.01,11.587106279221523
32,69,55.48404726830068,48.01,7.47404726830068
32,70,55.82847999280156,48.01,7.818479992801564
32,71,86.49278755231404,48.01,38.48278755231404
32,72,57.4867107170107,51.61,5.8767107170107025
32,73,68.36811817043585,51.61,16.75811817043585
32,74,77.22128649128169,51.61,25.61128649128169
32,75,58.35815241909492,51.61,6.748152419094922
32,76,51.56631096089099,47.16,4.406310960890991
32,77,53.79607452131849,47.16,6.636074521318491
32,78,65.07421924882215,47.16,17.91421924882215
32,79,55.352286734870354,47.16,8.192286734870358
32,80,39.05292529898257,37.13,1.9229252989825696
32,81,38.90684390534552,37.13,1.7768439053455154
32,82,38.78926273596559,37.13,1.6592627359655907
32,83,38.789262716211,37.13,1.6592627162109963
32,84,40.50077651798262,34.69,5.8107765179826245
32,85,45.69855818170423,34.69,11.008558181704231
32,86,36.34925607124775,34.69,1.6592560712477535
32,87,36.3492560584753,34.69,1.6592560584753002
32,88,33.45925266616241,31.8,1.6592526661624127
32,89,33.45924952884242,31.8,1.6592495288424196
32,90,33.459246634894185,31.8,1.6592466348941848
32,91,33.45924662743429,31.8,1.659246627434289
32,92,61.59391089236617,26.21,35.38391089236617
32,93,62.03997891945416,26.21,35.829978919454156
32,94,102.49781735875908,26.21,76.28781735875907
32,95,68.55944780727066,26.21,42.34944780727066
33,0,56.30626734498274,31.0,25.306267344982743
33,1,45.24101016262611,31.0,14.241010162626111
33,2,44.769081242312886,31.0,13.769081242312886
33,3,45.2559752695691,31.0,14.255975269569099
33,4,37.723666582952106,30.94,6.783666582952105
33,5,47.64614898561365,30.94,16.70614898561365
33,6,41.47159618410646,30.94,10.531596184106458
33,7,43.29648008962133,30.94,12.356480089621332
33,8,32.64005478942825,31.32,1.320054789428248
33,9,32.64005478984845,31.32,1.3200547898484487
33,10,32.64005479017931,31.32,1.320054790179313
33,11,32.64005479062496,31.32,1.3200547906249582
33,12,44.262061646619685,29.03,15.232061646619684
33,13,41.60934235195446,29.03,12.579342351954459
33,14,29.286127142630903,29.03,0.25612714263090197
33,15,40.17931106322655,29.03,11.149311063226548
33,16,37.53433555745875,28.2,9.334335557458754
33,17,39.21077966332315,28.2,11.010779663323152
33,18,40.25602752345563,28.2,12.05602752345563
33,19,39.036485579253714,28.2,10.836485579253715
33,20,45.07005481475159,43.75,1.3200548147515931
33,21,45.07005482677514,43.75,1.3200548267751415
33,22,45.07005483836197,43.75,1.320054838361969
33,23,45.0700548487729,43.75,1.320054848772898
33,24,53.11005485978737,51.79,1.3200548597873691
33,25,53.110054870988606,51.79,1.3200548709886064
33,26,53.110054881755495,51.79,1.320054881755496
33,27,53.110054894907805,51.79,1.3200548949078055
33,28,53.720054900671066,52.4,1.3200549006710673
33,29,53.72005490480785,52.4,1.3200549048078543
33,30,53.720054910129626,52.4,1.3200549101296275
33,31,53.720054915653144,52.4,1.3200549156531451
33,32,50.74005492132478,49.42,1.3200549213247754
33,33,50.74005492654217,49.42,1.32005492654217
33,34,50.74005493182695,49.42,1.3200549318269452
33,35,50.740054937884096,49.42,1.3200549378840947
33,36,50.700054943322016,49.38,1.3200549433220132
33,37,50.70005494801213,49.38,1.3200549480121282
33,38,50.70005495103452,49.38,1.320054951034514
33,39,50.70005495426246,49.38,1.32005495426246
33,40,47.70005495759566,46.38,1.3200549575956586
33,41,47.70005496039609,46.38,1.3200549603960852
33,42,47.700054962804835,46.38,1.3200549628048321
33,43,47.71057851412293,46.38,1.3305785141229265
33,44,37.60005503962471,36.28,1.3200550396247124
33,45,37.60005502681949,36.28,1.3200550268194888
33,46,37.60005504391941,36.28,1.3200550439194103
33,47,37.6000549792165,36.28,1.3200549792165006
33,48,36.90005497045257,35.58,1.3200549704525741
33,49,36.90005497119185,35.58,1.3200549711918512
33,50,36.900054971676,35.58,1.3200549716760008
33,51,36.90005497277871,35.58,1.3200549727787134
33,52,36.540054973822016,35.22,1.3200549738220175
33,53,36.54005497441927,35.22,1.3200549744192713
33,54,36.540054974345594,35.22,1.3200549743455952
33,55,36.54005497461125,35.22,1.3200549746112529
33,56,36.24005497565748,34.92,1.3200549756574773
33,57,36.24005497551999,34.92,1.3200549755199873
33,58,38.912904674029335,34.92,3.992904674029333
33,59,55.397155227786214,34.92,20.477155227786213
33,60,106.3313733105937,34.76,71.57137331059371
33,61,71.10380105910546,34.76,36.343801059105466
33,62,52.06761789448292,34.76,17.307617894482924
33,63,120.35644036646943,34.76,85.59644036646944
33,64,48.75804871668289,40.47,8.288048716682894
33,65,47.95322035289406,40.47,7.483220352894058
33,66,63.86956329013047,40.47,23.399563290130473
33,67,47.34889759520486,40.47,6.878897595204862
33,68,59.26137689866377,48.01,11.251376898663771
33,69,55.14682551690242,48.01,7.1368255169024195
33,70,55.49233445206177,48.01,7.482334452061771
33,71,86.16351972651265,48.01,38.15351972651265
33,72,57.149480705206216,51.61,5.539480705206216
33,73,68.03418422184679,51.61,16.424184221846787
33,74,76.89211456550392,51.61,25.282114565503917
33,75,58.021892103180164,51.61,6.411892103180165
33,76,51.228623858448906,47.16,4.068623858448909
33,77,53.45957826472926,47.16,6.299578264729263
33,78,64.75176849723545,47.16,17.59176849723545
33,79,55.01647978832004,47.16,7.856479788320044
33,80,38.71524016515003,37.13,1.5852401651500259
33,81,38.56770227560003,37.13,1.4377022756000244
33,82,38.45005496600787,37.13,1.3200549660078664
33,83,38.450054963334004,37.13,1.3200549633340017
33,84,40.182831886186875,34.69,5.4928318861868775
33,85,45.402672200862796,34.69,10.712672200862798
33,86,36.01005495501879,34.69,1.32005495501879
33,87,36.01005495194498,34.69,1.3200549519449822
33,88,33.12005494589729,31.8,1.3200549458972866
33,89,33.120054935829074,31.8,1.3200549358290736
33,90,33.12005492213123,31.8,1.3200549221312308
33,91,33.1200548941291,31.8,1.3200548941290968
33,92,59.950033238878184,26.21,33.74003323887818
33,93,60.38966602891732,26.21,34.17966602891732
33,94,100.87574317741834,26.21,74.66574317741834
33,95,66.91513661566418,26.21,40.70513661566418
35,0,83.18632336677497,31.0,52.18632336677497
35,1,43.96590388411989,31.0,12.96590388411989
35,2,43.508380717594925,31.0,12.508380717594925
35,3,43.97335808427835,31.0,12.973358084278352
35,4,36.88051432835698,30.94,5.940514328356979
35,5,46.27647632817558,30.94,15.336476328175582
35,6,40.3676487108635,30.94,9.427648710863497
35,7,42.12104855264228,30.94,11.181048552642277
35,8,33.784625827749736,31.32,2.4646258277497353
35,9,33.784625817306,31.32,2.4646258173060005
35,10,33.78462584166002,31.32,2.464625841660016
35,11,33.78462584908138,31.32,2.4646258490813793
35,12,42.95389278294193,29.03,13.923892782941927
35,13,40.433577488758104,29.03,11.403577488758103
35,14,29.185219390942564,29.03,0.15521939094256254
35,15,39.05387789313897,29.03,10.023877893138966
35,16,36.500680710962286,28.2,8.300680710962286
35,17,38.10215794978883,28.2,9.902157949788833
35,18,39.09970222680936,28.2,10.899702226809364
35,19,37.91859968978688,28.2,9.718599689786881
35,20,57.94770264969524,43.75,14.197702649695238
35,21,57.94776044606906,43.75,14.197760446069061
35,22,57.94776344794436,43.75,14.19776344794436
35,23,57.94776555555207,43.75,14.197765555552067
35,24,65.98776692256268,51.79,14.197766922562685
35,25,65.98788774542425,51.79,14.197887745424246
35,26,65.98788783070377,51.79,14.19788783070377
35,27,65.98788782370777,51.79,14.197887823707767
35,28,66.59788776885512,52.4,14.197887768855118
35,29,66.59788768140027,52.4,14.197887681400267
35,30,66.59788759409943,52.4,14.197887594099434
35,31,66.59788748722971,52.4,14.197887487229714
35,32,63.61788736749723,49.42,14.19788736749723
35,33,63.61788725913485,49.42,14.197887259134845
35,34,63.61788714902293,49.42,14.197887149022925
35,35,63.61788716588091,49.42,14.197887165880907
35,36,63.577887141011196,49.38,14.197887141011194
35,37,63.577887147278204,49.38,14.197887147278202
35,38,63.57788717564856,49.38,14.19788717564856
35,39,63.57788725480231,49.38,14.19788725480231
35,40,60.57788737221665,46.38,14.197887372216648
35,41,60.57788745671973,46.38,14.197887456719727
35,42,60.57788760056093,46.38,14.197887600560925
35,43,60.57788768468351,46.38,14.197887684683508
35,44,50.47776715107961,36.28,14.19776715107961
35,45,50.47788788835046,36.28,14.197887888350458
35,46,50.47776825010022,36.28,14.197768250100218
35,47,50.47788792598543,36.28,14.197887925985427
35,48,49.77776630182135,35.58,14.197766301821353
35,49,49.777767444894444,35.58,14.197767444894446
35,50,49.777766793541076,35.58,14.197766793541078
35,51,49.77776671861328,35.58,14.19776671861328
35,52,49.41776691807292,35.22,14.197766918072922
35,53,49.41776704848167,35.22,14.197767048481673
35,54,49.41776701909079,35.22,14.19776701909079
35,55,49.41776706672682,35.22,14.197767066726819
35,56,49.11776709577826,34.92,14.19776709577826
35,57,49.11776718624987,34.92,14.19776718624987
35,58,107.28169758569497,34.92,72.36169758569497
35,59,283.7759083084646,34.92,248.85590830846456
35,60,460.88140074501894,34.76,426.12140074501895
35,61,399.5722699688887,34.76,364.8122699688887
35,62,398.28657172787587,34.76,363.5265717278759
35,63,646.9103216523343,34.76,612.1503216523344
35,64,207.91434057059894,40.47,167.44434057059894
35,65,189.67417312238794,40.47,149.20417312238794
35,66,273.6571646610029,40.47,233.18716466100292
35,67,176.40419190945804,40.47,135.93419190945804
35,68,280.9378382048326,48.01,232.9278382048326
35,69,189.94672567914716,48.01,141.93672567914717
35,70,196.9332711877808,48.01,148.9232711877808
35,71,139.46886501615248,48.01,91.45886501615249
35,72,157.9155965732507,51.61,106.3055965732507
35,73,283.15599272181123,51.61,231.54599272181122
35,74,404.7901575971347,51.61,353.18015759713467
35,75,176.6068015358805,51.61,124.9968015358805
35,76,120.98516932443145,47.16,73.82516932443146
35,77,169.45161480936414,47.16,122.29161480936415
35,78,343.70505380567795,47.16,296.545053805678
35,79,203.6149437203375,47.16,156.4549437203375
35,80,57.03965444234777,37.13,19.909654442347765
35,81,53.87705305525786,37.13,16.747053055257858
35,82,51.327766869363366,37.13,14.197766869363363
35,83,51.32776656599444,37.13,14.197766565994435
35,84,134.6802656352001,34.69,99.9902656352001
35,85,90.17090125646124,34.69,55.48090125646124
35,86,44.89757530120457,34.69,10.207575301204571
35,87,44.897574954601914,34.69,10.207574954601917
35,88,42.007544048504776,31.8,10.207544048504776
35,89,42.007543790522334,31.8,10.207543790522333
35,90,42.00754252626925,31.8,10.207542526269247
35,91,42.00754137650568,31.8,10.207541376505677
35,92,97.19954084819872,26.21,70.98954084819871
35,93,117.55335927183825,26.21,91.34335927183824
35,94,274.1238817564848,26.21,247.9138817564848
35,95,134.1860863412496,26.21,107.97608634124958
36,0,83.16296762263788,31.0,52.16296762263788
36,1,43.96881504425844,31.0,12.968815044258442
36,2,43.51318322839783,31.0,12.513183228397828
36,3,43.97754668506403,31.0,12.977546685064027
36,4,36.88472012118885,30.94,5.944720121188848
36,5,46.27951524430392,30.94,15.339515244303922
36,6,40.37315294940153,30.94,9.433152949401528
36,7,42.12513278100579,30.94,11.185132781005787
36,8,33.77771321807371,31.32,2.4577132180737067
36,9,33.777713234406626,31.32,2.4577132344066257
36,10,33.777713247981254,31.32,2.4577132479812533
36,11,33.77771324465698,31.32,2.457713244656979
36,12,42.958800925264896,29.03,13.928800925264895
36,13,40.43973782438213,29.03,11.409737824382127
36,14,29.18972618087634,29.03,0.1597261808763406
36,15,39.059936241639164,29.03,10.029936241639163
36,16,36.50613182218603,28.2,8.306131822186028
36,17,38.1075113244993,28.2,9.9075113244993
36,18,39.10498579891239,28.2,10.904985798912389
36,19,37.92278151090986,28.2,9.722781510909858
36,20,58.677471401252035,43.75,14.927471401252035
36,21,58.67747269761752,43.75,14.927472697617517
36,22,58.677473412304295,43.75,14.927473412304295
36,23,58.677473686673544,43.75,14.927473686673544
36,24,66.71747391758265,51.79,14.927473917582653
36,25,66.71747418053737,51.79,14.927474180537367
36,26,66.71747428643,51.79,14.927474286430005
36,27,66.71747434178971,51.79,14.927474341789711
36,28,67.32747437404952,52.4,14.927474374049517
36,29,67.32747443380997,52.4,14.92747443380997
36,30,67.32747442703766,52.4,14.927474427037659
36,31,67.32747445710321,52.4,14.927474457103209
36,32,64.34747478723686,49.42,14.92747478723686
36,33,64.34747587043759,49.42,14.92747587043759
36,34,64.34747496399628,49.42,14.927474963996275
36,35,64.34747456830132,49.42,14.92747456830132
36,36,64.30759115155344,49.38,14.927591151553436
36,37,64.3075911177405,49.38,14.927591117740498
36,38,64.30747455444401,49.38,14.92747455444401
36,39,64.30759108446738,49.38,14.927591084467373
36,40,61.30759111139518,46.38,14.92759111139518
36,41,61.30747457051909,46.38,14.927474570519088
36,42,61.3074745687782,46.38,14.927474568778194
36,43,61.307591155684,46.38,14.927591155683999
36,44,51.20759128370854,36.28,14.927591283708537
36,45,51.20759134402614,36.28,14.92759134402614
36,46,51.207591456852164,36.28,14.927591456852163
36,47,51.20759154978103,36.28,14.927591549781027
36,48,50.50747457770965,35.58,14.927474577709653
36,49,50.50759173273014,35.58,14.927591732730143
36,50,50.507474555170226,35.58,14.927474555170228
36,51,50.50747457233928,35.58,14.927474572339278
36,52,50.14747452094187,35.22,14.927474520941871
36,53,50.14747452905111,35.22,14.92747452905111
36,54,50.14747454862373,35.22,14.927474548623728
36,55,50.1474745650774,35.22,14.927474565077404
36,56,49.84747455893132,34.92,14.927474558931316
36,57,49.84747456241592,34.92,14.927474562415917
36,58,104.8813210582271,34.92,69.9613210582271
36,59,283.52138649010675,34.92,248.60138649010673
36,60,459.9489613905665,34.76,425.18896139056653
36,61,398.75867705460223,34.76,363.99867705460224
36,62,397.64488487460255,34.76,362.88488487460256
36,63,643.0252698134511,34.76,608.2652698134511
36,64,207.4687042970919,40.47,166.9987042970919
36,65,189.53508676272006,40.47,149.06508676272006
36,66,272.6046676609795,40.47,232.1346676609795
36,67,176.3844549264434,40.47,135.9144549264434
36,68,279.6410808240383,48.01,231.6310808240383
36,69,189.77541797911266,48.01,141.76541797911267
36,70,196.7891936623549,48.01,148.7791936623549
36,71,366.6811030731916,48.01,318.6711030731916
36,72,158.1512249771041,51.61,106.54122497710411
36,73,282.01036959711104,51.61,230.40036959711102
36,74,401.11531883817554,51.61,349.5053188381755
36,75,176.6896043738285,51.61,125.0796043738285
36,76,121.39558921984992,47.16,74.23558921984993
36,77,169.5681396364791,47.16,122.40813963647909
36,78,341.45618093429255,47.16,294.2961809342926
36,79,203.35542903668315,47.16,156.19542903668315
36,80,57.74901798780576,37.13,20.619017987805755
36,81,54.59794397446099,37.13,17.467943974460987
36,82,52.057474462590946,37.13,14.927474462590943
36,83,52.05747431927893,37.13,14.927474319278929
36,84,139.16268583410704,34.69,104.47268583410704
36,85,89.35803225854008,34.69,54.66803225854008
36,86,44.18393202418527,34.69,9.49393202418527
36,87,44.18386619209828,34.69,9.493866192098281
36,88,41.29383620252853,31.8,9.49383620252853
36,89,41.29383681454456,31.8,9.493836814544562
36,90,41.29383667770402,31.8,9.49383667770402
36,91,41.293836395574374,31.8,9.493836395574373
36,92,96.49230287651508,26.21,70.28230287651508
36,93,116.81436274719167,26.21,90.60436274719166
36,94,273.0489615750697,26.21,246.8389615750697
36,95,133.4200505393596,26.21,107.2100505393596
38,0,83.19752993491458,31.0,52.197529934914584
38,1,43.980884469345,31.0,12.980884469345
38,2,43.525960288478714,31.0,12.525960288478714
38,3,43.98879259493937,31.0,12.988792594939369
38,4,36.88893198670867,30.94,5.9489319867086685
38,5,46.28951934379887,30.94,15.349519343798871
38,6,40.37713224400948,30.94,9.43713224400948
38,7,42.13149602221174,30.94,11.19149602221174
38,8,33.781346468076826,31.32,2.461346468076826
38,9,33.781346411891974,31.32,2.4613464118919737
38,10,33.78134647929579,31.32,2.4613464792957913
38,11,33.78134648563379,31.32,2.46134648563379
38,12,42.9685071724341,29.03,13.9385071724341
38,13,40.44010481833308,29.03,11.410104818333082
38,14,29.18840432254901,29.03,0.1584043225490106
38,15,39.06140189436316,29.03,10.031401894363157
38,16,36.50591315330356,28.2,8.30591315330356
38,17,38.105209742627544,28.2,9.905209742627545
38,18,39.10448242779586,28.2,10.904482427795859
38,19,37.92554400020104,28.2,9.725544000201044
38,20,58.59368524436043,43.75,14.84368524436043
38,21,58.5936897495379,43.75,14.843689749537901
38,22,58.593692776461836,43.75,14.843692776461836
38,23,58.593694979432954,43.75,14.843694979432954
38,24,66.6336973184266,51.79,14.8436973184266
38,25,66.63369969103171,51.79,14.84369969103171
38,26,66.63370162958861,51.79,14.843701629588615
38,27,66.63370302144611,51.79,14.84370302144611
38,28,67.24370344700756,52.4,14.843703447007563
38,29,67.24381678438797,52.4,14.843816784387975
38,30,67.24381679794992,52.4,14.84381679794992
38,31,67.24381673531524,52.4,14.843816735315237
38,32,64.2638166304647,49.42,14.843816630464701
38,33,64.26381651306208,49.42,14.84381651306208
38,34,64.26381637169837,49.42,14.843816371698367
38,35,64.26381633382199,49.42,14.84381633382199
38,36,64.22381623610069,49.38,14.843816236100686
38,37,64.22381615386354,49.38,14.843816153863536
38,38,64.22381608356672,49.38,14.843816083566715
38,39,64.22381606040656,49.38,14.84381606040656
38,40,61.22381608012414,46.38,14.843816080124135
38,41,61.22381608052488,46.38,14.843816080524874
38,42,61.223816161281064,46.38,14.843816161281062
38,43,61.22370389715368,46.38,14.84370389715368
38,44,51.12381638623393,36.28,14.843816386233932
38,45,51.12381648362856,36.28,14.843816483628558
38,46,51.12381663001599,36.28,14.843816630015986
38,47,51.12381674783002,36.28,14.843816747830019
38,48,50.42370271900471,35.58,14.84370271900471
38,49,50.42381694445246,35.58,14.843816944452463
38,50,50.42381702856279,35.58,14.843817028562789
38,51,50.42370297232314,35.58,14.843702972323143
38,52,50.06370241812165,35.22,14.843702418121651
38,53,50.06370241575182,35.22,14.843702415751821
38,54,50.06370240555357,35.22,14.843702405553572
38,55,50.06370241759567,35.22,14.843702417595672
38,56,49.763702447696666,34.92,14.843702447696664
38,57,49.7637024720609,34.92,14.843702472060897
38,58,107.69215600990184,34.92,72.77215600990183
38,59,283.1763076683584,34.92,248.25630766835837
38,60,459.81303108834607,34.76,425.0530310883461
38,61,398.8150303456044,34.76,364.0550303456044
38,62,397.64204958836984,34.76,362.88204958836985
38,63,643.278049729655,34.76,608.518049729655
38,64,207.43190505189295,40.47,166.96190505189296
38,65,189.57227184719451,40.47,149.10227184719452
38,66,272.65548673617195,40.47,232.18548673617195
38,67,176.45072056120972,40.47,135.98072056120972
38,68,279.83102426083457,48.01,231.82102426083458
38,69,189.80724191741373,48.01,141.79724191741374
38,70,196.97019499345532,48.01,148.96019499345533
38,71,366.7771762390029,48.01,318.76717623900294
38,72,158.25021646996115,51.61,106.64021646996115
38,73,282.0999932323883,51.61,230.48999323238826
38,74,401.5522557113505,51.61,349.94225571135047
38,75,176.9179898058518,51.61,125.30798980585179
38,76,121.49756810805238,47.16,74.33756810805238
38,77,169.8118422961675,47.16,122.6518422961675
38,78,342.5481907258061,47.16,295.3881907258061
38,79,203.66224633942247,47.16,156.50224633942247
38,80,57.685505600806245,37.13,20.555505600806242
38,81,54.521164595336046,37.13,17.391164595336043
38,82,51.973702265093934,37.13,14.843702265093931
38,83,51.97370204464787,37.13,14.84370204464787
38,84,134.793256614129,34.69,100.10325661412901
38,85,90.22029725353386,34.69,55.53029725353386
38,86,44.911785136368934,34.69,10.221785136368936
38,87,44.91178499108115,34.69,10.221784991081151
38,88,42.021748166312854,31.8,10.221748166312853
38,89,42.021748851899105,31.8,10.221748851899104
38,90,42.02174874653858,31.8,10.221748746538577
38,91,42.02174851986124,31.8,10.22174851986124
38,92,97.33969389811531,26.21,71.1296938981153
38,93,117.65138019129145,26.21,91.44138019129144
38,94,274.43033251747727,26.21,248.22033251747726
38,95,134.3523957178531,26.21,108.1423957178531
42,0,316.5248896603369,31.0,285.5248896603369
42,1,44.623698929939636,31.0,13.623698929939636
42,2,44.14472181194439,31.0,13.144721811944393
42,3,44.627564816032496,31.0,13.627564816032496
42,4,37.19916461640888,30.94,6.259164616408878
42,5,47.15357458375422,30.94,16.21357458375422
42,6,40.85530510397442,30.94,9.915305103974422
42,7,42.6952816447791,30.94,11.7552816447791
42,8,42.30277193673374,31.32,10.98277193673374
42,9,42.30277190630262,31.32,10.982771906302617
42,10,42.302771932363854,31.32,10.982771932363853
42,11,42.30277193752721,31.32,10.982771937527211
42,12,43.66694428931178,29.03,14.636944289311778
42,13,40.97334258904171,29.03,11.943342589041706
42,14,29.47863635986694,29.03,0.4486363598669385
42,15,39.54055513354858,29.03,10.510555133548579
42,16,36.90307862255899,28.2,8.703078622558994
42,17,38.565765380407406,28.2,10.365765380407407
42,18,39.60215839104463,28.2,11.402158391044633
42,19,38.38577268137566,28.2,10.185772681375663
42,20,163.6877992116584,43.75,119.93779921165839
42,21,163.68779969729343,43.75,119.93779969729343
42,22,163.6878000574843,43.75,119.93780005748431
42,23,163.68780033137847,43.75,119.93780033137847
42,24,171.7278005452787,51.79,119.93780054527872
42,25,171.72780067113948,51.79,119.93780067113948
42,26,171.72780078699108,51.79,119.93780078699109
42,27,171.7278008854223,51.79,119.93780088542232
42,28,172.3378009755628,52.4,119.9378009755628
42,29,172.33780105064298,52.4,119.93780105064297
42,30,172.3378011263392,52.4,119.9378011263392
42,31,172.3378011724394,52.4,119.9378011724394
42,32,169.35780121045173,49.42,119.93780121045172
42,33,169.35780123630917,49.42,119.93780123630917
42,34,169.35780128177538,49.42,119.93780128177538
42,35,169.35780134363716,49.42,119.93780134363716
42,36,169.31780129641203,49.38,119.93780129641203
42,37,169.31780142075033,49.38,119.93780142075033
42,38,169.31780137702583,49.38,119.93780137702583
42,39,169.31780136120256,49.38,119.93780136120256
42,40,166.3178013751466,46.38,119.93780137514659
42,41,166.31780138538454,46.38,119.93780138538455
42,42,166.3178013693872,46.38,119.93780136938722
42,43,166.31780138537655,46.38,119.93780138537656
42,44,156.2178013727541,36.28,119.93780137275411
42,45,156.21780138152423,36.28,119.93780138152422
42,46,156.21780141605518,36.28,119.93780141605518
42,47,156.2178013959076,36.28,119.9378013959076
42,48,155.51780141322948,35.58,119.93780141322948
42,49,155.51780139739304,35.58,119.93780139739305
42,50,155.51780140039148,35.58,119.93780140039148
42,51,155.51781393072048,35.58,119.93781393072048
42,52,155.15780139923265,35.22,119.93780139923265
42,53,155.15780138091594,35.22,119.93780138091594
42,54,155.1578013802485,35.22,119.93780138024849
42,55,155.1578014010533,35.22,119.93780140105329
42,56,154.8578013868921,34.92,119.9378013868921
42,57,154.85780139872986,34.92,119.93780139872986
42,58,643.3877405581017,34.92,608.4677405581017
42,59,2070.818337577819,34.92,2035.898337577819
42,60,3277.2220468077116,34.76,3242.4620468077114
42,61,2976.423395906577,34.76,2941.6633959065766
42,62,3085.682785221856,34.76,3050.922785221856
42,63,4819.508422798205,34.76,4784.748422798205
42,64,1449.5395684730636,40.47,1409.0695684730636
42,65,1294.1757845493578,40.47,1253.7057845493578
42,66,1907.1739232594348,40.47,1866.7039232594348
42,67,1182.0421916702298,40.47,1141.5721916702298
42,68,1362.1182492031437,48.01,1314.1082492031437
42,69,1240.9235324697713,48.01,1192.9135324697713
42,70,1298.0937177798985,48.01,1250.0837177798985
42,71,2573.665948249719,48.01,2525.6559482497187
42,72,943.7092258232302,51.61,892.0992258232302
42,73,1957.2832365753118,51.61,1905.6732365753119
42,74,2961.4484389275744,51.61,2909.8384389275743
42,75,1100.1923641854269,51.61,1048.582364185427
42,76,666.388994600928,47.16,619.228994600928
42,77,1073.3496343664665,47.16,1026.1896343664664
42,78,2519.956667440741,47.16,2472.796667440741
42,79,1360.6069545183327,47.16,1313.4469545183326
42,80,204.81800930585,37.13,167.68800930585002
42,81,178.39260752394628,37.13,141.2626075239463
42,82,157.0678009676892,37.13,119.93780096768921
42,83,157.06780066616307,37.13,119.93780066616307
42,84,904.3723125249314,34.69,869.6823125249314
42,85,432.6840438816294,34.69,397.9940438816294
42,86,35.003210150774756,34.69,0.3132101507747578
42,87,34.907697149193716,34.69,0.21769714919371808
42,88,31.95874471771148,31.8,0.15874471771147824
42,89,31.912361729811952,31.8,0.11236172981195125
42,90,31.87210984211242,31.8,0.07210984211241822
42,91,31.83518423313611,31.8,0.03518423313611052
42,92,333.74193299667854,26.21,307.53193299667856
42,93,506.88458086910344,26.21,480.67458086910347
42,94,1601.822710422399,26.21,1575.612710422399
42,95,609.0614862513498,26.21,582.8514862513498
48,0,551.7562717304731,31.0,520.7562717304731
48,1,44.69101228764774,31.0,13.691012287647737
48,2,44.20956612566721,31.0,13.209566125667209
48,3,44.68188917136184,31.0,13.681889171361838
48,4,37.221325215994646,30.94,6.281325215994645
48,5,47.25037550119174,30.94,16.31037550119174
48,6,40.90501926111417,30.94,9.965019261114168
48,7,42.75279523670061,30.94,11.812795236700605
48,8,51.34936630235773,31.32,20.02936630235773
48,9,51.34936631354594,31.32,20.029366313545943
48,10,51.349366319620756,31.32,20.029366319620756
48,11,51.34936632417009,31.32,20.02936632417009
48,12,43.7210106307498,29.03,14.691010630749801
48,13,41.01143153979885,29.03,11.981431539798848
48,14,29.483793581235297,29.03,0.45379358123529556
48,15,39.57772979220342,29.03,10.54772979220342
48,16,36.92624965361233,28.2,8.726249653612332
48,17,38.59644067219196,28.2,10.39644067219196
48,18,39.63353981676079,28.2,11.433539816760788
48,19,38.41743114817361,28.2,10.217431148173613
48,20,210.55296299638277,43.75,166.80296299638277
48,21,210.5530149648873,43.75,166.8030149648873
48,22,210.55302830222587,43.75,166.80302830222587
48,23,276.58413919683846,43.75,232.83413919683846
48,24,284.62414061352024,51.79,232.83414061352025
48,25,284.62414069276537,51.79,232.83414069276537
48,26,284.62414089311324,51.79,232.83414089311324
48,27,284.62414967175596,51.79,232.83414967175597
48,28,285.2341499327061,52.4,232.83414993270608
48,29,285.2341412478579,52.4,232.8341412478579
48,30,285.23415012628453,52.4,232.83415012628453
48,31,285.23415004250137,52.4,232.83415004250136
48,32,282.254149488089,49.42,232.834149488089
48,33,282.2541491128713,49.42,232.83414911287127
48,34,282.25414878824466,49.42,232.83414878824465
48,35,282.2541503194341,49.42,232.83415031943406
48,36,282.2141506750446,49.38,232.8341506750446
48,37,282.2141505514747,49.38,232.8341505514747
48,38,282.214150401731,49.38,232.834150401731
48,39,282.21415079728865,49.38,232.83415079728866
48,40,279.2141511394703,46.38,232.8341511394703
48,41,279.2141504237644,46.38,232.8341504237644
48,42,279.2141508218777,46.38,232.8341508218777
48,43,279.214150007143,46.38,232.83415000714302
48,44,269.11415086490933,36.28,232.83415086490933
48,45,269.11414135097414,36.28,232.83414135097414
48,46,269.1141416911877,36.28,232.83414169118768
48,47,269.11415093315713,36.28,232.83415093315713
48,48,268.4155053161505,35.58,232.8355053161505
48,49,268.4141410988244,35.58,232.83414109882443
48,50,268.41414109121405,35.58,232.83414109121406
48,51,268.4141422239866,35.58,232.8341422239866
48,52,268.05414087167156,35.22,232.83414087167156
48,53,268.0541405180019,35.22,232.83414051800187
48,54,268.0541406235674,35.22,232.83414062356738
48,55,268.0541410030678,35.22,232.8341410030678
48,56,267.75414036523244,34.92,232.83414036523243
48,57,267.75414043926827,34.92,232.83414043926825
48,58,1192.8977038376765,34.92,1157.9777038376765
48,59,3883.956423538302,34.92,3849.0364235383017
48,60,6139.8122474078355,34.76,6105.052247407835
48,61,5595.700139211575,34.76,5560.940139211575
48,62,5813.315988883468,34.76,5778.555988883468
48,63,9077.780565662692,34.76,9043.020565662691
48,64,2715.748511445422,40.47,2675.2785114454223
48,65,2422.0414695809927,40.47,2381.571469580993
48,66,3576.743518448595,40.47,3536.273518448595
48,67,2207.61243319205,40.47,2167.1424331920502
48,68,3763.8176582671053,48.01,3715.807658267105
48,69,2310.8049309654225,48.01,2262.7949309654223
48,70,2419.3960516639795,48.01,2371.3860516639793
48,71,4830.806421944284,48.01,4782.796421944284
48,72,1744.1048545723877,51.61,1692.4948545723878
48,73,3667.0398644995034,51.61,3615.4298644995033
48,74,5571.809637215342,51.61,5520.199637215343
48,75,2040.579932350791,51.61,1988.9699323507912
48,76,1224.2359014188855,47.16,1177.0759014188855
48,77,1993.1689882018356,47.16,1946.0089882018356
48,78,4735.400875000305,47.16,4688.240875000305
48,79,2539.4470375162414,47.16,2492.2870375162415
48,80,360.0488759360414,37.13,322.9188759360414
48,81,310.22352475687023,37.13,273.09352475687024
48,82,269.96413974766455,37.13,232.83413974766455
48,83,269.9641393387014,37.13,232.8341393387014
48,84,1572.3339273781032,34.69,1537.6439273781032
48,85,779.0230690632861,34.69,744.3330690632861
48,86,159.1648323006217,34.69,124.4748323006217
48,87,159.16483189408288,34.69,124.47483189408288
48,88,156.2748294348271,31.8,124.4748294348271
48,89,156.27482844756406,31.8,124.47482844756406
48,90,156.27482778294896,31.8,124.47482778294896
48,91,156.27482764612537,31.8,124.47482764612538
48,92,705.885271505733,26.21,679.675271505733
48,93,1033.2631166472784,26.21,1007.0531166472783
48,94,3077.162534390883,26.21,3050.952534390883
48,95,1221.8921687746474,26.21,1195.6821687746474
54,0,551.8786813719677,31.0,520.8786813719677
54,1,44.69132408434126,31.0,13.691324084341261
54,2,44.21220859328526,31.0,13.212208593285261
54,3,44.693485451420706,31.0,13.693485451420706
54,4,37.22128325110069,30.94,6.281283251100685
54,5,47.25373622973041,30.94,16.313736229730406
54,6,40.90746404186109,30.94,9.967464041861088
54,7,42.753944373761314,30.94,11.813944373761313
54,8,51.35404686384929,31.32,20.03404686384929
54,9,51.35404686324908,31.32,20.03404686324908
54,10,51.354046868227215,31.32,20.034046868227215
54,11,51.3540468648203,31.32,20.034046864820297
54,12,43.72408617993099,29.03,14.694086179930991
54,13,41.01478970359176,29.03,11.984789703591758
54,14,29.484099968471412,29.03,0.4540999684714109
54,15,39.58063453729215,29.03,10.550634537292147
54,16,36.92805174690132,28.2,8.728051746901318
54,17,38.59865559123747,28.2,10.398655591237468
54,18,39.636122062441004,28.2,11.436122062441004
54,19,38.418385310647984,28.2,10.218385310647985
54,20,279.62310921546316,43.75,235.87310921546316
54,21,279.6231092647399,43.75,235.87310926473992
54,22,279.6231095369305,43.75,235.87310953693049
54,23,279.62310971901434,43.75,235.87310971901434
54,24,287.66310991113625,51.79,235.87310991113625
54,25,287.6631101632599,51.79,235.8731101632599
54,26,287.6631102562313,51.79,235.87311025623129
54,27,287.663110314601,51.79,235.873110314601
54,28,288.27311036527794,52.4,235.87311036527794
54,29,288.2731104508977,52.4,235.8731104508977
54,30,288.2731104892634,52.4,235.87311048926338
54,31,288.27311055608874,52.4,235.87311055608873
54,32,285.29311101505147,49.42,235.87311101505145
54,33,285.2931180102197,49.42,235.87311801021968
54,34,285.2931115425698,49.42,235.8731115425698
54,35,285.29311075555535,49.42,235.87311075555533
54,36,285.25311958866695,49.38,235.87311958866695
54,37,285.25311947434295,49.38,235.87311947434296
54,38,285.2531107568729,49.38,235.8731107568729
54,39,285.2531197351098,49.38,235.8731197351098
54,40,282.2531200829973,46.38,235.87312008299733
54,41,282.25311079780226,46.38,235.87311079780227
54,42,282.25311079735894,46.38,235.87311079735895
54,43,282.25311895882567,46.38,235.87311895882567
54,44,272.1531198267836,36.28,235.8731198267836
54,45,272.15311955022514,36.28,235.87311955022514
54,46,272.1531197931775,36.28,235.8731197931775
54,47,272.15311992476495,36.28,235.87311992476495
54,48,271.4531204554146,35.58,235.8731204554146
54,49,271.45312009592624,35.58,235.87312009592625
54,50,271.4531108039879,35.58,235.8731108039879
54,51,271.4531107890687,35.58,235.87311078906873
54,52,35.68523884569094,35.22,0.46523884569094065
54,53,271.0931106469732,35.22,235.87311064697317
54,54,35.680514721215864,35.22,0.46051472121586556
54,55,35.680662298566205,35.22,0.46066229856620566
54,56,35.38053771494119,34.92,0.46053771494118934
54,57,35.37762320151699,34.92,0.4576232015169879
54,58,1146.8256983462202,34.92,1111.90569834622
54,59,3893.3805971326005,34.92,3858.4605971326005
54,60,6152.360507088552,34.76,6117.600507088552
54,61,5604.49696201997,34.76,5569.73696201997
54,62,5824.278890572882,34.76,5789.518890572882
54,63,9093.07382212445,34.76,9058.31382212445
54,64,2722.770406873438,40.47,2682.300406873438
54,65,2427.800183747391,40.47,2387.3301837473914
54,66,3584.2824726203507,40.47,3543.812472620351
54,67,2213.4607061235565,40.47,2172.9907061235567
54,68,3771.8073949874743,48.01,3723.797394987474
54,69,2317.3216765135476,48.01,2269.3116765135474
54,70,2425.9817258658286,48.01,2377.9717258658284
54,71,3799.5249653962205,48.01,3751.5149653962203
54,72,1749.1813291652427,51.61,1697.5713291652428
54,73,1700.2668004391314,51.61,1648.6568004391315
54,74,4089.8809205979524,51.61,4038.270920597952
54,75,2045.9275395757002,51.61,1994.3175395757003
54,76,1228.0333297694847,47.16,1180.8733297694846
54,77,1997.632985965858,47.16,1950.472985965858
54,78,4745.023497335047,47.16,4697.863497335047
54,79,2544.7236726922333,47.16,2497.5636726922335
54,80,363.1766294699903,37.13,326.0466294699903
54,81,313.31180435360454,37.13,276.18180435360455
54,82,273.0031108235031,37.13,235.8731108235031
54,83,273.0031106996406,37.13,235.87311069964062
54,84,1685.1754907673203,34.69,1650.4854907673202
54,85,779.5294877017891,34.69,744.839487701789
54,86,34.966867363416554,34.69,0.2768673634165566
54,87,34.89638884207184,34.69,0.2063888420718456
54,88,31.954492760219793,31.8,0.1544927602197923
54,89,31.9108174737677,31.8,0.11081747376769968
54,90,31.87170353683926,31.8,0.07170353683925867
54,91,31.83519506440446,31.8,0.03519506440445852
54,92,663.3453415559685,26.21,637.1353415559685
54,93,1041.1585594518942,26.21,1014.9485594518942
54,94,3169.814647571023,26.21,3143.604647571023
54,95,1257.8987983627205,26.21,1231.6887983627205
56,0,53.37647589582094,31.0,22.37647589582094
56,1,43.67716079458462,31.0,12.677160794584623
56,2,43.24688563017562,31.0,12.246885630175619
56,3,43.681409310271086,31.0,12.681409310271086
56,4,36.87699229726621,30.94,5.936992297266212
56,5,45.782808114251225,30.94,14.842808114251223
56,6,40.264468076339085,30.94,9.324468076339084
56,7,41.9354030956251,30.94,10.995403095625097
56,8,33.09446935415371,31.32,1.7744693541537089
56,9,33.094469367720706,31.32,1.7744693677207053
56,10,33.0944693758699,31.32,1.7744693758698986
56,11,33.09446938196491,31.32,1.7744693819649129
56,12,42.58718588691488,29.03,13.55718588691488
56,13,40.24775066382397,29.03,11.21775066382397
56,14,29.249995996478063,29.03,0.21999599647806178
56,15,38.935451641681404,29.03,9.905451641681402
56,16,36.44774955107408,28.2,8.247749551074083
56,17,37.993132574088584,28.2,9.793132574088585
56,18,38.94563253369867,28.2,10.745632533698672
56,19,37.81529647160298,28.2,9.615296471602978
56,20,47.24343897004169,43.75,3.4934389700416872
56,21,47.243462187755206,43.75,3.493462187755206
56,22,47.2434757642098,43.75,3.4934757642097978
56,23,47.243485448009174,43.75,3.4934854480091744
56,24,55.28349372177613,51.79,3.493493721776133
56,25,55.283500203184076,51.79,3.4935002031840767
56,26,55.28350504161814,51.79,3.4935050416181426
56,27,55.28350952724918,51.79,3.4935095272491807
56,28,55.893513593426164,52.4,3.493513593426165
56,29,55.898528918961695,52.4,3.4985289189616964
56,30,55.89852533132644,52.4,3.498525331326441
56,31,55.89852057817497,52.4,3.4985205781749684
56,32,52.91851515455555,49.42,3.498515154555548
56,33,52.9135179686608,49.42,3.4935179686607967
56,34,52.913518037636095,49.42,3.4935180376360933
56,35,52.91849738388155,49.42,3.498497383881549
56,36,52.87849173442412,49.38,3.498491734424114
56,37,52.87848661463739,49.38,3.498486614637386
56,38,52.87848239919979,49.38,3.498482399199787
56,39,52.87847938531358,49.38,3.49847938531358
56,40,49.87847782109709,46.38,3.49847782109709
56,41,49.87847788124631,46.38,3.498477881246309
56,42,49.87847983569625,46.38,3.4984798356962443
56,43,49.87848346993156,46.38,3.498483469931557
56,44,39.77848893909801,36.28,3.49848893909801
56,45,39.7784958149936,36.28,3.4984958149935963
56,46,39.77850384523833,36.28,3.498503845238332
56,47,39.77851270847328,36.28,3.498512708473278
56,48,39.07352414704427,35.58,3.493524147044269
56,49,39.07351797799503,35.58,3.493517977995033
56,50,39.07351788921188,35.58,3.49351788921188
56,51,39.07351787579541,35.58,3.493517875795412
56,52,38.7135177979289,35.22,3.4935177979289023
56,53,38.7135177235484,35.22,3.4935177235484005
56,54,38.71351782497913,35.22,3.493517824979129
56,55,38.71351781333804,35.22,3.4935178133380447
56,56,38.41351780408458,34.92,3.4935178040845756
56,57,38.41351779679349,34.92,3.4935177967934905
56,58,38.49276824380506,34.92,3.572768243805058
56,59,56.040186023661875,34.92,21.120186023661873
56,60,100.35427201002244,34.76,65.59427201002245
56,61,70.23702328281746,34.76,35.47702328281746
56,62,53.787764448248524,34.76,19.027764448248526
56,63,113.39163315868942,34.76,78.63163315868943
56,64,50.90302111432017,40.47,10.43302111432017
56,65,50.10808595412221,40.47,9.63808595412221
56,66,244.30005799499156,40.47,203.83005799499156
56,67,49.48944070627447,40.47,9.019440706274473
56,68,61.36971748472735,48.01,13.359717484727355
56,69,57.275030309289825,48.01,9.265030309289827
56,70,57.60330724807774,48.01,9.593307248077743
56,71,425.1539685480295,48.01,377.14396854802953
56,72,59.28041319764132,51.61,7.670413197641324
56,73,146.59708585142755,51.61,94.98708585142755
56,74,204.7485355314908,51.61,153.1385355314908
56,75,60.125894206611115,51.61,8.515894206611115
56,76,53.3636814381603,47.16,6.203681438160302
56,77,55.565000033276085,47.16,8.405000033276089
56,78,65.9507270985331,47.16,18.790727098533097
56,79,57.10568496295116,47.16,9.945684962951162
56,80,40.88341115005261,37.13,3.7534111500526066
56,81,40.73960123712815,37.13,3.609601237128146
56,82,40.62351739078872,37.13,3.4935173907887176
56,83,40.62351625686216,37.13,3.493516256862158
56,84,40.00996268413675,34.69,5.319962684136755
56,85,44.02401528321337,34.69,9.334015283213375
56,86,34.90243263439126,34.69,0.2124326343912628
56,87,34.83239952994103,34.69,0.14239952994103078
56,88,31.89628887057504,31.8,0.09628887057504087
56,89,31.858756331758137,31.8,0.058756331758136326
56,90,31.85875578841117,31.8,0.05875578841116891
56,91,31.828497309605037,31.8,0.02849730960503649
56,92,54.900751430906936,26.21,28.690751430906936
56,93,55.534043871909034,26.21,29.324043871909033
56,94,99.86721659332821,26.21,73.6572165933282
56,95,61.04060162180872,26.21,34.83060162180872
60,0,54.659866796410405,31.0,23.659866796410405
60,1,45.03028429758021,31.0,14.03028429758021
60,2,44.6248245618349,31.0,13.624824561834899
60,3,45.03462570961666,31.0,14.034625709616662
60,4,37.11351721892483,30.94,6.173517218924825
60,5,46.596808228307985,30.94,15.656808228307984
60,6,40.64179710154611,30.94,9.70179710154611
60,7,42.40894154286446,30.94,11.46894154286446
60,8,34.38232609100313,31.32,3.062326091003129
60,9,34.38232609217138,31.32,3.062326092171382
60,10,34.382326094851614,31.32,3.0623260948516133
60,11,34.382326096461846,31.32,3.0623260964618453
60,12,43.27191273993341,29.03,14.241912739933412
60,13,40.73751708914199,29.03,11.707517089141987
60,14,29.402509613169038,29.03,0.3725096131690364
60,15,39.346071090031366,29.03,10.316071090031365
60,16,36.777948349621596,28.2,8.577948349621597
60,17,38.396240700000384,28.2,10.196240700000384
60,18,39.40456375559939,28.2,11.204563755599391
60,19,38.209162074411644,28.2,10.009162074411645
60,20,46.81232621587333,43.75,3.062326215873327
60,21,46.8123262576968,43.75,3.062326257696803
60,22,46.81232629676139,43.75,3.062326296761391
60,23,46.81232634282231,43.75,3.0623263428223098
60,24,54.85232653828289,51.79,3.062326538282889
60,25,54.85232640273718,51.79,3.0623264027371775
60,26,54.852326431536476,51.79,3.0623264315364764
60,27,54.85232645641937,51.79,3.0623264564193704
60,28,55.462326480254575,52.4,3.062326480254576
60,29,55.46232654788241,52.4,3.0623265478824138
60,30,55.46232653039613,52.4,3.0623265303961347
60,31,55.462326540861426,52.4,3.0623265408614273
60,32,52.48232655598666,49.42,3.062326555986658
60,33,52.482326574971346,49.42,3.062326574971344
60,34,52.4823265928599,49.42,3.062326592859897
60,35,52.48232660888528,49.42,3.0623266088852787
60,36,52.44232662454682,49.38,3.06232662454682
60,37,52.442326637072334,49.38,3.0623266370723314
60,38,52.442326651554886,49.38,3.0623266515548835
60,39,52.44232666162863,49.38,3.0623266616286244
60,40,49.44232667836444,46.38,3.0623266783644354
60,41,49.44232669062876,46.38,3.0623266906287583
60,42,49.44232669876925,46.38,3.0623266987692475
60,43,49.44232670719964,46.38,3.062326707199638
60,44,39.3423267195844,36.28,3.062326719584398
60,45,39.34232672991473,36.28,3.06232672991473
60,46,39.34232674033253,36.28,3.06232674033253
60,47,39.34232675578691,36.28,3.0623267557869056
60,48,38.64232675905355,35.58,3.062326759053555
60,49,38.64232676750786,35.58,3.0623267675078623
60,50,38.64232677765021,35.58,3.062326777650213
60,51,38.64232679240308,35.58,3.062326792403084
60,52,38.28232678923578,35.22,3.062326789235783
60,53,38.28232682302605,35.22,3.062326823026048
60,54,38.28232696638311,35.22,3.062326966383111
60,55,38.28232684099514,35.22,3.0623268409951407
60,56,37.982326829816486,34.92,3.0623268298164845
60,57,37.982326929562966,34.92,3.062326929562964
60,58,40.65889743527411,34.92,5.738897435274112
60,59,55.8418796781439,34.92,20.921879678143895
60,60,58.11380144691327,34.76,23.353801446913273
60,61,69.80857924071503,34.76,35.048579240715036
60,62,53.75588155826972,34.76,18.995881558269723
60,63,112.90891070820419,34.76,78.1489107082042
60,64,50.46779677550991,40.47,9.997796775509912
60,65,49.67240442943774,40.47,9.202404429437742
60,66,243.77145632185795,40.47,203.30145632185796
60,67,49.056522937427125,40.47,8.586522937427127
60,68,60.93669498999857,48.01,12.926694989998573
60,69,56.84450591699742,48.01,8.834505916997422
60,70,57.17023173298459,48.01,9.160231732984592
60,71,424.5446919517939,48.01,376.5346919517939
60,72,58.847932315001245,51.61,7.237932315001245
60,73,146.15689882483474,51.61,94.54689882483474
60,74,204.2823072653688,51.61,152.67230726536877
60,75,59.692652064624625,51.61,8.082652064624625
60,76,52.933337226255034,47.16,5.7733372262550375
60,77,55.12997837985564,47.16,7.969978379855647
60,78,65.50525486377155,47.16,18.345254863771558
60,79,56.672338293877935,47.16,9.512338293877939
60,80,40.4521408555133,37.13,3.3221408555132967
60,81,40.3083475008476,37.13,3.1783475008476003
60,82,40.19232665881581,37.13,3.062326658815806
60,83,40.19232659826238,37.13,3.0623265982623806
60,84,41.84181953344359,34.69,7.151819533443593
60,85,45.86885647691281,34.69,11.178856476912813
60,86,37.75232625521172,34.69,3.0623262552117225
60,87,37.752325999947374,34.69,3.062325999947376
60,88,34.86232563453981,31.8,3.062325634539807
60,89,34.862325007024566,31.8,3.0623250070245653
60,90,34.86232390800436,31.8,3.0623239080043625
60,91,34.86232110934706,31.8,3.0623211093470566
60,92,57.958632817310715,26.21,31.748632817310714
60,93,58.58073179607091,26.21,32.370731796070906
60,94,102.88369324740393,26.21,76.67369324740392
60,95,64.08428936753478,26.21,37.87428936753478
62,0,53.43617573975864,31.0,22.43617573975864
62,1,43.69332159655381,31.0,12.693321596553808
62,2,43.267804244574165,31.0,12.267804244574165
62,3,43.69457517017419,31.0,12.69457517017419
62,4,36.85234293258509,30.94,5.912342932585087
62,5,45.80453724435446,30.94,14.864537244354455
62,6,40.26521641235518,30.94,9.325216412355179
62,7,41.94484670789435,30.94,11.004846707894348
62,8,33.09386488973252,31.32,1.773864889732522
62,9,33.09386487882632,31.32,1.7738648788263163
62,10,33.09386490416538,31.32,1.7738649041653787
62,11,33.09386491267697,31.32,1.77386491267697
62,12,42.602838837168704,29.03,13.572838837168703
62,13,40.254888597193684,29.03,11.224888597193683
62,14,29.191719849371168,29.03,0.1617198493711669
62,15,38.94578877470509,29.03,9.915788774705092
62,16,36.439303670981175,28.2,8.239303670981176
62,17,37.99169740844838,28.2,9.791697408448382
62,18,38.95050879610106,28.2,10.750508796101062
62,19,37.818404621696544,28.2,9.618404621696545
62,20,47.93371243307937,43.75,4.183712433079371
62,21,47.93399222357506,43.75,4.183992223575061
62,22,47.93401024131673,43.75,4.184010241316727
62,23,47.934022231082174,43.75,4.184022231082174
62,24,55.97402986551264,51.79,4.184029865512642
62,25,55.97403758387431,51.79,4.184037583874314
62,26,55.97404368720362,51.79,4.184043687203619
62,27,55.97404749868855,51.79,4.18404749868855
62,28,56.58405024081573,52.4,4.184050240815729
62,29,56.587852263799384,52.4,4.187852263799385
62,30,56.58784832500503,52.4,4.187848325005028
62,31,56.58405330967669,52.4,4.184053309676692
62,32,53.60783827208813,49.42,4.187838272088129
62,33,53.60783283559208,49.42,4.187832835592076
62,34,53.607827320869,49.42,4.187827320868998
62,35,53.60782193061329,49.42,4.187821930613289
62,36,53.567816988530815,49.38,4.1878169885308125
62,37,53.56781271234128,49.38,4.187812712341277
62,38,53.56780942082008,49.38,4.187809420820081
62,39,53.56780732613886,49.38,4.187807326138859
62,40,50.56780658323925,46.38,4.187806583239251
62,41,50.56780737990066,46.38,4.187807379900654
62,42,50.56780975119635,46.38,4.1878097511963475
62,43,50.56781357244527,46.38,4.187813572445265
62,44,40.46781890837323,36.28,4.187818908373231
62,45,40.46782547873935,36.28,4.187825478739349
62,46,40.467833047740775,36.28,4.187833047740774
62,47,40.46784146296396,36.28,4.187841462963959
62,48,39.764053502194955,35.58,4.184053502194956
62,49,39.76405336803236,35.58,4.184053368032359
62,50,39.76786369610302,35.58,4.1878636961030224
62,51,39.76405200576526,35.58,4.18405200576526
62,52,39.40405257234564,35.22,4.184052572345642
62,53,39.40405293616075,35.22,4.184052936160754
62,54,39.404052804841264,35.22,4.184052804841265
62,55,39.4040529343478,35.22,4.184052934347804
62,56,39.10405300635261,34.92,4.184053006352606
62,57,39.104053228403515,34.92,4.1840532284035135
62,58,41.79118651448317,34.92,6.8711865144831705
62,59,57.00814624142218,34.92,22.08814624142218
62,60,101.33167361207975,34.76,66.57167361207976
62,61,71.0947411005921,34.76,36.334741100592105
62,62,54.93870521933536,34.76,20.178705219335363
62,63,114.57603567145631,34.76,79.81603567145632
62,64,51.63717311942721,40.47,11.167173119427211
62,65,50.86447712997834,40.47,10.394477129978341
62,66,70.65900024184674,40.47,30.189000241846742
62,67,50.23042730673346,40.47,9.760427306733462
62,68,62.14605575036554,48.01,14.136055750365543
62,69,57.99833151018059,48.01,9.988331510180593
62,70,58.346005077450755,48.01,10.336005077450757
62,71,78.19648755851813,48.01,30.18648755851813
62,72,59.99888306313335,51.61,8.388883063133349
62,73,438.49474589906094,51.61,386.88474589906093
62,74,684.1286728118652,51.61,632.5186728118651
62,75,60.84977628060477,51.61,9.239776280604772
62,76,54.0714961212743,47.16,6.911496121274304
62,77,56.28461566251652,47.16,9.124615662516526
62,78,66.77500866997349,47.16,19.61500866997349
62,79,57.84287589923438,47.16,10.682875899234382
62,80,41.57563650007513,37.13,4.445636500075125
62,81,41.430867342581685,37.13,4.300867342581682
62,82,41.31405200499974,37.13,4.184052004999735
62,83,41.31405030185918,37.13,4.18405030185918
62,84,39.42397149234014,34.69,4.733971492340139
62,85,43.47425537530722,34.69,8.784255375307225
62,86,35.305281612533456,34.69,0.6152816125334581
62,87,35.30527937533982,34.69,0.6152793753398242
62,88,31.86312699771396,31.8,0.06312699771395813
62,89,31.863126239934388,31.8,0.06312623993438748
62,90,31.863124247102487,31.8,0.06312424710248621
62,91,31.86311393845252,31.8,0.06311393845252056
62,92,54.97611795479693,26.21,28.766117954796933
62,93,55.60361409440659,26.21,29.393614094406587
62,94,136.02171322442916,26.21,109.81171322442916
62,95,61.13696332511557,26.21,34.92696332511557
65,0,53.540165367470166,31.0,22.540165367470166
65,1,43.730692628097806,31.0,12.730692628097806
65,2,43.31443214601011,31.0,12.314432146010112
65,3,43.730016010835854,31.0,12.730016010835854
65,4,36.86785472776729,30.94,5.927854727767286
65,5,45.85160970643204,30.94,14.911609706432042
65,6,40.293958677466605,30.94,9.353958677466604
65,7,41.97452693412894,30.94,11.034526934128937
65,8,33.09832971803683,31.32,1.7783297180368294
65,9,33.098329729050185,31.32,1.778329729050185
65,10,33.098329736623,31.32,1.7783297366230002
65,11,33.098329716265944,31.32,1.7783297162659437
65,12,42.641744729958276,29.03,13.611744729958275
65,13,40.281632240323596,29.03,11.251632240323595
65,14,29.188979506125513,29.03,0.1589795061255117
65,15,38.98137263963812,29.03,9.951372639638116
65,16,36.458725499283595,28.2,8.258725499283596
65,17,38.010220502686565,28.2,9.810220502686565
65,18,38.97355451336093,28.2,10.773554513360931
65,19,37.842869158351704,28.2,9.642869158351704
65,20,75.9049575241813,43.75,32.1549575241813
65,21,75.90496437618194,43.75,32.15496437618194
65,22,75.90496817702004,43.75,32.15496817702004
65,23,75.90496961002576,43.75,32.15496961002576
65,24,83.94497069748846,51.79,32.15497069748846
65,25,83.94497165379838,51.79,32.15497165379838
65,26,83.9449720342823,51.79,32.1549720342823
65,27,83.94497221841709,51.79,32.15497221841709
65,28,84.55497232731483,52.4,32.15497232731483
65,29,84.55497250585174,52.4,32.15497250585174
65,30,84.5549725031427,52.4,32.154972503142695
65,31,84.55497258279286,52.4,32.15497258279286
65,32,81.57521568487424,49.42,32.155215684874236
65,33,81.5752156340445,49.42,32.155215634044495
65,34,81.57521559426033,49.42,32.155215594260326
65,35,81.57521565142635,49.42,32.155215651426346
65,36,81.5349730693807,49.38,32.154973069380695
65,37,81.53497360961734,49.38,32.154973609617336
65,38,81.53521550500854,49.38,32.155215505008535
65,39,81.53497312144249,49.38,32.15497312144249
65,40,78.53497377414547,46.38,32.15497377414547
65,41,78.53521567223422,46.38,32.15521567223421
65,42,78.53521593983672,46.38,32.155215939836715
65,43,78.53497395686972,46.38,32.15497395686972
65,44,68.43497267278767,36.28,32.154972672787665
65,45,68.43497268487732,36.28,32.15497268487732
65,46,68.43497269804918,36.28,32.15497269804918
65,47,68.43497278549313,36.28,32.15497278549313
65,48,67.73497268897086,35.58,32.15497268897086
65,49,67.73497269748992,35.58,32.154972697489924
65,50,67.73497368385605,35.58,32.154973683856056
65,51,67.73497285764553,35.58,32.15497285764553
65,52,35.66990571390322,35.22,0.4499057139032203
65,53,67.37497260717814,35.22,32.15497260717814
65,54,35.6706208276549,35.22,0.45062082765490175
65,55,35.670674311122156,35.22,0.4506743111221567
65,56,35.370549688917336,34.92,0.4505496889173344
65,57,35.37163680592708,34.92,0.45163680592708033
65,58,38.58516218742472,34.92,3.6651621874247198
65,59,56.98958299846047,34.92,22.06958299846047
65,60,110.91522554116969,34.76,76.1552255411697
65,61,74.14694860848493,34.76,39.386948608484936
65,62,54.55598387753629,34.76,19.795983877536294
65,63,128.1109934188283,34.76,93.3509934188283
65,64,79.69978778639958,40.47,39.229787786399584
65,65,79.05187393592018,40.47,38.581873935920186
65,66,2364.6057348146255,40.47,2324.1357348146257
65,67,78.33967468025983,40.47,37.869674680259834
65,68,90.38384622554784,48.01,42.373846225547844
65,69,86.03772269755953,48.01,38.02772269755953
65,70,86.47156426232968,48.01,38.46156426232968
65,71,3627.4581592371424,48.01,3579.448159237142
65,72,88.05206697825787,51.61,36.44206697825787
65,73,1067.990233801424,51.61,1016.380233801424
65,74,1703.797399040016,51.61,1652.187399040016
65,75,88.92386688670265,51.61,37.313866886702655
65,76,82.09456993015158,47.16,34.93456993015158
65,77,84.30952841104073,47.16,37.149528411040734
65,78,95.20535820280173,47.16,48.04535820280174
65,79,85.95731095369354,47.16,38.79731095369354
65,80,69.55110047258881,37.13,32.42110047258881
65,81,69.40383637511103,37.13,32.273836375111024
65,82,69.28497250302306,37.13,32.15497250302305
65,83,69.28497215914933,37.13,32.15497215914933
65,84,40.13253560742008,34.69,5.4425356074200835
65,85,44.19203123589692,34.69,9.502031235896922
65,86,34.8809159404615,34.69,0.19091594046150107
65,87,34.80452143303737,34.69,0.11452143303737472
65,88,31.863399906630757,31.8,0.06339990663075667
65,89,31.863399034857643,31.8,0.06339903485764253
65,90,31.86339817356107,31.8,0.06339817356106892
65,91,31.830580768051338,31.8,0.030580768051336804
65,92,55.14314321219247,26.21,28.93314321219247
65,93,55.74742722043628,26.21,29.537427220436278
65,94,208.78847135555193,26.21,182.57847135555193
65,95,61.33214942629603,26.21,35.122149426296026
68,0,86.9371147870566,31.0,55.9371147870566
68,1,44.58154081484901,31.0,13.581540814849014
68,2,76.76652234716957,31.0,45.76652234716957
68,3,77.15252277367986,31.0,46.15252277367986
68,4,37.17570286451933,30.94,6.235702864519329
68,5,47.06831048537994,30.94,16.128310485379938
68,6,40.8014319623147,30.94,9.8614319623147
68,7,42.6215337544411,30.94,11.681533754441102
68,8,66.44936064134122,31.32,35.129360641341215
68,9,66.44936064390578,31.32,35.12936064390578
68,10,66.44936064816196,31.32,35.129360648161956
68,11,66.44936065128735,31.32,35.12936065128735
68,12,43.62300748459889,29.03,14.593007484598886
68,13,40.94383981587695,29.03,11.913839815876948
68,14,29.483027457305667,29.03,0.45302745730566585
68,15,39.538969376927625,29.03,10.508969376927624
68,16,36.900618035994086,28.2,8.700618035994086
68,17,38.547643202219454,28.2,10.347643202219455
68,18,39.592171573739236,28.2,11.392171573739237
68,19,38.377088028405026,28.2,10.177088028405027
68,20,78.87936092142172,43.75,35.12936092142172
68,21,78.87936103472461,43.75,35.12936103472461
68,22,78.87936114127521,43.75,35.12936114127521
68,23,78.87936125338089,43.75,35.12936125338089
68,24,86.91936158121143,51.79,35.129361581211434
68,25,86.91936140392858,51.79,35.12936140392858
68,26,86.91936146506879,51.79,35.12936146506879
68,27,86.91936151954832,51.79,35.12936151954832
68,28,87.52936157083244,52.4,35.12936157083244
68,29,87.52936167248188,52.4,35.129361672481885
68,30,87.52936166673592,52.4,35.129361666735925
68,31,87.52936169369133,52.4,35.12936169369133
68,32,84.54936172487403,49.42,35.12936172487403
68,33,84.54936175979958,49.42,35.12936175979958
68,34,84.54936179284094,49.42,35.12936179284094
68,35,84.54936182298641,49.42,35.12936182298641
68,36,84.50936185197804,49.38,35.12936185197804
68,37,84.50936187674763,49.38,35.12936187674763
68,38,84.50936190306656,49.38,35.12936190306656
68,39,84.50936192394997,49.38,35.129361923949965
68,40,81.50936195183809,46.38,35.129361951838085
68,41,81.50936197424235,46.38,35.12936197424235
68,42,81.5093619914644,46.38,35.1293619914644
68,43,81.50936200877052,46.38,35.12936200877052
68,44,71.40936203018116,36.28,35.129362030181156
68,45,71.40936204910018,36.28,35.12936204910018
68,46,71.40936206786762,36.28,35.12936206786762
68,47,71.4093620920247,36.28,35.12936209202469
68,48,70.70936210198559,35.58,35.12936210198559
68,49,70.70936211757397,35.58,35.129362117573976
68,50,70.70936213480462,35.58,35.12936213480462
68,51,70.70936215711288,35.58,35.12936215711288
68,52,70.34936215855052,35.22,35.12936215855052
68,53,70.34936220293062,35.22,35.12936220293062
68,54,70.34936240738202,35.22,35.12936240738202
68,55,70.34936223175879,35.22,35.12936223175879
68,56,70.04936222043985,34.92,35.129362220439845
68,57,70.04936235637592,34.92,35.12936235637592
68,58,72.76353707117246,34.92,37.84353707117246
68,59,88.14715348371378,34.92,53.22715348371378
68,60,133.6909222781758,34.76,98.93092227817581
68,61,102.66528462923594,34.76,67.90528462923595
68,62,86.05796237360738,34.76,51.29796237360738
68,63,147.56692788079852,34.76,112.80692788079853
68,64,82.7521113836563,40.47,42.2821113836563
68,65,82.07451214924185,40.47,41.604512149241856
68,66,3420.9675640084206,40.47,3380.497564008421
68,67,81.385704503975,40.47,40.91570450397501
68,68,93.50288051423445,48.01,45.49288051423445
68,69,89.07819119370319,48.01,41.06819119370319
68,70,89.4806113809768,48.01,41.4706113809768
68,71,6469.972012389159,48.01,6421.962012389159
68,72,91.04597284856237,51.61,39.43597284856237
68,73,1520.0120893188525,51.61,1468.4020893188526
68,74,2448.5963965617448,51.61,2396.9863965617446
68,75,91.92427867791733,51.61,40.31427867791733
68,76,85.08620976311606,47.16,37.92620976311606
68,77,87.34449710337248,47.16,40.18449710337248
68,78,98.45391355901046,47.16,51.29391355901046
68,79,88.97465227350534,47.16,41.814652273505345
68,80,72.52695985368621,37.13,35.396959853686205
68,81,72.37878686102292,37.13,35.248786861022914
68,82,72.25936210990639,37.13,35.12936210990639
68,83,72.25936206122452,37.13,35.12936206122452
68,84,74.03293498779684,34.69,39.34293498779684
68,85,78.15238375925053,34.69,43.46238375925053
68,86,69.81936178332627,34.69,35.129361783326274
68,87,69.81936157440393,34.69,35.12936157440393
68,88,66.92936128451755,31.8,35.12936128451756
68,89,66.9293607899297,31.8,35.129360789929706
68,90,66.92935993201985,31.8,35.12935993201985
68,91,66.92935769216075,31.8,35.12935769216075
68,92,81.82433418847165,26.21,55.61433418847165
68,93,62.068955435050725,26.21,35.858955435050724
68,94,290.15795419786554,26.21,263.94795419786556
68,95,68.79813153069597,26.21,42.58813153069597
74,0,68.29717280857977,31.0,37.297172808579774
74,1,58.497267930115314,31.0,27.497267930115314
74,2,58.10819130357571,31.0,27.10819130357571
74,3,58.48974424946988,31.0,27.48974424946988
74,4,52.340630999741606,30.94,21.400630999741605
74,5,60.56286847103836,30.94,29.622868471038355
74,6,55.33679428252769,30.94,24.39679428252769
74,7,56.853047421021905,30.94,25.913047421021904
74,8,47.78375874240068,31.32,16.463758742400678
74,9,47.783758739314194,31.32,16.463758739314194
74,10,47.78375873947128,31.32,16.46375873947128
74,11,47.783758738968245,31.32,16.463758738968245
74,12,43.61942290205876,29.03,14.589422902058757
74,13,40.93903113819264,29.03,11.909031138192638
74,14,29.467534086295522,29.03,0.43753408629552126
74,15,39.54072975651212,29.03,10.51072975651212
74,16,36.89799320910864,28.2,8.697993209108642
74,17,38.54326778874632,28.2,10.34326778874632
74,18,39.587707015098054,28.2,11.387707015098055
74,19,38.37616444069684,28.2,10.17616444069684
74,20,60.213758753386294,43.75,16.463758753386294
74,21,60.21375876363514,43.75,16.46375876363514
74,22,60.21375876842495,43.75,16.463758768424952
74,23,60.21375877610241,43.75,16.46375877610241
74,24,68.25375878092349,51.79,16.46375878092349
74,25,68.25375878926536,51.79,16.463758789265363
74,26,68.25375879848845,51.79,16.46375879848845
74,27,68.25375880491791,51.79,16.46375880491791
74,28,68.86375880878127,52.4,16.46375880878127
74,29,68.863758817303,52.4,16.463758817302995
74,30,68.86375882573645,52.4,16.463758825736456
74,31,68.86375884246175,52.4,16.46375884246175
74,32,65.88375883889566,49.42,16.463758838895657
74,33,65.88375884364918,49.42,16.463758843649174
74,34,65.8837588489315,49.42,16.463758848931505
74,35,65.88375885223041,49.42,16.463758852230413
74,36,65.84375885955414,49.38,16.46375885955414
74,37,65.8437588701336,49.38,16.463758870133596
74,38,65.84375887122147,49.38,16.463758871221465
74,39,65.84375887532428,49.38,16.46375887532428
74,40,62.84375888558791,46.38,16.463758885587907
74,41,62.843758899701555,46.38,16.463758899701553
74,42,62.843758895903,46.38,16.463758895903
74,43,62.84375889822486,46.38,16.46375889822486
74,44,52.74375890041112,36.28,16.463758900411122
74,45,52.74375890232286,36.28,16.46375890232286
74,46,52.74375890918156,36.28,16.463758909181557
74,47,52.74375891114772,36.28,16.46375891114772
74,48,52.043758914946295,35.58,16.463758914946297
74,49,52.043758913241895,35.58,16.463758913241897
74,50,52.04375892106599,35.58,16.46375892106599
74,51,52.04375892072173,35.58,16.46375892072173
74,52,51.68375892473439,35.22,16.463758924734393
74,53,51.68375892958811,35.22,16.46375892958811
74,54,51.68375892774313,35.22,16.46375892774313
74,55,51.68375892982823,35.22,16.46375892982823
74,56,51.38375893133765,34.92,16.46375893133765
74,57,51.38375893882226,34.92,16.46375893882226
74,58,54.09643792511449,34.92,19.17643792511449
74,59,69.46934689540879,34.92,34.54934689540879
74,60,114.99522907926777,34.76,80.23522907926778
74,61,84.01902880535266,34.76,49.25902880535266
74,62,67.39075453346976,34.76,32.63075453346976
74,63,128.97814672590545,34.76,94.21814672590546
74,64,64.0952016292552,40.47,23.6252016292552
74,65,63.44554919377215,40.47,22.975549193772153
74,66,1866.6466154801583,40.47,1826.1766154801583
74,67,62.74689926390086,40.47,22.27689926390086
74,68,74.88139509944334,48.01,26.87139509944334
74,69,70.42103186016539,48.01,22.411031860165387
74,70,70.8811678669579,48.01,22.871167866957897
74,71,151.44819097246827,48.01,103.43819097246828
74,72,72.3932544152442,51.61,20.7832544152442
74,73,1836.5389828526168,51.61,1784.9289828526169
74,74,2931.3621814110534,51.61,2879.7521814110532
74,75,73.2730141502871,51.61,21.663014150287097
74,76,66.42715776365938,47.16,19.267157763659384
74,77,68.69183653626676,47.16,21.531836536266766
74,78,79.85444673667854,47.16,32.69444673667854
74,79,70.33053546510736,47.16,23.170535465107363
74,80,53.86213562822023,37.13,16.732135628220227
74,81,53.71350192895073,37.13,16.583501928950724
74,82,53.59375874529827,37.13,16.463758745298264
74,83,53.59375867372219,37.13,16.46375867372219
74,84,55.380686249161144,34.69,20.690686249161146
74,85,59.50573124936096,34.69,24.815731249360965
74,86,51.15375825590041,34.69,16.46375825590041
74,87,51.15375794794156,34.69,16.46375794794156
74,88,48.26375741616319,31.8,16.463757416163187
74,89,48.26375648620055,31.8,16.46375648620055
74,90,48.263754137411794,31.8,16.463754137411794
74,91,48.26374394596181,31.8,16.463743945961806
74,92,55.20374099149785,26.21,28.99374099149785
74,93,55.82116494030182,26.21,29.61116494030182
74,94,335.34876269862474,26.21,309.13876269862476
74,95,61.43285457768567,26.21,35.222854577685666
