7,8,9,10,11,12,13,14,15,16,17,18,19,20,21,22,23,24,25,26,27,28,29,30,31,32,33,34,35,36,37,38,39,40,41,42,43,44,45,46,47,48,49,50,51,52,53,54,55,56,57,58,59,60,61,62,63,64,65,66,67,68,69,70,71,72,73,74
0.320983560823125,0.7603726041353963,0.18587202512451279,0.2379161921593764,0.8997742482268856,0.559006497013547,0.4658387475112892,0.1888138593077206,0.311542867857739,0.10288068261952892,0.20769524523849267,0.7857183576065763,0.22132256607922307,0.14403295566734048,0.8871013714912956,0.1594650580602698,0.20817666813945432,0.18518522871515206,0.8110641110777561,0.15808754719944507,0.1888138593077206,0.10288068261952892,0.7603726041353963,0.16356738210957128,0.18587202512451279,0.23048131115439588,0.17100226311455177,0.2379161921593764,0.22657663116926471,0.2055138113592786,0.23048131115439588,0.15613250110459076,0.2453510731643569,0.10288068261952892,0.37800016744008047,0.3600001594667433,0.23048131115439588,0.14869762009961024,0.1818006792793618,0.15613250110459076,0.7603726041353963,0.10288068261952892,0.7857183576065763,0.1888138593077206,0.1888138593077206,0.24615384615384614,0.3600001594667433,0.2568922641990982,0.10288068261952892,0.5322608228947775,0.29738182840965993,0.2453510731643569,0.7603726041353963,0.11316875088148182,0.1888138593077206,0.23601732413465076,0.8110641110777561,0.16748402869741114,0.2371313207991676,0.30210217489235297,0.23048131115439588,0.12345681914343469,0.22304643014941536,0.23601732413465076,0.1888138593077206,0.22657663116926471,0.28322078896158087,0.20769524523849267
0.09510940776430396,0.44239463653812905,0.27880803768676915,0.35687428823906453,0.5235003199034527,0.38011843547567536,0.3167653628963961,0.05594671044959056,0.09231207224182443,0.06172723426261106,0.06154138149454962,0.45714112442273336,0.030882474199818072,0.08641812796765548,0.5161270759611505,0.09567721310704715,0.31226500220918146,0.1111090216726999,0.47188761230733767,0.022058910142727196,0.05594671044959056,0.06172723426261106,0.44239463653812905,0.2453510731643569,0.27880803768676915,0.3457219667315938,0.2565033946718276,0.35687428823906453,0.06713605253950868,0.028676583185545355,0.3457219667315938,0.2341987516568861,0.3680266097465353,0.06172723426261106,0.2520015069607234,0.24000143520068892,0.3457219667315938,0.22304643014941533,0.025367746664136274,0.2341987516568861,0.44239463653812905,0.06172723426261106,0.45714112442273336,0.05594671044959056,0.05594671044959056,0.28131628131628134,0.24000143520068892,0.035845728981931696,0.06172723426261106,0.3096762455766903,0.08811606895810513,0.3680266097465353,0.44239463653812905,0.06789995768887216,0.05594671044959056,0.0699333880619882,0.47188761230733767,0.03865127988707308,0.033088365214090795,0.0895147367193449,0.3457219667315938,0.07407268111513327,0.334569645224123,0.0699333880619882,0.05594671044959056,0.06713605253950868,0.08392006567438584,0.06154138149454962
0.14266022423503744,0.24885153144302236,0.34386480224195615,0.4401469468697039,0.2944743122075764,0.41321773144612084,0.34434810953843403,0.08391777896178673,0.1384643352869481,0.07818743829627192,0.09230955685796541,0.2571465824911231,0.2058831613321205,0.10946241361478068,0.2903267866835261,0.12119052935922148,0.3851285785109909,0.14073738893328946,0.26544163353922384,0.14705940095151465,0.08391777896178673,0.07818743829627192,0.24885153144302236,0.30260102597292143,0.34386480224195615,0.4263923547800257,0.31635561806259965,0.4401469468697039,0.10070133475414407,0.19117722123696906,0.4263923547800257,0.2888464338832432,0.4539015389593821,0.07818743829627192,0.26599949767975894,0.25333285493310376,0.4263923547800257,0.27509184179356494,0.16911831109424183,0.2888464338832432,0.24885153144302236,0.07818743829627192,0.2571465824911231,0.08391777896178673,0.08391777896178673,0.24615384615384614,0.25333285493310376,0.23897152654621132,0.07818743829627192,0.17419607201011564,0.1321705018648141,0.4539015389593821,0.24885153144302236,0.08600618212589912,0.08391777896178673,0.10489722370223342,0.26544163353922384,0.0061847868795203605,0.22058910142727198,0.1342684463388588,0.4263923547800257,0.0938249259555263,0.4126377626903474,0.10489722370223342,0.08391777896178673,0.10070133475414407,0.12587666844268008,0.09230955685796541
0.035663112353050135,0.38709530697086286,0.2881063062278174,0.36877607197160633,0.458062779915521,0.3353992962900231,0.27949941357501923,0.02097830138414714,0.034614197283842775,0.05349713224578064,0.023076131522561855,0.3999984838698916,0.1544123709990904,0.07489598514409289,0.4516111914660067,0.08292055498096,0.32267906297515553,0.09629483804240516,0.41290166076892043,0.110294550713636,0.02097830138414714,0.05349713224578064,0.38709530697086286,0.25353354948047935,0.2881063062278174,0.35725181972249365,0.26505780172959204,0.36877607197160633,0.025173961660976567,0.1433829159277268,0.35725181972249365,0.24200929723136666,0.38030032422071897,0.05349713224578064,0.18872171458642303,0.17973496627278385,0.35725181972249365,0.23048504498225394,0.12683873332068138,0.24200929723136666,0.38709530697086286,0.05349713224578064,0.3999984838698916,0.02097830138414714,0.02097830138414714,0.24615384615384614,0.17973496627278385,0.1792286449096585,0.05349713224578064,0.270966714879604,0.03304082468003174,0.38030032422071897,0.38709530697086286,0.05884684547035871,0.02097830138414714,0.026222876730183923,0.41290166076892043,0.0061847868795203605,0.165441826070454,0.03356528221463542,0.35725181972249365,0.06419655869493676,0.3457275674733809,0.026222876730183923,0.02097830138414714,0.025173961660976567,0.03146745207622071,0.023076131522561855
0.190211040705771,0.04147222298028727,0.2509287896796998,0.3211888507900158,0.04907546386000661,0.05545311316564035,0.046210927638033625,0.11188884747398294,0.18461659833207184,0.0,0.12307773222138124,0.042854630412963515,0.02573356281370863,0.0,0.048384260143668485,0.0,0.28104024444126374,0.0,0.04423703784563976,0.018381116295506164,0.11188884747398294,0.0,0.04147222298028727,0.22081733491813585,0.2509287896796998,0.31115169920282776,0.2308544865053238,0.3211888507900158,0.1342666169687795,0.023895451184158013,0.31115169920282776,0.21078018333094786,0.33122600237720373,0.0,0.6719998325599196,0.6399998405332568,0.31115169920282776,0.20074303174375985,0.02113828373983209,0.21078018333094786,0.04147222298028727,0.0,0.042854630412963515,0.11188884747398294,0.11188884747398294,0.23736183736183733,0.6399998405332568,0.029869313980197515,0.0,0.029030556086201094,0.17622493477152312,0.33122600237720373,0.04147222298028727,0.0,0.11188884747398294,0.13986105934247867,0.04423703784563976,0.0,0.027571674443259246,0.1790221559583727,0.31115169920282776,0.0,0.30111454761563977,0.13986105934247867,0.11188884747398294,0.1342666169687795,0.1678332712109744,0.12307773222138124
0.14266022423503744,0.3594501905775545,0.23234262434165354,0.29739855915731656,0.4253493921834395,0.2566949918987067,0.21391249324892223,0.08391777896178673,0.1384643352869481,0.04115051008415212,0.09230955685796541,0.3714318635968063,0.2161773193987265,0.05761071411781296,0.4193585556738136,0.06378329063043578,0.26022373926265197,0.07407091815147382,0.38341353661605815,0.15441237099909036,0.08391777896178673,0.04115051008415212,0.3594501905775545,0.20446150942065514,0.23234262434165354,0.2881048541836504,0.21375521439432124,0.29739855915731656,0.10070133475414407,0.20073608229881748,0.2881048541836504,0.195167804446989,0.30669226413098266,0.04115051008415212,0.5527197053054586,0.5263997193385319,0.2881048541836504,0.18587409947332284,0.1775742266489539,0.195167804446989,0.3594501905775545,0.04115051008415212,0.3714318635968063,0.08391777896178673,0.08391777896178673,0.24615384615384614,0.5263997193385319,0.25092010287352184,0.04115051008415212,0.25161513340428815,0.1321705018648141,0.30669226413098266,0.3594501905775545,0.04526556109256733,0.08391777896178673,0.10489722370223342,0.38341353661605815,0.012883759962357699,0.23161855649863555,0.1342684463388588,0.2881048541836504,0.04938061210098254,0.2788111492099843,0.10489722370223342,0.08391777896178673,0.10070133475414407,0.12587666844268008,0.09230955685796541
0.1307725201173541,0.16589798870179837,0.2044633763345842,0.26171312170826777,0.19631261996379473,0.05545311316564035,0.046210927638033625,0.0769250118337377,0.1269262695256672,0.0329204080673217,0.08461751301711148,0.171427921658525,0.26249919834564717,0.04608857129425038,0.19354765348543143,0.05102663250434864,0.22899898149473427,0.059256734521179064,0.1769578546152516,0.18749942738974798,0.0769250118337377,0.0329204080673217,0.16589798870179837,0.17992777117443412,0.2044633763345842,0.25353458665488443,0.18810630622781743,0.26171312170826777,0.09231001420048525,0.24374925560667238,0.25353458665488443,0.17174923612105072,0.2698916567616511,0.0329204080673217,0.6087200401856193,0.5797333716053517,0.25353458665488443,0.16357070106766736,0.21562434149821016,0.17174923612105072,0.16589798870179837,0.0329204080673217,0.171427921658525,0.0769250118337377,0.0769250118337377,0.23736183736183733,0.5797333716053517,0.30468656950834044,0.0329204080673217,0.11612859209125886,0.12115689363813688,0.2698916567616511,0.16589798870179837,0.03621244887405387,0.0769250118337377,0.09615626479217212,0.1769578546152516,0.0061847868795203605,0.28124914108462196,0.12308001893398034,0.25353458665488443,0.03950448968078604,0.24535605160150104,0.09615626479217212,0.0769250118337377,0.09231001420048525,0.11538751775060656,0.08461751301711148
0.10699711188198734,0.16589798870179837,0.2044633763345842,0.26171312170826777,0.19631261996379473,0.18961053072259695,0.15800877560216414,0.06293947757763961,0.10385013800310536,0.07407385642423955,0.06923342533540358,0.171427921658525,0.11323573873266626,0.10370339899393537,0.19354765348543143,0.11481447745757131,0.22899898149473427,0.1333329415636312,0.1769578546152516,0.08088267052333305,0.06293947757763961,0.07407385642423955,0.16589798870179837,0.17992777117443412,0.2044633763345842,0.25353458665488443,0.18810630622781743,0.26171312170826777,0.07552737309316752,0.10514747168033296,0.25353458665488443,0.17174923612105072,0.2698916567616511,0.07407385642423955,0.7347228866669856,0.6997360825399862,0.25353458665488443,0.16357070106766736,0.09301507110183299,0.17174923612105072,0.16589798870179837,0.07407385642423955,0.171427921658525,0.06293947757763961,0.06293947757763961,0.24615384615384614,0.6997360825399862,0.1314343396004162,0.07407385642423955,0.11612859209125886,0.09912967718478238,0.2698916567616511,0.16589798870179837,0.08148124206666352,0.06293947757763961,0.07867434697204952,0.1769578546152516,0.012883759962357699,0.12132400578499958,0.10070316412422338,0.25353458665488443,0.08888862770908747,0.24535605160150104,0.07867434697204952,0.06293947757763961,0.07552737309316752,0.09440921636645941,0.06923342533540358
0.11888481599967073,0.13825287230848995,0.2509287896796998,0.3211888507900158,0.1635992322317131,0.05545311316564035,0.046210927638033625,0.06993224470568866,0.11538820376438629,0.0452670302289502,0.07692546917625753,0.14286130138543962,0.1492634596129809,0.06337384232053027,0.16129501769323829,0.07016389685487281,0.28104024444126374,0.08148065441211036,0.1474697304623893,0.10661675686641495,0.06993224470568866,0.0452670302289502,0.13825287230848995,0.22081733491813585,0.2509287896796998,0.31115169920282776,0.2308544865053238,0.3211888507900158,0.0839186936468264,0.13860178392633943,0.31115169920282776,0.21078018333094786,0.33122600237720373,0.0452670302289502,0.3920023441611252,0.3733355658677383,0.31115169920282776,0.20074303174375985,0.12260927039637717,0.21078018333094786,0.13825287230848995,0.0452670302289502,0.14286130138543962,0.06993224470568866,0.06993224470568866,0.24615384615384614,0.3733355658677383,0.1732522299079243,0.0452670302289502,0.09677701061594297,0.11014328541145964,0.33122600237720373,0.13825287230848995,0.049793733251845225,0.06993224470568866,0.08741530588211083,0.1474697304623893,0.012883759962357699,0.15992513529962243,0.11189159152910187,0.31115169920282776,0.05432043627474024,0.30111454761563977,0.08741530588211083,0.06993224470568866,0.0839186936468264,0.104898367058533,0.07692546917625753
0.035663112353050135,0.055299329567266145,0.269514955017746,0.3449791424227149,0.0654375399879316,0.3684985922604686,0.30708216021705714,0.02097830138414714,0.034614197283842775,0.02057672417845894,0.023076131522561855,0.05714264055284169,0.2058831613321205,0.028807413849842513,0.06451588449514384,0.03189392247661136,0.3018567496198755,0.03703810352122609,0.05898595153841723,0.14705940095151465,0.02097830138414714,0.02057672417845894,0.055299329567266145,0.2371731604156165,0.269514955017746,0.33419854422200507,0.2479537586163263,0.3449791424227149,0.025173961660976567,0.19117722123696906,0.33419854422200507,0.22639256221490664,0.3557597406234247,0.02057672417845894,0.3007223843467446,0.2864022708064234,0.33419854422200507,0.2156119640141968,0.16911831109424183,0.22639256221490664,0.055299329567266145,0.02057672417845894,0.05714264055284169,0.02097830138414714,0.02097830138414714,0.2285698285698286,0.2864022708064234,0.23897152654621132,0.02057672417845894,0.038709530697086304,0.03304082468003174,0.3557597406234247,0.055299329567266145,0.022634396596304836,0.02097830138414714,0.026222876730183923,0.05898595153841723,0.012883759962357699,0.22058910142727198,0.03356528221463542,0.33419854422200507,0.024692069014150726,0.3234179460212952,0.026222876730183923,0.02097830138414714,0.025173961660976567,0.03146745207622071,0.023076131522561855
0.16643563247040422,0.13825287230848995,0.27880803768676915,0.35687428823906453,0.1635992322317131,0.16724520873213952,0.13937100727678295,0.09790331321788484,0.16154046680950998,0.057613652390578717,0.10769364453967334,0.14286130138543962,0.24705979359854457,0.0806591133468102,0.16129501769323829,0.08930116120539701,0.31226500220918146,0.1037045743030417,0.1474697304623893,0.17647128114181757,0.09790331321788484,0.057613652390578717,0.13825287230848995,0.2453510731643569,0.27880803768676915,0.3457219667315938,0.2565033946718276,0.35687428823906453,0.11748397586146181,0.22941266548436284,0.3457219667315938,0.2341987516568861,0.3680266097465353,0.057613652390578717,0.3007223843467446,0.2864022708064234,0.3457219667315938,0.22304643014941533,0.2029419733130902,0.2341987516568861,0.13825287230848995,0.057613652390578717,0.14286130138543962,0.09790331321788484,0.09790331321788484,0.2725242725242725,0.2864022708064234,0.28676583185545357,0.057613652390578717,0.09677701061594297,0.15419771831816861,0.3680266097465353,0.13825287230848995,0.0633750176296366,0.09790331321788484,0.12237914152235604,0.1474697304623893,0.012883759962357699,0.26470692171272636,0.15664530114861575,0.3457219667315938,0.06913638286869446,0.334569645224123,0.12237914152235604,0.09790331321788484,0.11748397586146181,0.14685496982682728,0.10769364453967334
0.24964956129418783,0.06912643615424502,0.3066924715658637,0.3925663636043055,0.0817996161158566,0.20124187873306645,0.16770156561088873,0.14685268311422814,0.2423069271384764,0.0452670302289502,0.16153795142565097,0.07143065069271985,0.0,0.06337384232053027,0.08064750884661918,0.07016389685487281,0.3434955681537673,0.08148065441211036,0.07373486523119469,0.0,0.14685268311422814,0.0452670302289502,0.06912643615424502,0.26988937497796006,0.3066924715658637,0.380298664741671,0.2821570738405946,0.3925663636043055,0.17622321973707375,0.0,0.380298664741671,0.2576216761153255,0.40483406246694004,0.0452670302289502,0.18872171458642303,0.17973496627278385,0.380298664741671,0.24535397725269095,0.0,0.2576216761153255,0.06912643615424502,0.0452670302289502,0.07143065069271985,0.14685268311422814,0.14685268311422814,0.2549402549402549,0.17973496627278385,0.0,0.0452670302289502,0.04838850530797151,0.2312929759049093,0.40483406246694004,0.06912643615424502,0.049793733251845225,0.14685268311422814,0.18356585389278518,0.07373486523119469,0.0061847868795203605,0.0,0.23496429298276503,0.380298664741671,0.05432043627474024,0.36803096587903644,0.18356585389278518,0.14685268311422814,0.17622321973707375,0.2202790246713422,0.16153795142565097
0.05944629541125384,0.23502442485604338,0.26022187234872296,0.3330839966063654,0.2781122360796513,0.11179209556649936,0.09316007963874946,0.034968409065443434,0.05769787495798166,0.06172723426261106,0.03846524997198778,0.24285857235124483,0.24191088221243515,0.08641812796765548,0.2741951623320506,0.09567721310704715,0.2914484970305697,0.1111090216726999,0.2506927198464463,0.17279348729459654,0.034968409065443434,0.06172723426261106,0.23502442485604338,0.2289952476668762,0.26022187234872296,0.32267512171241647,0.23940412256082508,0.3330839966063654,0.04196209087853212,0.22463153348297552,0.32267512171241647,0.21858637277292728,0.34349287150031427,0.06172723426261106,0.14671937042529792,0.13973273373837897,0.32267512171241647,0.20817749787897835,0.198712510388786,0.21858637277292728,0.23502442485604338,0.06172723426261106,0.24285857235124483,0.034968409065443434,0.034968409065443434,0.2725242725242725,0.13973273373837897,0.2807894168537194,0.06172723426261106,0.16451709739923037,0.05507524427807341,0.34349287150031427,0.23502442485604338,0.06789995768887216,0.034968409065443434,0.04371051133180429,0.2506927198464463,0.0061847868795203605,0.2591902309418948,0.0559494545047095,0.32267512171241647,0.07407268111513327,0.31226624681846754,0.04371051133180429,0.034968409065443434,0.04196209087853212,0.05245261359816515,0.03846524997198778
0.05944629541125384,0.13825287230848995,0.10222909523127952,0.13085324189603778,0.1635992322317131,0.17887655674260902,0.14906379728550753,0.034968409065443434,0.05769787495798166,0.057613652390578717,0.03846524997198778,0.14286130138543962,0.3088247419981807,0.0806591133468102,0.16129501769323829,0.08930116120539701,0.11449658665903305,0.1037045743030417,0.1474697304623893,0.22058910142727195,0.034968409065443434,0.057613652390578717,0.13825287230848995,0.08996160380352598,0.10222909523127952,0.1267640780867866,0.09405076761277714,0.13085324189603778,0.04196209087853212,0.28676583185545357,0.1267640780867866,0.0858724399942748,0.13494240570528895,0.057613652390578717,0.12600284648136625,0.12000271093463453,0.1267640780867866,0.08178327618502361,0.2536774666413627,0.0858724399942748,0.13825287230848995,0.057613652390578717,0.14286130138543962,0.034968409065443434,0.034968409065443434,0.24615384615384614,0.12000271093463453,0.3584572898193169,0.057613652390578717,0.09677701061594297,0.05507524427807341,0.13494240570528895,0.13825287230848995,0.0633750176296366,0.034968409065443434,0.04371051133180429,0.1474697304623893,0.0061847868795203605,0.3308836521409079,0.0559494545047095,0.1267640780867866,0.06913638286869446,0.12267491427753541,0.04371051133180429,0.034968409065443434,0.04196209087853212,0.05245261359816515,0.03846524997198778
0.07133399952893721,0.0,0.13940661177939714,0.17844046307762837,0.0,0.14489139153694486,0.12074282628078739,0.041961176193492475,0.06923594071926258,0.00823010201683042,0.046157293812841726,0.0,0.02058831613321205,0.011522142823562587,0.0,0.012756658126087152,0.1561354051929248,0.014814183630294757,0.0,0.014705940095151467,0.041961176193492475,0.00823010201683042,0.0,0.12267781836586951,0.13940661177939714,0.17286419860645247,0.12825408283704537,0.17844046307762837,0.05035341143219097,0.019117722123696907,0.17286419860645247,0.11710155389469361,0.18401672754880422,0.00823010201683042,0.12600284648136625,0.12000271093463453,0.17286419860645247,0.11152528942351772,0.016911831109424187,0.11710155389469361,0.0,0.00823010201683042,0.0,0.041961176193492475,0.041961176193492475,0.24615384615384614,0.12000271093463453,0.023897152654621133,0.00823010201683042,0.0,0.06608885250475065,0.18401672754880422,0.0,0.009053112218513463,0.041961176193492475,0.0524514702418656,0.0,0.0061847868795203605,0.0220589101427272,0.06713788190958796,0.17286419860645247,0.009876122420196504,0.1672879341352766,0.0524514702418656,0.041961176193492475,0.05035341143219097,0.0629417642902387,0.046157293812841726
0.23776185717650444,0.01382710658697887,0.13940661177939714,0.17844046307762837,0.016362076127924997,0.15652273954741422,0.13043561628951184,0.13985991598617908,0.2307688613771955,0.06172723426261106,0.153845907584797,0.014288010139878167,0.3088247419981807,0.08641812796765548,0.01613162435147535,0.09567721310704715,0.1561354051929248,0.1111090216726999,0.014748913692777463,0.22058910142727195,0.13985991598617908,0.06172723426261106,0.01382710658697887,0.12267781836586951,0.13940661177939714,0.17286419860645247,0.12825408283704537,0.17844046307762837,0.1678318991834149,0.28676583185545357,0.17286419860645247,0.11710155389469361,0.18401672754880422,0.06172723426261106,0.23071987274553904,0.2197332121386086,0.17286419860645247,0.11152528942351772,0.2536774666413627,0.11710155389469361,0.01382710658697887,0.06172723426261106,0.014288010139878167,0.13985991598617908,0.13985991598617908,0.28131628131628134,0.2197332121386086,0.3584572898193169,0.06172723426261106,0.00967897461088521,0.22027936767823206,0.18401672754880422,0.01382710658697887,0.06789995768887216,0.13985991598617908,0.17482489498272386,0.014748913692777463,0.012883759962357699,0.3308836521409079,0.22377586557788653,0.17286419860645247,0.07407268111513327,0.1672879341352766,0.17482489498272386,0.13985991598617908,0.1678318991834149,0.20978987397926863,0.153845907584797
0.14266022423503744,0.06912643615424502,0.08364292989323327,0.10706295026333859,0.0817996161158566,0.0,0.0,0.08391777896178673,0.1384643352869481,0.028806826195289358,0.09230955685796541,0.07143065069271985,0.23161672414582915,0.0403295566734051,0.08064750884661918,0.044650580602698504,0.09368008148042126,0.05185228715152085,0.07373486523119469,0.16544051724702083,0.08391777896178673,0.028806826195289358,0.06912643615424502,0.07360577830604528,0.08364292989323327,0.10371723306760926,0.0769514955017746,0.10706295026333859,0.10070133475414407,0.2150726724211271,0.10371723306760926,0.07026006111031595,0.11040866745906791,0.028806826195289358,0.10472121226618193,0.09973448787255422,0.10371723306760926,0.06691434391458662,0.19025659483407395,0.07026006111031595,0.06912643615424502,0.028806826195289358,0.07143065069271985,0.08391777896178673,0.08391777896178673,0.2285698285698286,0.09973448787255422,0.26884084052640883,0.028806826195289358,0.04838850530797151,0.1321705018648141,0.11040866745906791,0.06912643615424502,0.0316875088148183,0.08391777896178673,0.10489722370223342,0.07373486523119469,0.019068546841878028,0.24816077587053126,0.1342684463388588,0.10371723306760926,0.03456819143434723,0.10037151587187992,0.10489722370223342,0.08391777896178673,0.10070133475414407,0.12587666844268008,0.09230955685796541
0.08322170364662057,0.16589798870179837,0.018586165338046256,0.02379029163269921,0.19631261996379473,0.14489139153694486,0.12074282628078739,0.048953943321541515,0.08077400648054349,0.04115051008415212,0.05384933765369567,0.171427921658525,0.23676563553193855,0.05761071411781296,0.19354765348543143,0.06378329063043578,0.02081650517861181,0.07407091815147382,0.1769578546152516,0.16911831109424183,0.048953943321541515,0.04115051008415212,0.16589798870179837,0.016355825497480707,0.018586165338046256,0.02304684501917736,0.017099272111002557,0.02379029163269921,0.05874473198584981,0.2198538044225144,0.02304684501917736,0.015612378883958857,0.024533738246221057,0.04115051008415212,0.12600284648136625,0.12000271093463453,0.02304684501917736,0.014868932270437006,0.1944860577583781,0.015612378883958857,0.16589798870179837,0.04115051008415212,0.171427921658525,0.048953943321541515,0.048953943321541515,0.23736183736183733,0.12000271093463453,0.27481725552814296,0.04115051008415212,0.11612859209125886,0.07710246073142789,0.024533738246221057,0.16589798870179837,0.04526556109256733,0.048953943321541515,0.061192429151926894,0.1769578546152516,0.012883759962357699,0.25367746664136276,0.07832630931446644,0.02304684501917736,0.04938061210098254,0.022303398405655508,0.061192429151926894,0.048953943321541515,0.05874473198584981,0.07343091498231227,0.05384933765369567
0.07133399952893721,0.13825287230848995,0.06505676455518702,0.08327265863063939,0.1635992322317131,0.07780693036083518,0.06483910863402931,0.041961176193492475,0.06923594071926258,0.07407385642423955,0.046157293812841726,0.14286130138543962,0.24705979359854457,0.10370339899393537,0.16129501769323829,0.11481447745757131,0.07286357630180945,0.1333329415636312,0.1474697304623893,0.17647128114181757,0.041961176193492475,0.07407385642423955,0.13825287230848995,0.05724995280856458,0.06505676455518702,0.0806703880484319,0.05985222339077205,0.08327265863063939,0.05035341143219097,0.22941266548436284,0.0806703880484319,0.054647682226357096,0.08587492921284685,0.07407385642423955,0.01400217672104477,0.01333540640099502,0.0806703880484319,0.052045411644149615,0.2029419733130902,0.054647682226357096,0.13825287230848995,0.07407385642423955,0.14286130138543962,0.041961176193492475,0.041961176193492475,0.23736183736183733,0.01333540640099502,0.28676583185545357,0.07407385642423955,0.09677701061594297,0.06608885250475065,0.08587492921284685,0.13825287230848995,0.08148124206666352,0.041961176193492475,0.0524514702418656,0.1474697304623893,0.03195230680423574,0.26470692171272636,0.06713788190958796,0.0806703880484319,0.08888862770908747,0.07806811746622443,0.0524514702418656,0.041961176193492475,0.05035341143219097,0.0629417642902387,0.046157293812841726
0.16643563247040422,0.1520708821148195,0.13011352911037402,0.16654531726127875,0.17995054383586973,0.2566949918987067,0.21391249324892223,0.09790331321788484,0.16154046680950998,0.04938061210098256,0.10769364453967334,0.1571399115186468,0.11838098541316283,0.06913285694137558,0.17741602913395607,0.07653994875652297,0.1457271526036189,0.08888510178176862,0.16220894092247415,0.08455784672368774,0.09790331321788484,0.04938061210098256,0.1520708821148195,0.11449990561712915,0.13011352911037402,0.16134077609686379,0.11970444678154409,0.16654531726127875,0.11748397586146181,0.10992520074079407,0.16134077609686379,0.10929536445271418,0.1717498584256937,0.04938061210098256,0.224001339520643,0.21333460906727902,0.16134077609686379,0.10409082328829922,0.09724152373224089,0.10929536445271418,0.1520708821148195,0.04938061210098256,0.1571399115186468,0.09790331321788484,0.09790331321788484,0.23736183736183733,0.21333460906727902,0.13740650092599258,0.04938061210098256,0.10644961748037365,0.15419771831816861,0.1717498584256937,0.1520708821148195,0.05431867331108082,0.09790331321788484,0.12237914152235604,0.16220894092247415,0.0061847868795203605,0.12683677008553162,0.15664530114861575,0.16134077609686379,0.05925673452117907,0.15613623493244883,0.12237914152235604,0.09790331321788484,0.11748397586146181,0.14685496982682728,0.10769364453967334
0.023775408235366752,0.22119731826906458,0.11152217790030267,0.1427483877123874,0.2617501599517264,0.08943827837130451,0.07453189864275377,0.01398553425609809,0.023076131522561848,0.11522436650839167,0.0153840876817079,0.22857056221136676,0.3397072161979988,0.16131411311174834,0.25806353798057535,0.1785977680880071,0.12490483924833896,0.207403859715105,0.23594380615366892,0.24264801156999916,0.01398553425609809,0.11522436650839167,0.22119731826906458,0.09813951655226635,0.11152217790030267,0.1382875005963753,0.10260040366827844,0.1427483877123874,0.016782641107317708,0.3154424150409989,0.1382875005963753,0.09367862943625424,0.1472092748283995,0.11522436650839167,0.3847228866669857,0.366402749206653,0.1382875005963753,0.08921774232024213,0.27904521330549903,0.09367862943625424,0.22119731826906458,0.11522436650839167,0.22857056221136676,0.01398553425609809,0.01398553425609809,0.28131628131628134,0.366402749206653,0.39430301880124863,0.11522436650839167,0.15483812278834522,0.02202721645335449,0.1472092748283995,0.22119731826906458,0.12674680315923084,0.01398553425609809,0.017481917820122612,0.23594380615366892,0.012883759962357699,0.36397201735499873,0.022376854809756944,0.1382875005963753,0.13826923981007,0.13382661348036318,0.017481917820122612,0.01398553425609809,0.016782641107317708,0.020978301384147136,0.0153840876817079
0.23776185717650444,0.11059865913453229,0.07434984722421015,0.09516780444698898,0.1308750799758632,0.4024837574661328,0.33540313122177734,0.13985991598617908,0.2307688613771955,0.12345740679798788,0.153845907584797,0.11428528110568338,0.22132256607922307,0.172840369517183,0.12903176899028768,0.19135898053688122,0.08327182889111535,0.2222233322363782,0.11797190307683446,0.15808754719944507,0.13985991598617908,0.12345740679798788,0.11059865913453229,0.06542786555730493,0.07434984722421015,0.09219381055802058,0.06840185944627332,0.09516780444698898,0.1678318991834149,0.2055138113592786,0.09219381055802058,0.06245387166833652,0.09814179833595738,0.12345740679798788,0.3360020092809645,0.32000191360091856,0.09219381055802058,0.05947987777936811,0.1818006792793618,0.06245387166833652,0.11059865913453229,0.12345740679798788,0.11428528110568338,0.13985991598617908,0.13985991598617908,0.23736183736183733,0.32000191360091856,0.2568922641990982,0.12345740679798788,0.07741906139417261,0.22027936767823206,0.09814179833595738,0.11059865913453229,0.13580314747778668,0.13985991598617908,0.17482489498272386,0.11797190307683446,0.1479012956522161,0.2371313207991676,0.22377586557788653,0.09219381055802058,0.14814888815758545,0.08921981666905217,0.17482489498272386,0.13985991598617908,0.1678318991834149,0.20978987397926863,0.153845907584797
0.09510940776430396,0.09677155254755343,0.07434984722421015,0.09516780444698898,0.11451300384793821,0.3908524094556634,0.32571034121305287,0.05594671044959056,0.09231207224182443,0.07407385642423955,0.06154138149454962,0.09999727096580521,0.5352925547579004,0.10370339899393537,0.11290014463881233,0.11481447745757131,0.08327182889111535,0.1333329415636312,0.103222989384057,0.3823518248270717,0.05594671044959056,0.07407385642423955,0.09677155254755343,0.06542786555730493,0.07434984722421015,0.09219381055802058,0.06840185944627332,0.09516780444698898,0.06713605253950868,0.4970573722751932,0.09219381055802058,0.06245387166833652,0.09814179833595738,0.07407385642423955,0.3360020092809645,0.32000191360091856,0.09219381055802058,0.05947987777936811,0.4397045985511324,0.06245387166833652,0.09677155254755343,0.07407385642423955,0.09999727096580521,0.05594671044959056,0.05594671044959056,0.24615384615384614,0.32000191360091856,0.6213217153439915,0.07407385642423955,0.0677400867832874,0.08811606895810513,0.09814179833595738,0.09677155254755343,0.08148124206666352,0.05594671044959056,0.0699333880619882,0.103222989384057,0.20613530858448417,0.5735277372406076,0.0895147367193449,0.09219381055802058,0.08888862770908747,0.08921981666905217,0.0699333880619882,0.05594671044959056,0.06713605253950868,0.08392006567438584,0.06154138149454962
0.14266022423503744,0.055299329567266145,0.0,0.0,0.0654375399879316,0.3577646182804805,0.29813718190040045,0.08391777896178673,0.1384643352869481,0.29218184382492596,0.09230955685796541,0.05714264055284169,0.22647147746533255,0.4090545813548963,0.06451588449514384,0.4528818579286352,0.0,0.5259273188848668,0.05898595153841723,0.16176534104666612,0.08391777896178673,0.29218184382492596,0.055299329567266145,0.0,0.0,0.0,0.0,0.0,0.10070133475414407,0.21029494336066595,0.0,0.0,0.0,0.29218184382492596,0.40600033488016085,0.38666698560015317,0.0,0.0,0.18603014220366604,0.0,0.055299329567266145,0.29218184382492596,0.05714264055284169,0.08391777896178673,0.08391777896178673,0.30769230769230765,0.38666698560015317,0.26286867920083246,0.29218184382492596,0.038709530697086304,0.1321705018648141,0.0,0.055299329567266145,0.3214000282074186,0.08391777896178673,0.10489722370223342,0.05898595153841723,0.21231524465076568,0.24264801156999918,0.1342684463388588,0.0,0.35061821258991116,0.0,0.10489722370223342,0.08391777896178673,0.10070133475414407,0.12587666844268008,0.09230955685796541
0.0,0.09677155254755343,0.00929308266902312,0.011895145816349593,0.11451300384793821,2.0795032485067733,1.7329193737556445,0.0,0.0,1.0905340604579004,0.0,0.09999727096580521,0.20073424994601105,1.5267476846410604,0.11290014463881233,1.6903277937097456,0.010408252589305892,1.9629613088242206,0.103222989384057,0.14338160710429362,0.0,1.0905340604579004,0.09677155254755343,0.008177912748740345,0.00929308266902312,0.011523422509588668,0.008549636055501268,0.011895145816349593,0.0,0.1863960892355817,0.011523422509588668,0.00780618944197942,0.012266869123110516,1.0905340604579004,0.5947220494665839,0.5664019518729371,0.011523422509588668,0.007434466135218495,0.16488884816993765,0.00780618944197942,0.09677155254755343,1.0905340604579004,0.09999727096580521,0.0,0.0,0.5098861098861098,0.5664019518729371,0.23299511154447713,1.0905340604579004,0.0677400867832874,0.0,0.012266869123110516,0.09677155254755343,1.1995874665036905,0.0,0.0,0.103222989384057,0.20613530858448417,0.21507241065644045,0.0,0.011523422509588668,1.3086408725494805,0.011151699202827742,0.0,0.0,0.0,0.0,0.0
0.09510940776430396,0.13825287230848995,0.05576368188616388,0.07137751281428976,0.1635992322317131,1.7440924474214876,1.4534103728512395,0.05594671044959056,0.09231207224182443,0.15226129472051148,0.06154138149454962,0.14286130138543962,0.9316158079694257,0.21316581260871606,0.16129501769323829,0.2360050068167928,0.06245532371250354,0.27407033049692064,0.1474697304623893,0.6654398628353041,0.05594671044959056,0.15226129472051148,0.13825287230848995,0.04907204005982422,0.05576368188616388,0.06914696553884321,0.051302587335270766,0.07137751281428976,0.06713605253950868,0.8650718216858954,0.06914696553884321,0.04684149278437766,0.07360806008973632,0.15226129472051148,0.41272305410706606,0.39306957534006287,0.06914696553884321,0.044610945508931105,0.7652558422605996,0.04684149278437766,0.13825287230848995,0.15226129472051148,0.14286130138543962,0.05594671044959056,0.05594671044959056,0.7384615384615385,0.39306957534006287,1.0813397771073692,0.15226129472051148,0.09677701061594297,0.08811606895810513,0.07360806008973632,0.13825287230848995,0.16748742419256263,0.05594671044959056,0.0699333880619882,0.1474697304623893,0.20613530858448417,0.9981597942529561,0.0895147367193449,0.06914696553884321,0.18271355366461375,0.06691641826339666,0.0699333880619882,0.05594671044959056,0.06713605253950868,0.08392006567438584,0.06154138149454962
0.23776185717650444,0.04147222298028727,0.10222909523127952,0.13085324189603778,0.04907546386000661,1.4757776123075748,1.229814676922979,0.13985991598617908,0.2307688613771955,0.21810504912792059,0.153845907584797,0.042854630412963515,0.9264705612889294,0.3053470687790888,0.048384260143668485,0.33806282614827693,0.11449658665903305,0.3925890884302571,0.04423703784563976,0.6617646866349496,0.13985991598617908,0.21810504912792059,0.04147222298028727,0.08996160380352598,0.10222909523127952,0.1267640780867866,0.09405076761277714,0.13085324189603778,0.1678318991834149,0.8602940926254344,0.1267640780867866,0.0858724399942748,0.13494240570528895,0.21810504912792059,0.4267210448261016,0.40640099507247773,0.1267640780867866,0.08178327618502361,0.761029389630192,0.0858724399942748,0.04147222298028727,0.21810504912792059,0.042854630412963515,0.13985991598617908,0.13985991598617908,0.6769230769230768,0.40640099507247773,1.075367615781793,0.21810504912792059,0.029030556086201094,0.22027936767823206,0.13494240570528895,0.04147222298028727,0.23991555404071266,0.13985991598617908,0.17482489498272386,0.04423703784563976,0.3993820063933718,0.9926470299524244,0.22377586557788653,0.1267640780867866,0.2617260589535047,0.12267491427753541,0.17482489498272386,0.13985991598617908,0.1678318991834149,0.20978987397926863,0.153845907584797
0.2139864489411377,0.055299329567266145,0.5390350959075172,0.689964922761622,0.0654375399879316,0.8720404713131126,0.7267003927609271,0.125874381730081,0.20769272985463363,0.20164484509425976,0.13846181990308912,0.05714264055284169,0.8286742273033656,0.28230278313196366,0.06451588449514384,0.31254950989610264,0.6037193074164192,0.36296072116966754,0.05898595153841723,0.5919101623595469,0.125874381730081,0.20164484509425976,0.055299329567266145,0.47435088439861517,0.5390350959075172,0.6684035189253213,0.4959122882349158,0.689964922761622,0.1510492580760972,0.7694832110674109,0.6684035189253213,0.4527894805623145,0.7115263265979227,0.20164484509425976,0.454721212266182,0.4330678212058876,0.6684035189253213,0.43122807672601376,0.6806966867134788,0.4527894805623145,0.055299329567266145,0.20164484509425976,0.05714264055284169,0.125874381730081,0.125874381730081,0.8879088879088878,0.4330678212058876,0.9618540138342636,0.20164484509425976,0.038709530697086304,0.19825215122487758,0.7115263265979227,0.055299329567266145,0.22180932960368574,0.125874381730081,0.15734297716260126,0.05898595153841723,0.5343995420832304,0.8878652435393203,0.2013990107681296,0.6684035189253213,0.2419738141131117,0.6468421150890207,0.15734297716260126,0.125874381730081,0.1510492580760972,0.1888115725951215,0.13846181990308912
0.035663112353050135,0.04147222298028727,0.3717492361210507,0.47583902223494495,0.04907546386000661,1.162732133212746,0.9689434443439551,0.02097830138414714,0.034614197283842775,0.18930116120539703,0.023076131522561855,0.042854630412963515,0.6588224515571726,0.26502162568755583,0.048384260143668485,0.2934167998683654,0.4163591444555768,0.3407420901697147,0.04423703784563976,0.47058746539798046,0.02097830138414714,0.18930116120539703,0.04147222298028727,0.32713932778652466,0.3717492361210507,0.4609690527901029,0.34200929723136664,0.47583902223494495,0.025173961660976567,0.6117637050173746,0.4609690527901029,0.3122693583416826,0.49070899167978693,0.18930116120539703,0.5667218820265035,0.5397351257395272,0.4609690527901029,0.2973993888968406,0.5411755852076775,0.3122693583416826,0.04147222298028727,0.18930116120539703,0.042854630412963515,0.02097830138414714,0.02097830138414714,1.1516467516467515,0.5397351257395272,0.7647046312717183,0.18930116120539703,0.029030556086201094,0.03304082468003174,0.49070899167978693,0.04147222298028727,0.20823127732593674,0.02097830138414714,0.026222876730183923,0.04423703784563976,0.8307163195909795,0.7058811980969707,0.03356528221463542,0.4609690527901029,0.22716139344647643,0.4460990833452609,0.026222876730183923,0.02097830138414714,0.025173961660976567,0.03146745207622071,0.023076131522561855
0.15454792835272083,0.13825287230848995,0.12082044644135087,0.15465017144492912,0.1635992322317131,2.6385097455203206,2.1987581212669336,0.09091054608983579,0.15000240104822904,0.7613152884208547,0.10000160069881937,0.14286130138543962,0.9573530354887473,1.0658414037891966,0.16129501769323829,1.180038697052325,0.13531890001431296,1.3703675191575386,0.1474697304623893,0.6838235967776767,0.09091054608983579,0.7613152884208547,0.13825287230848995,0.10632199286838878,0.12082044644135087,0.14981735358727508,0.1111548107260428,0.15465017144492912,0.10909265530780295,0.8889706758109797,0.14981735358727508,0.10148917501073473,0.15948298930258314,0.7613152884208547,0.6507223843467445,0.6197356041397566,0.14981735358727508,0.0966563571530807,0.7863971362943282,0.10148917501073473,0.13825287230848995,0.7613152884208547,0.14286130138543962,0.09091054608983579,0.09091054608983579,1.265931665931666,0.6197356041397566,1.1112133447637247,0.7613152884208547,0.09677701061594297,0.14318411009149137,0.15948298930258314,0.13825287230848995,0.8374468172629402,0.09091054608983579,0.11363818261229473,0.1474697304623893,2.1448113276190752,1.0257353951665151,0.14545687374373725,0.14981735358727508,0.9135783461050256,0.14498453572962106,0.11363818261229473,0.09091054608983579,0.10909265530780295,0.13636581913475368,0.10000160069881937
0.26153726541187117,0.16589798870179837,0.06505676455518702,0.08327265863063939,0.19631261996379473,0.8604206280979059,0.7170171900815883,0.15384545024227717,0.2538449928997573,0.36625570024916554,0.1692299952665049,0.171427921658525,0.6536772048766761,0.5127579803488317,0.19354765348543143,0.5676963353862066,0.07286357630180945,0.659260260448498,0.1769578546152516,0.46691228919762584,0.15384545024227717,0.36625570024916554,0.16589798870179837,0.05724995280856458,0.06505676455518702,0.0806703880484319,0.05985222339077205,0.08327265863063939,0.1846145402907326,0.6069859759569136,0.0806703880484319,0.054647682226357096,0.08587492921284685,0.36625570024916554,0.8260028464813665,0.7866693776013014,0.0806703880484319,0.052045411644149615,0.5369491325772697,0.054647682226357096,0.16589798870179837,0.36625570024916554,0.171427921658525,0.15384545024227717,0.15384545024227717,1.221977221977222,0.7866693776013014,0.758732469946142,0.36625570024916554,0.11612859209125886,0.24230658413158654,0.08587492921284685,0.16589798870179837,0.4028812702740821,0.15384545024227717,0.19230681280284645,0.1769578546152516,2.357640758473158,0.7003684337964388,0.24615272038764346,0.0806703880484319,0.4395068402989986,0.07806811746622443,0.19230681280284645,0.15384545024227717,0.1846145402907326,0.23076817536341576,0.1692299952665049
0.6895101632941467,0.31796887081661795,0.05576368188616388,0.07137751281428976,0.37626316379966457,0.9051397672835582,0.7542831394029652,0.40559421370243925,0.6692304526090247,0.17695453904376848,0.44615363507268324,0.3285678331771719,0.7772071016759483,0.24773635466127586,0.3709636826193876,0.2742795355178412,0.06245532371250354,0.31851817027878326,0.33916679553772583,0.5551479297685346,0.40559421370243925,0.17695453904376848,0.31796887081661795,0.04907204005982422,0.05576368188616388,0.06914696553884321,0.051302587335270766,0.07137751281428976,0.48671305644292706,0.721692308699095,0.06914696553884321,0.04684149278437766,0.07360806008973632,0.17695453904376848,0.8400008372004019,0.800000797333716,0.06914696553884321,0.044610945508931105,0.6384201192338147,0.04684149278437766,0.31796887081661795,0.17695453904376848,0.3285678331771719,0.40559421370243925,0.40559421370243925,1.3538461538461537,0.800000797333716,0.9021153858738686,0.17695453904376848,0.22257820957163257,0.6388108865813418,0.07360806008973632,0.31796887081661795,0.19464999294814533,0.40559421370243925,0.5069927671280491,0.33916679553772583,2.8214367138650793,0.8327218946528019,0.6489507419239029,0.06914696553884321,0.21234544685252218,0.06691641826339666,0.5069927671280491,0.40559421370243925,0.48671305644292706,0.6083913205536589,0.44615363507268324
0.2972081525877583,0.6774190613941724,0.08364292989323327,0.10706295026333859,0.801612555983104,2.213660666063731,1.8447172217197756,0.17482832505162252,0.28846673633517717,0.10288068261952892,0.1923111575567848,0.6999996967739782,2.141177548442827,0.14403295566734048,0.7903222382932011,0.1594650580602698,0.09368008148042126,0.18518522871515206,0.7225803321537839,1.5294125346020195,0.17482832505162252,0.10288068261952892,0.6774190613941724,0.07360577830604528,0.08364292989323327,0.10371723306760926,0.0769514955017746,0.10706295026333859,0.20979399006194702,1.9882362949826256,0.10371723306760926,0.07026006111031595,0.11040866745906791,0.10288068261952892,0.8540030139214468,0.8133362037347113,0.10371723306760926,0.06691434391458662,1.7588244147923224,0.07026006111031595,0.6774190613941724,0.10288068261952892,0.6999996967739782,0.17482832505162252,0.17482832505162252,1.7142849142849141,0.8133362037347113,2.485295368728282,0.10288068261952892,0.4741933429759207,0.27535461195630545,0.11040866745906791,0.6774190613941724,0.11316875088148182,0.17482832505162252,0.21853540631452814,0.7225803321537839,2.2288080096628198,2.2941188019030294,0.27972532008259604,0.10371723306760926,0.12345681914343469,0.10037151587187992,0.21853540631452814,0.17482832505162252,0.20979399006194702,0.2622424875774338,0.1923111575567848
0.23776185717650444,1.4377916655295688,0.07434984722421015,0.09516780444698898,1.7013868042099898,0.9614902544796797,0.8012418787330664,0.13985991598617908,0.2307688613771955,0.16460791688213997,0.153845907584797,1.4857180543805546,2.8,0.23045108363499595,1.677423609784497,0.25514227116731697,0.08327182889111535,0.29629425038785195,1.5336444432315401,2.0,0.13985991598617908,0.16460791688213997,1.4377916655295688,0.06542786555730493,0.07434984722421015,0.09219381055802058,0.06840185944627332,0.09516780444698898,0.1678318991834149,2.6,0.09219381055802058,0.06245387166833652,0.09814179833595738,0.16460791688213997,0.8260028464813665,0.7866693776013014,0.09219381055802058,0.05947987777936811,2.3,0.06245387166833652,1.4377916655295688,0.16460791688213997,1.4857180543805546,0.13985991598617908,0.13985991598617908,2.189008589008589,0.7866693776013014,3.25,0.16460791688213997,1.0064541658706982,0.22027936767823206,0.09814179833595738,1.4377916655295688,0.18106870857035398,0.13985991598617908,0.17482489498272386,1.5336444432315401,2.5251247871705695,3.0,0.22377586557788653,0.09219381055802058,0.19752950025856794,0.08921981666905217,0.17482489498272386,0.13985991598617908,0.1678318991834149,0.20978987397926863,0.153845907584797
0.2139864489411377,2.529951150287913,0.09293601256225638,0.11895809607968817,2.993775527840697,1.8782613697737067,1.5652178081447556,0.125874381730081,0.20769272985463363,0.2057613652390579,0.13846181990308912,2.61428285529751,2.7897058419333938,0.288065911334681,2.9516096753358982,0.31893011612053973,0.10408833406972715,0.3703704574303042,2.698614560307107,1.9926470299524244,0.125874381730081,0.2057613652390579,2.529951150287913,0.08178369105478563,0.09293601256225638,0.11524065557719791,0.08550113155727586,0.11895809607968817,0.1510492580760972,2.590441138938152,0.11524065557719791,0.07806625055229537,0.12267553658217842,0.2057613652390579,0.9520015069607233,0.9066681018673555,0.11524065557719791,0.0743488100498051,2.2915440844452877,0.07806625055229537,2.529951150287913,0.2057613652390579,2.61428285529751,0.125874381730081,0.125874381730081,3.0153846153846153,0.9066681018673555,3.2380514236726894,0.2057613652390579,1.770965805201539,0.19825215122487758,0.12267553658217842,2.529951150287913,0.2263375017629637,0.125874381730081,0.15734297716260126,2.698614560307107,2.209225276617625,2.9889705449286366,0.2013990107681296,0.11524065557719791,0.24691363828686946,0.11152321507470767,0.15734297716260126,0.125874381730081,0.1510492580760972,0.1888115725951215,0.13846181990308912
0.08322170364662057,0.4285675299511502,0.2416357070106767,0.30929370497366615,0.5071382437755277,2.4927209799528947,2.077267483294079,0.048953943321541515,0.08077400648054349,0.2139914672558883,0.05384933765369567,0.44285311428285523,2.1308833903762214,0.2995880541582436,0.49999545160967523,0.3316867742466269,0.27063199185195785,0.38518464106059896,0.45713869861456025,1.522059564554444,0.048953943321541515,0.2139914672558883,0.4285675299511502,0.2126394221693955,0.2416357070106767,0.2996282766932391,0.22230485044982254,0.30929370497366615,0.05874473198584981,1.978677433920777,0.2996282766932391,0.20297399388896842,0.3189591332540932,0.2139914672558883,1.1340005023202413,1.0800004784002297,0.2996282766932391,0.19330856560854134,1.7503684992376103,0.20297399388896842,0.4285675299511502,0.2139914672558883,0.44285311428285523,0.048953943321541515,0.048953943321541515,2.3824159824159823,1.0800004784002297,2.4733467924009713,0.2139914672558883,0.29999727096580514,0.07710246073142789,0.3189591332540932,0.4285675299511502,0.23539061398147715,0.048953943321541515,0.061192429151926894,0.45713869861456025,2.196341516655267,2.283089346831666,0.07832630931446644,0.2996282766932391,0.25678976070706594,0.289962848412812,0.061192429151926894,0.048953943321541515,0.05874473198584981,0.07343091498231227,0.05384933765369567
0.190211040705771,1.4377916655295688,0.35315788491097927,0.4520420926860535,1.7013868042099898,0.7038978885504916,0.5865815737920763,0.11188884747398294,0.18461659833207184,0.23045167128954913,0.12307773222138124,1.4857180543805546,1.2661741127813153,0.32263233980536876,1.677423609784497,0.35720009049880114,0.39553683110029675,0.41481300832118845,1.5336444432315401,0.9044100805580824,0.11188884747398294,0.23045167128954913,1.4377916655295688,0.3107789387216618,0.35315788491097927,0.4379157772896143,0.3249052541181009,0.4520420926860535,0.1342666169687795,1.175733104725507,0.4379157772896143,0.2966526233252226,0.4661684080824926,0.23045167128954913,0.7980026790412861,0.7600025514678914,0.4379157772896143,0.2825263079287834,1.0400715926417947,0.2966526233252226,1.4377916655295688,0.23045167128954913,1.4857180543805546,0.11188884747398294,0.11188884747398294,2.2417550417550416,0.7600025514678914,1.469666380906884,0.23045167128954913,1.0064541658706982,0.17622493477152312,0.4661684080824926,1.4377916655295688,0.25349683841850407,0.11188884747398294,0.13986105934247867,1.5336444432315401,2.209225276617625,1.3566151208371235,0.1790221559583727,0.4379157772896143,0.27654200554745895,0.4237894618931751,0.13986105934247867,0.11188884747398294,0.1342666169687795,0.1678332712109744,0.12307773222138124
0.43986060199995886,1.1336408045192805,0.42750773213518944,0.5472098971330425,1.341474952014482,0.6591787493648394,0.5493156244706996,0.2587415305882111,0.4269235254705483,0.18518464106059893,0.2846156836470322,1.17142883133659,1.4308806418470117,0.2592584974848385,1.3225809386058271,0.28703619364392835,0.47880865999141214,0.33333235390907806,1.2092168581538993,1.0220576013192941,0.2587415305882111,0.18518464106059893,1.1336408045192805,0.37620680427896674,0.42750773213518944,0.530109587847635,0.39330711356437426,0.5472098971330425,0.3104898367058533,1.3286748817150824,0.530109587847635,0.3591064949935591,0.5643102064184501,0.18518464106059893,1.2667218820265036,1.2064017924061938,0.530109587847635,0.34200618570815156,1.1753662415171882,0.3591064949935591,1.1336408045192805,0.18518464106059893,1.17142883133659,0.2587415305882111,0.2587415305882111,2.1538461538461537,1.2064017924061938,1.6608436021438528,0.18518464106059893,0.7935485631634964,0.40751791067643245,0.5643102064184501,1.1336408045192805,0.20370310516665882,0.2587415305882111,0.32342691323526385,1.2092168581538993,2.4220595582849462,1.5330864019789412,0.4139864489411378,0.530109587847635,0.22222156927271872,0.5130092785622273,0.32342691323526385,0.2587415305882111,0.3104898367058533,0.38811229588231666,0.2846156836470322
0.24964956129418783,1.0783414749520144,0.35315788491097927,0.4520420926860535,1.2760374120265503,0.7155292365609611,0.596274363800801,0.14685268311422814,0.2423069271384764,0.2057613652390579,0.16153795142565097,1.1142861907837482,1.9764710193771307,0.288065911334681,1.2580650541106835,0.31893011612053973,0.39553683110029675,0.3703704574303042,1.150230906615482,1.4117650138408078,0.14685268311422814,0.2057613652390579,1.0783414749520144,0.3107789387216618,0.35315788491097927,0.4379157772896143,0.3249052541181009,0.4520420926860535,0.17622321973707375,1.8352945179930502,0.4379157772896143,0.2966526233252226,0.4661684080824926,0.2057613652390579,1.0847228866669856,1.0330694158733196,0.4379157772896143,0.2825263079287834,1.6235297659169288,0.2966526233252226,1.0783414749520144,0.2057613652390579,1.1142861907837482,0.14685268311422814,0.14685268311422814,3.0417606417606415,1.0330694158733196,2.2941181474913126,0.2057613652390579,0.7548390324664102,0.2312929759049093,0.4661684080824926,1.0783414749520144,0.2263375017629637,0.14685268311422814,0.18356585389278518,1.150230906615482,2.9822217694796533,2.1176475207612118,0.23496429298276503,0.4379157772896143,0.24691363828686946,0.4237894618931751,0.18356585389278518,0.14685268311422814,0.17622321973707375,0.2202790246713422,0.16153795142565097
0.2020987448234543,1.5622083344704305,0.34386480224195615,0.4401469468697039,1.8486131957900094,0.7602483757466134,0.6335403131221778,0.11888161460203195,0.1961546640933527,0.12345740679798788,0.13076977606223517,1.614281945619445,1.2816171822340308,0.172840369517183,1.8225763902155023,0.19135898053688122,0.3851285785109909,0.2222233322363782,1.6663555567684594,0.9154408444528791,0.11888161460203195,0.12345740679798788,1.5622083344704305,0.30260102597292143,0.34386480224195615,0.4263923547800257,0.31635561806259965,0.4401469468697039,0.14265793752243833,1.1900730977887428,0.4263923547800257,0.2888464338832432,0.4539015389593821,0.12345740679798788,0.9587200401856193,0.913066704938685,0.4263923547800257,0.27509184179356494,1.052756971120811,0.2888464338832432,1.5622083344704305,0.12345740679798788,1.614281945619445,0.11888161460203195,0.11888161460203195,2.4615384615384612,0.913066704938685,1.4875913722359286,0.12345740679798788,1.0935458341293014,0.1872385429982003,0.4539015389593821,1.5622083344704305,0.13580314747778668,0.11888161460203195,0.14860201825253994,1.6663555567684594,2.7699065248288877,1.3731612666793187,0.19021058336325114,0.4263923547800257,0.14814888815758545,0.4126377626903474,0.14860201825253994,0.11888161460203195,0.14265793752243833,0.17832242190304792,0.13076977606223517
0.45174830611764216,0.4285675299511502,0.3624561534520276,0.4639438764185953,0.5071382437755277,1.1403668112222887,0.950305676018574,0.2657342977162601,0.43846159123182915,0.23045167128954913,0.29230772748788614,0.44285311428285523,1.4566178693663332,0.32263233980536876,0.49999545160967523,0.35720009049880114,0.40595089186627087,0.41481300832118845,0.45713869861456025,1.0404413352616666,0.2657342977162601,0.23045167128954913,0.4285675299511502,0.3189614150377843,0.3624561534520276,0.4494456302805142,0.33345966117586534,0.4639438764185953,0.3188811572595121,1.3525737358401666,0.4494456302805142,0.30446316889970315,0.47844212255667634,0.23045167128954913,0.9800016744008037,0.9333349280007653,0.4494456302805142,0.28996492276162206,1.1965075355509165,0.30446316889970315,0.4285675299511502,0.23045167128954913,0.44285311428285523,0.2657342977162601,0.2657342977162601,2.1714301714301714,0.9333349280007653,1.6907171698002081,0.23045167128954913,0.29999727096580514,0.4185315189031097,0.47844212255667634,0.4285675299511502,0.25349683841850407,0.2657342977162601,0.33216787214532517,0.45713869861456025,2.8858555136768684,1.5606620028924998,0.4251748763460162,0.4494456302805142,0.27654200554745895,0.43494738414243306,0.33216787214532517,0.2657342977162601,0.3188811572595121,0.3986014465743902,0.29230772748788614
0.7489564587054005,1.6866341001919416,0.34386480224195615,0.4401469468697039,1.9958503518937976,0.7602483757466134,0.6335403131221778,0.44056262276788266,0.7269283275670063,0.23456819143434718,0.484618885044671,1.7428552368650063,2.1514717065094335,0.32839546800808606,1.9677397835572652,0.3635806967232381,0.3851285785109909,0.4222227445818249,1.799076373538071,1.5367655046495954,0.44056262276788266,0.23456819143434718,1.6866341001919416,0.30260102597292143,0.34386480224195615,0.4263923547800257,0.31635561806259965,0.4401469468697039,0.5286751473214591,1.997795156044474,0.4263923547800257,0.2888464338832432,0.4539015389593821,0.23456819143434718,0.9867202076256997,0.9397335310720949,0.4263923547800257,0.27509184179356494,1.7672803303470346,0.2888464338832432,1.6866341001919416,0.23456819143434718,1.7428552368650063,0.44056262276788266,0.44056262276788266,2.1714301714301714,0.9397335310720949,2.4972439450555926,0.23456819143434718,1.1806438701343591,0.6938861308594152,0.4539015389593821,1.6866341001919416,0.25802501057778193,0.44056262276788266,0.5507032784598533,1.799076373538071,3.2012359872132565,2.305148256974393,0.7049001964286123,0.4263923547800257,0.2814818297212166,0.4126377626903474,0.5507032784598533,0.44056262276788266,0.5286751473214591,0.660843934151824,0.484618885044671
0.49929912258837567,1.2718936768277704,0.3066924715658637,0.3925663636043055,1.505074184246195,0.6707985925800464,0.5589988271500387,0.2937053662284563,0.4846138542769528,0.15226129472051148,0.32307590285130194,1.3142901327220295,2.058824283909979,0.21316581260871606,1.4838759562990655,0.2360050068167928,0.3434955681537673,0.27407033049692064,1.3566865886162887,1.4705887742214137,0.2937053662284563,0.15226129472051148,1.2718936768277704,0.26988937497796006,0.3066924715658637,0.380298664741671,0.2821570738405946,0.3925663636043055,0.3524464394741475,1.9117654064878378,0.380298664741671,0.2576216761153255,0.40483406246694004,0.15226129472051148,0.8467193704252979,0.8063994004050455,0.380298664741671,0.24535397725269095,1.6911770903546255,0.2576216761153255,1.2718936768277704,0.15226129472051148,1.3142901327220295,0.2937053662284563,0.2937053662284563,2.2153846153846155,0.8063994004050455,2.389706758109797,0.15226129472051148,0.8903255737794393,0.4625859518098186,0.40483406246694004,1.2718936768277704,0.16748742419256263,0.2937053662284563,0.36713170778557036,1.3566865886162887,3.6263855135313436,2.2058831613321206,0.46992858596553005,0.380298664741671,0.18271355366461375,0.36803096587903644,0.36713170778557036,0.2937053662284563,0.3524464394741475,0.4405580493426844,0.32307590285130194
0.4279728978822754,0.9953879322107904,2.5,3.2,1.1778757197827685,0.8049675149322654,0.6708062624435545,0.251748763460162,0.41538545970926727,0.07818743829627192,0.27692363980617823,1.02856752995115,1.4823514321800417,0.10946241361478068,1.1612859209125888,0.12119052935922148,2.8,0.14073738893328946,1.0617471276915098,1.0588224515571727,0.251748763460162,0.07818743829627192,0.9953879322107904,2.2,2.5,3.1,2.3,3.2,0.3020985161521944,1.3764691870243246,3.1,2.1,3.3,0.07818743829627192,0.9027197053054585,0.8597330526718653,3.1,2.0,1.2176458192907484,2.1,0.9953879322107904,0.07818743829627192,1.02856752995115,0.251748763460162,0.251748763460162,2.6021994021994024,0.8597330526718653,1.7205864837804057,0.07818743829627192,0.6967715525475533,0.39650430244975515,3.3,0.9953879322107904,0.08600618212589912,0.251748763460162,0.3146859543252025,1.0617471276915098,3.561971564532794,1.588233677335759,0.4027980215362592,3.1,0.0938249259555263,3.0,0.3146859543252025,0.251748763460162,0.3020985161521944,0.377623145190243,0.27692363980617823
0.35664667317617516,1.0092150387977692,1.9516718214234599,2.498139931422029,1.1942377959106936,1.8666300217632377,1.5555250181360314,0.20979216069186774,0.34615706514158173,0.12757098867002023,0.23077137676105453,1.0428555400910282,0.4838217644248703,0.1785993841380283,1.177417545264064,0.19773503243853136,2.185872439994275,0.22962777960603642,1.0764960413842872,0.3455869745891931,0.20979216069186774,0.12757098867002023,1.0092150387977692,1.7174712028526449,1.9516718214234599,2.4200730585650905,1.795538075709583,2.498139931422029,0.25175059283024126,0.44926306696595103,2.4200730585650905,1.6394043299957064,2.576206804278967,0.12757098867002023,0.7700025116012057,0.7333357253344815,2.4200730585650905,1.561337457138768,0.397425020777572,1.6394043299957064,1.0092150387977692,0.12757098867002023,1.0428555400910282,0.20979216069186774,0.20979216069186774,2.127470127470127,0.7333357253344815,0.5615788337074388,0.12757098867002023,0.7064505271584385,0.33042265308969165,2.576206804278967,1.0092150387977692,0.14032808753702228,0.20979216069186774,0.2622402008648347,1.0764960413842872,3.452721548767651,0.5183804618837896,0.3356674571069884,2.4200730585650905,0.15308518640402427,2.342006185708152,0.2622402008648347,0.20979216069186774,0.25175059283024126,0.3146882410378016,0.23077137676105453
0.2734327443523915,1.949312738221943,1.905206408078344,2.4386642023402807,2.306686740229299,3.4211119384621287,2.850926615385107,0.16084279079552444,0.2653906048126153,0.12757098867002023,0.1769270698750769,2.014289829496008,0.5970575031575365,0.1785993841380283,2.274198194592267,0.19773503243853136,2.133831177047745,0.22962777960603642,2.0792669207700727,0.42646964511252605,0.16084279079552444,0.12757098867002023,1.949312738221943,1.676581639108943,1.905206408078344,2.3624559460171466,1.7527898954320764,2.4386642023402807,0.19301134895462932,0.5544105386462839,2.3624559460171466,1.600373382785809,2.514872458663414,0.12757098867002023,0.7907232215471462,0.753069734806806,2.3624559460171466,1.5241651264626752,0.4904400918794049,1.600373382785809,1.949312738221943,0.12757098867002023,2.014289829496008,0.16084279079552444,0.16084279079552444,1.934062734062734,0.753069734806806,0.6930131733078548,0.12757098867002023,1.3645189167553602,0.25332739550295097,2.514872458663414,1.949312738221943,0.14032808753702228,0.16084279079552444,0.20105348849440555,2.0792669207700727,2.8018588316331234,0.6397044676687891,0.2573484652728391,2.3624559460171466,0.15308518640402427,2.286247689694013,0.20105348849440555,0.16084279079552444,0.19301134895462932,0.24126418619328666,0.1769270698750769
0.4160851937645921,0.9124434862502159,1.9609649040924826,2.5100350772383777,1.0797247920627553,2.448001840767242,2.040001533972702,0.24475599633211298,0.4038473939479864,0.13991761083164872,0.2692315959653243,0.9428582691252231,0.6897049257569907,0.1958846551643082,1.0645174006252518,0.21687229678905554,2.1962806925835805,0.25185169949696773,0.9732730520002303,0.49264637554070767,0.24475599633211298,0.13991761083164872,0.9124434862502159,1.725649115601385,1.9609649040924826,2.4315964810746786,1.8040877117650838,2.5100350772383777,0.2937071955985356,0.64044028820292,2.4315964810746786,1.6472105194376854,2.588473673402077,0.13991761083164872,0.9727222169066642,0.9264021113396801,2.4315964810746786,1.568771923273986,0.5665433318718138,1.6472105194376854,0.9124434862502159,0.13991761083164872,0.9428582691252231,0.24475599633211298,0.24475599633211298,2.0043932043932045,0.9264021113396801,0.80055036025365,0.13991761083164872,0.6387104403751511,0.3854906942230779,2.588473673402077,0.9124434862502159,0.1539093719148136,0.24475599633211298,0.3059449954151412,0.9732730520002303,3.2398872671003294,0.7389695633110616,0.3916095941313808,2.4315964810746786,0.16790113299797846,2.353157884910979,0.3059449954151412,0.24475599633211298,0.2937071955985356,0.36713399449816947,0.2692315959653243
0.35664667317617516,1.4377916655295688,1.1524148531672196,1.4750910120540413,1.7013868042099898,1.6099350298645312,1.3416125248871094,0.20979216069186774,0.34615706514158173,0.271605119646467,0.23077137676105453,1.4857180543805546,0.9779413516219594,0.3802471675050538,1.677423609784497,0.42098793545202384,1.2907046355472858,0.4888892153636406,1.5336444432315401,0.6985295368728281,0.20979216069186774,0.271605119646467,1.4377916655295688,1.0141250707871534,1.1524148531672196,1.4289944179273524,1.0602216649138418,1.4750910120540413,0.25175059283024126,0.9080883979346767,1.4289944179273524,0.9680284766604645,1.5211876061807297,0.271605119646467,0.8187233889872266,0.7797365609402158,1.4289944179273524,0.9219318825337757,0.8033089674037523,0.9680284766604645,1.4377916655295688,0.271605119646467,1.4857180543805546,0.20979216069186774,0.20979216069186774,2.4263760263760266,0.7797365609402158,1.1351104974183457,0.271605119646467,1.0064541658706982,0.33042265308969165,1.5211876061807297,1.4377916655295688,0.29876563161111375,0.20979216069186774,0.2622402008648347,1.5336444432315401,3.414070268880578,1.0477943053092422,0.3356674571069884,1.4289944179273524,0.3259261435757604,1.3828978238006635,0.2622402008648347,0.20979216069186774,0.25175059283024126,0.3146882410378016,0.23077137676105453
0.380422081411542,0.8709712632699287,0.32527863690391,0.4163566552370048,1.030649328202749,2.515074797148089,2.095895664290074,0.22377769494796587,0.36923319666414367,0.14403119270368106,0.24615546444276248,0.9000036387122596,0.6536772048766761,0.20164366978515347,1.0161331404815834,0.22324834869070564,0.36431207333237914,0.2592561468666259,0.9290360141545906,0.46691228919762584,0.22377769494796587,0.14403119270368106,0.8709712632699287,0.28624520047544083,0.32527863690391,0.4033455097608484,0.29925634595159717,0.4163566552370048,0.268533233937559,0.6069859759569136,0.4033455097608484,0.2732340549992844,0.42936780071316116,0.14403119270368106,0.9027197053054585,0.8597330526718653,0.4033455097608484,0.260222909523128,0.5369491325772697,0.2732340549992844,0.8709712632699287,0.14403119270368106,0.9000036387122596,0.22377769494796587,0.22377769494796587,1.9868147868147865,0.8597330526718653,0.758732469946142,0.14403119270368106,0.60967988428895,0.35244986954304625,0.42936780071316116,0.8709712632699287,0.15843431197404917,0.22377769494796587,0.27972211868495733,0.9290360141545906,3.414070268880578,0.7003684337964388,0.3580443119167454,0.4033455097608484,0.17283743124441728,0.390334364284692,0.27972211868495733,0.22377769494796587,0.268533233937559,0.3356665424219488,0.24615546444276248
0.15454792835272083,2.626731799616115,0.35315788491097927,0.4520420926860535,3.1082992962124028,1.6099350298645312,1.3416125248871094,0.09091054608983579,0.15000240104822904,0.13991761083164872,0.10000160069881937,2.7142895262699858,0.7205873999568088,0.1958846551643082,3.064520432885468,0.21687229678905554,0.39553683110029675,0.25185169949696773,2.8018472529238565,0.5147052856834349,0.09091054608983579,0.13991761083164872,2.626731799616115,0.3107789387216618,0.35315788491097927,0.4379157772896143,0.3249052541181009,0.4520420926860535,0.10909265530780295,0.6691168713884653,0.4379157772896143,0.2966526233252226,0.4661684080824926,0.13991761083164872,0.7627230541070659,0.7264029086733961,0.4379157772896143,0.2825263079287834,0.59191107853595,0.2966526233252226,2.626731799616115,0.13991761083164872,2.7142895262699858,0.09091054608983579,0.09091054608983579,2.0835156835156834,0.7264029086733961,0.8363960892355817,0.13991761083164872,1.8387122597312806,0.14318411009149137,0.4661684080824926,2.626731799616115,0.1539093719148136,0.09091054608983579,0.11363818261229473,2.8018472529238565,2.7183714849794574,0.7720579285251523,0.14545687374373725,0.4379157772896143,0.16790113299797846,0.4237894618931751,0.11363818261229473,0.09091054608983579,0.10909265530780295,0.13636581913475368,0.10000160069881937
0.380422081411542,1.4377916655295688,0.35315788491097927,0.4520420926860535,1.7013868042099898,2.3585520576006753,1.9654600480005626,0.22377769494796587,0.36923319666414367,0.18518464106059893,0.24615546444276248,1.4857180543805546,1.446323711299727,0.2592584974848385,1.677423609784497,0.28703619364392835,0.39553683110029675,0.33333235390907806,1.5336444432315401,1.0330883652140908,0.22377769494796587,0.18518464106059893,1.4377916655295688,0.3107789387216618,0.35315788491097927,0.4379157772896143,0.3249052541181009,0.4520420926860535,0.268533233937559,1.343014874778318,0.4379157772896143,0.2966526233252226,0.4661684080824926,0.18518464106059893,0.7560003348801607,0.7200003189334864,0.4379157772896143,0.2825263079287834,1.1880516199962043,0.2966526233252226,1.4377916655295688,0.18518464106059893,1.4857180543805546,0.22377769494796587,0.22377769494796587,2.1098917098917096,0.7200003189334864,1.6787685934728975,0.18518464106059893,1.0064541658706982,0.35244986954304625,0.4661684080824926,1.4377916655295688,0.20370310516665882,0.22377769494796587,0.27972211868495733,1.5336444432315401,2.6214910429733544,1.5496325478211361,0.3580443119167454,0.4379157772896143,0.22222156927271872,0.4237894618931751,0.27972211868495733,0.22377769494796587,0.268533233937559,0.3356665424219488,0.24615546444276248
0.23776185717650444,2.0599113973564753,0.4368008148042126,0.5591050429493921,2.437561820205162,3.6,3.0,0.13985991598617908,0.2307688613771955,0.3168721498754172,0.153845907584797,2.128575110601691,1.1169106531683342,0.443621009825584,2.4032299635825543,0.49115183230689663,0.4892169125807181,0.5703698697757509,2.197238823846907,0.7977933236916673,0.13985991598617908,0.3168721498754172,2.0599113973564753,0.3843847170277071,0.4368008148042126,0.5416330103572237,0.40185674961987555,0.5591050429493921,0.1678318991834149,1.0371313207991675,0.5416330103572237,0.3669126844355386,0.5765770755415606,0.3168721498754172,2.1,2.0,0.5416330103572237,0.3494406518433701,0.9174623222454173,0.3669126844355386,2.0599113973564753,0.3168721498754172,2.128575110601691,0.13985991598617908,0.13985991598617908,2.0483532483532483,2.0,1.2964141509989595,0.3168721498754172,1.4419379781495327,0.22027936767823206,0.5765770755415606,2.0599113973564753,0.3485593648629589,0.13985991598617908,0.17482489498272386,2.197238823846907,3.9165175041595726,1.196689985537501,0.22377586557788653,0.5416330103572237,0.3802465798505006,0.5241609777650551,0.17482489498272386,0.13985991598617908,0.1678318991834149,0.20978987397926863,0.153845907584797
0.2972081525877583,1.0645143683650353,0.5111506620284227,0.6542728473963813,1.259675335898625,1.654654169050183,1.3788784742084859,0.17482832505162252,0.28846673633517717,0.09876416247473084,0.1923111575567848,1.09999818064387,1.1580872854347584,0.13826982746462316,1.2419334297592077,0.1530844518358328,0.5724887414718335,0.17777549245451552,1.1354819929227042,0.8272052038819703,0.17482832505162252,0.09876416247473084,1.0645143683650353,0.4498125825850121,0.5111506620284227,0.6338268209152442,0.4702586090661489,0.6542728473963813,0.20979399006194702,1.0753667650465615,0.6338268209152442,0.42936655610387514,0.674718873877518,0.09876416247473084,0.6927205425058603,0.6597338500055813,0.6338268209152442,0.4089205296227382,0.9512859844642657,0.42936655610387514,1.0645143683650353,0.09876416247473084,1.09999818064387,0.17482832505162252,0.17482832505162252,2.2681310681310682,0.6597338500055813,1.3442084563082017,0.09876416247473084,0.7451600578555247,0.27535461195630545,0.674718873877518,1.0645143683650353,0.10864057872220394,0.17482832505162252,0.21853540631452814,1.1354819929227042,3.1883570780641377,1.2408078058229555,0.27972532008259604,0.6338268209152442,0.118516994969677,0.6133807944341073,0.21853540631452814,0.17482832505162252,0.20979399006194702,0.2622424875774338,0.1923111575567848
0.3923097855292253,0.7465454975484175,0.5390350959075172,0.689964922761622,0.8834121720989606,1.5983036818540621,1.3319197348783849,0.23077046207601487,0.38077126242542453,0.5102868929528466,0.25384750828361635,0.771430347466698,1.1683814435013644,0.7144016501339852,0.8709697471398203,0.7909446840769122,0.6037193074164192,0.9185164073151239,0.7963151973849787,0.834558173929546,0.23077046207601487,0.5102868929528466,0.7465454975484175,0.47435088439861517,0.5390350959075172,0.6684035189253213,0.4959122882349158,0.689964922761622,0.27692455449121783,1.08492562610841,0.6684035189253213,0.4527894805623145,0.7115263265979227,0.5102868929528466,0.454721212266182,0.4330678212058876,0.6684035189253213,0.43122807672601376,0.9597419000189779,0.4527894805623145,0.7465454975484175,0.5102868929528466,0.771430347466698,0.23077046207601487,0.23077046207601487,3.2,0.4330678212058876,1.3561570326355123,0.5102868929528466,0.5225818482838922,0.36346347776972343,0.7115263265979227,0.7465454975484175,0.5613155822481313,0.23077046207601487,0.2884630775950186,0.7963151973849787,2.7503237917836922,1.2518372608943191,0.3692327393216238,0.6684035189253213,0.6123442715434159,0.6468421150890207,0.2884630775950186,0.23077046207601487,0.27692455449121783,0.3461556931140223,0.25384750828361635
0.2020987448234543,2.101383620336762,0.49256449669037644,0.630482555763682,2.4866372840651687,1.654654169050183,1.3788784742084859,0.11888161460203195,0.1961546640933527,0.9835397959663391,0.13076977606223517,2.1714297410146544,1.3485273773141635,1.3769557143528748,2.4516142237262226,1.5244866837478257,0.5516722362932216,1.7703716327394103,2.2414758616925465,0.9632338409386882,0.11888161460203195,0.9835397959663391,2.101383620336762,0.43345675708753134,0.49256449669037644,0.6107799758960668,0.4531593369551463,0.630482555763682,0.14265793752243833,1.2522039932202949,0.6107799758960668,0.41375417721991625,0.6501851356312969,0.9835397959663391,0.41272305410706606,0.39306957534006287,0.6107799758960668,0.39405159735230116,1.1077189170794914,0.41375417721991625,2.101383620336762,0.9835397959663391,2.1714297410146544,0.11888161460203195,0.11888161460203195,2.4527464527464526,0.39306957534006287,1.5652549915253684,0.9835397959663391,1.4709685342357337,0.1872385429982003,0.6501851356312969,2.101383620336762,1.0818937755629732,0.11888161460203195,0.14860201825253994,2.2414758616925465,2.9245067935639413,1.4448507614080324,0.19021058336325114,0.6107799758960668,1.180247755159607,0.5910773960284518,0.14860201825253994,0.11888161460203195,0.14265793752243833,0.17832242190304792,0.13076977606223517
0.190211040705771,1.9216585250479854,0.49256449669037644,0.630482555763682,2.273962587973449,2.112591039681957,1.7604925330682972,0.11188884747398294,0.18461659833207184,0.5596704433265949,0.12307773222138124,1.9857138092162516,1.6213243984320294,0.7835386206572328,2.2419349458893163,0.8674891871562221,0.5516722362932216,1.007406797987871,2.049769093384518,1.1580888560228781,0.11188884747398294,0.5596704433265949,1.9216585250479854,0.43345675708753134,0.49256449669037644,0.6107799758960668,0.4531593369551463,0.630482555763682,0.1342666169687795,1.5055155128297417,0.6107799758960668,0.41375417721991625,0.6501851356312969,0.5596704433265949,0.6507223843467445,0.6197356041397566,0.6107799758960668,0.39405159735230116,1.3318021844263097,0.41375417721991625,1.9216585250479854,0.5596704433265949,1.9857138092162516,0.11188884747398294,0.11188884747398294,1.9692307692307691,0.6197356041397566,1.881894391037177,0.5596704433265949,1.3451609675335898,0.17622493477152312,0.6501851356312969,1.9216585250479854,0.6156374876592544,0.11188884747398294,0.13986105934247867,2.049769093384518,3.484669004758648,1.7371332840343172,0.1790221559583727,0.6107799758960668,0.6716045319919138,0.5910773960284518,0.13986105934247867,0.11188884747398294,0.1342666169687795,0.1678332712109744,0.12307773222138124
0.15454792835272083,1.8663591954807188,0.5855005092526329,0.7494406518433702,2.208525047985517,2.448001840767242,2.040001533972702,0.09091054608983579,0.15000240104822904,0.40740621033331764,0.10000160069881937,1.9285711686634095,1.4205864837804054,0.5703686944666446,2.177419061394172,0.6314796260166423,0.6557605703629488,0.7333311785999718,1.9907831418461002,1.0147046312717183,0.09091054608983579,0.40740621033331764,1.8663591954807188,0.515240448142317,0.5855005092526329,0.7260206314732648,0.5386604685124222,0.7494406518433702,0.10909265530780295,1.3191160206532337,0.7260206314732648,0.49182042777221163,0.7728606722134753,0.40740621033331764,0.46200066976032156,0.4400006378669729,0.7260206314732648,0.4684004074021063,1.166910325962476,0.49182042777221163,1.8663591954807188,0.40740621033331764,1.9285711686634095,0.09091054608983579,0.09091054608983579,2.057139657139657,0.4400006378669729,1.6488950258165422,0.40740621033331764,1.3064514368365032,0.14318411009149137,0.7728606722134753,1.8663591954807188,0.44814683136664946,0.09091054608983579,0.11363818261229473,1.9907831418461002,3.452721548767651,1.5220569469075773,0.14545687374373725,0.7260206314732648,0.48888745239998116,0.7026006111031595,0.11363818261229473,0.09091054608983579,0.10909265530780295,0.13636581913475368,0.10000160069881937
0.3923097855292253,1.7281154199528785,0.5483281785765404,0.7018600685779717,2.0449365802775725,1.3192548727601603,1.099379060633467,0.23077046207601487,0.38077126242542453,0.8806591133468101,0.25384750828361635,1.7857192672846411,1.3022054983672426,1.232922758685534,2.0161346566116913,1.3650216256875558,0.6141275600057252,1.5851864040242583,1.8433231146164037,0.9301467845480306,0.23077046207601487,0.8806591133468101,1.7281154199528785,0.4825287971473556,0.5483281785765404,0.6799269414349101,0.5044619242904171,0.7018600685779717,0.27692455449121783,1.2091908199124397,0.6799269414349101,0.4605956700042939,0.7237931957210333,0.8806591133468101,0.5947220494665839,0.5664019518729371,0.6799269414349101,0.4386625428612323,1.069668802230235,0.4605956700042939,1.7281154199528785,0.8806591133468101,1.7857192672846411,0.23077046207601487,0.23077046207601487,2.0395612395612392,0.5664019518729371,1.5114885248905496,0.8806591133468101,1.209680793967015,0.36346347776972343,0.7237931957210333,1.7281154199528785,0.9687250246814912,0.23077046207601487,0.2884630775950186,1.8433231146164037,3.729450742416966,1.3952201768220458,0.3692327393216238,0.6799269414349101,1.056790936016172,0.6579938142918484,0.2884630775950186,0.23077046207601487,0.27692455449121783,0.3461556931140223,0.25384750828361635
0.380422081411542,2.4746518207206463,0.45539216601428395,0.5829019724982835,2.9283379878527644,1.531230725473215,1.2760256045610125,0.22377769494796587,0.36923319666414367,0.2798352216632974,0.24615546444276248,2.557140214744668,1.3485273773141635,0.39176931032861634,2.887093790840754,0.43374459357811096,0.5100392259359979,0.5037033989939353,2.6396286087686893,0.9632338409386882,0.22377769494796587,0.2798352216632974,2.4746518207206463,0.4007451060925699,0.45539216601428395,0.5646862858577121,0.4189607927331412,0.5829019724982835,0.268533233937559,1.2522039932202949,0.5646862858577121,0.38252941945199853,0.6011176591388547,0.2798352216632974,0.5247195378653782,0.49973289320512204,0.5646862858577121,0.36431373281142715,1.1077189170794914,0.38252941945199853,2.4746518207206463,0.2798352216632974,2.557140214744668,0.22377769494796587,0.22377769494796587,2.1186781186781185,0.49973289320512204,1.5652549915253684,0.2798352216632974,1.7322562745044523,0.35244986954304625,0.6011176591388547,2.4746518207206463,0.30781874382962715,0.22377769494796587,0.27972211868495733,2.6396286087686893,4.0,1.4448507614080324,0.3580443119167454,0.5646862858577121,0.33580226599595686,0.5464705992171407,0.27972211868495733,0.22377769494796587,0.268533233937559,0.3356665424219488,0.24615546444276248
0.2020987448234543,1.4377916655295688,0.49256449669037644,0.630482555763682,1.7013868042099898,1.6430228210397138,1.3691856841997616,0.11888161460203195,0.1961546640933527,1.267488599501669,0.13076977606223517,1.4857180543805546,1.7242623143924767,1.7744840393023364,1.677423609784497,1.964607329227587,0.5516722362932216,2.281479479103004,1.5336444432315401,1.2316159388517691,0.11888161460203195,1.267488599501669,1.4377916655295688,0.43345675708753134,0.49256449669037644,0.6107799758960668,0.4531593369551463,0.630482555763682,0.14265793752243833,1.6011007205073,0.6107799758960668,0.41375417721991625,0.6501851356312969,1.267488599501669,1.4560003348801607,1.386666985600153,0.6107799758960668,0.39405159735230116,1.4163583296795343,0.41375417721991625,1.4377916655295688,1.267488599501669,1.4857180543805546,0.11888161460203195,0.11888161460203195,1.9252763252763252,1.386666985600153,2.001375900634125,1.267488599501669,1.0064541658706982,0.1872385429982003,0.6501851356312969,1.4377916655295688,1.3942374594518359,0.11888161460203195,0.14860201825253994,1.5336444432315401,2.4349384674340655,1.8474239082776536,0.19021058336325114,0.6107799758960668,1.5209863194020026,0.5910773960284518,0.14860201825253994,0.11888161460203195,0.14265793752243833,0.17832242190304792,0.13076977606223517
0.09510940776430396,1.6728160903856122,0.5483281785765404,0.7018600685779717,1.979499040289641,1.8558960477832496,1.5465800398193745,0.05594671044959056,0.09231207224182443,2.0,0.06154138149454962,1.7285766267317992,1.466912027432939,2.8,1.9516187721165474,3.1,0.6141275600057252,3.6,1.7843371630779865,1.0477943053092422,0.05594671044959056,2.0,1.6728160903856122,0.4825287971473556,0.5483281785765404,0.6799269414349101,0.5044619242904171,0.7018600685779717,0.06713605253950868,1.362132596902015,0.6799269414349101,0.4605956700042939,0.7237931957210333,2.0,0.5180010046404824,0.4933342901337927,0.6799269414349101,0.4386625428612323,1.2049634511056284,0.4605956700042939,1.6728160903856122,2.0,1.7285766267317992,0.05594671044959056,0.05594671044959056,2.013185213185213,0.4933342901337927,1.7026657461275185,2.0,1.1709712632699285,0.08811606895810513,0.7237931957210333,1.6728160903856122,2.2,0.05594671044959056,0.0699333880619882,1.7843371630779865,2.6086072830109965,1.5716914579638632,0.0895147367193449,0.6799269414349101,2.4,0.6579938142918484,0.0699333880619882,0.05594671044959056,0.06713605253950868,0.08392006567438584,0.06154138149454962
0.320983560823125,2.198155172884316,0.49256449669037644,0.630482555763682,2.601150287913107,0.5366411750230896,0.44720097918590795,0.1888138593077206,0.311542867857739,0.9259261435757604,0.20769524523849267,2.27142701198046,0.9830865983024559,1.2962966010060646,2.5645143683650353,1.4351855225424286,0.5516722362932216,1.6666670584363688,2.3446988510766036,0.7022047130731829,0.1888138593077206,0.9259261435757604,2.198155172884316,0.43345675708753134,0.49256449669037644,0.6107799758960668,0.4531593369551463,0.630482555763682,0.22657663116926471,0.9128661269951378,0.6107799758960668,0.41375417721991625,0.6501851356312969,0.9259261435757604,0.5527197053054586,0.5263997193385319,0.6107799758960668,0.39405159735230116,0.8075354200341602,0.41375417721991625,2.198155172884316,0.9259261435757604,2.27142701198046,0.1888138593077206,0.1888138593077206,2.0395612395612392,0.5263997193385319,1.1410826587439222,0.9259261435757604,1.5387086210190213,0.29738182840965993,0.6501851356312969,2.198155172884316,1.0185187579333366,0.1888138593077206,0.23601732413465076,2.3446988510766036,2.602422496131477,1.0533070696097744,0.30210217489235297,0.6107799758960668,1.1111113722909125,0.5910773960284518,0.23601732413465076,0.1888138593077206,0.22657663116926471,0.28322078896158087,0.20769524523849267
0.11888481599967073,0.9400886026435242,0.4646852486833071,0.5947971183146331,1.112438179794837,0.45793687063177313,0.3816140588598109,0.06993224470568866,0.11538820376438629,0.794238634760942,0.07692546917625753,0.9714248893983085,1.3022054983672426,1.1119340886653188,1.096770036417445,1.2310698838794603,0.5204474785253039,1.4296295425696957,1.0027611761530926,0.9301467845480306,0.06993224470568866,0.794238634760942,0.9400886026435242,0.40892301884131027,0.4646852486833071,0.5762097083673008,0.4275104287886425,0.5947971183146331,0.0839186936468264,1.2091908199124397,0.5762097083673008,0.390335608893978,0.6133845282619653,0.794238634760942,0.7907232215471462,0.753069734806806,0.5762097083673008,0.3717481989466457,1.069668802230235,0.390335608893978,0.9400886026435242,0.794238634760942,0.9714248893983085,0.06993224470568866,0.06993224470568866,3.0065926065926067,0.753069734806806,1.5114885248905496,0.794238634760942,0.658062021850467,0.11014328541145964,0.6133845282619653,0.9400886026435242,0.8736624982370363,0.06993224470568866,0.08741530588211083,1.0027611761530926,2.6153062560938345,1.3952201768220458,0.11189159152910187,0.5762097083673008,0.9530863617131304,0.5576222984199686,0.08741530588211083,0.06993224470568866,0.0839186936468264,0.104898367058533,0.07692546917625753
0.30909585670544165,3.0,0.4739783313523302,0.6066922641309827,3.55,0.6707985925800464,0.5589988271500387,0.18182109217967157,0.3000048020964581,1.0411534483569178,0.20000320139763875,3.1,1.245589461353716,1.4576148276996848,3.5,1.6137878449532226,0.5308557311146098,1.8740762070424521,3.2,0.8897067581097972,0.18182109217967157,1.0411534483569178,3.0,0.4171009315900506,0.4739783313523302,0.5877331308768895,0.4360600648441437,0.6066922641309827,0.2181853106156059,1.1566187855427363,0.5877331308768895,0.39814179833595736,0.6256513973850758,1.0411534483569178,0.66472037506578,0.6330670238721714,0.5877331308768895,0.37918266508186416,1.0231627718262666,0.39814179833595736,3.0,1.0411534483569178,3.1,0.18182109217967157,0.18182109217967157,2.0923076923076924,0.6330670238721714,1.4457734819284205,1.0411534483569178,2.1,0.28636822018298275,0.6256513973850758,3.0,1.1452687931926098,0.18182109217967157,0.22727636522458947,3.2,3.123938278252349,1.3345601371646958,0.2909137474874745,0.5877331308768895,1.2493841380283013,0.5687739976227962,0.22727636522458947,0.18182109217967157,0.2181853106156059,0.27273163826950736,0.20000320139763875
0.320983560823125,1.9354856316349638,0.39962848412812,0.5115244596839936,2.290324664101374,0.5813603142087418,0.4844669285072848,0.1888138593077206,0.311542867857739,0.6049374735555451,0.20769524523849267,2.0000018193561293,1.4617631160468296,0.846912462977763,2.2580665702407914,0.9376530840110948,0.44758390222349437,1.0888874523999812,2.064518007077295,1.0441165114620212,0.1888138593077206,0.6049374735555451,1.9354856316349638,0.3516730660327457,0.39962848412812,0.4955393203188688,0.36765820539787036,0.5115244596839936,0.22657663116926471,1.3573514649006277,0.4955393203188688,0.3356879266676208,0.5275095990491184,0.6049374735555451,1.5187233889872265,1.4464032276068823,0.4955393203188688,0.319702787302496,1.2007339881813244,0.3356879266676208,1.9354856316349638,0.6049374735555451,2.0000018193561293,0.1888138593077206,0.1888138593077206,1.934062734062734,1.4464032276068823,1.6966893311257845,0.6049374735555451,1.3548399421444748,0.29738182840965993,0.5275095990491184,1.9354856316349638,0.6654312209110996,0.1888138593077206,0.23601732413465076,2.064518007077295,2.860087993752153,1.566174767193032,0.30210217489235297,0.4955393203188688,0.7259249682666541,0.479554180953744,0.23601732413465076,0.1888138593077206,0.22657663116926471,0.28322078896158087,0.20769524523849267
1.3909080307059767,1.5760354410574093,0.45539216601428395,0.5829019724982835,1.8649752719179344,0.5366411750230896,0.44720097918590795,0.8181811945329275,1.3499989709793303,0.2139914672558883,0.8999993139862204,1.6285699557593232,1.1426478806876557,0.2995880541582436,1.8387080145669776,0.3316867742466269,0.5100392259359979,0.38518464106059896,1.6811044704612368,0.8161770576340398,0.8181811945329275,0.2139914672558883,1.5760354410574093,0.4007451060925699,0.45539216601428395,0.5646862858577121,0.4189607927331412,0.5829019724982835,0.9818174334395129,1.061030174924252,0.5646862858577121,0.38252941945199853,0.6011176591388547,0.2139914672558883,0.8260028464813665,0.7866693776013014,0.5646862858577121,0.36431373281142715,0.9386036162791457,0.38252941945199853,1.5760354410574093,0.2139914672558883,1.6285699557593232,0.8181811945329275,0.8181811945329275,2.0395612395612392,0.7866693776013014,1.3262877186553146,0.2139914672558883,1.1032248087401866,1.2886353813893607,0.6011176591388547,1.5760354410574093,0.23539061398147715,0.8181811945329275,1.0227264931661593,1.6811044704612368,2.177272969813389,1.2242655864510597,1.3090899112526841,0.5646862858577121,0.25678976070706594,0.5464705992171407,1.0227264931661593,0.8181811945329275,0.9818174334395129,1.2272717917993912,0.8999993139862204
2.758040653176587,0.9539157092305033,0.4182146494661664,0.5353147513166929,1.1288002559227621,0.7486170277361439,0.6238475231134533,1.622376854809757,2.676921810436099,0.25925849748483853,1.784614540290733,0.9857128995381867,1.2198522338343945,0.3629618964787739,1.1129016607689204,0.40185067110149975,0.46840040740210626,0.46666529547270935,1.0175100898458702,0.8713230241674247,1.622376854809757,0.25925849748483853,0.9539157092305033,0.36802889153022644,0.4182146494661664,0.5185861653380462,0.384757477508873,0.5353147513166929,1.9468522257717082,1.1327199314176521,0.5185861653380462,0.35130030555157976,0.5520433372953395,0.25925849748483853,1.0567227192269055,1.00640258973991,0.5185861653380462,0.3345717195729331,1.0020214777925383,0.35130030555157976,0.9539157092305033,0.25925849748483853,0.9857128995381867,1.622376854809757,1.622376854809757,2.0395612395612392,1.00640258973991,1.4158999142720652,0.25925849748483853,0.6677409964613523,2.555243546325367,0.5520433372953395,0.9539157092305033,0.2851843472333224,1.622376854809757,2.0279710685121963,1.0175100898458702,1.8484945501113261,1.306984536251137,2.5958029676956116,0.5185861653380462,0.31111019698180625,0.5018575793593996,2.0279710685121963,1.622376854809757,1.9468522257717082,2.4335652822146354,1.784614540290733
1.0937076529410557,0.8986163796632372,0.5669143439145866,0.725650360210671,1.0633627159348307,0.4355715486413157,0.3629762905344297,0.6433574429065033,1.0615397807957305,0.2510283954680081,0.7076931871971537,0.9285702589853452,1.3124996564338487,0.3514397536552113,1.0483857762737767,0.3890940129754126,0.634944065184337,0.45185111184241455,0.9585241383074531,0.9374997545956062,0.6433574429065033,0.2510283954680081,0.8986163796632372,0.4988846226448363,0.5669143439145866,0.7029737864540875,0.5215611964014196,0.725650360210671,0.7720289314878039,1.2187496809742882,0.7029737864540875,0.4762080488882528,0.7483269339672544,0.2510283954680081,0.9307198727455389,0.8863998788052752,0.7029737864540875,0.4535314751316693,1.0781247177849471,0.4762080488882528,0.8986163796632372,0.2510283954680081,0.9285702589853452,0.6433574429065033,0.6433574429065033,2.2945070945070944,0.8863998788052752,1.52343710121786,0.2510283954680081,0.629031465764266,1.0132879725777426,0.7483269339672544,0.8986163796632372,0.2761312350148089,0.6433574429065033,0.8041968036331292,0.9585241383074531,1.4558115168007915,1.4062496318934092,1.0293719086504054,0.7029737864540875,0.3012340745616097,0.680297212697504,0.8041968036331292,0.6433574429065033,0.7720289314878039,0.9650361643597549,0.7076931871971537
0.9867183158819052,0.9262705928371947,0.5762074265836097,0.7375455060270205,1.0960868681906804,0.6931639145705039,0.5776365954754199,0.5804225387540619,0.9576971889442021,0.41975283249494616,0.6384647926294682,0.9571462792651012,1.2764682708479214,0.5876539654929246,1.080649024976727,0.6506168903671665,0.6453523177736429,0.7555550984909031,0.9880219656930077,0.9117630506056581,0.5804225387540619,0.41975283249494616,0.9262705928371947,0.5070625353935766,0.5762074265836097,0.7144972089636761,0.5301108324569209,0.7375455060270205,0.6965070465048743,1.1852919657873555,0.7144972089636761,0.4840142383302322,0.7605938030903648,0.41975283249494616,2.0227222169066645,1.9264021113396803,0.7144972089636761,0.4609659412668878,1.0485275081965066,0.4840142383302322,0.9262705928371947,0.41975283249494616,0.9571462792651012,0.5804225387540619,0.5804225387540619,1.9252763252763252,1.9264021113396803,1.4816149572341943,0.41975283249494616,0.6483894149860363,0.9141654985376475,0.7605938030903648,0.9262705928371947,0.46172811574444084,0.5804225387540619,0.7255281734425774,0.9880219656930077,1.5779452925282924,1.3676445759084872,0.9286760620064991,0.7144972089636761,0.5037033989939353,0.6914489119003316,0.7255281734425774,0.5804225387540619,0.6965070465048743,0.8706338081310929,0.6384647926294682
0.2853204484700749,0.843317050095971,0.5483281785765404,0.7018600685779717,0.9979251759468989,0.6484447753848513,0.5403706461540427,0.1678355579235735,0.27692867057389625,0.7037045743030416,0.18461911371593084,0.8714276184325034,1.5338222225130718,0.9851864040242582,0.9838698917786328,1.0907420901697145,0.6141275600057252,1.2666682337454749,0.8995381867690357,1.0955873017950513,0.1678355579235735,0.7037045743030416,0.843317050095971,0.4825287971473556,0.5483281785765404,0.6799269414349101,0.5044619242904171,0.7018600685779717,0.2014026695082882,1.4242634923335666,0.6799269414349101,0.4605956700042939,0.7237931957210333,0.7037045743030416,1.5467235564273072,1.4730700537402925,0.6799269414349101,0.4386625428612323,1.259925397064309,0.4605956700042939,0.843317050095971,0.7037045743030416,0.8714276184325034,0.1678355579235735,0.1678355579235735,1.9780227780227777,1.4730700537402925,1.7803293654169583,0.7037045743030416,0.5903219350671797,0.26434100372962827,0.7237931957210333,0.843317050095971,0.7740750317333458,0.1678355579235735,0.20979444740446687,0.8995381867690357,1.4619963036803119,1.643380952692577,0.2685368926777176,0.6799269414349101,0.8444454891636498,0.6579938142918484,0.20979444740446687,0.1678355579235735,0.2014026695082882,0.2517533368853602,0.18461911371593084
0.8440580916468674,0.9953879322107904,0.7713777202491707,0.9873634819189386,1.1778757197827685,0.6260794533943939,0.5217328778286616,0.496504759792275,0.8192328536572537,0.3209857317474496,0.5461552357715025,1.02856752995115,1.4926455902466476,0.4493800244464294,1.1612859209125888,0.4975278842085469,0.8639430466790712,0.5777743171454093,1.0617471276915098,1.0661754216047483,0.496504759792275,0.3209857317474496,0.9953879322107904,0.6788123938192703,0.7713777202491707,0.9565083731089717,0.7096675026292371,0.9873634819189386,0.5958057117507299,1.3860280480861729,0.9565083731089717,0.6479572850093035,1.0182185907289054,0.3209857317474496,0.8747195378653783,0.8330662265384554,0.9565083731089717,0.6171021761993366,1.2261017348454604,0.6479572850093035,0.9953879322107904,0.3209857317474496,1.02856752995115,0.496504759792275,0.496504759792275,1.9516467516467515,0.8330662265384554,1.732535060107716,0.3209857317474496,0.6967715525475533,0.7819949966728331,1.0182185907289054,0.9953879322107904,0.3530843049221946,0.496504759792275,0.6206309497403437,1.0617471276915098,1.4429277568384338,1.5992631324071225,0.7944076156676401,0.9565083731089717,0.3851828780969395,0.925653264299005,0.6206309497403437,0.496504759792275,0.5958057117507299,0.7447571396884125,0.5461552357715025
3.4,0.9124434862502159,0.4739783313523302,0.6066922641309827,1.0797247920627553,0.3684985922604686,0.30708216021705714,2.0,3.3,0.26337501762963655,2.2,0.9428582691252231,1.472057274113436,0.36872502468149115,1.0645174006252518,0.40823127732593667,0.5308557311146098,0.4740750317333458,0.9732730520002303,1.051469481509597,2.0,0.26337501762963655,0.9124434862502159,0.4171009315900506,0.4739783313523302,0.5877331308768895,0.4360600648441437,0.6066922641309827,2.4,1.3669103259624762,0.5877331308768895,0.39814179833595736,0.6256513973850758,0.26337501762963655,0.9307198727455389,0.8863998788052752,0.5877331308768895,0.37918266508186416,1.2091899037360365,0.39814179833595736,0.9124434862502159,0.26337501762963655,0.9428582691252231,2.0,2.0,1.934062734062734,0.8863998788052752,1.7086379074530953,0.26337501762963655,0.6387104403751511,3.15,0.6256513973850758,0.9124434862502159,0.28971251939260023,2.0,2.5,0.9732730520002303,1.4233450237932388,1.5772042222643956,3.2,0.5877331308768895,0.31605002115556385,0.5687739976227962,2.5,2.0,2.4,3.0,2.2
0.6776224591764632,0.843317050095971,0.715614038363007,0.9159859691046489,0.9979251759468989,0.4024837574661328,0.33540313122177734,0.3986014465743902,0.6576923868477438,0.21810504912792059,0.4384615912318292,0.8714276184325034,1.2610288661008187,0.3053470687790888,0.9838698917786328,0.33806282614827693,0.8014877229665677,0.3925890884302571,0.8995381867690357,0.9007349043577276,0.3986014465743902,0.21810504912792059,0.843317050095971,0.6297403537594461,0.715614038363007,0.8873614075701286,0.6583649152939663,0.9159859691046489,0.4783217358892682,1.170955375665046,0.8873614075701286,0.6011157922249258,0.9446105306391691,0.21810504912792059,1.0007223843467445,0.95306893747309,0.8873614075701286,0.5724912306904055,1.0358451400113866,0.6011157922249258,0.843317050095971,0.21810504912792059,0.8714276184325034,0.3986014465743902,0.3986014465743902,1.8373618373618374,0.95306893747309,1.4636942195813074,0.21810504912792059,0.5903219350671797,0.6277972783546645,0.9446105306391691,0.843317050095971,0.23991555404071266,0.3986014465743902,0.4982518082179877,0.8995381867690357,0.5153309952413522,1.3511023565365914,0.6377623145190243,0.8873614075701286,0.2617260589535047,0.8587368460356083,0.4982518082179877,0.3986014465743902,0.4783217358892682,0.5979021698615853,0.4384615912318292
2.282516938823578,0.8986163796632372,0.5669143439145866,0.725650360210671,1.0633627159348307,0.49192203583743727,0.40993502986453106,1.3426570228373989,2.215384087681708,0.5514403413097645,1.4769227251211388,0.9285702589853452,1.6985287515787681,0.7720164778336702,1.0483857762737767,0.854732529030135,0.634944065184337,0.9925926143575761,0.9585241383074531,1.213234822556263,1.3426570228373989,0.5514403413097645,0.8986163796632372,0.4988846226448363,0.5669143439145866,0.7029737864540875,0.5215611964014196,0.725650360210671,1.6111884274048787,1.577205269323142,0.7029737864540875,0.4762080488882528,0.7483269339672544,0.5514403413097645,0.9447220494665838,0.8997352852062702,0.7029737864540875,0.4535314751316693,1.3952200459397024,0.4762080488882528,0.8986163796632372,0.5514403413097645,0.9285702589853452,1.3426570228373989,1.3426570228373989,1.591207991207991,0.8997352852062702,1.9715065866539274,0.5514403413097645,0.629031465764266,2.114684810968903,0.7483269339672544,0.8986163796632372,0.606584375440741,1.3426570228373989,1.6783212785467485,0.9585241383074531,0.3993820063933718,1.8198522338343945,2.148251236539838,0.7029737864540875,0.6617284095717174,0.680297212697504,1.6783212785467485,1.3426570228373989,1.6111884274048787,2.0139855342560984,1.4769227251211388
2.425177163058615,1.3824923359623027,0.6970278730249607,0.8921956774719497,1.635949264222058,0.3353992962900231,0.27949941357501923,1.4265748017991855,2.353848422968656,0.7654318085656527,1.5692322819791042,1.4285754138277127,1.4411747999136175,1.0716045319919139,1.6129077252893531,1.1864193032767618,0.780671217787956,1.3777772554181749,1.474658491693123,1.0294105713668698,1.4265748017991855,0.7654318085656527,1.3824923359623027,0.6133845282619654,0.6970278730249607,0.8643145625509513,0.6412656431829639,0.8921956774719497,1.7118897621590226,1.3382337427769306,0.8643145625509513,0.585503413340967,0.9200767923929482,0.7654318085656527,1.6867202076257,1.6064001977387619,0.8643145625509513,0.5576222984199686,1.1838221570719,0.585503413340967,1.3824923359623027,0.7654318085656527,1.4285754138277127,1.4265748017991855,1.4265748017991855,1.3274701274701273,1.6064001977387619,1.6727921784711635,0.7654318085656527,0.9677446351736119,2.246855312833717,0.9200767923929482,1.3824923359623027,0.841974989422218,1.4265748017991855,1.783218502248982,1.474658491693123,0.25096652453783874,1.5441158570503046,2.282519682878697,0.8643145625509513,0.9185181702787832,0.8364334476299529,1.783218502248982,1.4265748017991855,1.7118897621590226,2.139862202698778,1.5692322819791042
0.5944085303526796,1.396310345768632,0.8828998981494734,1.1301118696313261,1.6523005758262148,0.3684985922604686,0.30708216021705714,0.3496520766780468,0.5769259265187772,0.4691363828686944,0.3846172843458515,1.44285402396092,1.1838245129540799,0.6567909360161721,1.6290287367300709,0.7271613934464763,0.9888478859274102,0.8444454891636499,1.4893977021532079,0.8455889378243429,0.3496520766780468,0.4691363828686944,1.396310345768632,0.7769519103715367,0.8828998981494734,1.0947958737053471,0.8122679062975156,1.1301118696313261,0.41958249201365616,1.0992656191716457,1.0947958737053471,0.7416359144455578,1.165427865557305,0.4691363828686944,0.6300016744008038,0.6000015946674322,1.0947958737053471,0.7063199185195788,0.9724272784979943,0.7416359144455578,1.396310345768632,0.4691363828686944,1.44285402396092,0.3496520766780468,0.3496520766780468,1.5384615384615383,0.6000015946674322,1.374082023964557,0.4691363828686944,0.9774172420380426,0.5507020207679237,1.165427865557305,1.396310345768632,0.5160500211555639,0.3496520766780468,0.43706509584755854,1.4893977021532079,0.2251990046131234,1.2683834067365143,0.559443322684875,1.0947958737053471,0.5629636594424333,1.0594798777793681,0.43706509584755854,0.3496520766780468,0.41958249201365616,0.5244781150170702,0.3846172843458515
0.4874114184706923,1.465436781922877,0.8364292989323328,1.0706295026333859,1.734100191942071,0.45793687063177313,0.3816140588598109,0.28671259910040725,0.47307578851567195,1.333332353909078,0.315383859010448,1.5142846746536398,0.7257363113429182,1.866665295472709,1.70967624557669,2.066665148559071,0.9368008148042125,2.3999982370363404,1.5631325673844023,0.5183830795306559,0.28671259910040725,1.333332353909078,1.465436781922877,0.7360577830604529,0.8364292989323328,1.0371723306760925,0.769514955017746,1.0706295026333859,0.3440551189204887,0.6738980033898526,1.0371723306760925,0.7026006111031595,1.104086674590679,1.333332353909078,0.37800016744008047,0.3600001594667433,1.0371723306760925,0.6691434391458662,0.5961405414602542,0.7026006111031595,1.465436781922877,1.333332353909078,1.5142846746536398,0.28671259910040725,0.28671259910040725,1.2483476483476483,0.3600001594667433,0.8423725042373158,1.333332353909078,1.025805747346014,0.4515723435831414,1.104086674590679,1.465436781922877,1.466665589299986,0.28671259910040725,0.35839074887550904,1.5631325673844023,0.05771982672895111,0.7775746192959838,0.45874015856065165,1.0371723306760925,1.5999988246908936,1.0037151587187991,0.35839074887550904,0.28671259910040725,0.3440551189204887,0.4300688986506109,0.315383859010448
0.5468577138819462,1.949312738221943,0.8271362162633096,1.0587343568170364,2.306686740229299,0.44720289665178503,0.3726690805431542,0.32168100816585066,0.5307736634736535,0.40740621033331764,0.35384910898243577,2.014289829496008,0.7514698741566269,0.5703686944666446,2.274198194592267,0.6314796260166423,0.9263925622149067,0.7333311785999718,2.0792669207700727,0.5367641958261621,0.32168100816585066,0.40740621033331764,1.949312738221943,0.7278798703117125,0.8271362162633096,1.025648908166504,0.7609653189622447,1.0587343568170364,0.38601720979902077,0.6977934545740108,1.025648908166504,0.6947944216611801,1.0918198054675685,0.40740621033331764,0.7067227192269052,0.6730692564065763,1.025648908166504,0.6617089730106477,0.6172788252000864,0.6947944216611801,1.949312738221943,0.40740621033331764,2.014289829496008,0.32168100816585066,0.32168100816585066,0.9494473494473494,0.6730692564065763,0.8722418182175133,0.40740621033331764,1.3645189167553602,0.5066475878612148,1.0918198054675685,1.949312738221943,0.44814683136664946,0.32168100816585066,0.4021012602073133,2.0792669207700727,0.03195230680423574,0.8051462937392431,0.5146896130653611,1.025648908166504,0.48888745239998116,0.9925634595159716,0.4021012602073133,0.32168100816585066,0.38601720979902077,0.482521512248776,0.35384910898243577
0.8440580916468674,2.7096762455766905,1.2639422169395473,1.6178460376826207,3.206450223932417,0.4024837574661328,0.33540313122177734,0.496504759792275,0.8192328536572537,0.7325084622255652,0.5461552357715025,2.7999987870959133,1.3022054983672426,1.0255118471157911,3.1612889531728054,1.135388116449626,1.4156152829722928,1.3185152320060174,2.8903213286151366,0.9301467845480306,0.496504759792275,0.7325084622255652,2.7096762455766905,1.1122691509068017,1.2639422169395473,1.5672883490050387,1.1628268395843835,1.6178460376826207,0.5958057117507299,1.2091908199124397,1.5672883490050387,1.0617114622292199,1.6684037263602023,0.7325084622255652,0.5807198727455389,0.5530665454719418,1.5672883490050387,1.0111537735516378,1.069668802230235,1.0617114622292199,2.7096762455766905,0.7325084622255652,2.7999987870959133,0.496504759792275,0.496504759792275,0.967031367031367,0.5530665454719418,1.5114885248905496,0.7325084622255652,1.8967733719036832,0.7819949966728331,1.6684037263602023,2.7096762455766905,0.8057593084481218,0.496504759792275,0.6206309497403437,2.8903213286151366,0.025767519924715366,1.3952201768220458,0.7944076156676401,1.5672883490050387,0.8790101546706782,1.5167306603274566,0.6206309497403437,0.496504759792275,0.5958057117507299,0.7447571396884125,0.5461552357715025
0.7251732756471968,1.9078314184610061,0.8085500509252632,1.0349440651843371,2.257600511845524,0.44720289665178503,0.3726690805431542,0.42657251508658633,0.7038446498928674,0.8930027972356729,0.469229766595245,1.9714257990763733,0.8904391757030017,1.2502039161299419,2.2258033215378408,1.384154335715293,0.9055760570362948,1.6074050350242113,2.03502017969174,0.6360279826450013,0.42657251508658633,0.8930027972356729,1.9078314184610061,0.7115240448142317,0.8085500509252632,1.0026020631473265,0.7438660468512421,1.0349440651843371,0.5118870181039036,0.8268363774385017,1.0026020631473265,0.6791820427772212,1.0672860672213476,0.8930027972356729,0.5879993302396784,0.559999362133027,1.0026020631473265,0.6468400407402106,0.7314321800417514,0.6791820427772212,1.9078314184610061,0.8930027972356729,1.9714257990763733,0.42657251508658633,0.42657251508658633,1.2923076923076922,0.559999362133027,1.033545471798127,0.8930027972356729,1.3354819929227044,0.6718517112613734,1.0672860672213476,1.9078314184610061,0.9823030769592402,0.42657251508658633,0.533215643858233,2.03502017969174,0.03195230680423574,0.9540419739675019,0.6825160241385382,1.0026020631473265,1.0716033566828074,0.9702600611103159,0.533215643858233,0.42657251508658633,0.5118870181039036,0.6398587726298794,0.469229766595245
0.6181839385880463,1.0783414749520144,0.9479566627046604,1.2133845282619653,1.2760374120265503,0.7826021929418083,0.6521684941181736,0.36363761093414493,0.6000020580413391,0.37859938413802824,0.4000013720275595,1.1142861907837482,0.8955880870891111,0.5300391377932395,1.2580650541106835,0.5868290454139438,1.0617114622292196,0.6814788914484509,1.150230906615482,0.6397057764922223,0.36363761093414493,0.37859938413802824,1.0783414749520144,0.8342018631801013,0.9479566627046604,1.175466261753779,0.8721201296882874,1.2133845282619653,0.4363651331209739,0.831617509439889,1.175466261753779,0.7962835966719147,1.2513027947701516,0.37859938413802824,0.6020015069607234,0.5733347685340223,1.175466261753779,0.7583653301637283,0.7356616429660555,0.7962835966719147,1.0783414749520144,0.37859938413802824,1.1142861907837482,0.36363761093414493,0.36363761093414493,0.6241710241710242,0.5733347685340223,1.0395218867998612,0.37859938413802824,0.7548390324664102,0.5727292372212782,1.2513027947701516,1.0783414749520144,0.4164593225518311,0.36363761093414493,0.45454701366768113,1.150230906615482,0.025767519924715366,0.9595586647383334,0.5818201774946319,1.175466261753779,0.45431926096563385,1.1375479952455925,0.45454701366768113,0.36363761093414493,0.4363651331209739,0.5454564164012174,0.4000013720275595
0.5706331221173129,1.465436781922877,0.8271362162633096,1.0587343568170364,1.734100191942071,0.45793687063177313,0.3816140588598109,0.33566654242194877,0.5538497949962154,0.36625570024916554,0.36923319666414367,1.5142846746536398,1.1117654064878377,0.5127579803488317,1.70967624557669,0.5676963353862066,0.9263925622149067,0.659260260448498,1.5631325673844023,0.7941181474913127,0.33566654242194877,0.36625570024916554,1.465436781922877,0.7278798703117125,0.8271362162633096,1.025648908166504,0.7609653189622447,1.0587343568170364,0.4027998509063385,1.0323535917387066,1.025648908166504,0.6947944216611801,1.0918198054675685,0.36625570024916554,0.448002679041286,0.42666921813455805,1.025648908166504,0.6617089730106477,0.9132358696150096,0.6947944216611801,1.465436781922877,0.36625570024916554,1.5142846746536398,0.33566654242194877,0.33566654242194877,0.3164787164787165,0.42666921813455805,1.2904419896733832,0.36625570024916554,1.025805747346014,0.5286748043145693,1.0918198054675685,1.465436781922877,0.4028812702740821,0.33566654242194877,0.41958317802743594,1.5631325673844023,0.025767519924715366,1.1911772212369691,0.537066467875118,1.025648908166504,0.4395068402989986,0.9925634595159716,0.41958317802743594,0.33566654242194877,0.4027998509063385,0.5034998136329232,0.36923319666414367
0.7251732756471968,1.1889401340865469,0.7713777202491707,0.9873634819189386,1.4069124920024136,0.5142873578278947,0.42857279818991223,0.42657251508658633,0.7038446498928674,0.3456789760707066,0.469229766595245,1.2285714718894316,0.8492625434365776,0.48395056649898915,1.3870968231009713,0.5358024129095952,0.8639430466790712,0.6222221569272719,1.2682028096923166,0.6066161024546983,0.42657251508658633,0.3456789760707066,1.1889401340865469,0.6788123938192703,0.7713777202491707,0.9565083731089717,0.7096675026292371,0.9873634819189386,0.5118870181039036,0.7886009331911078,0.9565083731089717,0.6479572850093035,1.0182185907289054,0.3456789760707066,0.5527197053054586,0.5263997193385319,0.9565083731089717,0.6171021761993366,0.697608517822903,0.6479572850093035,1.1889401340865469,0.3456789760707066,1.2285714718894316,0.42657251508658633,0.42657251508658633,0.21098581098581098,0.5263997193385319,0.9857511664888847,0.3456789760707066,0.8322580938605828,0.6718517112613734,1.0182185907289054,1.1889401340865469,0.38024687367777726,0.42657251508658633,0.533215643858233,1.2682028096923166,0.025767519924715366,0.9099241536820475,0.6825160241385382,0.9565083731089717,0.4148147712848479,0.925653264299005,0.533215643858233,0.42657251508658633,0.5118870181039036,0.6398587726298794,0.469229766595245
0.6300716427057298,0.8156719337026623,0.7063209556939837,0.9040908232882992,0.9652117882148171,0.3684985922604686,0.30708216021705714,0.370630378062194,0.6115401238026201,0.3909460062996568,0.40769341586841346,0.8428609981594178,0.9058822451557171,0.5473244088195195,0.9516172559864394,0.6059663097644681,0.7910794703772617,0.7037028113393823,0.8700500626161732,0.647058746539798,0.370630378062194,0.3909460062996568,0.8156719337026623,0.6215624410107057,0.7063209556939837,0.8758379850605398,0.6498152792384649,0.9040908232882992,0.4447564536746328,0.8411763705017374,0.8758379850605398,0.5933096027829463,0.9323436615160584,0.3909460062996568,0.5107215471463428,0.4864014734727074,0.8758379850605398,0.5650567645551869,0.7441175585207677,0.5933096027829463,0.8156719337026623,0.3909460062996568,0.8428609981594178,0.370630378062194,0.370630378062194,0.15823935823935825,0.4864014734727074,1.0514704631271719,0.3909460062996568,0.5709703535918637,0.5837428454479555,0.9323436615160584,0.8156719337026623,0.43004060692962254,0.370630378062194,0.4632879725777425,0.8700500626161732,0.04483606676659343,0.9705881198096971,0.5930086048995105,0.8758379850605398,0.46913520755958815,0.8475851468327804,0.4632879725777425,0.370630378062194,0.4447564536746328,0.555945567093291,0.40769341586841346
0.6776224591764632,0.8847892730762581,0.9851289933807529,1.260965111527364,1.0470006398069054,0.44720289665178503,0.3726690805431542,0.3986014465743902,0.6576923868477438,0.2880653236801279,0.4384615912318292,0.9142822488454667,0.9316158079694257,0.403291453152179,1.032254151922301,0.44650125170419824,1.1033444725864432,0.5185175826242302,0.9437752246146753,0.6654398628353041,0.3986014465743902,0.2880653236801279,0.8847892730762581,0.8669135141750627,0.9851289933807529,1.2215599517921336,0.9063186739102926,1.260965111527364,0.4783217358892682,0.8650718216858954,1.2215599517921336,0.8275083544398325,1.3003702712625937,0.2880653236801279,0.5180010046404824,0.4933342901337927,1.2215599517921336,0.7881031947046023,0.7652558422605996,0.8275083544398325,0.8847892730762581,0.2880653236801279,0.9142822488454667,0.3986014465743902,0.3986014465743902,0.2285698285698286,0.4933342901337927,1.0813397771073692,0.2880653236801279,0.6193524911533806,0.6277972783546645,1.3003702712625937,0.8847892730762581,0.3168718560481407,0.3986014465743902,0.4982518082179877,0.9437752246146753,0.03865127988707308,0.9981597942529561,0.6377623145190243,1.2215599517921336,0.34567838841615345,1.1821547920569035,0.4982518082179877,0.3986014465743902,0.4783217358892682,0.5979021698615853,0.4384615912318292
0.45174830611764216,1.2580665702407916,0.9200722288255659,1.1776924528967245,1.4887121081182701,0.4248375746613276,0.354031312217773,0.2657342977162601,0.43846159123182915,0.25925849748483853,0.29230772748788614,1.3000021225821514,1.2352953032871101,0.3629618964787739,1.4677443319475902,0.40185067110149975,1.030480896284634,0.46666529547270935,1.3419376749235112,0.8823537880622215,0.2657342977162601,0.25925849748483853,1.2580665702407916,0.8096635613664981,0.9200722288255659,1.1408895637437018,0.8464664505195206,1.1776924528967245,0.3188811572595121,1.1470599244808881,1.1408895637437018,0.7728606722134754,1.214495342049747,0.25925849748483853,0.36400217672104485,0.34666873973432843,1.1408895637437018,0.7360577830604528,1.0147068562715547,0.7728606722134754,1.2580665702407916,0.25925849748483853,1.3000021225821514,0.2657342977162601,0.2657342977162601,0.15823935823935825,0.34666873973432843,1.43382490560111,0.25925849748483853,0.8806465991685541,0.4185315189031097,1.214495342049747,1.2580665702407916,0.2851843472333224,0.2657342977162601,0.33216787214532517,1.3419376749235112,0.03865127988707308,1.3235306820933324,0.4251748763460162,1.1408895637437018,0.31111019698180625,1.1040866745906792,0.33216787214532517,0.2657342977162601,0.3188811572595121,0.3986014465743902,0.29230772748788614
0.6062962344703631,0.40092241355784186,0.7342002037010532,0.9397762607373482,0.4744248560434462,0.5142873578278947,0.42857279818991223,0.3566448438060959,0.5884639922800582,0.44855965869023556,0.3923093281867055,0.4142864940097699,0.7875012597425544,0.6279835221663298,0.46774281581748217,0.6952674709698652,0.8223042281451796,0.807407385642424,0.427650574461698,0.5625008998161103,0.3566448438060959,0.44855965869023556,0.40092241355784186,0.6460961792569269,0.7342002037010532,0.910408252589306,0.6754641874049689,0.9397762607373482,0.4279738125673151,0.7312511697609434,0.910408252589306,0.6167281711088848,0.9691442688853902,0.44855965869023556,0.20271970530545866,0.1930663860051987,0.910408252589306,0.5873601629608426,0.6468760347885267,0.6167281711088848,0.40092241355784186,0.44855965869023556,0.4142864940097699,0.3566448438060959,0.3566448438060959,0.12307692307692307,0.1930663860051987,0.9140639622011792,0.44855965869023556,0.2806456894904893,0.561715628994601,0.9691442688853902,0.40092241355784186,0.49341562455925914,0.3566448438060959,0.44580605475761986,0.427650574461698,0.04483606676659343,0.8437513497241654,0.5706317500897534,0.910408252589306,0.5382715904282827,0.8810402444412639,0.44580605475761986,0.3566448438060959,0.4279738125673151,0.5349672657091439,0.3923093281867055
0.5111946015288961,0.8571441566829499,0.8457223816013558,1.0825246484497355,1.0142872520748238,0.737883053756156,0.6149025447967966,0.3007027067817036,0.4961594661898109,0.28394880353532975,0.33077297745987394,0.8857156285723815,0.9161764032223233,0.3975283249494616,1.0000015161301081,0.44012064547976115,0.9472090673935184,0.5111078463635935,0.9142871004618132,0.6544117165873738,0.3007027067817036,0.28394880353532975,0.8571441566829499,0.7442356958091931,0.8457223816013558,1.0486957531856813,0.7780645910732473,1.0825246484497355,0.3608432481380443,0.850735231563586,1.0486957531856813,0.7104068005451389,1.1163535437137897,0.28394880353532975,0.1960011720805626,0.18666778293386915,1.0486957531856813,0.6765779052810846,0.7525734740754799,0.7104068005451389,0.8571441566829499,0.28394880353532975,0.8857156285723815,0.3007027067817036,0.3007027067817036,0.1934017934017934,0.18666778293386915,1.0634190394544825,0.28394880353532975,0.6000009096780649,0.4736067631811831,1.1163535437137897,0.8571441566829499,0.31234368388886274,0.3007027067817036,0.3758783834771295,0.9142871004618132,0.025767519924715366,0.9816175748810607,0.48112433085072576,1.0486957531856813,0.3407385642423957,1.014866857921627,0.3758783834771295,0.3007027067817036,0.3608432481380443,0.45105406017255534,0.33077297745987394
0.3923097855292253,0.8156719337026623,0.8271362162633096,1.0587343568170364,0.9652117882148171,0.5250098270126202,0.4375081891771835,0.23077046207601487,0.38077126242542453,0.3045255277137887,0.25384750828361635,0.8428609981594178,0.92132164990282,0.4263357387993042,0.9516172559864394,0.47201456795637253,0.9263925622149067,0.5481459498848197,0.8700500626161732,0.6580868927877286,0.23077046207601487,0.3045255277137887,0.8156719337026623,0.7278798703117125,0.8271362162633096,1.025648908166504,0.7609653189622447,1.0587343568170364,0.27692455449121783,0.8555129606240471,1.025648908166504,0.6947944216611801,1.0918198054675685,0.3045255277137887,0.34272054250586054,0.3264005166722481,1.025648908166504,0.6617089730106477,0.7567999267058878,0.6947944216611801,0.8156719337026623,0.3045255277137887,0.8428609981594178,0.23077046207601487,0.23077046207601487,0.0263704263704264,0.3264005166722481,1.069391200780059,0.3045255277137887,0.5709703535918637,0.36346347776972343,1.0918198054675685,0.8156719337026623,0.3349780804851676,0.23077046207601487,0.2884630775950186,0.8700500626161732,0.03865127988707308,0.9871303391815929,0.3692327393216238,1.025648908166504,0.36543063325654646,0.9925634595159716,0.2884630775950186,0.23077046207601487,0.27692455449121783,0.3461556931140223,0.25384750828361635
0.4279728978822754,1.0092150387977692,0.6784365218148892,0.8683987479230583,1.1942377959106936,0.559006497013547,0.4658387475112892,0.251748763460162,0.41538545970926727,0.24691187532320996,0.27692363980617823,1.0428555400910282,0.6897049257569907,0.34567662545249395,1.177417545264064,0.3827134067509754,0.7598489044326759,0.44444137558177793,1.0764960413842872,0.49264637554070767,0.251748763460162,0.24691187532320996,1.0092150387977692,0.5970241391971026,0.6784365218148892,0.8412612870504627,0.6241616000696981,0.8683987479230583,0.3020985161521944,0.64044028820292,0.8412612870504627,0.569886678324507,0.8955362087956538,0.24691187532320996,0.23071987274553904,0.2197332121386086,0.8412612870504627,0.5427492174519114,0.5665433318718138,0.569886678324507,1.0092150387977692,0.24691187532320996,1.0428555400910282,0.251748763460162,0.251748763460162,0.10549290549290545,0.2197332121386086,0.80055036025365,0.24691187532320996,0.7064505271584385,0.39650430244975515,0.8955362087956538,1.0092150387977692,0.271603062855531,0.251748763460162,0.3146859543252025,1.0764960413842872,0.03195230680423574,0.7389695633110616,0.4027980215362592,0.8412612870504627,0.29629425038785195,0.8141238261778672,0.3146859543252025,0.251748763460162,0.3020985161521944,0.377623145190243,0.27692363980617823
0.3685343772938585,1.1059865913453226,0.6412641911387967,0.8208181646576599,1.3087507997586318,0.559006497013547,0.4658387475112892,0.2167849278199168,0.3576951309028627,0.27571870151849937,0.23846342060190848,1.1428528110568335,0.5404414661440098,0.3860061821258991,1.2903176899028765,0.42736398735367404,0.7182158940754523,0.4962936627332989,1.1797190307683443,0.38602961867429275,0.2167849278199168,0.27571870151849937,1.1059865913453226,0.5643124882021412,0.6412641911387967,0.7951675970121079,0.5899630558476929,0.8208181646576599,0.26014191338390014,0.5018385042765806,0.7951675970121079,0.5386619205565892,0.8464687323032116,0.27571870151849937,0.07672104482610156,0.07306766173914435,0.7951675970121079,0.5130113529110374,0.4439340614754366,0.5386619205565892,1.1059865913453226,0.27571870151849937,1.1428528110568335,0.2167849278199168,0.2167849278199168,0.017578417578417594,0.07306766173914435,0.6272981303457257,0.27571870151849937,0.774190613941726,0.34143626131636895,0.8464687323032116,1.1059865913453226,0.30329057167034934,0.2167849278199168,0.270981159774896,1.1797190307683443,0.03195230680423574,0.5790444280114391,0.3468558845118669,0.7951675970121079,0.3308624418221992,0.7695170293665561,0.270981159774896,0.2167849278199168,0.26014191338390014,0.3251773917298752,0.23846342060190848
0.15454792835272083,0.7880177205287049,0.6133849431317274,0.785132727208611,0.9324876359589674,0.6368134273743821,0.5306778561453184,0.09091054608983579,0.15000240104822904,0.2880653236801279,0.10000160069881937,0.8142849778796617,0.49411592249147623,0.403291453152179,0.919354007283489,0.44650125170419824,0.6869911363075346,0.5185175826242302,0.8405522352306186,0.35293994463676875,0.09091054608983579,0.2880653236801279,0.7880177205287049,0.5397787499559201,0.6133849431317274,0.760597329483342,0.5643141476811891,0.785132727208611,0.10909265530780295,0.4588219280277994,0.760597329483342,0.515243352230651,0.8096681249338801,0.2880653236801279,0.12600284648136625,0.12000271093463453,0.760597329483342,0.4907079545053819,0.40588093633228406,0.515243352230651,0.7880177205287049,0.2880653236801279,0.8142849778796617,0.09091054608983579,0.09091054608983579,0.052746452746452725,0.12000271093463453,0.5735274100347493,0.2880653236801279,0.5516124043700934,0.14318411009149137,0.8096681249338801,0.7880177205287049,0.3168718560481407,0.09091054608983579,0.11363818261229473,0.8405522352306186,0.03865127988707308,0.5294099169551532,0.14545687374373725,0.760597329483342,0.34567838841615345,0.7360619317580729,0.11363818261229473,0.09091054608983579,0.10909265530780295,0.13636581913475368,0.10000160069881937
0.04755859129357046,0.48386685951841635,0.6133849431317274,0.785132727208611,0.5725757837634593,0.737883053756156,0.6149025447967966,0.027975641937394387,0.046159809196700735,0.30041194584175634,0.030773206131133827,0.4999957548356969,0.6742655210098881,0.42057672417845887,0.5645113361048191,0.46563851605472234,0.6869911363075346,0.5407415025151614,0.5161246501529775,0.48161822929277726,0.027975641937394387,0.30041194584175634,0.48386685951841635,0.5397787499559201,0.6133849431317274,0.760597329483342,0.5643141476811891,0.785132727208611,0.03357077032487326,0.6261036980806105,0.760597329483342,0.515243352230651,0.8096681249338801,0.30041194584175634,0.06272305410706597,0.05973624200672949,0.760597329483342,0.4907079545053819,0.5538609636866938,0.515243352230651,0.48386685951841635,0.30041194584175634,0.4999957548356969,0.027975641937394387,0.027975641937394387,0.03516243516243512,0.05973624200672949,0.7826296226007631,0.30041194584175634,0.33870680166289147,0.04406163605139616,0.8096681249338801,0.48386685951841635,0.330453140425932,0.027975641937394387,0.03496955242174298,0.5161246501529775,0.025767519924715366,0.7224273439391659,0.04476102709983102,0.760597329483342,0.3604943350101076,0.7360619317580729,0.03496955242174298,0.027975641937394387,0.03357077032487326,0.041963462906091584,0.030773206131133827
0.14266022423503744,0.9539157092305033,0.3624561534520276,0.4639438764185953,1.1288002559227621,0.7709823497266014,0.6424852914388345,0.08391777896178673,0.1384643352869481,0.2798352216632974,0.09230955685796541,0.9857128995381867,0.3242641467452833,0.39176931032861634,1.1129016607689204,0.43374459357811096,0.40595089186627087,0.5037033989939353,1.0175100898458702,0.2316172476752024,0.08391777896178673,0.2798352216632974,0.9539157092305033,0.3189614150377843,0.3624561534520276,0.4494456302805142,0.33345966117586534,0.4639438764185953,0.10070133475414407,0.3011024219777631,0.4494456302805142,0.30446316889970315,0.47844212255667634,0.2798352216632974,0.2379993302396786,0.22666602879969389,0.4494456302805142,0.28996492276162206,0.26635983482648273,0.30446316889970315,0.9539157092305033,0.2798352216632974,0.9857128995381867,0.08391777896178673,0.08391777896178673,0.0263704263704264,0.22666602879969389,0.3763780274722039,0.2798352216632974,0.6677409964613523,0.1321705018648141,0.47844212255667634,0.9539157092305033,0.30781874382962715,0.08391777896178673,0.10489722370223342,1.0175100898458702,0.05771982672895111,0.3474258715128036,0.1342684463388588,0.4494456302805142,0.33580226599595686,0.43494738414243306,0.10489722370223342,0.08391777896178673,0.10070133475414407,0.12587666844268008,0.09230955685796541
0.2734327443523915,1.811059865913453,0.72490712103203,0.9278811149209985,2.1430875079975857,0.8049675149322654,0.6708062624435545,0.16084279079552444,0.2653906048126153,0.5308636171313055,0.1769270698750769,1.871428528110568,0.5507356242106158,0.7432090639838276,2.1129031768990285,0.8228386065535235,0.8118959755558736,0.9555545108363499,1.9317971903076832,0.3933825887218685,0.16084279079552444,0.5308636171313055,1.811059865913453,0.6379182665081865,0.72490712103203,0.8988848300797172,0.6669145513494675,0.9278811149209985,0.19301134895462932,0.511397365338429,0.8988848300797172,0.6089219816669053,0.9568773997622796,0.5308636171313055,0.0,0.0,0.8988848300797172,0.579925696825624,0.4523899770301487,0.6089219816669053,1.811059865913453,0.5308636171313055,1.871428528110568,0.16084279079552444,0.16084279079552444,0.0,0.0,0.6392467066730363,0.5308636171313055,1.267741906139417,0.25332739550295097,0.9568773997622796,1.811059865913453,0.5839499788444361,0.16084279079552444,0.20105348849440555,1.9317971903076832,0.03865127988707308,0.5900738830828027,0.2573484652728391,0.8988848300797172,0.6370363405575665,0.869888545238436,0.20105348849440555,0.16084279079552444,0.19301134895462932,0.24126418619328666,0.1769270698750769
0.14266022423503744,1.2442394636538128,0.5111506620284227,0.6542728473963813,1.472350031990345,0.7602483757466134,0.6335403131221778,0.08391777896178673,0.1384643352869481,0.30041194584175634,0.09230955685796541,1.2857141124422733,0.2573539516651506,0.42057672417845887,1.451612707596115,0.46563851605472234,0.5724887414718335,0.5407415025151614,1.3271887612307338,0.18382425118939333,0.08391777896178673,0.30041194584175634,1.2442394636538128,0.4498125825850121,0.5111506620284227,0.6338268209152442,0.4702586090661489,0.6542728473963813,0.10070133475414407,0.23897152654621134,0.6338268209152442,0.42936655610387514,0.674718873877518,0.30041194584175634,0.1120006697603215,0.10666730453363951,0.6338268209152442,0.4089205296227382,0.2113978888678023,0.42936655610387514,1.2442394636538128,0.30041194584175634,1.2857141124422733,0.08391777896178673,0.08391777896178673,0.0,0.10666730453363951,0.2987144081827642,0.30041194584175634,0.870967624557669,0.1321705018648141,0.674718873877518,1.2442394636538128,0.330453140425932,0.08391777896178673,0.10489722370223342,1.3271887612307338,0.03865127988707308,0.27573637678409,0.1342684463388588,0.6338268209152442,0.3604943350101076,0.6133807944341073,0.10489722370223342,0.08391777896178673,0.10070133475414407,0.12587666844268008,0.09230955685796541
