wall_time,t,ciclo,sender,receiver,performative,bytes,delay_s,dropped
1788504436.110790,,,concentrator_alimentador_650,dso,subscribe,100,0.668031,0
1788504436.112555,,,prosumer611,concentrator_alimentador_650,subscribe,100,5.152109,0
1788504436.113822,,,prosumer632,concentrator_alimentador_650,subscribe,100,5.966313,0
1788504436.114956,,,prosumer634,concentrator_alimentador_650,subscribe,100,6.088192,0
1788504436.115598,,,prosumer645,concentrator_alimentador_650,subscribe,100,4.443357,0
1788504436.116069,,,prosumer646,concentrator_alimentador_650,subscribe,100,1.090509,0
1788504436.116719,,,prosumer652,concentrator_alimentador_650,subscribe,100,5.348869,0
1788504436.117593,,,prosumer670,concentrator_alimentador_650,subscribe,100,3.897954,0
1788504436.118157,,,prosumer671,concentrator_alimentador_650,subscribe,100,5.191954,0
1788504436.118587,,,prosumer675,concentrator_alimentador_650,subscribe,100,4.299510,0
1788504436.118967,,,prosumer692,concentrator_alimentador_650,subscribe,100,1.817645,0
1788504436.120888,,,dso,concentrator_alimentador_650,agree,100,2.336694,0
1788504436.129263,,,concentrator_alimentador_650,prosumer646,agree,100,1.648873,0
1788504436.140244,,,concentrator_alimentador_650,prosumer692,agree,100,0.957589,0
1788504436.159477,,,concentrator_alimentador_650,prosumer670,agree,100,3.649653,0
1788504436.162616,,,concentrator_alimentador_650,prosumer645,agree,100,2.329261,0
1788504436.164487,,,concentrator_alimentador_650,prosumer675,agree,100,3.812911,0
1788504436.166396,,,concentrator_alimentador_650,prosumer611,agree,100,5.708521,0
1788504436.172374,,,concentrator_alimentador_650,prosumer671,agree,100,5.113852,0
1788504436.173496,,,concentrator_alimentador_650,prosumer652,agree,100,2.582293,0
1788504436.175367,,,concentrator_alimentador_650,prosumer632,agree,100,6.546150,0
1788504436.178164,,,concentrator_alimentador_650,prosumer634,agree,100,4.725440,0
1788504437.536913,,ciclo1_AC_AP,concentrator_alimentador_650,prosumer611,cfp,100,4.321714,0
1788504437.538057,,ciclo1_AC_AP,concentrator_alimentador_650,prosumer632,cfp,100,3.081786,0
1788504437.539073,,ciclo1_AC_AP,concentrator_alimentador_650,prosumer634,cfp,100,6.097731,0
1788504437.539759,,ciclo1_AC_AP,concentrator_alimentador_650,prosumer645,cfp,100,6.603579,0
1788504437.540330,,ciclo1_AC_AP,concentrator_alimentador_650,prosumer646,cfp,100,0.502055,0
1788504437.540857,,ciclo1_AC_AP,concentrator_alimentador_650,prosumer652,cfp,100,0.186208,0
1788504437.541288,,ciclo1_AC_AP,concentrator_alimentador_650,prosumer670,cfp,100,0.114358,0
1788504437.541651,,ciclo1_AC_AP,concentrator_alimentador_650,prosumer671,cfp,100,4.469206,0
1788504437.541988,,ciclo1_AC_AP,concentrator_alimentador_650,prosumer675,cfp,100,4.410278,0
1788504437.542285,,ciclo1_AC_AP,concentrator_alimentador_650,prosumer692,cfp,100,3.401805,0
1788504437.677046,,ciclo1_AC_AP,prosumer670,concentrator_alimentador_650,propose,1432,22.721660,0
1788504437.682677,,ciclo1_AC_AP,prosumer652,concentrator_alimentador_650,propose,1197,39.777841,0
1788504437.820554,,ciclo1_AC_AP,prosumer646,concentrator_alimentador_650,propose,1388,23.359112,0
1788504437.833728,,ciclo1_AC_AP,prosumer632,concentrator_alimentador_650,propose,1455,49.816572,0
1788504437.838638,,ciclo1_AC_AP,prosumer692,concentrator_alimentador_650,propose,1215,21.247769,0
1788504437.840888,,ciclo1_AC_AP,prosumer675,concentrator_alimentador_650,propose,1020,36.613295,0
1788504437.843617,,ciclo1_AC_AP,prosumer611,concentrator_alimentador_650,propose,1132,38.115267,0
1788504437.850746,,ciclo1_AC_AP,prosumer671,concentrator_alimentador_650,propose,1494,47.228035,0
1788504437.853573,,ciclo1_AC_AP,prosumer634,concentrator_alimentador_650,propose,1261,42.217616,0
1788504437.854804,,ciclo1_AC_AP,prosumer645,concentrator_alimentador_650,propose,1248,38.812937,0
1788504438.336819,,ciclo2_AD_AC,dso,concentrator_alimentador_650,cfp,100,3.798034,0
1788504438.380565,,ciclo2_AD_AC,concentrator_alimentador_650,dso,propose,1207,20.531337,0
1788504438.594395,,ciclo3_AM_AC_AD,market,concentrator_alimentador_650,cfp,100,1.399006,0
1788504438.598360,,ciclo3_AM_AC_AD,market,dso,cfp,100,2.331353,0
1788504438.795948,,ciclo3_AM_AC_AD,concentrator_alimentador_650,market,propose,1470,22.731166,0
1788504438.897406,,ciclo3_AM_AC_AD,dso,market,propose,1401,23.493589,0
1788504439.139766,,,market,concentrator_alimentador_650,reject-proposal,1424,22.284127,0
1788504439.140738,,,market,dso,reject-proposal,1155,22.114086,0
1788504439.195976,,ciclo3_AM_AC_AD,market,concentrator_alimentador_650,cfp,100,2.827531,0
1788504439.198493,,ciclo3_AM_AC_AD,market,dso,cfp,100,2.817938,0
1788504439.408340,,ciclo3_AM_AC_AD,concentrator_alimentador_650,market,propose,1495,22.521885,0
1788504439.543850,,ciclo3_AM_AC_AD,dso,market,propose,1244,20.001531,0
1788504439.750560,,,market,concentrator_alimentador_650,reject-proposal,1183,20.448294,0
1788504439.751885,,,market,dso,reject-proposal,1298,21.587119,0
1788504439.809286,,ciclo3_AM_AC_AD,market,concentrator_alimentador_650,cfp,100,1.019561,0
1788504439.813048,,ciclo3_AM_AC_AD,market,dso,cfp,100,3.453788,0
1788504440.000055,,ciclo3_AM_AC_AD,concentrator_alimentador_650,market,propose,1456,24.351967,0
1788504440.134123,,ciclo3_AM_AC_AD,dso,market,propose,1464,22.490809,0
1788504440.364018,,,market,concentrator_alimentador_650,reject-proposal,1111,16.893716,0
1788504440.364846,,,market,dso,reject-proposal,1258,18.830325,0
1788504440.418403,,ciclo3_AM_AC_AD,market,concentrator_alimentador_650,cfp,100,0.562691,0
1788504440.421336,,ciclo3_AM_AC_AD,market,dso,cfp,100,2.182830,0
1788504440.620364,,ciclo3_AM_AC_AD,concentrator_alimentador_650,market,propose,1071,18.047025,0
1788504440.762688,,ciclo3_AM_AC_AD,dso,market,propose,1144,18.216007,0
1788504440.952147,,,market,concentrator_alimentador_650,reject-proposal,1071,17.104011,0
1788504440.953336,,,market,dso,reject-proposal,1386,22.712097,0
1788504441.009118,,ciclo3_AM_AC_AD,market,concentrator_alimentador_650,cfp,100,2.098181,0
1788504441.012396,,ciclo3_AM_AC_AD,market,dso,cfp,100,3.172596,0
1788504441.247864,,ciclo3_AM_AC_AD,concentrator_alimentador_650,market,propose,1048,16.250215,0
1788504441.360372,,ciclo3_AM_AC_AD,dso,market,propose,1316,23.701097,0
1788504441.604431,,,market,concentrator_alimentador_650,reject-proposal,1409,25.062209,0
1788504441.605776,,,market,dso,reject-proposal,1128,17.427572,0
1788504441.660972,,ciclo3_AM_AC_AD,market,concentrator_alimentador_650,cfp,100,2.485670,0
1788504441.663871,,ciclo3_AM_AC_AD,market,dso,cfp,100,0.184471,0
1788504441.879068,,ciclo3_AM_AC_AD,concentrator_alimentador_650,market,propose,1465,24.022242,0
1788504441.964391,,ciclo3_AM_AC_AD,dso,market,propose,1272,24.215409,0
1788504442.212981,,,market,concentrator_alimentador_650,reject-proposal,1361,20.847997,0
1788504442.213693,,,market,dso,reject-proposal,1414,25.011406,0
1788504442.267053,,ciclo3_AM_AC_AD,market,concentrator_alimentador_650,cfp,100,0.910578,0
1788504442.269530,,ciclo3_AM_AC_AD,market,dso,cfp,100,2.612886,0
1788504442.475722,,ciclo3_AM_AC_AD,concentrator_alimentador_650,market,propose,1308,23.921380,0
1788504442.606710,,ciclo3_AM_AC_AD,dso,market,propose,1461,24.195589,0
1788504442.853049,,,market,concentrator_alimentador_650,reject-proposal,1075,18.345445,0
1788504442.853950,,,market,dso,reject-proposal,1158,20.058606,0
1788504442.909878,,ciclo3_AM_AC_AD,market,concentrator_alimentador_650,cfp,100,1.459550,0
1788504442.913262,,ciclo3_AM_AC_AD,market,dso,cfp,100,3.296670,0
1788504443.112827,,ciclo3_AM_AC_AD,concentrator_alimentador_650,market,propose,1050,16.345079,0
1788504443.249481,,ciclo3_AM_AC_AD,dso,market,propose,1373,21.320718,0
1788504443.470533,,,market,concentrator_alimentador_650,reject-proposal,1037,18.907277,0
1788504443.471671,,,market,dso,reject-proposal,1460,26.207249,0
1788504443.527575,,ciclo3_AM_AC_AD,market,concentrator_alimentador_650,cfp,100,3.244780,0
1788504443.530769,,ciclo3_AM_AC_AD,market,dso,cfp,100,1.625666,0
1788504443.787554,,ciclo3_AM_AC_AD,concentrator_alimentador_650,market,propose,1435,25.874932,0
1788504443.856682,,ciclo3_AM_AC_AD,dso,market,propose,1350,20.629094,0
1788504444.069000,,,market,concentrator_alimentador_650,reject-proposal,1169,18.494227,0
1788504444.069344,,,market,dso,reject-proposal,1241,21.052935,0
1788504444.125239,,ciclo3_AM_AC_AD,market,concentrator_alimentador_650,cfp,100,1.978386,0
1788504444.128431,,ciclo3_AM_AC_AD,market,dso,cfp,100,3.593074,0
1788504444.337628,,ciclo3_AM_AC_AD,concentrator_alimentador_650,market,propose,1286,23.733021,0
1788504444.472162,,ciclo3_AM_AC_AD,dso,market,propose,1051,19.390631,0
1788504444.671432,,,market,concentrator_alimentador_650,reject-proposal,1181,18.361140,0
1788504444.672071,,,market,dso,reject-proposal,1222,18.290240,0
1788504444.728587,,ciclo3_AM_AC_AD,market,concentrator_alimentador_650,cfp,100,1.079034,0
1788504444.731843,,ciclo3_AM_AC_AD,market,dso,cfp,100,3.556588,0
1788504444.941888,,ciclo3_AM_AC_AD,concentrator_alimentador_650,market,propose,1161,20.191853,0
1788504445.057264,,ciclo3_AM_AC_AD,dso,market,propose,1312,23.902280,0
1788504445.302909,,,market,concentrator_alimentador_650,reject-proposal,1327,23.611093,0
1788504445.303666,,,market,dso,reject-proposal,1467,22.926054,0
1788504445.358956,,ciclo3_AM_AC_AD,market,concentrator_alimentador_650,cfp,100,3.552258,0
1788504445.361670,,ciclo3_AM_AC_AD,market,dso,cfp,100,1.932939,0
1788504445.577010,,ciclo3_AM_AC_AD,concentrator_alimentador_650,market,propose,1104,17.772580,0
1788504445.654066,,ciclo3_AM_AC_AD,dso,market,propose,1494,22.939336,0
1788504445.887631,,,market,concentrator_alimentador_650,reject-proposal,1282,23.842313,0
1788504445.888427,,,market,dso,reject-proposal,1244,19.696757,0
1788504445.945729,,ciclo3_AM_AC_AD,market,concentrator_alimentador_650,cfp,100,0.670755,0
1788504445.948816,,ciclo3_AM_AC_AD,market,dso,cfp,100,2.524221,0
1788504446.158217,,ciclo3_AM_AC_AD,concentrator_alimentador_650,market,propose,1226,18.407426,0
1788504446.271720,,ciclo3_AM_AC_AD,dso,market,propose,1443,24.113258,0
1788504446.520525,,,market,concentrator_alimentador_650,reject-proposal,1266,18.849728,0
1788504446.521978,,,market,dso,reject-proposal,1133,16.664283,0
1788504446.578108,,ciclo3_AM_AC_AD,market,concentrator_alimentador_650,cfp,100,0.526557,0
1788504446.581371,,ciclo3_AM_AC_AD,market,dso,cfp,100,0.092577,0
1788504446.798702,,ciclo3_AM_AC_AD,concentrator_alimentador_650,market,propose,1031,18.257093,0
1788504446.890218,,ciclo3_AM_AC_AD,dso,market,propose,1412,24.034957,0
1788504447.137458,,,market,concentrator_alimentador_650,reject-proposal,1470,24.735258,0
1788504447.138867,,,market,dso,reject-proposal,1280,21.623816,0
1788504447.195254,,ciclo3_AM_AC_AD,market,concentrator_alimentador_650,cfp,100,1.728059,0
1788504447.198719,,ciclo3_AM_AC_AD,market,dso,cfp,100,3.263102,0
1788504447.412970,,ciclo3_AM_AC_AD,concentrator_alimentador_650,market,propose,1468,23.648281,0
1788504447.541466,,ciclo3_AM_AC_AD,dso,market,propose,1007,14.877681,0
1788504447.696987,,,market,concentrator_alimentador_650,reject-proposal,1047,16.267577,0
1788504447.698380,,,market,dso,reject-proposal,1368,21.136077,0
1788504447.754673,,ciclo3_AM_AC_AD,market,concentrator_alimentador_650,cfp,100,3.372810,0
1788504447.757884,,ciclo3_AM_AC_AD,market,dso,cfp,100,1.758636,0
1788504448.019444,,ciclo3_AM_AC_AD,concentrator_alimentador_650,market,propose,1430,25.950763,0
1788504448.090041,,ciclo3_AM_AC_AD,dso,market,propose,1204,21.957217,0
1788504448.316337,,,market,concentrator_alimentador_650,reject-proposal,1363,22.801338,0
1788504448.317366,,,market,dso,reject-proposal,1422,24.632394,0
1788504448.373506,,ciclo3_AM_AC_AD,market,concentrator_alimentador_650,cfp,100,3.195560,0
1788504448.376727,,ciclo3_AM_AC_AD,market,dso,cfp,100,3.026454,0
1788504448.588229,,ciclo3_AM_AC_AD,concentrator_alimentador_650,market,propose,1401,24.101955,0
1788504448.674187,,ciclo3_AM_AC_AD,dso,market,propose,1342,22.196230,0
1788504448.903009,,,market,concentrator_alimentador_650,reject-proposal,1320,21.642529,0
1788504448.904018,,,market,dso,reject-proposal,1000,16.452517,0
1788504448.960870,,ciclo3_AM_AC_AD,market,concentrator_alimentador_650,cfp,100,2.359763,0
1788504448.964151,,ciclo3_AM_AC_AD,market,dso,cfp,100,1.561995,0
1788504449.240885,,ciclo3_AM_AC_AD,concentrator_alimentador_650,market,propose,1313,21.255492,0
1788504449.294252,,ciclo3_AM_AC_AD,dso,market,propose,1252,22.147505,0
1788504449.522972,,,market,concentrator_alimentador_650,reject-proposal,1423,25.116393,0
1788504449.523559,,,market,dso,reject-proposal,1444,25.579021,0
1788504449.579645,,ciclo3_AM_AC_AD,market,concentrator_alimentador_650,cfp,100,2.477373,0
1788504449.582758,,ciclo3_AM_AC_AD,market,dso,cfp,100,1.623538,0
1788504449.837386,,ciclo3_AM_AC_AD,concentrator_alimentador_650,market,propose,1170,20.997124,0
1788504449.902342,,ciclo3_AM_AC_AD,dso,market,propose,1124,16.543566,0
1788504450.073194,,,market,concentrator_alimentador_650,reject-proposal,1373,21.013281,0
1788504450.073804,,,market,dso,reject-proposal,1166,18.461600,0
1788504450.128465,,ciclo3_AM_AC_AD,market,concentrator_alimentador_650,cfp,100,1.887673,0
1788504450.130984,,ciclo3_AM_AC_AD,market,dso,cfp,100,1.271653,0
1788504450.330668,,ciclo3_AM_AC_AD,concentrator_alimentador_650,market,propose,1360,22.732497,0
1788504450.407614,,ciclo3_AM_AC_AD,dso,market,propose,1445,22.752638,0
1788504450.640964,,,market,concentrator_alimentador_650,reject-proposal,1032,17.703424,0
1788504450.641272,,,market,dso,reject-proposal,1097,16.514145,0
1788504450.696625,,ciclo3_AM_AC_AD,market,concentrator_alimentador_650,cfp,100,3.826750,0
1788504450.699527,,ciclo3_AM_AC_AD,market,dso,cfp,100,3.461973,0
1788504450.958290,,ciclo3_AM_AC_AD,concentrator_alimentador_650,market,propose,1469,25.062137,0
1788504451.057471,,ciclo3_AM_AC_AD,dso,market,propose,1290,20.236114,0
1788504451.266753,,,market,concentrator_alimentador_650,reject-proposal,1113,18.090562,0
1788504451.267565,,,market,dso,reject-proposal,1122,19.621078,0
1788504451.322945,,ciclo3_AM_AC_AD,market,concentrator_alimentador_650,cfp,100,0.765789,0
1788504451.325581,,ciclo3_AM_AC_AD,market,dso,cfp,100,3.898555,0
1788504451.531667,,ciclo3_AM_AC_AD,concentrator_alimentador_650,market,propose,1411,23.408631,0
1788504451.673727,,ciclo3_AM_AC_AD,dso,market,propose,1495,22.276574,0
1788504451.902540,,,market,concentrator_alimentador_650,reject-proposal,1072,16.886369,0
1788504451.903248,,,market,dso,reject-proposal,1411,23.863965,0
1788504451.958278,,ciclo3_AM_AC_AD,market,concentrator_alimentador_650,cfp,100,1.059362,0
1788504451.961128,,ciclo3_AM_AC_AD,market,dso,cfp,100,1.846192,0
1788504452.178596,,ciclo3_AM_AC_AD,concentrator_alimentador_650,market,propose,1278,21.799853,0
1788504452.297366,,ciclo3_AM_AC_AD,dso,market,propose,1229,19.220753,0
1788504452.495913,,,market,concentrator_alimentador_650,reject-proposal,1046,19.749081,0
1788504452.496687,,,market,dso,reject-proposal,1041,19.884348,0
1788504452.552208,,ciclo3_AM_AC_AD,market,concentrator_alimentador_650,cfp,100,0.055621,0
1788504452.555274,,ciclo3_AM_AC_AD,market,dso,cfp,100,1.683565,0
1788504452.747698,,ciclo3_AM_AC_AD,concentrator_alimentador_650,market,propose,1163,21.971467,0
1788504452.888024,,ciclo3_AM_AC_AD,dso,market,propose,1448,24.502065,0
1788504453.140979,,,market,concentrator_alimentador_650,reject-proposal,1260,19.895582,0
1788504453.142366,,,market,dso,reject-proposal,1477,23.790010,0
1788504453.198529,,ciclo3_AM_AC_AD,market,concentrator_alimentador_650,cfp,100,0.743172,0
1788504453.201184,,ciclo3_AM_AC_AD,market,dso,cfp,100,1.869870,0
1788504453.389269,,ciclo3_AM_AC_AD,concentrator_alimentador_650,market,propose,1250,19.912887,0
1788504453.512017,,ciclo3_AM_AC_AD,dso,market,propose,1055,18.402384,0
1788504453.704017,,,market,concentrator_alimentador_650,reject-proposal,1154,20.234244,0
1788504453.705350,,,market,dso,reject-proposal,1282,22.101175,0
1788504453.761920,,ciclo3_AM_AC_AD,market,concentrator_alimentador_650,cfp,100,2.285275,0
1788504453.765319,,ciclo3_AM_AC_AD,market,dso,cfp,100,1.893410,0
1788504454.015852,,ciclo3_AM_AC_AD,concentrator_alimentador_650,market,propose,1149,19.909271,0
1788504454.090828,,ciclo3_AM_AC_AD,dso,market,propose,1361,21.484176,0
1788504454.312591,,,market,concentrator_alimentador_650,reject-proposal,1063,16.569682,0
1788504454.313997,,,market,dso,reject-proposal,1280,21.109015,0
1788504454.370593,,ciclo3_AM_AC_AD,market,concentrator_alimentador_650,cfp,100,3.090330,0
1788504454.373794,,ciclo3_AM_AC_AD,market,dso,cfp,100,2.204850,0
1788504454.624506,,ciclo3_AM_AC_AD,concentrator_alimentador_650,market,propose,1170,20.199236,0
1788504454.691439,,ciclo3_AM_AC_AD,dso,market,propose,1417,23.765169,0
1788504454.935566,,,market,concentrator_alimentador_650,reject-proposal,1472,24.943654,0
1788504454.936785,,,market,dso,reject-proposal,1276,21.720507,0
1788504454.991952,,ciclo3_AM_AC_AD,market,concentrator_alimentador_650,cfp,100,0.729093,0
1788504454.994895,,ciclo3_AM_AC_AD,market,dso,cfp,100,2.549075,0
1788504455.197537,,ciclo3_AM_AC_AD,concentrator_alimentador_650,market,propose,1104,20.122932,0
1788504455.318180,,ciclo3_AM_AC_AD,dso,market,propose,1493,24.219166,0
1788504455.566022,,,market,concentrator_alimentador_650,reject-proposal,1409,23.574000,0
1788504455.566881,,,market,dso,reject-proposal,1308,21.889270,0
1788504455.620914,,ciclo3_AM_AC_AD,market,concentrator_alimentador_650,cfp,100,2.719086,0
1788504455.623470,,ciclo3_AM_AC_AD,market,dso,cfp,100,2.019727,0
1788504455.875390,,ciclo3_AM_AC_AD,concentrator_alimentador_650,market,propose,1280,23.339477,0
1788504455.945067,,ciclo3_AM_AC_AD,dso,market,propose,1300,23.301820,0
1788504456.182296,,,market,concentrator_alimentador_650,reject-proposal,1147,20.843754,0
1788504456.182764,,,market,dso,reject-proposal,1227,21.253791,0
1788504456.238103,,ciclo3_AM_AC_AD,market,concentrator_alimentador_650,cfp,100,2.826478,0
1788504456.240860,,ciclo3_AM_AC_AD,market,dso,cfp,100,3.709765,0
1788504456.480264,,ciclo3_AM_AC_AD,concentrator_alimentador_650,market,propose,1046,16.320504,0
1788504456.602668,,ciclo3_AM_AC_AD,dso,market,propose,1305,22.177842,0
1788504456.832422,,,market,concentrator_alimentador_650,reject-proposal,1408,23.326191,0
1788504456.833734,,,market,dso,reject-proposal,1197,18.371973,0
1788504456.890057,,ciclo3_AM_AC_AD,market,concentrator_alimentador_650,cfp,100,0.307136,0
1788504456.893269,,ciclo3_AM_AC_AD,market,dso,cfp,100,3.531469,0
1788504457.111696,,ciclo3_AM_AC_AD,concentrator_alimentador_650,market,propose,1162,22.022588,0
1788504457.236498,,ciclo3_AM_AC_AD,dso,market,propose,1294,21.209154,0
1788504457.454027,,,market,concentrator_alimentador_650,reject-proposal,1123,18.093464,0
1788504457.454602,,,market,dso,reject-proposal,1148,20.864176,0
1788504457.510946,,ciclo3_AM_AC_AD,market,concentrator_alimentador_650,cfp,100,1.739106,0
1788504457.514042,,ciclo3_AM_AC_AD,market,dso,cfp,100,3.101867,0
1788504457.726512,,ciclo3_AM_AC_AD,concentrator_alimentador_650,market,propose,1094,18.325474,0
1788504457.853709,,ciclo3_AM_AC_AD,dso,market,propose,1096,16.371344,0
1788504458.024655,,,market,concentrator_alimentador_650,reject-proposal,1420,25.644710,0
1788504458.025987,,,market,dso,reject-proposal,1095,16.501901,0
1788504458.081473,,ciclo3_AM_AC_AD,market,concentrator_alimentador_650,cfp,100,1.169121,0
1788504458.084496,,ciclo3_AM_AC_AD,market,dso,cfp,100,2.061724,0
1788504458.254074,,ciclo3_AM_AC_AD,concentrator_alimentador_650,market,propose,1016,15.780182,0
1788504458.413391,,ciclo3_AM_AC_AD,dso,market,propose,1313,22.165221,0
1788504458.642019,,,market,concentrator_alimentador_650,reject-proposal,1336,21.593240,0
1788504458.643440,,,market,dso,reject-proposal,1133,16.422243,0
1788504458.699659,,ciclo3_AM_AC_AD,market,concentrator_alimentador_650,cfp,100,1.023894,0
1788504458.702763,,ciclo3_AM_AC_AD,market,dso,cfp,100,2.425975,0
1788504458.877430,,ciclo3_AM_AC_AD,concentrator_alimentador_650,market,propose,1243,21.471061,0
1788504458.989231,,ciclo3_AM_AC_AD,dso,market,propose,1035,19.540923,0
1788504459.191786,,,market,concentrator_alimentador_650,reject-proposal,1045,18.254151,0
1788504459.192801,,,market,dso,reject-proposal,1347,20.490174,0
1788504459.248205,,ciclo3_AM_AC_AD,market,concentrator_alimentador_650,cfp,100,1.678562,0
1788504459.251070,,ciclo3_AM_AC_AD,market,dso,cfp,100,1.277295,0
1788504459.487234,,ciclo3_AM_AC_AD,concentrator_alimentador_650,market,propose,1387,22.803654,0
1788504459.573660,,ciclo3_AM_AC_AD,dso,market,propose,1066,19.582847,0
1788504459.777125,,,market,concentrator_alimentador_650,reject-proposal,1448,24.609401,0
1788504459.778512,,,market,dso,reject-proposal,1076,19.201821,0
1788504459.834811,,ciclo3_AM_AC_AD,market,concentrator_alimentador_650,cfp,100,3.454969,0
1788504459.838229,,ciclo3_AM_AC_AD,market,dso,cfp,100,2.442875,0
1788504460.091921,,ciclo3_AM_AC_AD,concentrator_alimentador_650,market,propose,1472,25.543216,0
1788504460.159132,,ciclo3_AM_AC_AD,dso,market,propose,1019,19.947537,0
1788504460.361884,,,market,concentrator_alimentador_650,reject-proposal,1431,24.827507,0
1788504460.362276,,,market,dso,reject-proposal,1041,18.208762,0
1788504460.415842,,ciclo3_AM_AC_AD,market,concentrator_alimentador_650,cfp,100,1.501484,0
1788504460.417885,,ciclo3_AM_AC_AD,market,dso,cfp,100,0.987570,0
1788504460.655285,,ciclo3_AM_AC_AD,concentrator_alimentador_650,market,propose,1459,24.581571,0
1788504460.738770,,ciclo3_AM_AC_AD,dso,market,propose,1358,21.447523,0
1788504460.959294,,,market,concentrator_alimentador_650,reject-proposal,1472,22.749431,0
1788504460.959926,,,market,dso,reject-proposal,1424,25.872576,0
1788504461.013832,,ciclo3_AM_AC_AD,market,concentrator_alimentador_650,cfp,100,1.303518,0
1788504461.016206,,ciclo3_AM_AC_AD,market,dso,cfp,100,1.924664,0
1788504461.235384,,ciclo3_AM_AC_AD,concentrator_alimentador_650,market,propose,1276,20.305929,0
1788504461.345109,,ciclo3_AM_AC_AD,dso,market,propose,1349,22.937585,0
1788504461.578663,,,market,concentrator_alimentador_650,reject-proposal,1200,19.553612,0
1788504461.579150,,,market,dso,reject-proposal,1428,23.950908,0
1788504461.634013,,ciclo3_AM_AC_AD,market,concentrator_alimentador_650,cfp,100,0.205612,0
1788504461.637301,,ciclo3_AM_AC_AD,market,dso,cfp,100,1.980770,0
1788504461.834764,,ciclo3_AM_AC_AD,concentrator_alimentador_650,market,propose,1361,23.727617,0
1788504461.958710,,ciclo3_AM_AC_AD,dso,market,propose,1268,21.604785,0
1788504462.181638,,,market,concentrator_alimentador_650,reject-proposal,1141,18.726899,0
1788504462.183153,,,market,dso,reject-proposal,1267,20.563289,0
1788504462.238006,,ciclo3_AM_AC_AD,market,concentrator_alimentador_650,cfp,100,2.470622,0
1788504462.240409,,ciclo3_AM_AC_AD,market,dso,cfp,100,3.421504,0
1788504462.472452,,ciclo3_AM_AC_AD,concentrator_alimentador_650,market,propose,1415,25.493132,0
1788504462.589319,,ciclo3_AM_AC_AD,dso,market,propose,1120,20.163299,0
1788504462.795671,,,market,concentrator_alimentador_650,reject-proposal,1434,24.486233,0
1788504462.796594,,,market,dso,reject-proposal,1110,18.895317,0
1788504462.851710,,ciclo3_AM_AC_AD,market,concentrator_alimentador_650,cfp,100,2.040154,0
1788504462.854715,,ciclo3_AM_AC_AD,market,dso,cfp,100,1.116749,0
1788504463.101029,,ciclo3_AM_AC_AD,concentrator_alimentador_650,market,propose,1458,25.566291,0
1788504463.170002,,ciclo3_AM_AC_AD,dso,market,propose,1347,21.021873,0
1788504463.386571,,,market,concentrator_alimentador_650,reject-proposal,1301,22.203139,0
1788504463.387758,,,market,dso,reject-proposal,1422,23.247930,0
1788504463.443400,,ciclo3_AM_AC_AD,market,concentrator_alimentador_650,cfp,100,0.716315,0
1788504463.446428,,ciclo3_AM_AC_AD,market,dso,cfp,100,2.705735,0
1788504463.619363,,ciclo3_AM_AC_AD,concentrator_alimentador_650,market,propose,1486,25.005199,0
1788504463.737136,,ciclo3_AM_AC_AD,dso,market,propose,1214,21.737376,0
1788504463.961653,,,market,concentrator_alimentador_650,reject-proposal,1296,21.005622,0
1788504463.962962,,,market,dso,reject-proposal,1140,16.700444,0
1788504464.019098,,ciclo3_AM_AC_AD,market,concentrator_alimentador_650,cfp,100,0.234875,0
1788504464.022423,,ciclo3_AM_AC_AD,market,dso,cfp,100,2.423948,0
1788504464.217705,,ciclo3_AM_AC_AD,concentrator_alimentador_650,market,propose,1230,18.465568,0
1788504464.334370,,ciclo3_AM_AC_AD,dso,market,propose,1252,21.332107,0
1788504464.555223,,,market,concentrator_alimentador_650,reject-proposal,1338,21.267181,0
1788504464.556231,,,market,dso,reject-proposal,1328,20.942396,0
1788504464.610856,,ciclo3_AM_AC_AD,market,concentrator_alimentador_650,cfp,100,0.305517,0
1788504464.613843,,ciclo3_AM_AC_AD,market,dso,cfp,100,1.268950,0
1788504464.804676,,ciclo3_AM_AC_AD,concentrator_alimentador_650,market,propose,1358,22.865057,0
1788504464.932374,,ciclo3_AM_AC_AD,dso,market,propose,1469,24.250395,0
1788504465.181638,,,market,concentrator_alimentador_650,reject-proposal,1406,22.509306,0
1788504465.182655,,,market,dso,reject-proposal,1182,19.548917,0
1788504465.237112,,ciclo3_AM_AC_AD,market,concentrator_alimentador_650,cfp,100,2.168544,0
1788504465.239975,,ciclo3_AM_AC_AD,market,dso,cfp,100,1.578066,0
1788504465.511696,,ciclo3_AM_AC_AD,concentrator_alimentador_650,market,propose,1042,18.972931,0
1788504465.574989,,ciclo3_AM_AC_AD,dso,market,propose,1166,20.656974,0
1788504465.787256,,,market,concentrator_alimentador_650,reject-proposal,1313,21.045912,0
1788504465.788225,,,market,dso,reject-proposal,1059,16.604306,0
1788504465.843583,,ciclo3_AM_AC_AD,market,concentrator_alimentador_650,cfp,100,3.123279,0
1788504465.846355,,ciclo3_AM_AC_AD,market,dso,cfp,100,0.423111,0
1788504466.108939,,ciclo3_AM_AC_AD,concentrator_alimentador_650,market,propose,1249,21.250554,0
1788504466.178379,,ciclo3_AM_AC_AD,dso,market,propose,1300,23.820016,0
1788504466.422544,,,market,concentrator_alimentador_650,reject-proposal,1322,20.259565,0
1788504466.423699,,,market,dso,reject-proposal,1171,19.580647,0
1788504466.479503,,ciclo3_AM_AC_AD,market,concentrator_alimentador_650,cfp,100,0.016578,0
1788504466.482823,,ciclo3_AM_AC_AD,market,dso,cfp,100,0.139543,0
1788504466.670982,,ciclo3_AM_AC_AD,concentrator_alimentador_650,market,propose,1432,24.980934,0
1788504466.763921,,ciclo3_AM_AC_AD,dso,market,propose,1097,17.403845,0
1788504466.943712,,,market,concentrator_alimentador_650,reject-proposal,1124,19.747506,0
1788504466.944804,,,market,dso,reject-proposal,1008,16.585060,0
1788504466.998773,,ciclo3_AM_AC_AD,market,concentrator_alimentador_650,cfp,100,4.019080,0
1788504467.001026,,ciclo3_AM_AC_AD,market,dso,cfp,100,0.895534,0
1788504467.259592,,ciclo3_AM_AC_AD,concentrator_alimentador_650,market,propose,1374,23.329950,0
1788504467.326649,,ciclo3_AM_AC_AD,dso,market,propose,1138,19.433583,0
1788504467.524794,,,market,concentrator_alimentador_650,reject-proposal,1059,17.645109,0
1788504467.525195,,,market,dso,reject-proposal,1361,20.942065,0
1788504467.580871,,ciclo3_AM_AC_AD,market,concentrator_alimentador_650,cfp,100,3.237609,0
1788504467.584012,,ciclo3_AM_AC_AD,market,dso,cfp,100,0.063540,0
1788504467.842050,,ciclo3_AM_AC_AD,concentrator_alimentador_650,market,propose,1112,19.451903,0
1788504467.912416,,ciclo3_AM_AC_AD,dso,market,propose,1190,20.384807,0
1788504468.123350,,,market,concentrator_alimentador_650,reject-proposal,1406,25.774077,0
1788504468.124644,,,market,dso,reject-proposal,1087,20.072508,0
1788504468.178455,,ciclo3_AM_AC_AD,market,concentrator_alimentador_650,cfp,100,3.475409,0
1788504468.180957,,ciclo3_AM_AC_AD,market,dso,cfp,100,1.988629,0
1788504468.420835,,ciclo3_AM_AC_AD,concentrator_alimentador_650,market,propose,1170,20.125401,0
1788504468.485479,,ciclo3_AM_AC_AD,dso,market,propose,1218,19.201480,0
1788504468.682748,,,market,concentrator_alimentador_650,reject-proposal,1417,23.255985,0
1788504468.683424,,,market,dso,reject-proposal,1031,18.998193,0
1788504468.739699,,ciclo3_AM_AC_AD,market,concentrator_alimentador_650,cfp,100,0.538157,0
1788504468.742922,,ciclo3_AM_AC_AD,market,dso,cfp,100,3.785805,0
1788504468.966191,,ciclo3_AM_AC_AD,concentrator_alimentador_650,market,propose,1051,19.411537,0
1788504469.077736,,ciclo3_AM_AC_AD,dso,market,propose,1400,23.365520,0
1788504469.319634,,,market,concentrator_alimentador_650,reject-proposal,1074,17.249567,0
1788504469.320825,,,market,dso,reject-proposal,1437,23.469625,0
1788504469.377705,,ciclo3_AM_AC_AD,market,concentrator_alimentador_650,cfp,100,1.879141,0
1788504469.381167,,ciclo3_AM_AC_AD,market,dso,cfp,100,3.259257,0
1788504469.585501,,ciclo3_AM_AC_AD,concentrator_alimentador_650,market,propose,1357,21.236910,0
1788504469.716139,,ciclo3_AM_AC_AD,dso,market,propose,1112,19.478645,0
1788504469.916066,,,market,concentrator_alimentador_650,reject-proposal,1023,19.749710,0
1788504469.916993,,,market,dso,reject-proposal,1418,24.110920,0
1788504469.972416,,ciclo3_AM_AC_AD,market,concentrator_alimentador_650,cfp,100,1.624420,0
1788504469.975494,,ciclo3_AM_AC_AD,market,dso,cfp,100,0.830607,0
1788504470.219671,,ciclo3_AM_AC_AD,concentrator_alimentador_650,market,propose,1293,21.485601,0
1788504470.302939,,ciclo3_AM_AC_AD,dso,market,propose,1324,21.569563,0
1788504470.524708,,,market,concentrator_alimentador_650,reject-proposal,1465,25.158034,0
1788504470.525398,,,market,dso,reject-proposal,1479,25.728692,0
1788504470.579137,,ciclo3_AM_AC_AD,market,concentrator_alimentador_650,cfp,100,0.732860,0
1788504470.581618,,ciclo3_AM_AC_AD,market,dso,cfp,100,1.930351,0
1788504470.793369,,ciclo3_AM_AC_AD,concentrator_alimentador_650,market,propose,1273,21.043869,0
1788504470.921262,,ciclo3_AM_AC_AD,dso,market,propose,1308,24.005591,0
1788504471.169283,,,market,concentrator_alimentador_650,reject-proposal,1348,20.335981,0
1788504471.170552,,,market,dso,reject-proposal,1037,19.757444,0
1788504471.224269,,ciclo3_AM_AC_AD,market,concentrator_alimentador_650,cfp,100,2.086107,0
1788504471.226502,,ciclo3_AM_AC_AD,market,dso,cfp,100,2.596871,0
1788504471.456771,,ciclo3_AM_AC_AD,concentrator_alimentador_650,market,propose,1013,16.370256,0
1788504471.547941,,ciclo3_AM_AC_AD,dso,market,propose,1063,19.109534,0
1788504471.745973,,,market,concentrator_alimentador_650,reject-proposal,1325,22.647821,0
1788504471.747283,,,market,dso,reject-proposal,1096,16.164173,0
1788504471.801387,,ciclo3_AM_AC_AD,market,concentrator_alimentador_650,cfp,100,3.458883,0
1788504471.804099,,ciclo3_AM_AC_AD,market,dso,cfp,100,1.472037,0
1788504472.052299,,ciclo3_AM_AC_AD,concentrator_alimentador_650,market,propose,1310,23.804787,0
1788504472.130669,,ciclo3_AM_AC_AD,dso,market,propose,1425,22.903625,0
1788504472.365355,,,market,concentrator_alimentador_650,reject-proposal,1294,22.552884,0
1788504472.366297,,,market,dso,reject-proposal,1061,18.660134,0
1788504472.419836,,ciclo3_AM_AC_AD,market,concentrator_alimentador_650,cfp,100,2.231346,0
1788504472.422112,,ciclo3_AM_AC_AD,market,dso,cfp,100,1.381473,0
1788504472.628097,,ciclo3_AM_AC_AD,concentrator_alimentador_650,market,propose,1200,21.289584,0
1788504472.705207,,ciclo3_AM_AC_AD,dso,market,propose,1046,18.098140,0
1788504472.891916,,,market,concentrator_alimentador_650,reject-proposal,1189,21.631121,0
1788504472.893144,,,market,dso,reject-proposal,1426,24.795345,0
1788504472.949626,,ciclo3_AM_AC_AD,market,concentrator_alimentador_650,cfp,100,0.268946,0
1788504472.952869,,ciclo3_AM_AC_AD,market,dso,cfp,100,2.884269,0
1788504473.146027,,ciclo3_AM_AC_AD,concentrator_alimentador_650,market,propose,1059,17.493667,0
1788504473.271314,,ciclo3_AM_AC_AD,dso,market,propose,1018,17.351076,0
1788504473.452516,,,market,concentrator_alimentador_650,reject-proposal,1310,23.995252,0
1788504473.454165,,,market,dso,reject-proposal,1011,16.691748,0
1788504473.509663,,ciclo3_AM_AC_AD,market,concentrator_alimentador_650,cfp,100,1.712690,0
1788504473.512891,,ciclo3_AM_AC_AD,market,dso,cfp,100,1.262121,0
1788504473.745734,,ciclo3_AM_AC_AD,concentrator_alimentador_650,market,propose,1099,17.629687,0
1788504473.833712,,ciclo3_AM_AC_AD,dso,market,propose,1492,25.628543,0
1788504474.096348,,,market,concentrator_alimentador_650,reject-proposal,1496,26.164003,0
1788504474.097564,,,market,dso,reject-proposal,1094,16.342260,0
1788504474.153625,,ciclo3_AM_AC_AD,market,concentrator_alimentador_650,cfp,100,2.162334,0
1788504474.156876,,ciclo3_AM_AC_AD,market,dso,cfp,100,2.234316,0
1788504474.395155,,ciclo3_AM_AC_AD,concentrator_alimentador_650,market,propose,1367,22.311448,0
1788504474.488003,,ciclo3_AM_AC_AD,dso,market,propose,1063,18.605520,0
1788504474.678822,,,market,concentrator_alimentador_650,reject-proposal,1245,22.001156,0
1788504474.679804,,,market,dso,reject-proposal,1107,16.274100,0
1788504474.736632,,ciclo3_AM_AC_AD,market,concentrator_alimentador_650,cfp,100,2.501622,0
1788504474.739960,,ciclo3_AM_AC_AD,market,dso,cfp,100,0.719008,0
1788504474.993136,,ciclo3_AM_AC_AD,concentrator_alimentador_650,market,propose,1372,23.444961,0
1788504475.059371,,ciclo3_AM_AC_AD,dso,market,propose,1409,25.705869,0
1788504475.323939,,,market,concentrator_alimentador_650,reject-proposal,1031,19.081152,0
1788504475.325108,,,market,dso,reject-proposal,1479,23.785774,0
1788504475.379910,,ciclo3_AM_AC_AD,market,concentrator_alimentador_650,cfp,100,1.601709,0
1788504475.382796,,ciclo3_AM_AC_AD,market,dso,cfp,100,2.537214,0
1788504475.610824,,ciclo3_AM_AC_AD,concentrator_alimentador_650,market,propose,1347,21.414554,0
1788504475.732722,,ciclo3_AM_AC_AD,dso,market,propose,1011,15.737216,0
1788504475.894638,,,market,concentrator_alimentador_650,reject-proposal,1278,20.640134,0
1788504475.895047,,,market,dso,reject-proposal,1217,18.225203,0
1788504475.950426,,ciclo3_AM_AC_AD,market,concentrator_alimentador_650,cfp,100,2.662504,0
1788504475.953163,,ciclo3_AM_AC_AD,market,dso,cfp,100,1.530478,0
1788504476.202549,,ciclo3_AM_AC_AD,concentrator_alimentador_650,market,propose,1317,21.882930,0
1788504476.289333,,ciclo3_AM_AC_AD,dso,market,propose,1051,19.696632,0
1788504476.490740,,,market,concentrator_alimentador_650,reject-proposal,1427,25.928834,0
1788504476.491477,,,market,dso,reject-proposal,1133,20.024342,0
1788504476.547355,,ciclo3_AM_AC_AD,market,concentrator_alimentador_650,cfp,100,2.636184,0
1788504476.550845,,ciclo3_AM_AC_AD,market,dso,cfp,100,1.341435,0
1788504476.769505,,ciclo3_AM_AC_AD,concentrator_alimentador_650,market,propose,1035,20.012241,0
1788504476.836985,,ciclo3_AM_AC_AD,dso,market,propose,1113,17.683205,0
1788504477.019743,,,market,concentrator_alimentador_650,reject-proposal,1036,18.699779,0
1788504477.021039,,,market,dso,reject-proposal,1331,20.689259,0
1788504477.075905,,ciclo3_AM_AC_AD,market,concentrator_alimentador_650,cfp,100,3.527403,0
1788504477.078657,,ciclo3_AM_AC_AD,market,dso,cfp,100,3.645336,0
1788504477.327654,,ciclo3_AM_AC_AD,concentrator_alimentador_650,market,propose,1154,21.481972,0
1788504477.425658,,ciclo3_AM_AC_AD,dso,market,propose,1179,19.116047,0
1788504477.622205,,,market,concentrator_alimentador_650,reject-proposal,1223,19.144057,0
1788504477.623065,,,market,dso,reject-proposal,1092,19.445707,0
1788504477.677311,,ciclo3_AM_AC_AD,market,concentrator_alimentador_650,cfp,100,3.533980,0
1788504477.679972,,ciclo3_AM_AC_AD,market,dso,cfp,100,2.839844,0
1788504477.932486,,ciclo3_AM_AC_AD,concentrator_alimentador_650,market,propose,1031,16.907137,0
1788504478.007777,,ciclo3_AM_AC_AD,dso,market,propose,1257,21.493618,0
1788504478.229517,,,market,concentrator_alimentador_650,reject-proposal,1239,19.810948,0
1788504478.230693,,,market,dso,reject-proposal,1020,18.340304,0
1788504478.285005,,ciclo3_AM_AC_AD,market,concentrator_alimentador_650,cfp,100,3.098124,0
1788504478.287357,,ciclo3_AM_AC_AD,market,dso,cfp,100,2.562494,0
1788504478.557095,,ciclo3_AM_AC_AD,concentrator_alimentador_650,market,propose,1305,22.088902,0
1788504478.629662,,ciclo3_AM_AC_AD,dso,market,propose,1051,19.343720,0
1788504478.830142,,,market,concentrator_alimentador_650,reject-proposal,1358,23.818393,0
1788504478.831236,,,market,dso,reject-proposal,1200,18.988752,0
1788504478.887640,,ciclo3_AM_AC_AD,market,concentrator_alimentador_650,cfp,100,2.278824,0
1788504478.890872,,ciclo3_AM_AC_AD,market,dso,cfp,100,3.898703,0
1788504479.103967,,ciclo3_AM_AC_AD,concentrator_alimentador_650,market,propose,1102,18.750248,0
1788504479.233088,,ciclo3_AM_AC_AD,dso,market,propose,1133,20.193980,0
1788504479.442288,,,market,concentrator_alimentador_650,reject-proposal,1183,20.408358,0
1788504479.443286,,,market,dso,reject-proposal,1463,24.477053,0
1788504479.499027,,ciclo3_AM_AC_AD,market,concentrator_alimentador_650,cfp,100,2.556869,0
1788504479.502036,,ciclo3_AM_AC_AD,market,dso,cfp,100,0.065199,0
1788504479.750289,,ciclo3_AM_AC_AD,concentrator_alimentador_650,market,propose,1374,24.230418,0
1788504479.815775,,ciclo3_AM_AC_AD,dso,market,propose,1240,21.715239,0
1788504480.039825,,,market,concentrator_alimentador_650,reject-proposal,1429,23.105381,0
1788504480.040683,,,market,dso,reject-proposal,1461,23.112107,0
1788504480.094695,,ciclo3_AM_AC_AD,market,concentrator_alimentador_650,cfp,100,1.150375,0
1788504480.097009,,ciclo3_AM_AC_AD,market,dso,cfp,100,0.493935,0
1788504480.294089,,ciclo3_AM_AC_AD,concentrator_alimentador_650,market,propose,1470,24.919888,0
1788504480.370535,,ciclo3_AM_AC_AD,dso,market,propose,1291,21.876865,0
1788504480.595766,,,market,concentrator_alimentador_650,reject-proposal,1086,18.751477,0
1788504480.596298,,,market,dso,reject-proposal,1357,23.008959,0
1788504480.651620,,ciclo3_AM_AC_AD,market,concentrator_alimentador_650,cfp,100,2.606387,0
1788504480.654561,,ciclo3_AM_AC_AD,market,dso,cfp,100,3.792568,0
1788504480.898101,,ciclo3_AM_AC_AD,concentrator_alimentador_650,market,propose,1344,23.518504,0
1788504481.005357,,ciclo3_AM_AC_AD,dso,market,propose,1104,16.820969,0
1788504481.180317,,,market,concentrator_alimentador_650,reject-proposal,1494,26.103678,0
1788504481.181429,,,market,dso,reject-proposal,1392,23.691142,0
1788504481.237282,,ciclo3_AM_AC_AD,market,concentrator_alimentador_650,cfp,100,0.743875,0
1788504481.239922,,ciclo3_AM_AC_AD,market,dso,cfp,100,3.348081,0
1788504481.459018,,ciclo3_AM_AC_AD,concentrator_alimentador_650,market,propose,1029,16.285232,0
1788504481.573645,,ciclo3_AM_AC_AD,dso,market,propose,1403,23.236705,0
1788504481.814109,,,market,concentrator_alimentador_650,reject-proposal,1346,20.833158,0
1788504481.815402,,,market,dso,reject-proposal,1081,19.075551,0
1788504481.871350,,ciclo3_AM_AC_AD,market,concentrator_alimentador_650,cfp,100,3.668935,0
1788504481.873712,,ciclo3_AM_AC_AD,market,dso,cfp,100,2.011703,0
1788504482.142095,,ciclo3_AM_AC_AD,concentrator_alimentador_650,market,propose,1432,26.138835,0
1788504482.210963,,ciclo3_AM_AC_AD,dso,market,propose,1082,16.585754,0
1788504482.408226,,,market,concentrator_alimentador_650,reject-proposal,1175,20.269167,0
1788504482.409253,,,market,dso,reject-proposal,1271,20.943066,0
1788504482.464915,,ciclo3_AM_AC_AD,market,concentrator_alimentador_650,cfp,100,2.715856,0
1788504482.467947,,ciclo3_AM_AC_AD,market,dso,cfp,100,3.212516,0
1788504482.696947,,ciclo3_AM_AC_AD,concentrator_alimentador_650,market,propose,1128,19.887109,0
1788504482.798868,,ciclo3_AM_AC_AD,dso,market,propose,1060,19.715533,0
1788504483.002779,,,market,concentrator_alimentador_650,reject-proposal,1305,23.764344,0
1788504483.003865,,,market,dso,reject-proposal,1471,23.600132,0
1788504483.060691,,ciclo3_AM_AC_AD,market,concentrator_alimentador_650,cfp,100,1.523958,0
1788504483.063846,,ciclo3_AM_AC_AD,market,dso,cfp,100,1.714727,0
1788504483.281285,,ciclo3_AM_AC_AD,concentrator_alimentador_650,market,propose,1226,20.090778,0
1788504483.412260,,ciclo3_AM_AC_AD,dso,market,propose,1340,22.178534,0
1788504483.641996,,,market,concentrator_alimentador_650,accept-proposal,1089,18.749594,0
1788504483.643487,,,market,dso,accept-proposal,1006,14.252942,0
1788504483.646578,,,dso,concentrator_alimentador_650,inform,1241,22.146571,0
1788504483.875100,,,concentrator_alimentador_650,prosumer670,inform,1348,21.313943,0
1788504483.876450,,,concentrator_alimentador_650,prosumer645,inform,1209,40.241774,0
1788504483.877717,,,concentrator_alimentador_650,prosumer692,inform,1460,25.992061,0
1788504483.878726,,,concentrator_alimentador_650,prosumer634,inform,1291,45.878926,0
1788504483.879598,,,concentrator_alimentador_650,prosumer646,inform,1447,24.488095,0
1788504483.880151,,,concentrator_alimentador_650,prosumer675,inform,1260,39.086724,0
1788504483.880625,,,concentrator_alimentador_650,prosumer632,inform,1469,47.970737,0
1788504483.880934,,,concentrator_alimentador_650,prosumer652,inform,1159,41.616085,0
1788504483.881232,,,concentrator_alimentador_650,prosumer671,inform,1332,45.249028,0
1788504483.881518,,,concentrator_alimentador_650,prosumer611,inform,1182,40.563356,0
1788504484.094850,,,prosumer670,concentrator_alimentador_650,inform,100,1.007602,0
1788504484.130003,,,prosumer646,concentrator_alimentador_650,inform,100,0.593117,0
1788504484.141373,,,prosumer692,concentrator_alimentador_650,inform,100,3.440601,0
1788504484.275187,,,prosumer675,concentrator_alimentador_650,inform,100,2.989565,0
1788504484.282132,,,prosumer645,concentrator_alimentador_650,inform,100,4.816530,0
1788504484.291265,,,prosumer611,concentrator_alimentador_650,inform,100,2.294457,0
1788504484.301592,,,prosumer652,concentrator_alimentador_650,inform,100,2.462864,0
1788504484.336903,,,prosumer671,concentrator_alimentador_650,inform,100,4.309006,0
1788504484.340819,,,prosumer634,concentrator_alimentador_650,inform,100,4.505119,0
1788504484.365021,,,prosumer632,concentrator_alimentador_650,inform,100,5.669498,0
1788504484.425382,,,concentrator_alimentador_650,dso,inform,100,2.040711,0
1788504484.515111,1,ciclo1_AC_AP,concentrator_alimentador_650,prosumer611,cfp,100,3.230102,0
1788504484.515312,1,ciclo1_AC_AP,concentrator_alimentador_650,prosumer632,cfp,100,3.712286,0
1788504484.515445,1,ciclo1_AC_AP,concentrator_alimentador_650,prosumer634,cfp,100,4.992461,0
1788504484.515563,1,ciclo1_AC_AP,concentrator_alimentador_650,prosumer645,cfp,100,7.630934,0
1788504484.515670,1,ciclo1_AC_AP,concentrator_alimentador_650,prosumer646,cfp,100,1.759147,0
1788504484.515828,1,ciclo1_AC_AP,concentrator_alimentador_650,prosumer652,cfp,100,4.022489,0
1788504484.515966,1,ciclo1_AC_AP,concentrator_alimentador_650,prosumer670,cfp,100,1.261220,0
1788504484.516072,1,ciclo1_AC_AP,concentrator_alimentador_650,prosumer671,cfp,100,2.023455,0
1788504484.516181,1,ciclo1_AC_AP,concentrator_alimentador_650,prosumer675,cfp,100,5.804343,0
1788504484.516285,1,ciclo1_AC_AP,concentrator_alimentador_650,prosumer692,cfp,100,1.572819,0
1788504484.533217,1,ciclo1_AC_AP,prosumer670,concentrator_alimentador_650,propose,298,4.884894,0
1788504484.536504,1,ciclo1_AC_AP,prosumer692,concentrator_alimentador_650,propose,436,7.528416,0
1788504484.538023,1,ciclo1_AC_AP,prosumer646,concentrator_alimentador_650,propose,228,2.834450,0
1788504484.539763,1,ciclo1_AC_AP,prosumer671,concentrator_alimentador_650,propose,178,8.008180,0
1788504484.551300,1,ciclo1_AC_AP,prosumer611,concentrator_alimentador_650,propose,387,16.863268,0
1788504484.554822,1,ciclo1_AC_AP,prosumer632,concentrator_alimentador_650,propose,453,17.112915,0
1788504484.558110,1,ciclo1_AC_AP,prosumer652,concentrator_alimentador_650,propose,106,0.576258,0
1788504484.569095,1,ciclo1_AC_AP,prosumer634,concentrator_alimentador_650,propose,334,11.148432,0
1788504484.577305,1,ciclo1_AC_AP,prosumer675,concentrator_alimentador_650,propose,479,15.704419,0
1788504484.595335,1,ciclo1_AC_AP,prosumer645,concentrator_alimentador_650,propose,140,7.606997,0
1788504484.739166,1,ciclo2_AD_AC,dso,concentrator_alimentador_650,cfp,100,3.378932,0
1788504484.777875,1,ciclo2_AD_AC,concentrator_alimentador_650,dso,propose,1171,20.307017,0
1788504484.986088,1,ciclo3_AM_AC_AD,market,dso,cfp,100,2.526338,0
1788504485.040146,1,ciclo3_AM_AC_AD,dso,market,propose,1378,20.736542,0
1788504485.255050,1,ciclo3_AM_AC_AD,market,concentrator_alimentador_650,cfp,100,2.644332,0
1788504485.255656,1,ciclo3_AM_AC_AD,market,dso,cfp,100,3.451203,0
1788504485.304207,1,ciclo3_AM_AC_AD,concentrator_alimentador_650,market,propose,1023,19.160056,0
1788504485.315430,1,ciclo3_AM_AC_AD,dso,market,propose,1278,21.798831,0
1788504485.598798,2,ciclo1_AC_AP,concentrator_alimentador_650,prosumer611,cfp,100,3.676176,0
1788504485.599744,2,ciclo1_AC_AP,concentrator_alimentador_650,prosumer632,cfp,100,2.940427,0
1788504485.600728,2,ciclo1_AC_AP,concentrator_alimentador_650,prosumer634,cfp,100,4.966104,0
1788504485.601489,2,ciclo1_AC_AP,concentrator_alimentador_650,prosumer645,cfp,100,2.624151,0
1788504485.601926,2,ciclo1_AC_AP,concentrator_alimentador_650,prosumer646,cfp,100,2.058011,0
1788504485.602319,2,ciclo1_AC_AP,concentrator_alimentador_650,prosumer652,cfp,100,5.862496,0
1788504485.602711,2,ciclo1_AC_AP,concentrator_alimentador_650,prosumer670,cfp,100,2.679122,0
1788504485.603034,2,ciclo1_AC_AP,concentrator_alimentador_650,prosumer671,cfp,100,5.710614,0
1788504485.603213,2,ciclo1_AC_AP,concentrator_alimentador_650,prosumer675,cfp,100,4.433597,0
1788504485.603372,2,ciclo1_AC_AP,concentrator_alimentador_650,prosumer692,cfp,100,2.640265,0
1788504485.628018,2,ciclo1_AC_AP,prosumer646,concentrator_alimentador_650,propose,243,4.212170,0
1788504485.630937,2,ciclo1_AC_AP,prosumer645,concentrator_alimentador_650,propose,169,5.485594,0
1788504485.633589,2,ciclo1_AC_AP,prosumer632,concentrator_alimentador_650,propose,222,8.357379,0
1788504485.635702,2,ciclo1_AC_AP,prosumer670,concentrator_alimentador_650,propose,490,10.000666,0
1788504485.637662,2,ciclo1_AC_AP,prosumer692,concentrator_alimentador_650,propose,346,5.688510,0
1788504485.639735,2,ciclo1_AC_AP,prosumer611,concentrator_alimentador_650,propose,280,12.698900,0
1788504485.651643,2,ciclo1_AC_AP,prosumer675,concentrator_alimentador_650,propose,412,17.935389,0
1788504485.654905,2,ciclo1_AC_AP,prosumer634,concentrator_alimentador_650,propose,247,10.393121,0
1788504485.663513,2,ciclo1_AC_AP,prosumer671,concentrator_alimentador_650,propose,444,18.961689,0
1788504485.666188,2,ciclo1_AC_AP,prosumer652,concentrator_alimentador_650,propose,283,14.472253,0
1788504485.857690,2,ciclo2_AD_AC,dso,concentrator_alimentador_650,cfp,100,1.086931,0
1788504485.872754,2,ciclo2_AD_AC,concentrator_alimentador_650,dso,propose,1302,23.931408,0
1788504486.118914,2,ciclo3_AM_AC_AD,market,dso,cfp,100,0.592299,0
1788504486.154750,2,ciclo3_AM_AC_AD,dso,market,propose,1484,24.694343,0
1788504486.407714,2,ciclo3_AM_AC_AD,market,concentrator_alimentador_650,cfp,100,3.291232,0
1788504486.408766,2,ciclo3_AM_AC_AD,market,dso,cfp,100,2.879512,0
1788504486.470213,2,ciclo3_AM_AC_AD,dso,market,propose,1456,23.725781,0
1788504486.471659,2,ciclo3_AM_AC_AD,concentrator_alimentador_650,market,propose,1324,21.324572,0
1788504486.774406,3,ciclo1_AC_AP,concentrator_alimentador_650,prosumer611,cfp,100,2.026011,0
1788504486.775281,3,ciclo1_AC_AP,concentrator_alimentador_650,prosumer632,cfp,100,2.924118,0
1788504486.775729,3,ciclo1_AC_AP,concentrator_alimentador_650,prosumer634,cfp,100,2.736916,0
1788504486.776147,3,ciclo1_AC_AP,concentrator_alimentador_650,prosumer645,cfp,100,1.560970,0
1788504486.776590,3,ciclo1_AC_AP,concentrator_alimentador_650,prosumer646,cfp,100,0.085162,0
1788504486.776936,3,ciclo1_AC_AP,concentrator_alimentador_650,prosumer652,cfp,100,6.450341,0
1788504486.777097,3,ciclo1_AC_AP,concentrator_alimentador_650,prosumer670,cfp,100,1.528550,0
1788504486.777267,3,ciclo1_AC_AP,concentrator_alimentador_650,prosumer671,cfp,100,1.682123,0
1788504486.777422,3,ciclo1_AC_AP,concentrator_alimentador_650,prosumer675,cfp,100,5.589590,0
1788504486.777577,3,ciclo1_AC_AP,concentrator_alimentador_650,prosumer692,cfp,100,1.125157,0
1788504486.779673,3,ciclo1_AC_AP,prosumer646,concentrator_alimentador_650,propose,417,8.543719,0
1788504486.792567,3,ciclo1_AC_AP,prosumer692,concentrator_alimentador_650,propose,167,5.505475,0
1788504486.795911,3,ciclo1_AC_AP,prosumer645,concentrator_alimentador_650,propose,466,18.561947,0
1788504486.797612,3,ciclo1_AC_AP,prosumer670,concentrator_alimentador_650,propose,258,4.280496,0
1788504486.799626,3,ciclo1_AC_AP,prosumer671,concentrator_alimentador_650,propose,298,12.122976,0
1788504486.801022,3,ciclo1_AC_AP,prosumer611,concentrator_alimentador_650,propose,483,16.246872,0
1788504486.804852,3,ciclo1_AC_AP,prosumer634,concentrator_alimentador_650,propose,312,12.297397,0
1788504486.806678,3,ciclo1_AC_AP,prosumer632,concentrator_alimentador_650,propose,433,14.597031,0
1788504486.837962,3,ciclo1_AC_AP,prosumer675,concentrator_alimentador_650,propose,141,5.127910,0
1788504486.845059,3,ciclo1_AC_AP,prosumer652,concentrator_alimentador_650,propose,100,1.291670,0
1788504486.985789,3,ciclo2_AD_AC,dso,concentrator_alimentador_650,cfp,100,1.359958,0
1788504487.004008,3,ciclo2_AD_AC,concentrator_alimentador_650,dso,propose,1304,21.663353,0
1788504487.226938,3,ciclo3_AM_AC_AD,market,dso,cfp,100,3.465264,0
1788504487.295333,3,ciclo3_AM_AC_AD,dso,market,propose,1098,18.768080,0
1788504487.489911,3,ciclo3_AM_AC_AD,market,concentrator_alimentador_650,cfp,100,1.957259,0
1788504487.490623,3,ciclo3_AM_AC_AD,market,dso,cfp,100,3.585319,0
1788504487.541924,3,ciclo3_AM_AC_AD,concentrator_alimentador_650,market,propose,1357,20.755272,0
1788504487.557768,3,ciclo3_AM_AC_AD,dso,market,propose,1171,20.021726,0
1788504487.823066,4,ciclo1_AC_AP,concentrator_alimentador_650,prosumer611,cfp,100,7.107767,0
1788504487.823765,4,ciclo1_AC_AP,concentrator_alimentador_650,prosumer632,cfp,100,4.675622,0
1788504487.824135,4,ciclo1_AC_AP,concentrator_alimentador_650,prosumer634,cfp,100,4.514903,0
1788504487.824407,4,ciclo1_AC_AP,concentrator_alimentador_650,prosumer645,cfp,100,2.214549,0
1788504487.824621,4,ciclo1_AC_AP,concentrator_alimentador_650,prosumer646,cfp,100,1.249514,0
1788504487.824818,4,ciclo1_AC_AP,concentrator_alimentador_650,prosumer652,cfp,100,4.816989,0
1788504487.825002,4,ciclo1_AC_AP,concentrator_alimentador_650,prosumer670,cfp,100,0.062860,0
1788504487.825207,4,ciclo1_AC_AP,concentrator_alimentador_650,prosumer671,cfp,100,3.441039,0
1788504487.825401,4,ciclo1_AC_AP,concentrator_alimentador_650,prosumer675,cfp,100,3.979866,0
1788504487.825573,4,ciclo1_AC_AP,concentrator_alimentador_650,prosumer692,cfp,100,1.721056,0
1788504487.829091,4,ciclo1_AC_AP,prosumer670,concentrator_alimentador_650,propose,181,3.874276,0
1788504487.840195,4,ciclo1_AC_AP,prosumer646,concentrator_alimentador_650,propose,222,5.508332,0
1788504487.846202,4,ciclo1_AC_AP,prosumer692,concentrator_alimentador_650,propose,214,4.593460,0
1788504487.848823,4,ciclo1_AC_AP,prosumer645,concentrator_alimentador_650,propose,426,15.352499,0
1788504487.863371,4,ciclo1_AC_AP,prosumer671,concentrator_alimentador_650,propose,329,10.835231,0
1788504487.867622,4,ciclo1_AC_AP,prosumer675,concentrator_alimentador_650,propose,293,9.063010,0
1788504487.871011,4,ciclo1_AC_AP,prosumer634,concentrator_alimentador_650,propose,463,15.608176,0
1788504487.872675,4,ciclo1_AC_AP,prosumer632,concentrator_alimentador_650,propose,444,14.887696,0
1788504487.875466,4,ciclo1_AC_AP,prosumer652,concentrator_alimentador_650,propose,390,16.649684,0
1788504487.898782,4,ciclo1_AC_AP,prosumer611,concentrator_alimentador_650,propose,312,11.732003,0
1788504488.046886,4,ciclo2_AD_AC,dso,concentrator_alimentador_650,cfp,100,1.982590,0
1788504488.072145,4,ciclo2_AD_AC,concentrator_alimentador_650,dso,propose,1016,16.752466,0
1788504488.244606,4,ciclo3_AM_AC_AD,market,dso,cfp,100,2.003941,0
1788504488.273772,4,ciclo3_AM_AC_AD,dso,market,propose,1205,18.220375,0
1788504488.462162,4,ciclo3_AM_AC_AD,market,concentrator_alimentador_650,cfp,100,1.649053,0
1788504488.462692,4,ciclo3_AM_AC_AD,market,dso,cfp,100,2.759579,0
1788504488.504208,4,ciclo3_AM_AC_AD,concentrator_alimentador_650,market,propose,1446,22.485113,0
1788504488.517291,4,ciclo3_AM_AC_AD,dso,market,propose,1359,24.232658,0
1788504488.827497,5,ciclo1_AC_AP,concentrator_alimentador_650,prosumer611,cfp,100,3.476041,0
1788504488.828613,5,ciclo1_AC_AP,concentrator_alimentador_650,prosumer632,cfp,100,7.586766,0
1788504488.829692,5,ciclo1_AC_AP,concentrator_alimentador_650,prosumer634,cfp,100,2.667950,0
1788504488.830461,5,ciclo1_AC_AP,concentrator_alimentador_650,prosumer645,cfp,100,4.969329,0
1788504488.831115,5,ciclo1_AC_AP,concentrator_alimentador_650,prosumer646,cfp,100,1.451698,0
1788504488.831587,5,ciclo1_AC_AP,concentrator_alimentador_650,prosumer652,cfp,100,5.281223,0
1788504488.831850,5,ciclo1_AC_AP,concentrator_alimentador_650,prosumer670,cfp,100,1.782788,0
1788504488.832081,5,ciclo1_AC_AP,concentrator_alimentador_650,prosumer671,cfp,100,2.885175,0
1788504488.832210,5,ciclo1_AC_AP,concentrator_alimentador_650,prosumer675,cfp,100,2.670199,0
1788504488.832324,5,ciclo1_AC_AP,concentrator_alimentador_650,prosumer692,cfp,100,1.416999,0
1788504488.850923,5,ciclo1_AC_AP,prosumer646,concentrator_alimentador_650,propose,390,9.686617,0
1788504488.852957,5,ciclo1_AC_AP,prosumer692,concentrator_alimentador_650,propose,314,6.282622,0
1788504488.854984,5,ciclo1_AC_AP,prosumer670,concentrator_alimentador_650,propose,495,6.430686,0
1788504488.858892,5,ciclo1_AC_AP,prosumer634,concentrator_alimentador_650,propose,439,14.229818,0
1788504488.860488,5,ciclo1_AC_AP,prosumer675,concentrator_alimentador_650,propose,463,15.372087,0
1788504488.863636,5,ciclo1_AC_AP,prosumer671,concentrator_alimentador_650,propose,123,5.661276,0
1788504488.865247,5,ciclo1_AC_AP,prosumer611,concentrator_alimentador_650,propose,184,8.240289,0
1788504488.883929,5,ciclo1_AC_AP,prosumer645,concentrator_alimentador_650,propose,328,11.945875,0
1788504488.887619,5,ciclo1_AC_AP,prosumer652,concentrator_alimentador_650,propose,132,6.861193,0
1788504488.906913,5,ciclo1_AC_AP,prosumer632,concentrator_alimentador_650,propose,232,7.712035,0
1788504489.018658,5,ciclo2_AD_AC,dso,concentrator_alimentador_650,cfp,100,0.176887,0
1788504489.023700,5,ciclo2_AD_AC,concentrator_alimentador_650,dso,propose,1359,20.746458,0
1788504489.238720,5,ciclo3_AM_AC_AD,market,dso,cfp,100,2.434157,0
1788504489.270994,5,ciclo3_AM_AC_AD,dso,market,propose,1080,17.140844,0
1788504489.446550,5,ciclo3_AM_AC_AD,market,concentrator_alimentador_650,cfp,100,1.393838,0
1788504489.447036,5,ciclo3_AM_AC_AD,market,dso,cfp,100,3.134746,0
1788504489.492747,5,ciclo3_AM_AC_AD,concentrator_alimentador_650,market,propose,1228,19.115922,0
1788504489.507610,5,ciclo3_AM_AC_AD,dso,market,propose,1270,18.187933,0
1788504489.754679,6,ciclo1_AC_AP,concentrator_alimentador_650,prosumer611,cfp,100,5.144092,0
1788504489.755838,6,ciclo1_AC_AP,concentrator_alimentador_650,prosumer632,cfp,100,2.016663,0
1788504489.756718,6,ciclo1_AC_AP,concentrator_alimentador_650,prosumer634,cfp,100,3.550530,0
1788504489.757420,6,ciclo1_AC_AP,concentrator_alimentador_650,prosumer645,cfp,100,4.500372,0
1788504489.757957,6,ciclo1_AC_AP,concentrator_alimentador_650,prosumer646,cfp,100,1.670658,0
1788504489.758587,6,ciclo1_AC_AP,concentrator_alimentador_650,prosumer652,cfp,100,6.657284,0
1788504489.759164,6,ciclo1_AC_AP,concentrator_alimentador_650,prosumer670,cfp,100,2.279869,0
1788504489.759662,6,ciclo1_AC_AP,concentrator_alimentador_650,prosumer671,cfp,100,3.919659,0
1788504489.760067,6,ciclo1_AC_AP,concentrator_alimentador_650,prosumer675,cfp,100,4.042027,0
1788504489.760298,6,ciclo1_AC_AP,concentrator_alimentador_650,prosumer692,cfp,100,2.628350,0
1788504489.780050,6,ciclo1_AC_AP,prosumer646,concentrator_alimentador_650,propose,349,7.888237,0
1788504489.782989,6,ciclo1_AC_AP,prosumer632,concentrator_alimentador_650,propose,387,15.242265,0
1788504489.785491,6,ciclo1_AC_AP,prosumer670,concentrator_alimentador_650,propose,409,8.181382,0
1788504489.789121,6,ciclo1_AC_AP,prosumer692,concentrator_alimentador_650,propose,486,7.479326,0
1788504489.794623,6,ciclo1_AC_AP,prosumer634,concentrator_alimentador_650,propose,100,6.230256,0
1788504489.800805,6,ciclo1_AC_AP,prosumer671,concentrator_alimentador_650,propose,119,1.358739,0
1788504489.803048,6,ciclo1_AC_AP,prosumer675,concentrator_alimentador_650,propose,353,11.813289,0
1788504489.804997,6,ciclo1_AC_AP,prosumer645,concentrator_alimentador_650,propose,266,9.757518,0
1788504489.808142,6,ciclo1_AC_AP,prosumer611,concentrator_alimentador_650,propose,259,12.814780,0
1788504489.827041,6,ciclo1_AC_AP,prosumer652,concentrator_alimentador_650,propose,339,11.400450,0
1788504489.944330,6,ciclo2_AD_AC,dso,concentrator_alimentador_650,cfp,100,3.718870,0
1788504489.986652,6,ciclo2_AD_AC,concentrator_alimentador_650,dso,propose,1025,16.809759,0
1788504490.159608,6,ciclo3_AM_AC_AD,market,dso,cfp,100,0.990706,0
1788504490.178543,6,ciclo3_AM_AC_AD,dso,market,propose,1414,24.411395,0
1788504490.426039,6,ciclo3_AM_AC_AD,market,concentrator_alimentador_650,cfp,100,1.548030,0
1788504490.426367,6,ciclo3_AM_AC_AD,market,dso,cfp,100,3.810222,0
1788504490.468038,6,ciclo3_AM_AC_AD,concentrator_alimentador_650,market,propose,1421,24.714225,0
1788504490.493714,6,ciclo3_AM_AC_AD,dso,market,propose,1448,26.124750,0
1788504490.819846,7,ciclo1_AC_AP,concentrator_alimentador_650,prosumer611,cfp,100,3.587222,0
1788504490.820841,7,ciclo1_AC_AP,concentrator_alimentador_650,prosumer632,cfp,100,4.729565,0
1788504490.821258,7,ciclo1_AC_AP,concentrator_alimentador_650,prosumer634,cfp,100,3.966495,0
1788504490.821565,7,ciclo1_AC_AP,concentrator_alimentador_650,prosumer645,cfp,100,4.011249,0
1788504490.821796,7,ciclo1_AC_AP,concentrator_alimentador_650,prosumer646,cfp,100,1.908389,0
1788504490.821966,7,ciclo1_AC_AP,concentrator_alimentador_650,prosumer652,cfp,100,3.931423,0
1788504490.822126,7,ciclo1_AC_AP,concentrator_alimentador_650,prosumer670,cfp,100,3.532931,0
1788504490.822360,7,ciclo1_AC_AP,concentrator_alimentador_650,prosumer671,cfp,100,6.789274,0
1788504490.822659,7,ciclo1_AC_AP,concentrator_alimentador_650,prosumer675,cfp,100,5.204488,0
1788504490.822780,7,ciclo1_AC_AP,concentrator_alimentador_650,prosumer692,cfp,100,1.935566,0
1788504490.846601,7,ciclo1_AC_AP,prosumer646,concentrator_alimentador_650,propose,312,6.634983,0
1788504490.849239,7,ciclo1_AC_AP,prosumer692,concentrator_alimentador_650,propose,196,5.289725,0
1788504490.859846,7,ciclo1_AC_AP,prosumer611,concentrator_alimentador_650,propose,380,14.410077,0
1788504490.862294,7,ciclo1_AC_AP,prosumer670,concentrator_alimentador_650,propose,424,7.162358,0
1788504490.865251,7,ciclo1_AC_AP,prosumer634,concentrator_alimentador_650,propose,142,5.900440,0
1788504490.866637,7,ciclo1_AC_AP,prosumer652,concentrator_alimentador_650,propose,471,15.777626,0
1788504490.867950,7,ciclo1_AC_AP,prosumer645,concentrator_alimentador_650,propose,166,6.661447,0
1788504490.870949,7,ciclo1_AC_AP,prosumer632,concentrator_alimentador_650,propose,107,2.851046,0
1788504490.877624,7,ciclo1_AC_AP,prosumer675,concentrator_alimentador_650,propose,305,12.234507,0
1788504490.894507,7,ciclo1_AC_AP,prosumer671,concentrator_alimentador_650,propose,447,18.116663,0
1788504491.080738,7,ciclo2_AD_AC,dso,concentrator_alimentador_650,cfp,100,1.624396,0
1788504491.101206,7,ciclo2_AD_AC,concentrator_alimentador_650,dso,propose,1213,18.490402,0
1788504491.292711,7,ciclo3_AM_AC_AD,market,dso,cfp,100,2.549020,0
1788504491.346725,7,ciclo3_AM_AC_AD,dso,market,propose,1161,19.125786,0
1788504491.544692,7,ciclo3_AM_AC_AD,market,concentrator_alimentador_650,cfp,100,3.172068,0
1788504491.545667,7,ciclo3_AM_AC_AD,market,dso,cfp,100,3.089494,0
1788504491.611890,7,ciclo3_AM_AC_AD,concentrator_alimentador_650,market,propose,1001,16.868808,0
1788504491.616632,7,ciclo3_AM_AC_AD,dso,market,propose,1109,17.512996,0
1788504491.857782,8,ciclo1_AC_AP,concentrator_alimentador_650,prosumer611,cfp,100,2.866947,0
1788504491.858002,8,ciclo1_AC_AP,concentrator_alimentador_650,prosumer632,cfp,100,3.543525,0
1788504491.858126,8,ciclo1_AC_AP,concentrator_alimentador_650,prosumer634,cfp,100,4.965643,0
1788504491.858246,8,ciclo1_AC_AP,concentrator_alimentador_650,prosumer645,cfp,100,7.245387,0
1788504491.858348,8,ciclo1_AC_AP,concentrator_alimentador_650,prosumer646,cfp,100,2.554551,0
1788504491.858450,8,ciclo1_AC_AP,concentrator_alimentador_650,prosumer652,cfp,100,6.138160,0
1788504491.858547,8,ciclo1_AC_AP,concentrator_alimentador_650,prosumer670,cfp,100,3.262692,0
1788504491.858646,8,ciclo1_AC_AP,concentrator_alimentador_650,prosumer671,cfp,100,5.411633,0
1788504491.858741,8,ciclo1_AC_AP,concentrator_alimentador_650,prosumer675,cfp,100,3.032266,0
1788504491.858835,8,ciclo1_AC_AP,concentrator_alimentador_650,prosumer692,cfp,100,2.889241,0
1788504491.888786,8,ciclo1_AC_AP,prosumer646,concentrator_alimentador_650,propose,107,1.585306,0
1788504491.892200,8,ciclo1_AC_AP,prosumer611,concentrator_alimentador_650,propose,467,13.714570,0
1788504491.893925,8,ciclo1_AC_AP,prosumer692,concentrator_alimentador_650,propose,486,9.783431,0
1788504491.895224,8,ciclo1_AC_AP,prosumer675,concentrator_alimentador_650,propose,101,1.467263,0
1788504491.897235,8,ciclo1_AC_AP,prosumer670,concentrator_alimentador_650,propose,445,9.070979,0
1788504491.898522,8,ciclo1_AC_AP,prosumer632,concentrator_alimentador_650,propose,370,12.347558,0
1788504491.911123,8,ciclo1_AC_AP,prosumer634,concentrator_alimentador_650,propose,413,13.555707,0
1788504491.914936,8,ciclo1_AC_AP,prosumer671,concentrator_alimentador_650,propose,150,8.076018,0
1788504491.922543,8,ciclo1_AC_AP,prosumer652,concentrator_alimentador_650,propose,197,7.017489,0
1788504491.933073,8,ciclo1_AC_AP,prosumer645,concentrator_alimentador_650,propose,160,9.254047,0
1788504492.051488,8,ciclo2_AD_AC,dso,concentrator_alimentador_650,cfp,100,2.104689,0
1788504492.075662,8,ciclo2_AD_AC,concentrator_alimentador_650,dso,propose,1311,22.184110,0
1788504492.304974,8,ciclo3_AM_AC_AD,market,dso,cfp,100,3.666079,0
1788504492.351866,8,ciclo3_AM_AC_AD,dso,market,propose,1332,20.661014,0
1788504492.565716,8,ciclo3_AM_AC_AD,market,concentrator_alimentador_650,cfp,100,1.394053,0
1788504492.566756,8,ciclo3_AM_AC_AD,market,dso,cfp,100,3.960835,0
1788504492.604105,8,ciclo3_AM_AC_AD,concentrator_alimentador_650,market,propose,1101,18.710567,0
1788504492.631995,8,ciclo3_AM_AC_AD,dso,market,propose,1447,23.639919,0
1788504492.936373,9,ciclo1_AC_AP,concentrator_alimentador_650,prosumer611,cfp,100,2.229388,0
1788504492.936870,9,ciclo1_AC_AP,concentrator_alimentador_650,prosumer632,cfp,100,1.456739,0
1788504492.937196,9,ciclo1_AC_AP,concentrator_alimentador_650,prosumer634,cfp,100,3.932112,0
1788504492.937598,9,ciclo1_AC_AP,concentrator_alimentador_650,prosumer645,cfp,100,6.095223,0
1788504492.937983,9,ciclo1_AC_AP,concentrator_alimentador_650,prosumer646,cfp,100,0.523567,0
1788504492.938226,9,ciclo1_AC_AP,concentrator_alimentador_650,prosumer652,cfp,100,6.261704,0
1788504492.938470,9,ciclo1_AC_AP,concentrator_alimentador_650,prosumer670,cfp,100,2.362926,0
1788504492.938631,9,ciclo1_AC_AP,concentrator_alimentador_650,prosumer671,cfp,100,5.478906,0
1788504492.938763,9,ciclo1_AC_AP,concentrator_alimentador_650,prosumer675,cfp,100,3.549023,0
1788504492.938895,9,ciclo1_AC_AP,concentrator_alimentador_650,prosumer692,cfp,100,3.890454,0
1788504492.946982,9,ciclo1_AC_AP,prosumer646,concentrator_alimentador_650,propose,254,2.049653,0
1788504492.954561,9,ciclo1_AC_AP,prosumer632,concentrator_alimentador_650,propose,243,8.850385,0
1788504492.961978,9,ciclo1_AC_AP,prosumer611,concentrator_alimentador_650,propose,452,14.491009,0
1788504492.964658,9,ciclo1_AC_AP,prosumer670,concentrator_alimentador_650,propose,193,4.185916,0
1788504492.977126,9,ciclo1_AC_AP,prosumer675,concentrator_alimentador_650,propose,151,7.646628,0
1788504492.980708,9,ciclo1_AC_AP,prosumer634,concentrator_alimentador_650,propose,343,13.845786,0
1788504492.982262,9,ciclo1_AC_AP,prosumer692,concentrator_alimentador_650,propose,303,6.736029,0
1788504492.997144,9,ciclo1_AC_AP,prosumer671,concentrator_alimentador_650,propose,421,15.420404,0
1788504493.001482,9,ciclo1_AC_AP,prosumer645,concentrator_alimentador_650,propose,141,9.296181,0
1788504493.003891,9,ciclo1_AC_AP,prosumer652,concentrator_alimentador_650,propose,111,4.156879,0
1788504493.154898,9,ciclo2_AD_AC,dso,concentrator_alimentador_650,cfp,100,1.536035,0
1788504493.179623,9,ciclo2_AD_AC,concentrator_alimentador_650,dso,propose,1140,18.712247,0
1788504493.373754,9,ciclo3_AM_AC_AD,market,dso,cfp,100,2.027244,0
1788504493.398982,9,ciclo3_AM_AC_AD,dso,market,propose,1467,24.047600,0
1788504493.644823,9,ciclo3_AM_AC_AD,market,concentrator_alimentador_650,cfp,100,0.990488,0
1788504493.645646,9,ciclo3_AM_AC_AD,market,dso,cfp,100,1.443125,0
1788504493.681356,9,ciclo3_AM_AC_AD,concentrator_alimentador_650,market,propose,1231,21.739909,0
1788504493.693928,9,ciclo3_AM_AC_AD,dso,market,propose,1409,22.389780,0
1788504493.983577,10,ciclo1_AC_AP,concentrator_alimentador_650,prosumer611,cfp,100,5.955040,0
1788504493.984751,10,ciclo1_AC_AP,concentrator_alimentador_650,prosumer632,cfp,100,2.102893,0
1788504493.985322,10,ciclo1_AC_AP,concentrator_alimentador_650,prosumer634,cfp,100,3.506624,0
1788504493.985915,10,ciclo1_AC_AP,concentrator_alimentador_650,prosumer645,cfp,100,5.493067,0
1788504493.986448,10,ciclo1_AC_AP,concentrator_alimentador_650,prosumer646,cfp,100,3.659475,0
1788504493.987043,10,ciclo1_AC_AP,concentrator_alimentador_650,prosumer652,cfp,100,6.118248,0
1788504493.987445,10,ciclo1_AC_AP,concentrator_alimentador_650,prosumer670,cfp,100,0.664320,0
1788504493.987653,10,ciclo1_AC_AP,concentrator_alimentador_650,prosumer671,cfp,100,5.024570,0
1788504493.987830,10,ciclo1_AC_AP,concentrator_alimentador_650,prosumer675,cfp,100,0.896581,0
1788504493.987991,10,ciclo1_AC_AP,concentrator_alimentador_650,prosumer692,cfp,100,1.934162,0
1788504493.998262,10,ciclo1_AC_AP,prosumer670,concentrator_alimentador_650,propose,159,5.394986,0
1788504494.000474,10,ciclo1_AC_AP,prosumer675,concentrator_alimentador_650,propose,231,11.163970,0
1788504494.009721,10,ciclo1_AC_AP,prosumer632,concentrator_alimentador_650,propose,168,9.084535,0
1788504494.011752,10,ciclo1_AC_AP,prosumer692,concentrator_alimentador_650,propose,434,6.909592,0
1788504494.024744,10,ciclo1_AC_AP,prosumer634,concentrator_alimentador_650,propose,366,10.759211,0
1788504494.028036,10,ciclo1_AC_AP,prosumer646,concentrator_alimentador_650,propose,433,7.315961,0
1788504494.041794,10,ciclo1_AC_AP,prosumer671,concentrator_alimentador_650,propose,430,15.779463,0
1788504494.044907,10,ciclo1_AC_AP,prosumer645,concentrator_alimentador_650,propose,277,9.722642,0
1788504494.047314,10,ciclo1_AC_AP,prosumer611,concentrator_alimentador_650,propose,158,7.472074,0
1788504494.050137,10,ciclo1_AC_AP,prosumer652,concentrator_alimentador_650,propose,179,8.503380,0
1788504494.204307,10,ciclo2_AD_AC,dso,concentrator_alimentador_650,cfp,100,1.291551,0
1788504494.221755,10,ciclo2_AD_AC,concentrator_alimentador_650,dso,propose,1142,18.829790,0
1788504494.413987,10,ciclo3_AM_AC_AD,market,dso,cfp,100,2.212201,0
1788504494.440466,10,ciclo3_AM_AC_AD,dso,market,propose,1435,25.268865,0
1788504494.699075,10,ciclo3_AM_AC_AD,market,concentrator_alimentador_650,cfp,100,3.305653,0
1788504494.699728,10,ciclo3_AM_AC_AD,market,dso,cfp,100,3.072028,0
1788504494.761293,10,ciclo3_AM_AC_AD,concentrator_alimentador_650,market,propose,1009,16.771493,0
1788504494.765253,10,ciclo3_AM_AC_AD,dso,market,propose,1021,18.477521,0
1788504495.016979,11,ciclo1_AC_AP,concentrator_alimentador_650,prosumer611,cfp,100,4.268605,0
1788504495.017923,11,ciclo1_AC_AP,concentrator_alimentador_650,prosumer632,cfp,100,1.869204,0
1788504495.018730,11,ciclo1_AC_AP,concentrator_alimentador_650,prosumer634,cfp,100,1.695746,0
1788504495.019103,11,ciclo1_AC_AP,concentrator_alimentador_650,prosumer645,cfp,100,3.988514,0
1788504495.019369,11,ciclo1_AC_AP,concentrator_alimentador_650,prosumer646,cfp,100,4.022132,0
1788504495.019606,11,ciclo1_AC_AP,concentrator_alimentador_650,prosumer652,cfp,100,5.727392,0
1788504495.019838,11,ciclo1_AC_AP,concentrator_alimentador_650,prosumer670,cfp,100,3.926963,0
1788504495.019957,11,ciclo1_AC_AP,concentrator_alimentador_650,prosumer671,cfp,100,3.052296,0
1788504495.020070,11,ciclo1_AC_AP,concentrator_alimentador_650,prosumer675,cfp,100,5.741019,0
1788504495.020267,11,ciclo1_AC_AP,concentrator_alimentador_650,prosumer692,cfp,100,3.378152,0
1788504495.040983,11,ciclo1_AC_AP,prosumer634,concentrator_alimentador_650,propose,120,2.640892,0
1788504495.043274,11,ciclo1_AC_AP,prosumer632,concentrator_alimentador_650,propose,205,5.937340,0
1788504495.053483,11,ciclo1_AC_AP,prosumer671,concentrator_alimentador_650,propose,448,12.563057,0
1788504495.057059,11,ciclo1_AC_AP,prosumer692,concentrator_alimentador_650,propose,232,4.630206,0
1788504495.063089,11,ciclo1_AC_AP,prosumer645,concentrator_alimentador_650,propose,385,15.553688,0
1788504495.064648,11,ciclo1_AC_AP,prosumer670,concentrator_alimentador_650,propose,261,5.249281,0
1788504495.065909,11,ciclo1_AC_AP,prosumer646,concentrator_alimentador_650,propose,287,6.937659,0
1788504495.067153,11,ciclo1_AC_AP,prosumer611,concentrator_alimentador_650,propose,390,15.368140,0
1788504495.080350,11,ciclo1_AC_AP,prosumer652,concentrator_alimentador_650,propose,121,3.138424,0
1788504495.081826,11,ciclo1_AC_AP,prosumer675,concentrator_alimentador_650,propose,483,19.033881,0
1788504495.277757,11,ciclo2_AD_AC,dso,concentrator_alimentador_650,cfp,100,1.741982,0
1788504495.300795,11,ciclo2_AD_AC,concentrator_alimentador_650,dso,propose,1492,23.542530,0
1788504495.543077,11,ciclo3_AM_AC_AD,market,dso,cfp,100,4.012677,0
1788504495.612296,11,ciclo3_AM_AC_AD,dso,market,propose,1359,21.233234,0
1788504495.831241,11,ciclo3_AM_AC_AD,market,concentrator_alimentador_650,cfp,100,2.320105,0
1788504495.832059,11,ciclo3_AM_AC_AD,market,dso,cfp,100,2.720952,0
1788504495.881214,11,ciclo3_AM_AC_AD,concentrator_alimentador_650,market,propose,1311,21.839514,0
1788504495.893351,11,ciclo3_AM_AC_AD,dso,market,propose,1335,23.035221,0
1788504496.192313,12,ciclo1_AC_AP,concentrator_alimentador_650,prosumer611,cfp,100,4.531605,0
1788504496.193563,12,ciclo1_AC_AP,concentrator_alimentador_650,prosumer632,cfp,100,3.707117,0
1788504496.194700,12,ciclo1_AC_AP,concentrator_alimentador_650,prosumer634,cfp,100,3.992914,0
1788504496.195588,12,ciclo1_AC_AP,concentrator_alimentador_650,prosumer645,cfp,100,6.559774,0
1788504496.196406,12,ciclo1_AC_AP,concentrator_alimentador_650,prosumer646,cfp,100,2.500479,0
1788504496.197154,12,ciclo1_AC_AP,concentrator_alimentador_650,prosumer652,cfp,100,3.914183,0
1788504496.197547,12,ciclo1_AC_AP,concentrator_alimentador_650,prosumer670,cfp,100,1.039148,0
1788504496.197896,12,ciclo1_AC_AP,concentrator_alimentador_650,prosumer671,cfp,100,3.344817,0
1788504496.198047,12,ciclo1_AC_AP,concentrator_alimentador_650,prosumer675,cfp,100,2.926441,0
1788504496.198167,12,ciclo1_AC_AP,concentrator_alimentador_650,prosumer692,cfp,100,2.877615,0
1788504496.212041,12,ciclo1_AC_AP,prosumer670,concentrator_alimentador_650,propose,353,6.029622,0
1788504496.225260,12,ciclo1_AC_AP,prosumer646,concentrator_alimentador_650,propose,464,10.002515,0
1788504496.230155,12,ciclo1_AC_AP,prosumer692,concentrator_alimentador_650,propose,429,8.159850,0
1788504496.231921,12,ciclo1_AC_AP,prosumer675,concentrator_alimentador_650,propose,334,12.943691,0
1788504496.234339,12,ciclo1_AC_AP,prosumer632,concentrator_alimentador_650,propose,427,15.901943,0
1788504496.235753,12,ciclo1_AC_AP,prosumer671,concentrator_alimentador_650,propose,322,10.845607,0
1788504496.238049,12,ciclo1_AC_AP,prosumer634,concentrator_alimentador_650,propose,290,12.713262,0
1788504496.239909,12,ciclo1_AC_AP,prosumer652,concentrator_alimentador_650,propose,375,12.821445,0
1788504496.241755,12,ciclo1_AC_AP,prosumer611,concentrator_alimentador_650,propose,191,9.473505,0
1788504496.266037,12,ciclo1_AC_AP,prosumer645,concentrator_alimentador_650,propose,206,7.699124,0
1788504496.396121,12,ciclo2_AD_AC,dso,concentrator_alimentador_650,cfp,100,1.769285,0
1788504496.416935,12,ciclo2_AD_AC,concentrator_alimentador_650,dso,propose,1192,21.386970,0
1788504496.636586,12,ciclo3_AM_AC_AD,market,dso,cfp,100,0.365093,0
1788504496.647053,12,ciclo3_AM_AC_AD,dso,market,propose,1300,20.769521,0
1788504496.861468,12,ciclo3_AM_AC_AD,market,concentrator_alimentador_650,cfp,100,2.938893,0
1788504496.862310,12,ciclo3_AM_AC_AD,market,dso,cfp,100,2.113320,0
1788504496.915478,12,ciclo3_AM_AC_AD,dso,market,propose,1149,21.177299,0
1788504496.917794,12,ciclo3_AM_AC_AD,concentrator_alimentador_650,market,propose,1004,17.406599,0
1788504497.197058,13,ciclo1_AC_AP,concentrator_alimentador_650,prosumer611,cfp,100,4.004038,0
1788504497.198276,13,ciclo1_AC_AP,concentrator_alimentador_650,prosumer632,cfp,100,1.127443,0
1788504497.199126,13,ciclo1_AC_AP,concentrator_alimentador_650,prosumer634,cfp,100,4.288988,0
1788504497.199865,13,ciclo1_AC_AP,concentrator_alimentador_650,prosumer645,cfp,100,5.766054,0
1788504497.200189,13,ciclo1_AC_AP,concentrator_alimentador_650,prosumer646,cfp,100,3.107045,0
1788504497.200427,13,ciclo1_AC_AP,concentrator_alimentador_650,prosumer652,cfp,100,4.296557,0
1788504497.200548,13,ciclo1_AC_AP,concentrator_alimentador_650,prosumer670,cfp,100,2.458959,0
1788504497.200659,13,ciclo1_AC_AP,concentrator_alimentador_650,prosumer671,cfp,100,2.667937,0
1788504497.200777,13,ciclo1_AC_AP,concentrator_alimentador_650,prosumer675,cfp,100,0.272536,0
1788504497.200931,13,ciclo1_AC_AP,concentrator_alimentador_650,prosumer692,cfp,100,1.492005,0
1788504497.206312,13,ciclo1_AC_AP,prosumer675,concentrator_alimentador_650,propose,170,7.836965,0
1788504497.211718,13,ciclo1_AC_AP,prosumer632,concentrator_alimentador_650,propose,177,7.769700,0
1788504497.218564,13,ciclo1_AC_AP,prosumer692,concentrator_alimentador_650,propose,238,3.538537,0
1788504497.229490,13,ciclo1_AC_AP,prosumer670,concentrator_alimentador_650,propose,270,4.960417,0
1788504497.232244,13,ciclo1_AC_AP,prosumer671,concentrator_alimentador_650,propose,272,12.220529,0
1788504497.234396,13,ciclo1_AC_AP,prosumer646,concentrator_alimentador_650,propose,288,7.260768,0
1788504497.241018,13,ciclo1_AC_AP,prosumer611,concentrator_alimentador_650,propose,467,17.411179,0
1788504497.244652,13,ciclo1_AC_AP,prosumer634,concentrator_alimentador_650,propose,147,8.211334,0
1788504497.246882,13,ciclo1_AC_AP,prosumer652,concentrator_alimentador_650,propose,273,9.154513,0
1788504497.261316,13,ciclo1_AC_AP,prosumer645,concentrator_alimentador_650,propose,499,15.836683,0
1788504497.423050,13,ciclo2_AD_AC,dso,concentrator_alimentador_650,cfp,100,2.627171,0
1788504497.454045,13,ciclo2_AD_AC,concentrator_alimentador_650,dso,propose,1317,22.686507,0
1788504497.687441,13,ciclo3_AM_AC_AD,market,dso,cfp,100,1.233256,0
1788504497.708872,13,ciclo3_AM_AC_AD,dso,market,propose,1018,16.448280,0
1788504497.878398,13,ciclo3_AM_AC_AD,market,concentrator_alimentador_650,cfp,100,1.422708,0
1788504497.879397,13,ciclo3_AM_AC_AD,market,dso,cfp,100,3.682198,0
1788504497.915533,13,ciclo3_AM_AC_AD,concentrator_alimentador_650,market,propose,1021,18.161810,0
1788504497.942140,13,ciclo3_AM_AC_AD,dso,market,propose,1138,16.552416,0
1788504498.176366,14,ciclo1_AC_AP,concentrator_alimentador_650,prosumer611,cfp,100,2.522938,0
1788504498.177401,14,ciclo1_AC_AP,concentrator_alimentador_650,prosumer632,cfp,100,3.523253,0
1788504498.178132,14,ciclo1_AC_AP,concentrator_alimentador_650,prosumer634,cfp,100,1.460313,0
1788504498.178656,14,ciclo1_AC_AP,concentrator_alimentador_650,prosumer645,cfp,100,5.317164,0
1788504498.179049,14,ciclo1_AC_AP,concentrator_alimentador_650,prosumer646,cfp,100,2.371876,0
1788504498.179530,14,ciclo1_AC_AP,concentrator_alimentador_650,prosumer652,cfp,100,0.791881,0
1788504498.180066,14,ciclo1_AC_AP,concentrator_alimentador_650,prosumer670,cfp,100,0.389289,0
1788504498.180473,14,ciclo1_AC_AP,concentrator_alimentador_650,prosumer671,cfp,100,3.697660,0
1788504498.180890,14,ciclo1_AC_AP,concentrator_alimentador_650,prosumer675,cfp,100,2.714452,0
1788504498.181111,14,ciclo1_AC_AP,concentrator_alimentador_650,prosumer692,cfp,100,1.126420,0
1788504498.187543,14,ciclo1_AC_AP,prosumer670,concentrator_alimentador_650,propose,183,5.585712,0
1788504498.189955,14,ciclo1_AC_AP,prosumer652,concentrator_alimentador_650,propose,176,7.169185,0
1788504498.195660,14,ciclo1_AC_AP,prosumer692,concentrator_alimentador_650,propose,398,8.814436,0
1788504498.199758,14,ciclo1_AC_AP,prosumer634,concentrator_alimentador_650,propose,248,9.144458,0
1788504498.204718,14,ciclo1_AC_AP,prosumer611,concentrator_alimentador_650,propose,284,10.639624,0
1788504498.206432,14,ciclo1_AC_AP,prosumer646,concentrator_alimentador_650,propose,302,4.831707,0
1788504498.210516,14,ciclo1_AC_AP,prosumer675,concentrator_alimentador_650,propose,380,13.730799,0
1788504498.215042,14,ciclo1_AC_AP,prosumer632,concentrator_alimentador_650,propose,166,8.814596,0
1788504498.221087,14,ciclo1_AC_AP,prosumer671,concentrator_alimentador_650,propose,250,5.960322,0
1788504498.236050,14,ciclo1_AC_AP,prosumer645,concentrator_alimentador_650,propose,158,8.824838,0
1788504498.352176,14,ciclo2_AD_AC,dso,concentrator_alimentador_650,cfp,100,2.526175,0
1788504498.381707,14,ciclo2_AD_AC,concentrator_alimentador_650,dso,propose,1244,20.607901,0
1788504498.594207,14,ciclo3_AM_AC_AD,market,dso,cfp,100,1.674370,0
1788504498.620473,14,ciclo3_AM_AC_AD,dso,market,propose,1374,23.867263,0
1788504498.864774,14,ciclo3_AM_AC_AD,market,concentrator_alimentador_650,cfp,100,1.226813,0
1788504498.865652,14,ciclo3_AM_AC_AD,market,dso,cfp,100,3.399127,0
1788504498.899748,14,ciclo3_AM_AC_AD,concentrator_alimentador_650,market,propose,1122,17.308672,0
1788504498.925790,14,ciclo3_AM_AC_AD,dso,market,propose,1478,25.208307,0
1788504499.246246,15,ciclo1_AC_AP,concentrator_alimentador_650,prosumer611,cfp,100,3.819958,0
1788504499.246861,15,ciclo1_AC_AP,concentrator_alimentador_650,prosumer632,cfp,100,6.631020,0
1788504499.247038,15,ciclo1_AC_AP,concentrator_alimentador_650,prosumer634,cfp,100,3.617053,0
1788504499.247158,15,ciclo1_AC_AP,concentrator_alimentador_650,prosumer645,cfp,100,3.972465,0
1788504499.247427,15,ciclo1_AC_AP,concentrator_alimentador_650,prosumer646,cfp,100,2.945042,0
1788504499.247540,15,ciclo1_AC_AP,concentrator_alimentador_650,prosumer652,cfp,100,5.813928,0
1788504499.247642,15,ciclo1_AC_AP,concentrator_alimentador_650,prosumer670,cfp,100,2.272363,0
1788504499.247741,15,ciclo1_AC_AP,concentrator_alimentador_650,prosumer671,cfp,100,2.958523,0
1788504499.247842,15,ciclo1_AC_AP,concentrator_alimentador_650,prosumer675,cfp,100,2.352995,0
1788504499.247943,15,ciclo1_AC_AP,concentrator_alimentador_650,prosumer692,cfp,100,2.758322,0
1788504499.275049,15,ciclo1_AC_AP,prosumer670,concentrator_alimentador_650,propose,124,3.080262,0
1788504499.277859,15,ciclo1_AC_AP,prosumer675,concentrator_alimentador_650,propose,257,11.279740,0
1788504499.281108,15,ciclo1_AC_AP,prosumer692,concentrator_alimentador_650,propose,191,5.973923,0
1788504499.283230,15,ciclo1_AC_AP,prosumer646,concentrator_alimentador_650,propose,367,7.665985,0
1788504499.284990,15,ciclo1_AC_AP,prosumer671,concentrator_alimentador_650,propose,473,16.439235,0
1788504499.287637,15,ciclo1_AC_AP,prosumer634,concentrator_alimentador_650,propose,136,8.206707,0
1788504499.288957,15,ciclo1_AC_AP,prosumer611,concentrator_alimentador_650,propose,254,5.933004,0
1788504499.290815,15,ciclo1_AC_AP,prosumer645,concentrator_alimentador_650,propose,306,13.077020,0
1788504499.310096,15,ciclo1_AC_AP,prosumer652,concentrator_alimentador_650,propose,268,11.700514,0
1788504499.316014,15,ciclo1_AC_AP,prosumer632,concentrator_alimentador_650,propose,253,7.546600,0
1788504499.452834,15,ciclo2_AD_AC,dso,concentrator_alimentador_650,cfp,100,1.161645,0
1788504499.469060,15,ciclo2_AD_AC,concentrator_alimentador_650,dso,propose,1212,19.745909,0
1788504499.673987,15,ciclo3_AM_AC_AD,market,dso,cfp,100,1.520229,0
1788504499.698304,15,ciclo3_AM_AC_AD,dso,market,propose,1055,17.960929,0
1788504499.882412,15,ciclo3_AM_AC_AD,market,concentrator_alimentador_650,cfp,100,0.963886,0
1788504499.882938,15,ciclo3_AM_AC_AD,market,dso,cfp,100,3.393413,0
1788504499.915026,15,ciclo3_AM_AC_AD,concentrator_alimentador_650,market,propose,1050,19.254038,0
1788504499.942678,15,ciclo3_AM_AC_AD,dso,market,propose,1287,23.570313,0
1788504500.245316,16,ciclo1_AC_AP,concentrator_alimentador_650,prosumer611,cfp,100,5.897145,0
1788504500.245598,16,ciclo1_AC_AP,concentrator_alimentador_650,prosumer632,cfp,100,3.347934,0
1788504500.245761,16,ciclo1_AC_AP,concentrator_alimentador_650,prosumer634,cfp,100,4.942949,0
1788504500.245902,16,ciclo1_AC_AP,concentrator_alimentador_650,prosumer645,cfp,100,1.066696,0
1788504500.246037,16,ciclo1_AC_AP,concentrator_alimentador_650,prosumer646,cfp,100,0.951411,0
1788504500.246161,16,ciclo1_AC_AP,concentrator_alimentador_650,prosumer652,cfp,100,6.269623,0
1788504500.246290,16,ciclo1_AC_AP,concentrator_alimentador_650,prosumer670,cfp,100,3.356038,0
1788504500.246409,16,ciclo1_AC_AP,concentrator_alimentador_650,prosumer671,cfp,100,0.724099,0
1788504500.246526,16,ciclo1_AC_AP,concentrator_alimentador_650,prosumer675,cfp,100,4.227560,0
1788504500.246642,16,ciclo1_AC_AP,concentrator_alimentador_650,prosumer692,cfp,100,1.098084,0
1788504500.257302,16,ciclo1_AC_AP,prosumer671,concentrator_alimentador_650,propose,346,8.635893,0
1788504500.260505,16,ciclo1_AC_AP,prosumer646,concentrator_alimentador_650,propose,342,5.839067,0
1788504500.261915,16,ciclo1_AC_AP,prosumer645,concentrator_alimentador_650,propose,272,13.153796,0
1788504500.263070,16,ciclo1_AC_AP,prosumer692,concentrator_alimentador_650,propose,275,6.012870,0
1788504500.283891,16,ciclo1_AC_AP,prosumer632,concentrator_alimentador_650,propose,163,6.189910,0
1788504500.286215,16,ciclo1_AC_AP,prosumer670,concentrator_alimentador_650,propose,345,6.835346,0
1788504500.291862,16,ciclo1_AC_AP,prosumer675,concentrator_alimentador_650,propose,159,9.229542,0
1788504500.297888,16,ciclo1_AC_AP,prosumer634,concentrator_alimentador_650,propose,458,14.489292,0
1788504500.306362,16,ciclo1_AC_AP,prosumer611,concentrator_alimentador_650,propose,354,13.809766,0
1788504500.311384,16,ciclo1_AC_AP,prosumer652,concentrator_alimentador_650,propose,318,14.963153,0
1788504500.466432,16,ciclo2_AD_AC,dso,concentrator_alimentador_650,cfp,100,2.392841,0
1788504500.493748,16,ciclo2_AD_AC,concentrator_alimentador_650,dso,propose,1019,19.067975,0
1788504500.691252,16,ciclo3_AM_AC_AD,market,dso,cfp,100,4.033200,0
1788504500.740399,16,ciclo3_AM_AC_AD,dso,market,propose,1154,21.470603,0
1788504500.961400,16,ciclo3_AM_AC_AD,market,concentrator_alimentador_650,cfp,100,1.948592,0
1788504500.961972,16,ciclo3_AM_AC_AD,market,dso,cfp,100,2.001208,0
1788504501.012265,16,ciclo3_AM_AC_AD,concentrator_alimentador_650,market,propose,1171,20.979762,0
1788504501.013456,16,ciclo3_AM_AC_AD,dso,market,propose,1376,21.287663,0
1788504501.293397,17,ciclo1_AC_AP,concentrator_alimentador_650,prosumer611,cfp,100,2.511306,0
1788504501.294045,17,ciclo1_AC_AP,concentrator_alimentador_650,prosumer632,cfp,100,2.372016,0
1788504501.294480,17,ciclo1_AC_AP,concentrator_alimentador_650,prosumer634,cfp,100,3.899741,0
1788504501.294971,17,ciclo1_AC_AP,concentrator_alimentador_650,prosumer645,cfp,100,2.172943,0
1788504501.295642,17,ciclo1_AC_AP,concentrator_alimentador_650,prosumer646,cfp,100,2.905008,0
1788504501.296028,17,ciclo1_AC_AP,concentrator_alimentador_650,prosumer652,cfp,100,4.170393,0
1788504501.296206,17,ciclo1_AC_AP,concentrator_alimentador_650,prosumer670,cfp,100,0.736447,0
1788504501.296365,17,ciclo1_AC_AP,concentrator_alimentador_650,prosumer671,cfp,100,3.299538,0
1788504501.296517,17,ciclo1_AC_AP,concentrator_alimentador_650,prosumer675,cfp,100,3.307069,0
1788504501.296664,17,ciclo1_AC_AP,concentrator_alimentador_650,prosumer692,cfp,100,0.814782,0
1788504501.307838,17,ciclo1_AC_AP,prosumer670,concentrator_alimentador_650,propose,451,9.363739,0
1788504501.309993,17,ciclo1_AC_AP,prosumer692,concentrator_alimentador_650,propose,179,5.198870,0
1788504501.319559,17,ciclo1_AC_AP,prosumer645,concentrator_alimentador_650,propose,185,7.117562,0
1788504501.321291,17,ciclo1_AC_AP,prosumer632,concentrator_alimentador_650,propose,420,15.930662,0
1788504501.322773,17,ciclo1_AC_AP,prosumer611,concentrator_alimentador_650,propose,389,15.423583,0
1788504501.327025,17,ciclo1_AC_AP,prosumer646,concentrator_alimentador_650,propose,292,6.913938,0
1788504501.333269,17,ciclo1_AC_AP,prosumer671,concentrator_alimentador_650,propose,427,13.862769,0
1788504501.335084,17,ciclo1_AC_AP,prosumer675,concentrator_alimentador_650,propose,144,11.826783,0
1788504501.336921,17,ciclo1_AC_AP,prosumer634,concentrator_alimentador_650,propose,133,5.466993,0
1788504501.339714,17,ciclo1_AC_AP,prosumer652,concentrator_alimentador_650,propose,143,8.882912,0
1788504501.483434,17,ciclo2_AD_AC,dso,concentrator_alimentador_650,cfp,100,0.600687,0
1788504501.493271,17,ciclo2_AD_AC,concentrator_alimentador_650,dso,propose,1101,18.421133,0
1788504501.681476,17,ciclo3_AM_AC_AD,market,dso,cfp,100,1.617189,0
1788504501.706781,17,ciclo3_AM_AC_AD,dso,market,propose,1383,21.443940,0
1788504501.925911,17,ciclo3_AM_AC_AD,market,concentrator_alimentador_650,cfp,100,2.348533,0
1788504501.926443,17,ciclo3_AM_AC_AD,market,dso,cfp,100,1.640817,0
1788504501.972565,17,ciclo3_AM_AC_AD,dso,market,propose,1113,16.808771,0
1788504501.973294,17,ciclo3_AM_AC_AD,concentrator_alimentador_650,market,propose,1031,19.935523,0
1788504502.240810,18,ciclo1_AC_AP,concentrator_alimentador_650,prosumer611,cfp,100,3.236578,0
1788504502.241791,18,ciclo1_AC_AP,concentrator_alimentador_650,prosumer632,cfp,100,4.656163,0
1788504502.242782,18,ciclo1_AC_AP,concentrator_alimentador_650,prosumer634,cfp,100,3.830999,0
1788504502.243589,18,ciclo1_AC_AP,concentrator_alimentador_650,prosumer645,cfp,100,1.492100,0
1788504502.244027,18,ciclo1_AC_AP,concentrator_alimentador_650,prosumer646,cfp,100,1.349973,0
1788504502.244213,18,ciclo1_AC_AP,concentrator_alimentador_650,prosumer652,cfp,100,2.824317,0
1788504502.244445,18,ciclo1_AC_AP,concentrator_alimentador_650,prosumer670,cfp,100,2.939116,0
1788504502.244584,18,ciclo1_AC_AP,concentrator_alimentador_650,prosumer671,cfp,100,6.456593,0
1788504502.244704,18,ciclo1_AC_AP,concentrator_alimentador_650,prosumer675,cfp,100,3.980983,0
1788504502.244819,18,ciclo1_AC_AP,concentrator_alimentador_650,prosumer692,cfp,100,0.850249,0
1788504502.256962,18,ciclo1_AC_AP,prosumer692,concentrator_alimentador_650,propose,297,4.480878,0
1788504502.260224,18,ciclo1_AC_AP,prosumer646,concentrator_alimentador_650,propose,104,0.352557,0
1788504502.261359,18,ciclo1_AC_AP,prosumer645,concentrator_alimentador_650,propose,150,10.220473,0
1788504502.276158,18,ciclo1_AC_AP,prosumer652,concentrator_alimentador_650,propose,301,9.905193,0
1788504502.278459,18,ciclo1_AC_AP,prosumer611,concentrator_alimentador_650,propose,384,17.308107,0
1788504502.280141,18,ciclo1_AC_AP,prosumer670,concentrator_alimentador_650,propose,365,4.881393,0
1788504502.283734,18,ciclo1_AC_AP,prosumer634,concentrator_alimentador_650,propose,248,4.934613,0
1788504502.287149,18,ciclo1_AC_AP,prosumer675,concentrator_alimentador_650,propose,329,12.826496,0
1788504502.290262,18,ciclo1_AC_AP,prosumer632,concentrator_alimentador_650,propose,350,11.792295,0
1788504502.314440,18,ciclo1_AC_AP,prosumer671,concentrator_alimentador_650,propose,399,18.227454,0
1788504502.502809,18,ciclo2_AD_AC,dso,concentrator_alimentador_650,cfp,100,0.355716,0
1788504502.511032,18,ciclo2_AD_AC,concentrator_alimentador_650,dso,propose,1365,22.961895,0
1788504502.748340,18,ciclo3_AM_AC_AD,market,dso,cfp,100,1.135748,0
1788504502.766448,18,ciclo3_AM_AC_AD,dso,market,propose,1347,22.586007,0
1788504502.997814,18,ciclo3_AM_AC_AD,market,concentrator_alimentador_650,cfp,100,0.170051,0
1788504502.998494,18,ciclo3_AM_AC_AD,market,dso,cfp,100,2.020050,0
1788504503.022539,18,ciclo3_AM_AC_AD,concentrator_alimentador_650,market,propose,1111,20.156127,0
1788504503.045656,18,ciclo3_AM_AC_AD,dso,market,propose,1216,18.920769,0
1788504503.298975,19,ciclo1_AC_AP,concentrator_alimentador_650,prosumer611,cfp,100,2.689037,0
1788504503.299309,19,ciclo1_AC_AP,concentrator_alimentador_650,prosumer632,cfp,100,4.296962,0
1788504503.299475,19,ciclo1_AC_AP,concentrator_alimentador_650,prosumer634,cfp,100,6.102771,0
1788504503.299617,19,ciclo1_AC_AP,concentrator_alimentador_650,prosumer645,cfp,100,5.766161,0
1788504503.299742,19,ciclo1_AC_AP,concentrator_alimentador_650,prosumer646,cfp,100,2.204397,0
1788504503.299870,19,ciclo1_AC_AP,concentrator_alimentador_650,prosumer652,cfp,100,2.443524,0
1788504503.299989,19,ciclo1_AC_AP,concentrator_alimentador_650,prosumer670,cfp,100,3.593572,0
1788504503.300109,19,ciclo1_AC_AP,concentrator_alimentador_650,prosumer671,cfp,100,0.259155,0
1788504503.300239,19,ciclo1_AC_AP,concentrator_alimentador_650,prosumer675,cfp,100,4.323595,0
1788504503.300358,19,ciclo1_AC_AP,concentrator_alimentador_650,prosumer692,cfp,100,1.273145,0
1788504503.306548,19,ciclo1_AC_AP,prosumer671,concentrator_alimentador_650,propose,142,7.639486,0
1788504503.317391,19,ciclo1_AC_AP,prosumer692,concentrator_alimentador_650,propose,288,6.387028,0
1788504503.324135,19,ciclo1_AC_AP,prosumer646,concentrator_alimentador_650,propose,212,2.031939,0
1788504503.325884,19,ciclo1_AC_AP,prosumer652,concentrator_alimentador_650,propose,233,7.101646,0
1788504503.327828,19,ciclo1_AC_AP,prosumer611,concentrator_alimentador_650,propose,399,14.332014,0
1788504503.337970,19,ciclo1_AC_AP,prosumer670,concentrator_alimentador_650,propose,497,6.774693,0
1788504503.343820,19,ciclo1_AC_AP,prosumer632,concentrator_alimentador_650,propose,185,9.149397,0
1788504503.345494,19,ciclo1_AC_AP,prosumer675,concentrator_alimentador_650,propose,320,10.299851,0
1788504503.358537,19,ciclo1_AC_AP,prosumer645,concentrator_alimentador_650,propose,198,8.482763,0
1788504503.361607,19,ciclo1_AC_AP,prosumer634,concentrator_alimentador_650,propose,283,11.727267,0
1788504503.481647,19,ciclo2_AD_AC,dso,concentrator_alimentador_650,cfp,100,1.859097,0
1788504503.505113,19,ciclo2_AD_AC,concentrator_alimentador_650,dso,propose,1058,19.433066,0
1788504503.706086,19,ciclo3_AM_AC_AD,market,dso,cfp,100,3.017133,0
1788504503.745895,19,ciclo3_AM_AC_AD,dso,market,propose,1032,16.254635,0
1788504503.915856,19,ciclo3_AM_AC_AD,market,concentrator_alimentador_650,cfp,100,2.408728,0
1788504503.916966,19,ciclo3_AM_AC_AD,market,dso,cfp,100,2.036620,0
1788504503.971203,19,ciclo3_AM_AC_AD,concentrator_alimentador_650,market,propose,1420,25.980486,0
1788504503.972305,19,ciclo3_AM_AC_AD,dso,market,propose,1442,23.111499,0
1788504504.299653,20,ciclo1_AC_AP,concentrator_alimentador_650,prosumer611,cfp,100,3.695139,0
1788504504.300258,20,ciclo1_AC_AP,concentrator_alimentador_650,prosumer632,cfp,100,0.575700,0
1788504504.300649,20,ciclo1_AC_AP,concentrator_alimentador_650,prosumer634,cfp,100,0.901942,0
1788504504.301009,20,ciclo1_AC_AP,concentrator_alimentador_650,prosumer645,cfp,100,3.223193,0
1788504504.301155,20,ciclo1_AC_AP,concentrator_alimentador_650,prosumer646,cfp,100,3.049149,0
1788504504.301293,20,ciclo1_AC_AP,concentrator_alimentador_650,prosumer652,cfp,100,5.833917,0
1788504504.301415,20,ciclo1_AC_AP,concentrator_alimentador_650,prosumer670,cfp,100,0.620788,0
1788504504.301526,20,ciclo1_AC_AP,concentrator_alimentador_650,prosumer671,cfp,100,2.869509,0
1788504504.301637,20,ciclo1_AC_AP,concentrator_alimentador_650,prosumer675,cfp,100,1.454411,0
1788504504.301746,20,ciclo1_AC_AP,concentrator_alimentador_650,prosumer692,cfp,100,0.129753,0
1788504504.306010,20,ciclo1_AC_AP,prosumer692,concentrator_alimentador_650,propose,459,6.985302,0
1788504504.308023,20,ciclo1_AC_AP,prosumer632,concentrator_alimentador_650,propose,114,3.769294,0
1788504504.310661,20,ciclo1_AC_AP,prosumer670,concentrator_alimentador_650,propose,369,7.048234,0
1788504504.312397,20,ciclo1_AC_AP,prosumer634,concentrator_alimentador_650,propose,331,12.973690,0
1788504504.319283,20,ciclo1_AC_AP,prosumer675,concentrator_alimentador_650,propose,485,17.456883,0
1788504504.332245,20,ciclo1_AC_AP,prosumer671,concentrator_alimentador_650,propose,446,16.263547,0
1788504504.333948,20,ciclo1_AC_AP,prosumer646,concentrator_alimentador_650,propose,203,2.331340,0
1788504504.335241,20,ciclo1_AC_AP,prosumer645,concentrator_alimentador_650,propose,160,7.581245,0
1788504504.338342,20,ciclo1_AC_AP,prosumer611,concentrator_alimentador_650,propose,354,10.384685,0
1788504504.363309,20,ciclo1_AC_AP,prosumer652,concentrator_alimentador_650,propose,303,12.138351,0
1788504504.498048,20,ciclo2_AD_AC,dso,concentrator_alimentador_650,cfp,100,1.538693,0
1788504504.517739,20,ciclo2_AD_AC,concentrator_alimentador_650,dso,propose,1131,18.377435,0
1788504504.707622,20,ciclo3_AM_AC_AD,market,dso,cfp,100,2.094940,0
1788504504.757330,20,ciclo3_AM_AC_AD,dso,market,propose,1106,17.353251,0
1788504504.937140,20,ciclo3_AM_AC_AD,market,concentrator_alimentador_650,cfp,100,0.631695,0
1788504504.937660,20,ciclo3_AM_AC_AD,market,dso,cfp,100,2.742883,0
1788504504.966631,20,ciclo3_AM_AC_AD,concentrator_alimentador_650,market,propose,1328,20.729196,0
1788504504.989234,20,ciclo3_AM_AC_AD,dso,market,propose,1021,20.129370,0
1788504505.259979,21,ciclo1_AC_AP,concentrator_alimentador_650,prosumer611,cfp,100,4.362357,0
1788504505.261302,21,ciclo1_AC_AP,concentrator_alimentador_650,prosumer632,cfp,100,1.118963,0
1788504505.262442,21,ciclo1_AC_AP,concentrator_alimentador_650,prosumer634,cfp,100,7.014286,0
1788504505.263156,21,ciclo1_AC_AP,concentrator_alimentador_650,prosumer645,cfp,100,0.842406,0
1788504505.263862,21,ciclo1_AC_AP,concentrator_alimentador_650,prosumer646,cfp,100,1.054804,0
1788504505.264648,21,ciclo1_AC_AP,concentrator_alimentador_650,prosumer652,cfp,100,5.891998,0
1788504505.265149,21,ciclo1_AC_AP,concentrator_alimentador_650,prosumer670,cfp,100,1.958327,0
1788504505.265480,21,ciclo1_AC_AP,concentrator_alimentador_650,prosumer671,cfp,100,5.859150,0
1788504505.265839,21,ciclo1_AC_AP,concentrator_alimentador_650,prosumer675,cfp,100,5.174797,0
1788504505.266023,21,ciclo1_AC_AP,concentrator_alimentador_650,prosumer692,cfp,100,2.575846,0
1788504505.277950,21,ciclo1_AC_AP,prosumer645,concentrator_alimentador_650,propose,210,9.902846,0
1788504505.280269,21,ciclo1_AC_AP,prosumer632,concentrator_alimentador_650,propose,419,16.274311,0
1788504505.281996,21,ciclo1_AC_AP,prosumer646,concentrator_alimentador_650,propose,174,4.972414,0
1788504505.287193,21,ciclo1_AC_AP,prosumer670,concentrator_alimentador_650,propose,153,2.333009,0
1788504505.295193,21,ciclo1_AC_AP,prosumer692,concentrator_alimentador_650,propose,201,4.695883,0
1788504505.308288,21,ciclo1_AC_AP,prosumer611,concentrator_alimentador_650,propose,334,12.658905,0
1788504505.321033,21,ciclo1_AC_AP,prosumer675,concentrator_alimentador_650,propose,293,10.127991,0
1788504505.326754,21,ciclo1_AC_AP,prosumer652,concentrator_alimentador_650,propose,285,13.205758,0
1788504505.328182,21,ciclo1_AC_AP,prosumer671,concentrator_alimentador_650,propose,379,11.702111,0
1788504505.336231,21,ciclo1_AC_AP,prosumer634,concentrator_alimentador_650,propose,177,8.246971,0
1788504505.462511,21,ciclo2_AD_AC,dso,concentrator_alimentador_650,cfp,100,2.817280,0
1788504505.492060,21,ciclo2_AD_AC,concentrator_alimentador_650,dso,propose,1053,19.041570,0
1788504505.689017,21,ciclo3_AM_AC_AD,market,dso,cfp,100,2.405641,0
1788504505.722260,21,ciclo3_AM_AC_AD,dso,market,propose,1305,22.477605,0
1788504505.953493,21,ciclo3_AM_AC_AD,market,concentrator_alimentador_650,cfp,100,0.289561,0
1788504505.954294,21,ciclo3_AM_AC_AD,market,dso,cfp,100,3.535312,0
1788504505.976817,21,ciclo3_AM_AC_AD,concentrator_alimentador_650,market,propose,1249,19.053197,0
1788504506.018971,21,ciclo3_AM_AC_AD,dso,market,propose,1075,19.001877,0
1788504506.278437,22,ciclo1_AC_AP,concentrator_alimentador_650,prosumer611,cfp,100,4.137292,0
1788504506.279410,22,ciclo1_AC_AP,concentrator_alimentador_650,prosumer632,cfp,100,4.988791,0
1788504506.280107,22,ciclo1_AC_AP,concentrator_alimentador_650,prosumer634,cfp,100,6.206490,0
1788504506.280839,22,ciclo1_AC_AP,concentrator_alimentador_650,prosumer645,cfp,100,1.696702,0
1788504506.281368,22,ciclo1_AC_AP,concentrator_alimentador_650,prosumer646,cfp,100,2.106615,0
1788504506.281729,22,ciclo1_AC_AP,concentrator_alimentador_650,prosumer652,cfp,100,1.577526,0
1788504506.281985,22,ciclo1_AC_AP,concentrator_alimentador_650,prosumer670,cfp,100,0.350952,0
1788504506.282115,22,ciclo1_AC_AP,concentrator_alimentador_650,prosumer671,cfp,100,3.439232,0
1788504506.282254,22,ciclo1_AC_AP,concentrator_alimentador_650,prosumer675,cfp,100,5.215132,0
1788504506.282380,22,ciclo1_AC_AP,concentrator_alimentador_650,prosumer692,cfp,100,2.543478,0
1788504506.289198,22,ciclo1_AC_AP,prosumer670,concentrator_alimentador_650,propose,388,9.082964,0
1788504506.301472,22,ciclo1_AC_AP,prosumer652,concentrator_alimentador_650,propose,307,13.350175,0
1788504506.303441,22,ciclo1_AC_AP,prosumer645,concentrator_alimentador_650,propose,426,16.272297,0
1788504506.305336,22,ciclo1_AC_AP,prosumer646,concentrator_alimentador_650,propose,448,8.989040,0
1788504506.310310,22,ciclo1_AC_AP,prosumer692,concentrator_alimentador_650,propose,316,4.441600,0
1788504506.319034,22,ciclo1_AC_AP,prosumer671,concentrator_alimentador_650,propose,366,10.018356,0
1788504506.322316,22,ciclo1_AC_AP,prosumer611,concentrator_alimentador_650,propose,353,13.627010,0
1788504506.332711,22,ciclo1_AC_AP,prosumer632,concentrator_alimentador_650,propose,447,18.870565,0
1788504506.337117,22,ciclo1_AC_AP,prosumer675,concentrator_alimentador_650,propose,265,10.089559,0
1788504506.344727,22,ciclo1_AC_AP,prosumer634,concentrator_alimentador_650,propose,355,10.643265,0
1788504506.526941,22,ciclo2_AD_AC,dso,concentrator_alimentador_650,cfp,100,2.193789,0
1788504506.554103,22,ciclo2_AD_AC,concentrator_alimentador_650,dso,propose,1255,18.533455,0
1788504506.744753,22,ciclo3_AM_AC_AD,market,dso,cfp,100,0.337966,0
1788504506.754935,22,ciclo3_AM_AC_AD,dso,market,propose,1325,23.208757,0
1788504506.993801,22,ciclo3_AM_AC_AD,market,concentrator_alimentador_650,cfp,100,2.480777,0
1788504506.994817,22,ciclo3_AM_AC_AD,market,dso,cfp,100,0.919564,0
1788504507.034534,22,ciclo3_AM_AC_AD,dso,market,propose,1343,21.062557,0
1788504507.038053,22,ciclo3_AM_AC_AD,concentrator_alimentador_650,market,propose,1447,24.288269,0
1788504507.349272,23,ciclo1_AC_AP,concentrator_alimentador_650,prosumer611,cfp,100,2.993416,0
1788504507.350436,23,ciclo1_AC_AP,concentrator_alimentador_650,prosumer632,cfp,100,6.450802,0
1788504507.351419,23,ciclo1_AC_AP,concentrator_alimentador_650,prosumer634,cfp,100,3.603015,0
1788504507.352262,23,ciclo1_AC_AP,concentrator_alimentador_650,prosumer645,cfp,100,3.367146,0
1788504507.352813,23,ciclo1_AC_AP,concentrator_alimentador_650,prosumer646,cfp,100,2.197758,0
1788504507.353223,23,ciclo1_AC_AP,concentrator_alimentador_650,prosumer652,cfp,100,4.335163,0
1788504507.353571,23,ciclo1_AC_AP,concentrator_alimentador_650,prosumer670,cfp,100,3.271056,0
1788504507.353957,23,ciclo1_AC_AP,concentrator_alimentador_650,prosumer671,cfp,100,2.659511,0
1788504507.354349,23,ciclo1_AC_AP,concentrator_alimentador_650,prosumer675,cfp,100,6.045509,0
1788504507.354726,23,ciclo1_AC_AP,concentrator_alimentador_650,prosumer692,cfp,100,0.138609,0
1788504507.359496,23,ciclo1_AC_AP,prosumer692,concentrator_alimentador_650,propose,203,3.887463,0
1788504507.379106,23,ciclo1_AC_AP,prosumer646,concentrator_alimentador_650,propose,377,4.815727,0
1788504507.382491,23,ciclo1_AC_AP,prosumer611,concentrator_alimentador_650,propose,412,16.029256,0
1788504507.385158,23,ciclo1_AC_AP,prosumer671,concentrator_alimentador_650,propose,212,8.712766,0
1788504507.388971,23,ciclo1_AC_AP,prosumer645,concentrator_alimentador_650,propose,104,2.660154,0
1788504507.390701,23,ciclo1_AC_AP,prosumer670,concentrator_alimentador_650,propose,274,6.627627,0
1788504507.392714,23,ciclo1_AC_AP,prosumer634,concentrator_alimentador_650,propose,461,16.773482,0
1788504507.399237,23,ciclo1_AC_AP,prosumer652,concentrator_alimentador_650,propose,482,14.296020,0
1788504507.419475,23,ciclo1_AC_AP,prosumer675,concentrator_alimentador_650,propose,262,13.681934,0
1788504507.421403,23,ciclo1_AC_AP,prosumer632,concentrator_alimentador_650,propose,264,14.168929,0
1788504507.567457,23,ciclo2_AD_AC,dso,concentrator_alimentador_650,cfp,100,2.098806,0
1788504507.593128,23,ciclo2_AD_AC,concentrator_alimentador_650,dso,propose,1018,16.425165,0
1788504507.763884,23,ciclo3_AM_AC_AD,market,dso,cfp,100,2.960082,0
1788504507.801731,23,ciclo3_AM_AC_AD,dso,market,propose,1268,20.454685,0
1788504508.013660,23,ciclo3_AM_AC_AD,market,concentrator_alimentador_650,cfp,100,3.245832,0
1788504508.014733,23,ciclo3_AM_AC_AD,market,dso,cfp,100,2.882720,0
1788504508.076122,23,ciclo3_AM_AC_AD,dso,market,propose,1075,19.410174,0
1788504508.078383,23,ciclo3_AM_AC_AD,concentrator_alimentador_650,market,propose,1447,25.967410,0
1788504508.405778,24,ciclo1_AC_AP,concentrator_alimentador_650,prosumer611,cfp,100,0.769855,0
1788504508.406562,24,ciclo1_AC_AP,concentrator_alimentador_650,prosumer632,cfp,100,0.644950,0
1788504508.407052,24,ciclo1_AC_AP,concentrator_alimentador_650,prosumer634,cfp,100,5.613671,0
1788504508.407343,24,ciclo1_AC_AP,concentrator_alimentador_650,prosumer645,cfp,100,4.453164,0
1788504508.407882,24,ciclo1_AC_AP,concentrator_alimentador_650,prosumer646,cfp,100,3.423109,0
1788504508.408111,24,ciclo1_AC_AP,concentrator_alimentador_650,prosumer652,cfp,100,0.879770,0
1788504508.408231,24,ciclo1_AC_AP,concentrator_alimentador_650,prosumer670,cfp,100,1.502563,0
1788504508.408490,24,ciclo1_AC_AP,concentrator_alimentador_650,prosumer671,cfp,100,2.748363,0
1788504508.408928,24,ciclo1_AC_AP,concentrator_alimentador_650,prosumer675,cfp,100,4.346856,0
1788504508.409322,24,ciclo1_AC_AP,concentrator_alimentador_650,prosumer692,cfp,100,3.232583,0
1788504508.417377,24,ciclo1_AC_AP,prosumer632,concentrator_alimentador_650,propose,231,11.428939,0
1788504508.419424,24,ciclo1_AC_AP,prosumer611,concentrator_alimentador_650,propose,408,13.316263,0
1788504508.421220,24,ciclo1_AC_AP,prosumer652,concentrator_alimentador_650,propose,179,7.488932,0
1788504508.425202,24,ciclo1_AC_AP,prosumer670,concentrator_alimentador_650,propose,294,4.313794,0
1788504508.439112,24,ciclo1_AC_AP,prosumer671,concentrator_alimentador_650,propose,398,20.067926,0
1788504508.445111,24,ciclo1_AC_AP,prosumer692,concentrator_alimentador_650,propose,250,4.983409,0
1788504508.446798,24,ciclo1_AC_AP,prosumer646,concentrator_alimentador_650,propose,467,7.428711,0
1788504508.454288,24,ciclo1_AC_AP,prosumer645,concentrator_alimentador_650,propose,461,14.545263,0
1788504508.455695,24,ciclo1_AC_AP,prosumer675,concentrator_alimentador_650,propose,340,12.621504,0
1788504508.467076,24,ciclo1_AC_AP,prosumer634,concentrator_alimentador_650,propose,133,7.626280,0
1788504508.642951,24,ciclo2_AD_AC,dso,concentrator_alimentador_650,cfp,100,2.863395,0
1788504508.676378,24,ciclo2_AD_AC,concentrator_alimentador_650,dso,propose,1409,24.638087,0
1788504508.928590,24,ciclo3_AM_AC_AD,market,dso,cfp,100,1.816420,0
1788504508.956521,24,ciclo3_AM_AC_AD,dso,market,propose,1043,18.203549,0
1788504509.143537,24,ciclo3_AM_AC_AD,market,concentrator_alimentador_650,cfp,100,1.045339,0
1788504509.144450,24,ciclo3_AM_AC_AD,market,dso,cfp,100,3.234131,0
1788504509.180729,24,ciclo3_AM_AC_AD,concentrator_alimentador_650,market,propose,1264,20.339089,0
1788504509.204714,24,ciclo3_AM_AC_AD,dso,market,propose,1444,25.099682,0
1788504509.526362,25,ciclo1_AC_AP,concentrator_alimentador_650,prosumer611,cfp,100,3.348683,0
1788504509.526968,25,ciclo1_AC_AP,concentrator_alimentador_650,prosumer632,cfp,100,5.874845,0
1788504509.527891,25,ciclo1_AC_AP,concentrator_alimentador_650,prosumer634,cfp,100,2.936022,0
1788504509.528578,25,ciclo1_AC_AP,concentrator_alimentador_650,prosumer645,cfp,100,3.248422,0
1788504509.529103,25,ciclo1_AC_AP,concentrator_alimentador_650,prosumer646,cfp,100,0.112462,0
1788504509.529311,25,ciclo1_AC_AP,concentrator_alimentador_650,prosumer652,cfp,100,7.491264,0
1788504509.529888,25,ciclo1_AC_AP,concentrator_alimentador_650,prosumer670,cfp,100,3.656536,0
1788504509.530363,25,ciclo1_AC_AP,concentrator_alimentador_650,prosumer671,cfp,100,6.623587,0
1788504509.530650,25,ciclo1_AC_AP,concentrator_alimentador_650,prosumer675,cfp,100,4.672308,0
1788504509.530799,25,ciclo1_AC_AP,concentrator_alimentador_650,prosumer692,cfp,100,1.668597,0
1788504509.532888,25,ciclo1_AC_AP,prosumer646,concentrator_alimentador_650,propose,120,1.670607,0
1788504509.551841,25,ciclo1_AC_AP,prosumer692,concentrator_alimentador_650,propose,133,2.158057,0
1788504509.560227,25,ciclo1_AC_AP,prosumer634,concentrator_alimentador_650,propose,215,6.383657,0
1788504509.562765,25,ciclo1_AC_AP,prosumer611,concentrator_alimentador_650,propose,166,11.511917,0
1788504509.564841,25,ciclo1_AC_AP,prosumer645,concentrator_alimentador_650,propose,120,3.656192,0
1788504509.569235,25,ciclo1_AC_AP,prosumer670,concentrator_alimentador_650,propose,253,4.455612,0
1788504509.580957,25,ciclo1_AC_AP,prosumer675,concentrator_alimentador_650,propose,107,1.148825,0
1788504509.588781,25,ciclo1_AC_AP,prosumer632,concentrator_alimentador_650,propose,488,14.490972,0
1788504509.599429,25,ciclo1_AC_AP,prosumer671,concentrator_alimentador_650,propose,329,14.116325,0
1788504509.607450,25,ciclo1_AC_AP,prosumer652,concentrator_alimentador_650,propose,269,14.320058,0
1788504509.755739,25,ciclo2_AD_AC,dso,concentrator_alimentador_650,cfp,100,3.682164,0
1788504509.798589,25,ciclo2_AD_AC,concentrator_alimentador_650,dso,propose,1441,23.436901,0
1788504510.039817,25,ciclo3_AM_AC_AD,market,dso,cfp,100,3.930906,0
1788504510.086560,25,ciclo3_AM_AC_AD,dso,market,propose,1082,19.006661,0
1788504510.281760,25,ciclo3_AM_AC_AD,market,concentrator_alimentador_650,cfp,100,1.022468,0
1788504510.282593,25,ciclo3_AM_AC_AD,market,dso,cfp,100,0.186844,0
1788504510.319347,25,ciclo3_AM_AC_AD,dso,market,propose,1409,22.611388,0
1788504510.320799,25,ciclo3_AM_AC_AD,concentrator_alimentador_650,market,propose,1076,20.102680,0
1788504510.612210,26,ciclo1_AC_AP,concentrator_alimentador_650,prosumer611,cfp,100,4.871560,0
1788504510.612558,26,ciclo1_AC_AP,concentrator_alimentador_650,prosumer632,cfp,100,3.635128,0
1788504510.612757,26,ciclo1_AC_AP,concentrator_alimentador_650,prosumer634,cfp,100,6.292367,0
1788504510.612921,26,ciclo1_AC_AP,concentrator_alimentador_650,prosumer645,cfp,100,5.206985,0
1788504510.613065,26,ciclo1_AC_AP,concentrator_alimentador_650,prosumer646,cfp,100,1.115646,0
1788504510.613217,26,ciclo1_AC_AP,concentrator_alimentador_650,prosumer652,cfp,100,3.778115,0
1788504510.613358,26,ciclo1_AC_AP,concentrator_alimentador_650,prosumer670,cfp,100,1.677598,0
1788504510.613495,26,ciclo1_AC_AP,concentrator_alimentador_650,prosumer671,cfp,100,0.468929,0
1788504510.613632,26,ciclo1_AC_AP,concentrator_alimentador_650,prosumer675,cfp,100,4.629265,0
1788504510.613767,26,ciclo1_AC_AP,concentrator_alimentador_650,prosumer692,cfp,100,3.083864,0
1788504510.621125,26,ciclo1_AC_AP,prosumer671,concentrator_alimentador_650,propose,435,15.714239,0
1788504510.626641,26,ciclo1_AC_AP,prosumer646,concentrator_alimentador_650,propose,335,4.781333,0
1788504510.633438,26,ciclo1_AC_AP,prosumer670,concentrator_alimentador_650,propose,290,6.977958,0
1788504510.647655,26,ciclo1_AC_AP,prosumer692,concentrator_alimentador_650,propose,358,5.248905,0
1788504510.650990,26,ciclo1_AC_AP,prosumer632,concentrator_alimentador_650,propose,295,10.840874,0
1788504510.652907,26,ciclo1_AC_AP,prosumer652,concentrator_alimentador_650,propose,371,10.797533,0
1788504510.663187,26,ciclo1_AC_AP,prosumer675,concentrator_alimentador_650,propose,357,11.967136,0
1788504510.665653,26,ciclo1_AC_AP,prosumer611,concentrator_alimentador_650,propose,117,1.954265,0
1788504510.667762,26,ciclo1_AC_AP,prosumer645,concentrator_alimentador_650,propose,393,14.607787,0
1788504510.678631,26,ciclo1_AC_AP,prosumer634,concentrator_alimentador_650,propose,146,7.940933,0
1788504510.818739,26,ciclo2_AD_AC,dso,concentrator_alimentador_650,cfp,100,1.461284,0
1788504510.838301,26,ciclo2_AD_AC,concentrator_alimentador_650,dso,propose,1347,23.676349,0
1788504511.078773,26,ciclo3_AM_AC_AD,market,dso,cfp,100,3.522382,0
1788504511.120689,26,ciclo3_AM_AC_AD,dso,market,propose,1406,24.175538,0
1788504511.369505,26,ciclo3_AM_AC_AD,market,concentrator_alimentador_650,cfp,100,1.422542,0
1788504511.369979,26,ciclo3_AM_AC_AD,market,dso,cfp,100,3.933463,0
1788504511.408743,26,ciclo3_AM_AC_AD,concentrator_alimentador_650,market,propose,1412,25.255137,0
1788504511.441060,26,ciclo3_AM_AC_AD,dso,market,propose,1265,18.733783,0
1788504511.731321,27,ciclo1_AC_AP,concentrator_alimentador_650,prosumer611,cfp,100,7.350310,0
1788504511.732486,27,ciclo1_AC_AP,concentrator_alimentador_650,prosumer632,cfp,100,2.986977,0
1788504511.733526,27,ciclo1_AC_AP,concentrator_alimentador_650,prosumer634,cfp,100,1.387129,0
1788504511.734502,27,ciclo1_AC_AP,concentrator_alimentador_650,prosumer645,cfp,100,4.144410,0
1788504511.735320,27,ciclo1_AC_AP,concentrator_alimentador_650,prosumer646,cfp,100,2.225089,0
1788504511.735716,27,ciclo1_AC_AP,concentrator_alimentador_650,prosumer652,cfp,100,3.638896,0
1788504511.736073,27,ciclo1_AC_AP,concentrator_alimentador_650,prosumer670,cfp,100,1.929484,0
1788504511.736399,27,ciclo1_AC_AP,concentrator_alimentador_650,prosumer671,cfp,100,4.219498,0
1788504511.736651,27,ciclo1_AC_AP,concentrator_alimentador_650,prosumer675,cfp,100,2.422800,0
1788504511.736899,27,ciclo1_AC_AP,concentrator_alimentador_650,prosumer692,cfp,100,1.836360,0
1788504511.752547,27,ciclo1_AC_AP,prosumer634,concentrator_alimentador_650,propose,488,14.107496,0
1788504511.758607,27,ciclo1_AC_AP,prosumer692,concentrator_alimentador_650,propose,407,8.385166,0
1788504511.760141,27,ciclo1_AC_AP,prosumer670,concentrator_alimentador_650,propose,139,4.071723,0
1788504511.762346,27,ciclo1_AC_AP,prosumer646,concentrator_alimentador_650,propose,482,9.564359,0
1788504511.764555,27,ciclo1_AC_AP,prosumer675,concentrator_alimentador_650,propose,318,11.156494,0
1788504511.766112,27,ciclo1_AC_AP,prosumer632,concentrator_alimentador_650,propose,486,15.188430,0
1788504511.774977,27,ciclo1_AC_AP,prosumer652,concentrator_alimentador_650,propose,205,5.987341,0
1788504511.778394,27,ciclo1_AC_AP,prosumer645,concentrator_alimentador_650,propose,248,6.492430,0
1788504511.780617,27,ciclo1_AC_AP,prosumer671,concentrator_alimentador_650,propose,374,14.529981,0
1788504511.808534,27,ciclo1_AC_AP,prosumer611,concentrator_alimentador_650,propose,406,17.742336,0
1788504511.991167,27,ciclo2_AD_AC,dso,concentrator_alimentador_650,cfp,100,1.491179,0
1788504512.010710,27,ciclo2_AD_AC,concentrator_alimentador_650,dso,propose,1213,18.689900,0
1788504512.202308,27,ciclo3_AM_AC_AD,market,dso,cfp,100,3.857812,0
1788504512.249658,27,ciclo3_AM_AC_AD,dso,market,propose,1422,25.764878,0
1788504512.514705,27,ciclo3_AM_AC_AD,market,concentrator_alimentador_650,cfp,100,0.818038,0
1788504512.515432,27,ciclo3_AM_AC_AD,market,dso,cfp,100,3.353690,0
1788504512.546692,27,ciclo3_AM_AC_AD,concentrator_alimentador_650,market,propose,1497,26.086484,0
1788504512.573087,27,ciclo3_AM_AC_AD,dso,market,propose,1246,21.050612,0
1788504512.879237,28,ciclo1_AC_AP,concentrator_alimentador_650,prosumer611,cfp,100,3.519053,0
1788504512.880194,28,ciclo1_AC_AP,concentrator_alimentador_650,prosumer632,cfp,100,1.554609,0
1788504512.881038,28,ciclo1_AC_AP,concentrator_alimentador_650,prosumer634,cfp,100,4.727104,0
1788504512.881834,28,ciclo1_AC_AP,concentrator_alimentador_650,prosumer645,cfp,100,2.074087,0
1788504512.882390,28,ciclo1_AC_AP,concentrator_alimentador_650,prosumer646,cfp,100,1.353633,0
1788504512.882668,28,ciclo1_AC_AP,concentrator_alimentador_650,prosumer652,cfp,100,3.354648,0
1788504512.882880,28,ciclo1_AC_AP,concentrator_alimentador_650,prosumer670,cfp,100,0.041950,0
1788504512.883027,28,ciclo1_AC_AP,concentrator_alimentador_650,prosumer671,cfp,100,2.645250,0
1788504512.883181,28,ciclo1_AC_AP,concentrator_alimentador_650,prosumer675,cfp,100,4.095943,0
1788504512.883323,28,ciclo1_AC_AP,concentrator_alimentador_650,prosumer692,cfp,100,3.117070,0
1788504512.885520,28,ciclo1_AC_AP,prosumer670,concentrator_alimentador_650,propose,298,6.343335,0
1788504512.900138,28,ciclo1_AC_AP,prosumer632,concentrator_alimentador_650,propose,411,18.114710,0
1788504512.902094,28,ciclo1_AC_AP,prosumer646,concentrator_alimentador_650,propose,400,6.675305,0
1788504512.905557,28,ciclo1_AC_AP,prosumer645,concentrator_alimentador_650,propose,219,8.352432,0
1788504512.912041,28,ciclo1_AC_AP,prosumer671,concentrator_alimentador_650,propose,110,2.517453,0
1788504512.918453,28,ciclo1_AC_AP,prosumer692,concentrator_alimentador_650,propose,436,10.044269,0
1788504512.919969,28,ciclo1_AC_AP,prosumer611,concentrator_alimentador_650,propose,100,6.051641,0
1788504512.921470,28,ciclo1_AC_AP,prosumer652,concentrator_alimentador_650,propose,479,13.664902,0
1788504512.926836,28,ciclo1_AC_AP,prosumer675,concentrator_alimentador_650,propose,193,6.130518,0
1788504512.931011,28,ciclo1_AC_AP,prosumer634,concentrator_alimentador_650,propose,254,9.000578,0
1788504513.084680,28,ciclo2_AD_AC,dso,concentrator_alimentador_650,cfp,100,1.207001,0
1788504513.101232,28,ciclo2_AD_AC,concentrator_alimentador_650,dso,propose,1259,19.525165,0
1788504513.303408,28,ciclo3_AM_AC_AD,market,dso,cfp,100,1.433409,0
1788504513.323951,28,ciclo3_AM_AC_AD,dso,market,propose,1291,22.393726,0
1788504513.554675,28,ciclo3_AM_AC_AD,market,concentrator_alimentador_650,cfp,100,1.263627,0
1788504513.555319,28,ciclo3_AM_AC_AD,market,dso,cfp,100,0.301117,0
1788504513.590721,28,ciclo3_AM_AC_AD,dso,market,propose,1130,19.423071,0
1788504513.592578,28,ciclo3_AM_AC_AD,concentrator_alimentador_650,market,propose,1170,18.696062,0
1788504513.851212,29,ciclo1_AC_AP,concentrator_alimentador_650,prosumer611,cfp,100,4.872565,0
1788504513.851909,29,ciclo1_AC_AP,concentrator_alimentador_650,prosumer632,cfp,100,2.477251,0
1788504513.852655,29,ciclo1_AC_AP,concentrator_alimentador_650,prosumer634,cfp,100,5.931171,0
1788504513.853280,29,ciclo1_AC_AP,concentrator_alimentador_650,prosumer645,cfp,100,2.776664,0
1788504513.853826,29,ciclo1_AC_AP,concentrator_alimentador_650,prosumer646,cfp,100,1.273446,0
1788504513.854341,29,ciclo1_AC_AP,concentrator_alimentador_650,prosumer652,cfp,100,3.584110,0
1788504513.854776,29,ciclo1_AC_AP,concentrator_alimentador_650,prosumer670,cfp,100,0.151882,0
1788504513.855268,29,ciclo1_AC_AP,concentrator_alimentador_650,prosumer671,cfp,100,3.912378,0
1788504513.855637,29,ciclo1_AC_AP,concentrator_alimentador_650,prosumer675,cfp,100,5.902187,0
1788504513.855944,29,ciclo1_AC_AP,concentrator_alimentador_650,prosumer692,cfp,100,3.438401,0
1788504513.861068,29,ciclo1_AC_AP,prosumer670,concentrator_alimentador_650,propose,133,3.815525,0
1788504513.869743,29,ciclo1_AC_AP,prosumer646,concentrator_alimentador_650,propose,352,4.789549,0
1788504513.880480,29,ciclo1_AC_AP,prosumer632,concentrator_alimentador_650,propose,234,9.149094,0
1788504513.884241,29,ciclo1_AC_AP,prosumer645,concentrator_alimentador_650,propose,255,9.395162,0
1788504513.894207,29,ciclo1_AC_AP,prosumer652,concentrator_alimentador_650,propose,495,17.950258,0
1788504513.896132,29,ciclo1_AC_AP,prosumer692,concentrator_alimentador_650,propose,308,7.118409,0
1788504513.898060,29,ciclo1_AC_AP,prosumer671,concentrator_alimentador_650,propose,296,12.800515,0
1788504513.901971,29,ciclo1_AC_AP,prosumer611,concentrator_alimentador_650,propose,296,11.869669,0
1788504513.914486,29,ciclo1_AC_AP,prosumer634,concentrator_alimentador_650,propose,131,8.671813,0
1788504513.916291,29,ciclo1_AC_AP,prosumer675,concentrator_alimentador_650,propose,183,8.797590,0
1788504514.078241,29,ciclo2_AD_AC,dso,concentrator_alimentador_650,cfp,100,3.816882,0
1788504514.121717,29,ciclo2_AD_AC,concentrator_alimentador_650,dso,propose,1328,20.323165,0
1788504514.331560,29,ciclo3_AM_AC_AD,market,dso,cfp,100,1.937955,0
1788504514.360494,29,ciclo3_AM_AC_AD,dso,market,propose,1478,24.589632,0
1788504514.613282,29,ciclo3_AM_AC_AD,market,concentrator_alimentador_650,cfp,100,1.960350,0
1788504514.614099,29,ciclo3_AM_AC_AD,market,dso,cfp,100,0.592517,0
1788504514.648385,29,ciclo3_AM_AC_AD,dso,market,propose,1065,19.823173,0
1788504514.654273,29,ciclo3_AM_AC_AD,concentrator_alimentador_650,market,propose,1122,17.651911,0
1788504514.918379,30,ciclo1_AC_AP,concentrator_alimentador_650,prosumer611,cfp,100,6.153420,0
1788504514.919659,30,ciclo1_AC_AP,concentrator_alimentador_650,prosumer632,cfp,100,5.124342,0
1788504514.920845,30,ciclo1_AC_AP,concentrator_alimentador_650,prosumer634,cfp,100,5.237985,0
1788504514.921789,30,ciclo1_AC_AP,concentrator_alimentador_650,prosumer645,cfp,100,3.904211,0
1788504514.922508,30,ciclo1_AC_AP,concentrator_alimentador_650,prosumer646,cfp,100,3.180302,0
1788504514.923007,30,ciclo1_AC_AP,concentrator_alimentador_650,prosumer652,cfp,100,3.525016,0
1788504514.923203,30,ciclo1_AC_AP,concentrator_alimentador_650,prosumer670,cfp,100,0.916067,0
1788504514.923465,30,ciclo1_AC_AP,concentrator_alimentador_650,prosumer671,cfp,100,3.525415,0
1788504514.923686,30,ciclo1_AC_AP,concentrator_alimentador_650,prosumer675,cfp,100,3.751415,0
1788504514.924021,30,ciclo1_AC_AP,concentrator_alimentador_650,prosumer692,cfp,100,3.005744,0
1788504514.937143,30,ciclo1_AC_AP,prosumer670,concentrator_alimentador_650,propose,246,3.954957,0
1788504514.959491,30,ciclo1_AC_AP,prosumer692,concentrator_alimentador_650,propose,473,8.280702,0
1788504514.961562,30,ciclo1_AC_AP,prosumer646,concentrator_alimentador_650,propose,271,6.465491,0
1788504514.964689,30,ciclo1_AC_AP,prosumer652,concentrator_alimentador_650,propose,128,5.389232,0
1788504514.966073,30,ciclo1_AC_AP,prosumer671,concentrator_alimentador_650,propose,118,5.988769,0
1788504514.967361,30,ciclo1_AC_AP,prosumer645,concentrator_alimentador_650,propose,346,12.232080,0
1788504514.968384,30,ciclo1_AC_AP,prosumer675,concentrator_alimentador_650,propose,313,14.140801,0
1788504514.973413,30,ciclo1_AC_AP,prosumer632,concentrator_alimentador_650,propose,172,9.344310,0
1788504514.975492,30,ciclo1_AC_AP,prosumer634,concentrator_alimentador_650,propose,351,8.854709,0
1788504514.983479,30,ciclo1_AC_AP,prosumer611,concentrator_alimentador_650,propose,408,13.694238,0
1788504515.124078,30,ciclo2_AD_AC,dso,concentrator_alimentador_650,cfp,100,1.212824,0
1788504515.140445,30,ciclo2_AD_AC,concentrator_alimentador_650,dso,propose,1367,22.323796,0
1788504515.367456,30,ciclo3_AM_AC_AD,market,dso,cfp,100,3.179335,0
1788504515.403799,30,ciclo3_AM_AC_AD,dso,market,propose,1041,19.758269,0
1788504515.608739,30,ciclo3_AM_AC_AD,market,concentrator_alimentador_650,cfp,100,3.597453,0
1788504515.609624,30,ciclo3_AM_AC_AD,market,dso,cfp,100,2.943660,0
1788504515.673985,30,ciclo3_AM_AC_AD,dso,market,propose,1344,21.186868,0
1788504515.676001,30,ciclo3_AM_AC_AD,concentrator_alimentador_650,market,propose,1357,21.804959,0
1788504515.958980,31,ciclo1_AC_AP,concentrator_alimentador_650,prosumer611,cfp,100,3.962946,0
1788504515.959560,31,ciclo1_AC_AP,concentrator_alimentador_650,prosumer632,cfp,100,5.978887,0
1788504515.959821,31,ciclo1_AC_AP,concentrator_alimentador_650,prosumer634,cfp,100,4.116472,0
1788504515.960620,31,ciclo1_AC_AP,concentrator_alimentador_650,prosumer645,cfp,100,3.429583,0
1788504515.961194,31,ciclo1_AC_AP,concentrator_alimentador_650,prosumer646,cfp,100,1.161689,0
1788504515.961643,31,ciclo1_AC_AP,concentrator_alimentador_650,prosumer652,cfp,100,4.189666,0
1788504515.962079,31,ciclo1_AC_AP,concentrator_alimentador_650,prosumer670,cfp,100,0.041425,0
1788504515.962334,31,ciclo1_AC_AP,concentrator_alimentador_650,prosumer671,cfp,100,7.098606,0
1788504515.962520,31,ciclo1_AC_AP,concentrator_alimentador_650,prosumer675,cfp,100,3.310020,0
1788504515.962639,31,ciclo1_AC_AP,concentrator_alimentador_650,prosumer692,cfp,100,2.669580,0
1788504515.964559,31,ciclo1_AC_AP,prosumer670,concentrator_alimentador_650,propose,177,5.261658,0
1788504515.976367,31,ciclo1_AC_AP,prosumer646,concentrator_alimentador_650,propose,280,5.136656,0
1788504515.993042,31,ciclo1_AC_AP,prosumer692,concentrator_alimentador_650,propose,310,4.264525,0
1788504515.998293,31,ciclo1_AC_AP,prosumer645,concentrator_alimentador_650,propose,118,5.778575,0
1788504515.999843,31,ciclo1_AC_AP,prosumer675,concentrator_alimentador_650,propose,413,18.142144,0
1788504516.001912,31,ciclo1_AC_AP,prosumer611,concentrator_alimentador_650,propose,338,11.680285,0
1788504516.003655,31,ciclo1_AC_AP,prosumer634,concentrator_alimentador_650,propose,297,12.062309,0
1788504516.005251,31,ciclo1_AC_AP,prosumer652,concentrator_alimentador_650,propose,334,8.957330,0
1788504516.022627,31,ciclo1_AC_AP,prosumer632,concentrator_alimentador_650,propose,124,2.985378,0
1788504516.036038,31,ciclo1_AC_AP,prosumer671,concentrator_alimentador_650,propose,151,7.698904,0
1788504516.187038,31,ciclo2_AD_AC,dso,concentrator_alimentador_650,cfp,100,1.072818,0
1788504516.201147,31,ciclo2_AD_AC,concentrator_alimentador_650,dso,propose,1241,21.262150,0
1788504516.420369,31,ciclo3_AM_AC_AD,market,dso,cfp,100,3.910221,0
1788504516.468514,31,ciclo3_AM_AC_AD,dso,market,propose,1398,23.805412,0
1788504516.713789,31,ciclo3_AM_AC_AD,market,concentrator_alimentador_650,cfp,100,0.526445,0
1788504516.714776,31,ciclo3_AM_AC_AD,market,dso,cfp,100,3.335828,0
1788504516.742311,31,ciclo3_AM_AC_AD,concentrator_alimentador_650,market,propose,1077,18.275524,0
1788504516.777948,31,ciclo3_AM_AC_AD,dso,market,propose,1010,15.077775,0
1788504516.993653,32,ciclo1_AC_AP,concentrator_alimentador_650,prosumer611,cfp,100,4.742518,0
1788504516.993912,32,ciclo1_AC_AP,concentrator_alimentador_650,prosumer632,cfp,100,0.937741,0
1788504516.994057,32,ciclo1_AC_AP,concentrator_alimentador_650,prosumer634,cfp,100,1.422341,0
1788504516.994221,32,ciclo1_AC_AP,concentrator_alimentador_650,prosumer645,cfp,100,2.348706,0
1788504516.994455,32,ciclo1_AC_AP,concentrator_alimentador_650,prosumer646,cfp,100,0.745224,0
1788504516.994666,32,ciclo1_AC_AP,concentrator_alimentador_650,prosumer652,cfp,100,5.300740,0
1788504516.994796,32,ciclo1_AC_AP,concentrator_alimentador_650,prosumer670,cfp,100,1.176287,0
1788504516.994929,32,ciclo1_AC_AP,concentrator_alimentador_650,prosumer671,cfp,100,0.892868,0
1788504516.995045,32,ciclo1_AC_AP,concentrator_alimentador_650,prosumer675,cfp,100,3.548780,0
1788504516.995154,32,ciclo1_AC_AP,concentrator_alimentador_650,prosumer692,cfp,100,2.625912,0
1788504517.004469,32,ciclo1_AC_AP,prosumer646,concentrator_alimentador_650,propose,116,2.105516,0
1788504517.007142,32,ciclo1_AC_AP,prosumer632,concentrator_alimentador_650,propose,406,16.867622,0
1788504517.008240,32,ciclo1_AC_AP,prosumer671,concentrator_alimentador_650,propose,416,18.838995,0
1788504517.010191,32,ciclo1_AC_AP,prosumer670,concentrator_alimentador_650,propose,167,2.817926,0
1788504517.011350,32,ciclo1_AC_AP,prosumer634,concentrator_alimentador_650,propose,422,16.111419,0
1788504517.021021,32,ciclo1_AC_AP,prosumer645,concentrator_alimentador_650,propose,265,13.648839,0
1788504517.024524,32,ciclo1_AC_AP,prosumer692,concentrator_alimentador_650,propose,153,2.181776,0
1788504517.034237,32,ciclo1_AC_AP,prosumer675,concentrator_alimentador_650,propose,458,18.005498,0
1788504517.043926,32,ciclo1_AC_AP,prosumer611,concentrator_alimentador_650,propose,381,12.128398,0
1788504517.050086,32,ciclo1_AC_AP,prosumer652,concentrator_alimentador_650,propose,432,16.695049,0
1788504517.221032,32,ciclo2_AD_AC,dso,concentrator_alimentador_650,cfp,100,3.523999,0
1788504517.259788,32,ciclo2_AD_AC,concentrator_alimentador_650,dso,propose,1177,21.085514,0
1788504517.474008,32,ciclo3_AM_AC_AD,market,dso,cfp,100,3.612759,0
1788504517.518471,32,ciclo3_AM_AC_AD,dso,market,propose,1099,16.425574,0
1788504517.690110,32,ciclo3_AM_AC_AD,market,concentrator_alimentador_650,cfp,100,3.588211,0
1788504517.691148,32,ciclo3_AM_AC_AD,market,dso,cfp,100,3.449859,0
1788504517.761084,32,ciclo3_AM_AC_AD,concentrator_alimentador_650,market,propose,1196,18.600033,0
1788504517.763372,32,ciclo3_AM_AC_AD,dso,market,propose,1401,25.229731,0
1788504518.084198,33,ciclo1_AC_AP,concentrator_alimentador_650,prosumer611,cfp,100,3.622862,0
1788504518.085314,33,ciclo1_AC_AP,concentrator_alimentador_650,prosumer632,cfp,100,3.897658,0
1788504518.086363,33,ciclo1_AC_AP,concentrator_alimentador_650,prosumer634,cfp,100,2.411914,0
1788504518.086846,33,ciclo1_AC_AP,concentrator_alimentador_650,prosumer645,cfp,100,4.359565,0
1788504518.087088,33,ciclo1_AC_AP,concentrator_alimentador_650,prosumer646,cfp,100,3.067692,0
1788504518.087321,33,ciclo1_AC_AP,concentrator_alimentador_650,prosumer652,cfp,100,3.434688,0
1788504518.087547,33,ciclo1_AC_AP,concentrator_alimentador_650,prosumer670,cfp,100,1.209385,0
1788504518.087761,33,ciclo1_AC_AP,concentrator_alimentador_650,prosumer671,cfp,100,6.698901,0
1788504518.087974,33,ciclo1_AC_AP,concentrator_alimentador_650,prosumer675,cfp,100,5.777547,0
1788504518.088199,33,ciclo1_AC_AP,concentrator_alimentador_650,prosumer692,cfp,100,3.229930,0
1788504518.104287,33,ciclo1_AC_AP,prosumer670,concentrator_alimentador_650,propose,497,7.317390,0
1788504518.112846,33,ciclo1_AC_AP,prosumer634,concentrator_alimentador_650,propose,498,18.829897,0
1788504518.120425,33,ciclo1_AC_AP,prosumer646,concentrator_alimentador_650,propose,351,8.009550,0
1788504518.122915,33,ciclo1_AC_AP,prosumer611,concentrator_alimentador_650,propose,156,6.880145,0
1788504518.124001,33,ciclo1_AC_AP,prosumer692,concentrator_alimentador_650,propose,130,4.974193,0
1788504518.126008,33,ciclo1_AC_AP,prosumer652,concentrator_alimentador_650,propose,412,19.365147,0
1788504518.127161,33,ciclo1_AC_AP,prosumer632,concentrator_alimentador_650,propose,458,15.483092,0
1788504518.133363,33,ciclo1_AC_AP,prosumer645,concentrator_alimentador_650,propose,339,11.836354,0
1788504518.150303,33,ciclo1_AC_AP,prosumer675,concentrator_alimentador_650,propose,414,15.165018,0
1788504518.156902,33,ciclo1_AC_AP,prosumer671,concentrator_alimentador_650,propose,423,15.325165,0
1788504518.324050,33,ciclo2_AD_AC,dso,concentrator_alimentador_650,cfp,100,2.988427,0
1788504518.357847,33,ciclo2_AD_AC,concentrator_alimentador_650,dso,propose,1478,24.332524,0
1788504518.606786,33,ciclo3_AM_AC_AD,market,dso,cfp,100,3.381082,0
1788504518.648255,33,ciclo3_AM_AC_AD,dso,market,propose,1172,18.689841,0
1788504518.840301,33,ciclo3_AM_AC_AD,market,concentrator_alimentador_650,cfp,100,3.879481,0
1788504518.840543,33,ciclo3_AM_AC_AD,market,dso,cfp,100,0.548507,0
1788504518.873639,33,ciclo3_AM_AC_AD,dso,market,propose,1333,23.029791,0
1788504518.902441,33,ciclo3_AM_AC_AD,concentrator_alimentador_650,market,propose,1063,19.999100,0
1788504519.172668,34,ciclo1_AC_AP,concentrator_alimentador_650,prosumer611,cfp,100,2.617533,0
1788504519.173344,34,ciclo1_AC_AP,concentrator_alimentador_650,prosumer632,cfp,100,2.498503,0
1788504519.173997,34,ciclo1_AC_AP,concentrator_alimentador_650,prosumer634,cfp,100,4.485901,0
1788504519.174495,34,ciclo1_AC_AP,concentrator_alimentador_650,prosumer645,cfp,100,5.832820,0
1788504519.174943,34,ciclo1_AC_AP,concentrator_alimentador_650,prosumer646,cfp,100,3.364399,0
1788504519.175152,34,ciclo1_AC_AP,concentrator_alimentador_650,prosumer652,cfp,100,4.145419,0
1788504519.175317,34,ciclo1_AC_AP,concentrator_alimentador_650,prosumer670,cfp,100,1.617657,0
1788504519.175469,34,ciclo1_AC_AP,concentrator_alimentador_650,prosumer671,cfp,100,2.175577,0
1788504519.175615,34,ciclo1_AC_AP,concentrator_alimentador_650,prosumer675,cfp,100,2.442477,0
1788504519.175760,34,ciclo1_AC_AP,concentrator_alimentador_650,prosumer692,cfp,100,3.243009,0
1788504519.196254,34,ciclo1_AC_AP,prosumer670,concentrator_alimentador_650,propose,449,8.880518,0
1788504519.200344,34,ciclo1_AC_AP,prosumer671,concentrator_alimentador_650,propose,465,16.091078,0
1788504519.202459,34,ciclo1_AC_AP,prosumer632,concentrator_alimentador_650,propose,418,17.914077,0
1788504519.204339,34,ciclo1_AC_AP,prosumer611,concentrator_alimentador_650,propose,251,7.205031,0
1788504519.205554,34,ciclo1_AC_AP,prosumer675,concentrator_alimentador_650,propose,165,10.142260,0
1788504519.211053,34,ciclo1_AC_AP,prosumer692,concentrator_alimentador_650,propose,298,4.512656,0
1788504519.212332,34,ciclo1_AC_AP,prosumer646,concentrator_alimentador_650,propose,250,2.397363,0
1788504519.219675,34,ciclo1_AC_AP,prosumer652,concentrator_alimentador_650,propose,481,17.637643,0
1788504519.221663,34,ciclo1_AC_AP,prosumer634,concentrator_alimentador_650,propose,448,16.465937,0
1788504519.236458,34,ciclo1_AC_AP,prosumer645,concentrator_alimentador_650,propose,162,6.738379,0
1788504519.400898,34,ciclo2_AD_AC,dso,concentrator_alimentador_650,cfp,100,0.924297,0
1788504519.414211,34,ciclo2_AD_AC,concentrator_alimentador_650,dso,propose,1265,22.200973,0
1788504519.641966,34,ciclo3_AM_AC_AD,market,dso,cfp,100,3.755125,0
1788504519.687502,34,ciclo3_AM_AC_AD,dso,market,propose,1440,23.600388,0
1788504519.930715,34,ciclo3_AM_AC_AD,market,concentrator_alimentador_650,cfp,100,0.587868,0
1788504519.931471,34,ciclo3_AM_AC_AD,market,dso,cfp,100,3.783883,0
1788504519.957963,34,ciclo3_AM_AC_AD,concentrator_alimentador_650,market,propose,1402,23.007769,0
1788504519.998099,34,ciclo3_AM_AC_AD,dso,market,propose,1096,17.902556,0
1788504520.257196,35,ciclo1_AC_AP,concentrator_alimentador_650,prosumer611,cfp,100,6.947435,0
1788504520.257673,35,ciclo1_AC_AP,concentrator_alimentador_650,prosumer632,cfp,100,3.645880,0
1788504520.257854,35,ciclo1_AC_AP,concentrator_alimentador_650,prosumer634,cfp,100,1.797466,0
1788504520.258007,35,ciclo1_AC_AP,concentrator_alimentador_650,prosumer645,cfp,100,4.353163,0
1788504520.258150,35,ciclo1_AC_AP,concentrator_alimentador_650,prosumer646,cfp,100,3.545840,0
1788504520.258288,35,ciclo1_AC_AP,concentrator_alimentador_650,prosumer652,cfp,100,2.126032,0
1788504520.258420,35,ciclo1_AC_AP,concentrator_alimentador_650,prosumer670,cfp,100,0.832199,0
1788504520.258552,35,ciclo1_AC_AP,concentrator_alimentador_650,prosumer671,cfp,100,6.697180,0
1788504520.258679,35,ciclo1_AC_AP,concentrator_alimentador_650,prosumer675,cfp,100,1.798419,0
1788504520.258800,35,ciclo1_AC_AP,concentrator_alimentador_650,prosumer692,cfp,100,2.513294,0
1788504520.270419,35,ciclo1_AC_AP,prosumer670,concentrator_alimentador_650,propose,119,1.006369,0
1788504520.279336,35,ciclo1_AC_AP,prosumer634,concentrator_alimentador_650,propose,500,17.644527,0
1788504520.281232,35,ciclo1_AC_AP,prosumer675,concentrator_alimentador_650,propose,300,15.424087,0
1788504520.283325,35,ciclo1_AC_AP,prosumer652,concentrator_alimentador_650,propose,327,13.360354,0
1788504520.285889,35,ciclo1_AC_AP,prosumer692,concentrator_alimentador_650,propose,290,5.312722,0
1788504520.297453,35,ciclo1_AC_AP,prosumer646,concentrator_alimentador_650,propose,487,9.412764,0
1788504520.299013,35,ciclo1_AC_AP,prosumer632,concentrator_alimentador_650,propose,197,9.016417,0
1788504520.304132,35,ciclo1_AC_AP,prosumer645,concentrator_alimentador_650,propose,333,12.187622,0
1788504520.329858,35,ciclo1_AC_AP,prosumer671,concentrator_alimentador_650,propose,282,12.870171,0
1788504520.331780,35,ciclo1_AC_AP,prosumer611,concentrator_alimentador_650,propose,423,15.442553,0
1788504520.489455,35,ciclo2_AD_AC,dso,concentrator_alimentador_650,cfp,100,0.244823,0
1788504520.494811,35,ciclo2_AD_AC,concentrator_alimentador_650,dso,propose,1038,16.882694,0
1788504520.669228,35,ciclo3_AM_AC_AD,market,dso,cfp,100,3.102164,0
1788504520.707020,35,ciclo3_AM_AC_AD,dso,market,propose,1489,24.280069,0
1788504520.956014,35,ciclo3_AM_AC_AD,market,concentrator_alimentador_650,cfp,100,2.278558,0
1788504520.956926,35,ciclo3_AM_AC_AD,market,dso,cfp,100,0.597899,0
1788504520.992085,35,ciclo3_AM_AC_AD,dso,market,propose,1022,18.373748,0
1788504520.999578,35,ciclo3_AM_AC_AD,concentrator_alimentador_650,market,propose,1461,24.467019,0
1788504521.312868,36,ciclo1_AC_AP,concentrator_alimentador_650,prosumer611,cfp,100,2.255156,0
1788504521.314132,36,ciclo1_AC_AP,concentrator_alimentador_650,prosumer632,cfp,100,3.815415,0
1788504521.315226,36,ciclo1_AC_AP,concentrator_alimentador_650,prosumer634,cfp,100,5.324383,0
1788504521.316239,36,ciclo1_AC_AP,concentrator_alimentador_650,prosumer645,cfp,100,4.316492,0
1788504521.317081,36,ciclo1_AC_AP,concentrator_alimentador_650,prosumer646,cfp,100,1.207700,0
1788504521.317676,36,ciclo1_AC_AP,concentrator_alimentador_650,prosumer652,cfp,100,5.431410,0
1788504521.318207,36,ciclo1_AC_AP,concentrator_alimentador_650,prosumer670,cfp,100,2.441240,0
1788504521.318591,36,ciclo1_AC_AP,concentrator_alimentador_650,prosumer671,cfp,100,3.476325,0
1788504521.318980,36,ciclo1_AC_AP,concentrator_alimentador_650,prosumer675,cfp,100,3.527803,0
1788504521.319135,36,ciclo1_AC_AP,concentrator_alimentador_650,prosumer692,cfp,100,2.180566,0
1788504521.334267,36,ciclo1_AC_AP,prosumer646,concentrator_alimentador_650,propose,120,4.020869,0
1788504521.338372,36,ciclo1_AC_AP,prosumer611,concentrator_alimentador_650,propose,348,10.867615,0
1788504521.345367,36,ciclo1_AC_AP,prosumer692,concentrator_alimentador_650,propose,230,5.117166,0
1788504521.348087,36,ciclo1_AC_AP,prosumer670,concentrator_alimentador_650,propose,113,1.547211,0
1788504521.355215,36,ciclo1_AC_AP,prosumer632,concentrator_alimentador_650,propose,366,14.753584,0
1788504521.358253,36,ciclo1_AC_AP,prosumer671,concentrator_alimentador_650,propose,441,17.874062,0
1788504521.360008,36,ciclo1_AC_AP,prosumer675,concentrator_alimentador_650,propose,391,17.384162,0
1788504521.362316,36,ciclo1_AC_AP,prosumer645,concentrator_alimentador_650,propose,392,16.522356,0
1788504521.371624,36,ciclo1_AC_AP,prosumer634,concentrator_alimentador_650,propose,210,7.131522,0
1788504521.375216,36,ciclo1_AC_AP,prosumer652,concentrator_alimentador_650,propose,217,8.121622,0
1788504521.540516,36,ciclo2_AD_AC,dso,concentrator_alimentador_650,cfp,100,3.126462,0
1788504521.576547,36,ciclo2_AD_AC,concentrator_alimentador_650,dso,propose,1047,17.961890,0
1788504521.762389,36,ciclo3_AM_AC_AD,market,dso,cfp,100,1.498688,0
1788504521.782414,36,ciclo3_AM_AC_AD,dso,market,propose,1397,23.116601,0
1788504522.019499,36,ciclo3_AM_AC_AD,market,concentrator_alimentador_650,cfp,100,0.462105,0
1788504522.020392,36,ciclo3_AM_AC_AD,market,dso,cfp,100,0.899687,0
1788504522.046887,36,ciclo3_AM_AC_AD,concentrator_alimentador_650,market,propose,1419,24.777428,0
1788504522.058201,36,ciclo3_AM_AC_AD,dso,market,propose,1452,24.746486,0
1788504522.373288,37,ciclo1_AC_AP,concentrator_alimentador_650,prosumer611,cfp,100,3.119290,0
1788504522.373845,37,ciclo1_AC_AP,concentrator_alimentador_650,prosumer632,cfp,100,3.220357,0
1788504522.374104,37,ciclo1_AC_AP,concentrator_alimentador_650,prosumer634,cfp,100,2.114115,0
1788504522.374341,37,ciclo1_AC_AP,concentrator_alimentador_650,prosumer645,cfp,100,3.642080,0
1788504522.374527,37,ciclo1_AC_AP,concentrator_alimentador_650,prosumer646,cfp,100,3.501516,0
1788504522.374718,37,ciclo1_AC_AP,concentrator_alimentador_650,prosumer652,cfp,100,3.747199,0
1788504522.374902,37,ciclo1_AC_AP,concentrator_alimentador_650,prosumer670,cfp,100,2.939467,0
1788504522.375082,37,ciclo1_AC_AP,concentrator_alimentador_650,prosumer671,cfp,100,4.459670,0
1788504522.375275,37,ciclo1_AC_AP,concentrator_alimentador_650,prosumer675,cfp,100,2.352856,0
1788504522.375461,37,ciclo1_AC_AP,concentrator_alimentador_650,prosumer692,cfp,100,1.504614,0
1788504522.394776,37,ciclo1_AC_AP,prosumer692,concentrator_alimentador_650,propose,421,9.175470,0
1788504522.398674,37,ciclo1_AC_AP,prosumer634,concentrator_alimentador_650,propose,499,19.387684,0
1788504522.401045,37,ciclo1_AC_AP,prosumer675,concentrator_alimentador_650,propose,357,12.897945,0
1788504522.408617,37,ciclo1_AC_AP,prosumer670,concentrator_alimentador_650,propose,457,9.704918,0
1788504522.410306,37,ciclo1_AC_AP,prosumer611,concentrator_alimentador_650,propose,368,10.959322,0
1788504522.411857,37,ciclo1_AC_AP,prosumer632,concentrator_alimentador_650,propose,315,10.632174,0
1788504522.414031,37,ciclo1_AC_AP,prosumer646,concentrator_alimentador_650,propose,359,6.670808,0
1788504522.415426,37,ciclo1_AC_AP,prosumer645,concentrator_alimentador_650,propose,256,11.663307,0
1788504522.416704,37,ciclo1_AC_AP,prosumer652,concentrator_alimentador_650,propose,158,4.263026,0
1788504522.421717,37,ciclo1_AC_AP,prosumer671,concentrator_alimentador_650,propose,174,9.592993,0
1788504522.597604,37,ciclo2_AD_AC,dso,concentrator_alimentador_650,cfp,100,3.662808,0
1788504522.640091,37,ciclo2_AD_AC,concentrator_alimentador_650,dso,propose,1218,19.453853,0
1788504522.842227,37,ciclo3_AM_AC_AD,market,dso,cfp,100,3.988192,0
1788504522.892619,37,ciclo3_AM_AC_AD,dso,market,propose,1456,24.508501,0
1788504523.144367,37,ciclo3_AM_AC_AD,market,concentrator_alimentador_650,cfp,100,1.127798,0
1788504523.145035,37,ciclo3_AM_AC_AD,market,dso,cfp,100,2.807566,0
1788504523.187721,37,ciclo3_AM_AC_AD,concentrator_alimentador_650,market,propose,1289,20.959113,0
1788504523.203727,37,ciclo3_AM_AC_AD,dso,market,propose,1216,21.827300,0
1788504523.487978,38,ciclo1_AC_AP,concentrator_alimentador_650,prosumer611,cfp,100,4.253000,0
1788504523.488586,38,ciclo1_AC_AP,concentrator_alimentador_650,prosumer632,cfp,100,3.878342,0
1788504523.488957,38,ciclo1_AC_AP,concentrator_alimentador_650,prosumer634,cfp,100,4.705813,0
1788504523.489323,38,ciclo1_AC_AP,concentrator_alimentador_650,prosumer645,cfp,100,3.587534,0
1788504523.489640,38,ciclo1_AC_AP,concentrator_alimentador_650,prosumer646,cfp,100,1.545290,0
1788504523.489926,38,ciclo1_AC_AP,concentrator_alimentador_650,prosumer652,cfp,100,4.876582,0
1788504523.490222,38,ciclo1_AC_AP,concentrator_alimentador_650,prosumer670,cfp,100,2.647741,0
1788504523.490518,38,ciclo1_AC_AP,concentrator_alimentador_650,prosumer671,cfp,100,1.434941,0
1788504523.490772,38,ciclo1_AC_AP,concentrator_alimentador_650,prosumer675,cfp,100,5.418405,0
1788504523.490915,38,ciclo1_AC_AP,concentrator_alimentador_650,prosumer692,cfp,100,2.137560,0
1788504523.509644,38,ciclo1_AC_AP,prosumer671,concentrator_alimentador_650,propose,143,10.934755,0
1788504523.511529,38,ciclo1_AC_AP,prosumer646,concentrator_alimentador_650,propose,153,2.875008,0
1788504523.514926,38,ciclo1_AC_AP,prosumer692,concentrator_alimentador_650,propose,312,5.682339,0
1788504523.519298,38,ciclo1_AC_AP,prosumer670,concentrator_alimentador_650,propose,132,5.819228,0
1788504523.528501,38,ciclo1_AC_AP,prosumer645,concentrator_alimentador_650,propose,150,5.405460,0
1788504523.531383,38,ciclo1_AC_AP,prosumer632,concentrator_alimentador_650,propose,312,14.475663,0
1788504523.533705,38,ciclo1_AC_AP,prosumer611,concentrator_alimentador_650,propose,496,14.966647,0
1788504523.538901,38,ciclo1_AC_AP,prosumer634,concentrator_alimentador_650,propose,179,5.138831,0
1788504523.541027,38,ciclo1_AC_AP,prosumer652,concentrator_alimentador_650,propose,475,17.027119,0
1788504523.547476,38,ciclo1_AC_AP,prosumer675,concentrator_alimentador_650,propose,115,4.718226,0
1788504523.715563,38,ciclo2_AD_AC,dso,concentrator_alimentador_650,cfp,100,2.141824,0
1788504523.741907,38,ciclo2_AD_AC,concentrator_alimentador_650,dso,propose,1405,22.289077,0
1788504523.972084,38,ciclo3_AM_AC_AD,market,dso,cfp,100,2.375138,0
1788504524.002810,38,ciclo3_AM_AC_AD,dso,market,propose,1228,19.438539,0
1788504524.203444,38,ciclo3_AM_AC_AD,market,concentrator_alimentador_650,cfp,100,2.659180,0
1788504524.204024,38,ciclo3_AM_AC_AD,market,dso,cfp,100,2.812380,0
1788504524.298337,38,ciclo3_AM_AC_AD,concentrator_alimentador_650,market,propose,1220,20.458850,0
1788504524.298991,38,ciclo3_AM_AC_AD,dso,market,propose,1351,22.721790,0
1788504524.593920,39,ciclo1_AC_AP,concentrator_alimentador_650,prosumer611,cfp,100,2.950242,0
1788504524.595029,39,ciclo1_AC_AP,concentrator_alimentador_650,prosumer632,cfp,100,3.036565,0
1788504524.595771,39,ciclo1_AC_AP,concentrator_alimentador_650,prosumer634,cfp,100,3.968083,0
1788504524.596094,39,ciclo1_AC_AP,concentrator_alimentador_650,prosumer645,cfp,100,3.236521,0
1788504524.596274,39,ciclo1_AC_AP,concentrator_alimentador_650,prosumer646,cfp,100,1.478416,0
1788504524.596416,39,ciclo1_AC_AP,concentrator_alimentador_650,prosumer652,cfp,100,5.304482,0
1788504524.596544,39,ciclo1_AC_AP,concentrator_alimentador_650,prosumer670,cfp,100,0.788979,0
1788504524.596668,39,ciclo1_AC_AP,concentrator_alimentador_650,prosumer671,cfp,100,3.673595,0
1788504524.596787,39,ciclo1_AC_AP,concentrator_alimentador_650,prosumer675,cfp,100,6.314889,0
1788504524.596908,39,ciclo1_AC_AP,concentrator_alimentador_650,prosumer692,cfp,100,3.065363,0
1788504524.607543,39,ciclo1_AC_AP,prosumer670,concentrator_alimentador_650,propose,313,4.425920,0
1788504524.614485,39,ciclo1_AC_AP,prosumer646,concentrator_alimentador_650,propose,115,0.852380,0
1788504524.627402,39,ciclo1_AC_AP,prosumer611,concentrator_alimentador_650,propose,354,11.343895,0
1788504524.630498,39,ciclo1_AC_AP,prosumer632,concentrator_alimentador_650,propose,266,13.387547,0
1788504524.631959,39,ciclo1_AC_AP,prosumer692,concentrator_alimentador_650,propose,469,6.647766,0
1788504524.633553,39,ciclo1_AC_AP,prosumer645,concentrator_alimentador_650,propose,229,10.394865,0
1788504524.635449,39,ciclo1_AC_AP,prosumer671,concentrator_alimentador_650,propose,140,9.324791,0
1788504524.637265,39,ciclo1_AC_AP,prosumer634,concentrator_alimentador_650,propose,280,14.838122,0
1788504524.651837,39,ciclo1_AC_AP,prosumer652,concentrator_alimentador_650,propose,136,11.340484,0
1788504524.663350,39,ciclo1_AC_AP,prosumer675,concentrator_alimentador_650,propose,162,5.020848,0
1788504524.790275,39,ciclo2_AD_AC,dso,concentrator_alimentador_650,cfp,100,2.023662,0
1788504524.815631,39,ciclo2_AD_AC,concentrator_alimentador_650,dso,propose,1183,20.547914,0
1788504525.028310,39,ciclo3_AM_AC_AD,market,dso,cfp,100,0.196089,0
1788504525.037809,39,ciclo3_AM_AC_AD,dso,market,propose,1354,23.684150,0
1788504525.281549,39,ciclo3_AM_AC_AD,market,concentrator_alimentador_650,cfp,100,3.610127,0
1788504525.282230,39,ciclo3_AM_AC_AD,market,dso,cfp,100,1.713270,0
1788504525.331988,39,ciclo3_AM_AC_AD,dso,market,propose,1015,14.788082,0
1788504525.339411,39,ciclo3_AM_AC_AD,concentrator_alimentador_650,market,propose,1176,21.109187,0
1788504525.615858,40,ciclo1_AC_AP,concentrator_alimentador_650,prosumer611,cfp,100,2.954561,0
1788504525.616459,40,ciclo1_AC_AP,concentrator_alimentador_650,prosumer632,cfp,100,1.857080,0
1788504525.616963,40,ciclo1_AC_AP,concentrator_alimentador_650,prosumer634,cfp,100,5.138381,0
1788504525.617226,40,ciclo1_AC_AP,concentrator_alimentador_650,prosumer645,cfp,100,5.415526,0
1788504525.617655,40,ciclo1_AC_AP,concentrator_alimentador_650,prosumer646,cfp,100,0.094704,0
1788504525.617978,40,ciclo1_AC_AP,concentrator_alimentador_650,prosumer652,cfp,100,0.939076,0
1788504525.618134,40,ciclo1_AC_AP,concentrator_alimentador_650,prosumer670,cfp,100,3.141547,0
1788504525.618616,40,ciclo1_AC_AP,concentrator_alimentador_650,prosumer671,cfp,100,3.350993,0
1788504525.619088,40,ciclo1_AC_AP,concentrator_alimentador_650,prosumer675,cfp,100,5.738861,0
1788504525.619552,40,ciclo1_AC_AP,concentrator_alimentador_650,prosumer692,cfp,100,1.871048,0
1788504525.621930,40,ciclo1_AC_AP,prosumer646,concentrator_alimentador_650,propose,278,6.166886,0
1788504525.631448,40,ciclo1_AC_AP,prosumer652,concentrator_alimentador_650,propose,191,8.609947,0
1788504525.639256,40,ciclo1_AC_AP,prosumer632,concentrator_alimentador_650,propose,105,5.824880,0
1788504525.642256,40,ciclo1_AC_AP,prosumer692,concentrator_alimentador_650,propose,218,2.102260,0
1788504525.648279,40,ciclo1_AC_AP,prosumer611,concentrator_alimentador_650,propose,287,13.280737,0
1788504525.651945,40,ciclo1_AC_AP,prosumer670,concentrator_alimentador_650,propose,136,2.880956,0
1788504525.654224,40,ciclo1_AC_AP,prosumer671,concentrator_alimentador_650,propose,405,15.080597,0
1788504525.671690,40,ciclo1_AC_AP,prosumer634,concentrator_alimentador_650,propose,173,6.427474,0
1788504525.673810,40,ciclo1_AC_AP,prosumer645,concentrator_alimentador_650,propose,206,11.928529,0
1788504525.679535,40,ciclo1_AC_AP,prosumer675,concentrator_alimentador_650,propose,101,6.727695,0
1788504525.807516,40,ciclo2_AD_AC,dso,concentrator_alimentador_650,cfp,100,3.934761,0
1788504525.853227,40,ciclo2_AD_AC,concentrator_alimentador_650,dso,propose,1104,18.546328,0
1788504526.043628,40,ciclo3_AM_AC_AD,market,dso,cfp,100,1.569058,0
1788504526.068190,40,ciclo3_AM_AC_AD,dso,market,propose,1337,23.981183,0
1788504526.314544,40,ciclo3_AM_AC_AD,market,concentrator_alimentador_650,cfp,100,0.842409,0
1788504526.315024,40,ciclo3_AM_AC_AD,market,dso,cfp,100,0.880078,0
1788504526.356051,40,ciclo3_AM_AC_AD,concentrator_alimentador_650,market,propose,1344,23.051557,0
1788504526.357973,40,ciclo3_AM_AC_AD,dso,market,propose,1374,20.919571,0
1788504526.653440,41,ciclo1_AC_AP,concentrator_alimentador_650,prosumer611,cfp,100,5.562627,0
1788504526.654096,41,ciclo1_AC_AP,concentrator_alimentador_650,prosumer632,cfp,100,2.645098,0
1788504526.654672,41,ciclo1_AC_AP,concentrator_alimentador_650,prosumer634,cfp,100,1.878966,0
1788504526.655120,41,ciclo1_AC_AP,concentrator_alimentador_650,prosumer645,cfp,100,4.809784,0
1788504526.655498,41,ciclo1_AC_AP,concentrator_alimentador_650,prosumer646,cfp,100,3.177653,0
1788504526.655685,41,ciclo1_AC_AP,concentrator_alimentador_650,prosumer652,cfp,100,5.973503,0
1788504526.655817,41,ciclo1_AC_AP,concentrator_alimentador_650,prosumer670,cfp,100,0.980016,0
1788504526.656378,41,ciclo1_AC_AP,concentrator_alimentador_650,prosumer671,cfp,100,4.187053,0
1788504526.656825,41,ciclo1_AC_AP,concentrator_alimentador_650,prosumer675,cfp,100,2.992502,0
1788504526.657063,41,ciclo1_AC_AP,concentrator_alimentador_650,prosumer692,cfp,100,3.833448,0
1788504526.669882,41,ciclo1_AC_AP,prosumer670,concentrator_alimentador_650,propose,163,2.318122,0
1788504526.677404,41,ciclo1_AC_AP,prosumer634,concentrator_alimentador_650,propose,482,16.418014,0
1788504526.683828,41,ciclo1_AC_AP,prosumer632,concentrator_alimentador_650,propose,103,5.306397,0
1788504526.690024,41,ciclo1_AC_AP,prosumer675,concentrator_alimentador_650,propose,250,7.945380,0
1788504526.691949,41,ciclo1_AC_AP,prosumer646,concentrator_alimentador_650,propose,288,4.460021,0
1788504526.697831,41,ciclo1_AC_AP,prosumer692,concentrator_alimentador_650,propose,453,8.639412,0
1788504526.701598,41,ciclo1_AC_AP,prosumer671,concentrator_alimentador_650,propose,112,3.393514,0
1788504526.706270,41,ciclo1_AC_AP,prosumer645,concentrator_alimentador_650,propose,409,17.943646,0
1788504526.712185,41,ciclo1_AC_AP,prosumer611,concentrator_alimentador_650,propose,219,7.208908,0
1788504526.717724,41,ciclo1_AC_AP,prosumer652,concentrator_alimentador_650,propose,172,10.038999,0
1788504526.889826,41,ciclo2_AD_AC,dso,concentrator_alimentador_650,cfp,100,1.650981,0
1788504526.911909,41,ciclo2_AD_AC,concentrator_alimentador_650,dso,propose,1095,16.614097,0
1788504527.084431,41,ciclo3_AM_AC_AD,market,dso,cfp,100,2.876730,0
1788504527.123386,41,ciclo3_AM_AC_AD,dso,market,propose,1232,18.781526,0
1788504527.318226,41,ciclo3_AM_AC_AD,market,concentrator_alimentador_650,cfp,100,2.018022,0
1788504527.319158,41,ciclo3_AM_AC_AD,market,dso,cfp,100,2.569835,0
1788504527.366308,41,ciclo3_AM_AC_AD,concentrator_alimentador_650,market,propose,1057,19.510192,0
1788504527.374217,41,ciclo3_AM_AC_AD,dso,market,propose,1244,18.663652,0
1788504527.629712,42,ciclo1_AC_AP,concentrator_alimentador_650,prosumer611,cfp,100,4.952885,0
1788504527.630115,42,ciclo1_AC_AP,concentrator_alimentador_650,prosumer632,cfp,100,6.074335,0
1788504527.630341,42,ciclo1_AC_AP,concentrator_alimentador_650,prosumer634,cfp,100,4.159852,0
1788504527.630521,42,ciclo1_AC_AP,concentrator_alimentador_650,prosumer645,cfp,100,3.882907,0
1788504527.630702,42,ciclo1_AC_AP,concentrator_alimentador_650,prosumer646,cfp,100,0.922661,0
1788504527.630867,42,ciclo1_AC_AP,concentrator_alimentador_650,prosumer652,cfp,100,5.837905,0
1788504527.631028,42,ciclo1_AC_AP,concentrator_alimentador_650,prosumer670,cfp,100,0.978540,0
1788504527.631197,42,ciclo1_AC_AP,concentrator_alimentador_650,prosumer671,cfp,100,4.681355,0
1788504527.631359,42,ciclo1_AC_AP,concentrator_alimentador_650,prosumer675,cfp,100,5.489714,0
1788504527.631498,42,ciclo1_AC_AP,concentrator_alimentador_650,prosumer692,cfp,100,1.372819,0
1788504527.645125,42,ciclo1_AC_AP,prosumer646,concentrator_alimentador_650,propose,276,5.008542,0
1788504527.647909,42,ciclo1_AC_AP,prosumer670,concentrator_alimentador_650,propose,462,7.821968,0
1788504527.650007,42,ciclo1_AC_AP,prosumer692,concentrator_alimentador_650,propose,232,2.627558,0
1788504527.674030,42,ciclo1_AC_AP,prosumer645,concentrator_alimentador_650,propose,166,10.738535,0
1788504527.677648,42,ciclo1_AC_AP,prosumer634,concentrator_alimentador_650,propose,114,3.110077,0
1788504527.681319,42,ciclo1_AC_AP,prosumer671,concentrator_alimentador_650,propose,206,10.823577,0
1788504527.683950,42,ciclo1_AC_AP,prosumer611,concentrator_alimentador_650,propose,285,12.766286,0
1788504527.688411,42,ciclo1_AC_AP,prosumer675,concentrator_alimentador_650,propose,271,10.865964,0
1788504527.691437,42,ciclo1_AC_AP,prosumer652,concentrator_alimentador_650,propose,342,8.761497,0
1788504527.693468,42,ciclo1_AC_AP,prosumer632,concentrator_alimentador_650,propose,249,6.799251,0
1788504527.815281,42,ciclo2_AD_AC,dso,concentrator_alimentador_650,cfp,100,2.810507,0
1788504527.848086,42,ciclo2_AD_AC,concentrator_alimentador_650,dso,propose,1151,18.699031,0
1788504528.041887,42,ciclo3_AM_AC_AD,market,dso,cfp,100,0.061634,0
1788504528.070643,42,ciclo3_AM_AC_AD,dso,market,propose,1479,25.192423,0
1788504528.327182,42,ciclo3_AM_AC_AD,market,concentrator_alimentador_650,cfp,100,2.338740,0
1788504528.327704,42,ciclo3_AM_AC_AD,market,dso,cfp,100,0.561199,0
1788504528.363900,42,ciclo3_AM_AC_AD,dso,market,propose,1449,23.379729,0
1788504528.368723,42,ciclo3_AM_AC_AD,concentrator_alimentador_650,market,propose,1490,25.256757,0
1788504528.687927,43,ciclo1_AC_AP,concentrator_alimentador_650,prosumer611,cfp,100,4.166470,0
1788504528.688647,43,ciclo1_AC_AP,concentrator_alimentador_650,prosumer632,cfp,100,7.192903,0
1788504528.689250,43,ciclo1_AC_AP,concentrator_alimentador_650,prosumer634,cfp,100,4.452556,0
1788504528.689727,43,ciclo1_AC_AP,concentrator_alimentador_650,prosumer645,cfp,100,6.106699,0
1788504528.689943,43,ciclo1_AC_AP,concentrator_alimentador_650,prosumer646,cfp,100,2.477470,0
1788504528.690185,43,ciclo1_AC_AP,concentrator_alimentador_650,prosumer652,cfp,100,3.707628,0
1788504528.690390,43,ciclo1_AC_AP,concentrator_alimentador_650,prosumer670,cfp,100,3.920059,0
1788504528.690616,43,ciclo1_AC_AP,concentrator_alimentador_650,prosumer671,cfp,100,3.406933,0
1788504528.690804,43,ciclo1_AC_AP,concentrator_alimentador_650,prosumer675,cfp,100,4.277740,0
1788504528.690908,43,ciclo1_AC_AP,concentrator_alimentador_650,prosumer692,cfp,100,1.040800,0
1788504528.705905,43,ciclo1_AC_AP,prosumer692,concentrator_alimentador_650,propose,383,9.451452,0
1788504528.718753,43,ciclo1_AC_AP,prosumer646,concentrator_alimentador_650,propose,425,7.449066,0
1788504528.727908,43,ciclo1_AC_AP,prosumer671,concentrator_alimentador_650,propose,267,8.668607,0
1788504528.730337,43,ciclo1_AC_AP,prosumer652,concentrator_alimentador_650,propose,194,9.908184,0
1788504528.732858,43,ciclo1_AC_AP,prosumer670,concentrator_alimentador_650,propose,403,9.364135,0
1788504528.734242,43,ciclo1_AC_AP,prosumer611,concentrator_alimentador_650,propose,141,7.018966,0
1788504528.735936,43,ciclo1_AC_AP,prosumer675,concentrator_alimentador_650,propose,152,8.267802,0
1788504528.737032,43,ciclo1_AC_AP,prosumer634,concentrator_alimentador_650,propose,373,11.154281,0
1788504528.753808,43,ciclo1_AC_AP,prosumer645,concentrator_alimentador_650,propose,397,14.556059,0
1788504528.764504,43,ciclo1_AC_AP,prosumer632,concentrator_alimentador_650,propose,257,9.021065,0
1788504528.902915,43,ciclo2_AD_AC,dso,concentrator_alimentador_650,cfp,100,3.374902,0
1788504528.941476,43,ciclo2_AD_AC,concentrator_alimentador_650,dso,propose,1080,20.057778,0
1788504529.149608,43,ciclo3_AM_AC_AD,market,dso,cfp,100,2.949388,0
1788504529.210817,43,ciclo3_AM_AC_AD,dso,market,propose,1192,21.353257,0
1788504529.430727,43,ciclo3_AM_AC_AD,market,concentrator_alimentador_650,cfp,100,1.281723,0
1788504529.431006,43,ciclo3_AM_AC_AD,market,dso,cfp,100,0.214824,0
1788504529.463600,43,ciclo3_AM_AC_AD,dso,market,propose,1459,25.212493,0
1788504529.465313,43,ciclo3_AM_AC_AD,concentrator_alimentador_650,market,propose,1075,19.604357,0
1788504529.783578,44,ciclo1_AC_AP,concentrator_alimentador_650,prosumer611,cfp,100,3.739095,0
1788504529.784270,44,ciclo1_AC_AP,concentrator_alimentador_650,prosumer632,cfp,100,2.603883,0
1788504529.784840,44,ciclo1_AC_AP,concentrator_alimentador_650,prosumer634,cfp,100,3.644914,0
1788504529.785058,44,ciclo1_AC_AP,concentrator_alimentador_650,prosumer645,cfp,100,5.083398,0
1788504529.785236,44,ciclo1_AC_AP,concentrator_alimentador_650,prosumer646,cfp,100,2.384203,0
1788504529.785582,44,ciclo1_AC_AP,concentrator_alimentador_650,prosumer652,cfp,100,5.293553,0
1788504529.785728,44,ciclo1_AC_AP,concentrator_alimentador_650,prosumer670,cfp,100,1.790137,0
1788504529.785869,44,ciclo1_AC_AP,concentrator_alimentador_650,prosumer671,cfp,100,3.744584,0
1788504529.786003,44,ciclo1_AC_AP,concentrator_alimentador_650,prosumer675,cfp,100,1.764975,0
1788504529.786139,44,ciclo1_AC_AP,concentrator_alimentador_650,prosumer692,cfp,100,1.847850,0
1788504529.809556,44,ciclo1_AC_AP,prosumer670,concentrator_alimentador_650,propose,164,3.771553,0
1788504529.811549,44,ciclo1_AC_AP,prosumer675,concentrator_alimentador_650,propose,214,9.222710,0
1788504529.813749,44,ciclo1_AC_AP,prosumer692,concentrator_alimentador_650,propose,261,7.744329,0
1788504529.815933,44,ciclo1_AC_AP,prosumer646,concentrator_alimentador_650,propose,360,5.047342,0
1788504529.817183,44,ciclo1_AC_AP,prosumer632,concentrator_alimentador_650,propose,224,5.644999,0
1788504529.823482,44,ciclo1_AC_AP,prosumer611,concentrator_alimentador_650,propose,221,7.865110,0
1788504529.825060,44,ciclo1_AC_AP,prosumer634,concentrator_alimentador_650,propose,486,17.779711,0
1788504529.827029,44,ciclo1_AC_AP,prosumer671,concentrator_alimentador_650,propose,194,9.350913,0
1788504529.839157,44,ciclo1_AC_AP,prosumer645,concentrator_alimentador_650,propose,249,9.702528,0
1788504529.842451,44,ciclo1_AC_AP,prosumer652,concentrator_alimentador_650,propose,290,9.205856,0
1788504530.009657,44,ciclo2_AD_AC,dso,concentrator_alimentador_650,cfp,100,2.948903,0
1788504530.045435,44,ciclo2_AD_AC,concentrator_alimentador_650,dso,propose,1214,19.811057,0
1788504530.247113,44,ciclo3_AM_AC_AD,market,dso,cfp,100,0.868612,0
1788504530.263161,44,ciclo3_AM_AC_AD,dso,market,propose,1339,21.467188,0
1788504530.482082,44,ciclo3_AM_AC_AD,market,concentrator_alimentador_650,cfp,100,3.089503,0
1788504530.482295,44,ciclo3_AM_AC_AD,market,dso,cfp,100,0.397569,0
1788504530.513734,44,ciclo3_AM_AC_AD,dso,market,propose,1023,20.175911,0
1788504530.532671,44,ciclo3_AM_AC_AD,concentrator_alimentador_650,market,propose,1440,22.564168,0
1788504530.826330,45,ciclo1_AC_AP,concentrator_alimentador_650,prosumer611,cfp,100,2.425787,0
1788504530.827541,45,ciclo1_AC_AP,concentrator_alimentador_650,prosumer632,cfp,100,4.543714,0
1788504530.828628,45,ciclo1_AC_AP,concentrator_alimentador_650,prosumer634,cfp,100,2.635007,0
1788504530.829476,45,ciclo1_AC_AP,concentrator_alimentador_650,prosumer645,cfp,100,3.582590,0
1788504530.830091,45,ciclo1_AC_AP,concentrator_alimentador_650,prosumer646,cfp,100,0.842228,0
1788504530.830560,45,ciclo1_AC_AP,concentrator_alimentador_650,prosumer652,cfp,100,4.938439,0
1788504530.830803,45,ciclo1_AC_AP,concentrator_alimentador_650,prosumer670,cfp,100,3.868221,0
1788504530.830937,45,ciclo1_AC_AP,concentrator_alimentador_650,prosumer671,cfp,100,4.597296,0
1788504530.831051,45,ciclo1_AC_AP,concentrator_alimentador_650,prosumer675,cfp,100,2.542425,0
1788504530.831161,45,ciclo1_AC_AP,concentrator_alimentador_650,prosumer692,cfp,100,3.798399,0
1788504530.841326,45,ciclo1_AC_AP,prosumer646,concentrator_alimentador_650,propose,167,4.720352,0
1788504530.854464,45,ciclo1_AC_AP,prosumer611,concentrator_alimentador_650,propose,407,19.411129,0
1788504530.858802,45,ciclo1_AC_AP,prosumer634,concentrator_alimentador_650,propose,110,6.330123,0
1788504530.860753,45,ciclo1_AC_AP,prosumer675,concentrator_alimentador_650,propose,301,12.068096,0
1788504530.868521,45,ciclo1_AC_AP,prosumer645,concentrator_alimentador_650,propose,139,6.530036,0
1788504530.872390,45,ciclo1_AC_AP,prosumer692,concentrator_alimentador_650,propose,459,8.570923,0
1788504530.873917,45,ciclo1_AC_AP,prosumer670,concentrator_alimentador_650,propose,137,3.195464,0
1788504530.875710,45,ciclo1_AC_AP,prosumer632,concentrator_alimentador_650,propose,167,7.494822,0
1788504530.878732,45,ciclo1_AC_AP,prosumer671,concentrator_alimentador_650,propose,315,13.401399,0
1788504530.881910,45,ciclo1_AC_AP,prosumer652,concentrator_alimentador_650,propose,253,8.295148,0
1788504531.053941,45,ciclo2_AD_AC,dso,concentrator_alimentador_650,cfp,100,1.113681,0
1788504531.068877,45,ciclo2_AD_AC,concentrator_alimentador_650,dso,propose,1281,22.645104,0
1788504531.302420,45,ciclo3_AM_AC_AD,market,dso,cfp,100,2.271209,0
1788504531.355076,45,ciclo3_AM_AC_AD,dso,market,propose,1213,18.209052,0
1788504531.543754,45,ciclo3_AM_AC_AD,market,concentrator_alimentador_650,cfp,100,2.536549,0
1788504531.544768,45,ciclo3_AM_AC_AD,market,dso,cfp,100,1.104538,0
1788504531.586999,45,ciclo3_AM_AC_AD,dso,market,propose,1379,22.551829,0
1788504531.589964,45,ciclo3_AM_AC_AD,concentrator_alimentador_650,market,propose,1474,23.153273,0
1788504531.888819,46,ciclo1_AC_AP,concentrator_alimentador_650,prosumer611,cfp,100,6.078980,0
1788504531.889872,46,ciclo1_AC_AP,concentrator_alimentador_650,prosumer632,cfp,100,4.809785,0
1788504531.890691,46,ciclo1_AC_AP,concentrator_alimentador_650,prosumer634,cfp,100,3.146056,0
1788504531.891544,46,ciclo1_AC_AP,concentrator_alimentador_650,prosumer645,cfp,100,6.667227,0
1788504531.892339,46,ciclo1_AC_AP,concentrator_alimentador_650,prosumer646,cfp,100,0.110441,0
1788504531.892913,46,ciclo1_AC_AP,concentrator_alimentador_650,prosumer652,cfp,100,4.027897,0
1788504531.893190,46,ciclo1_AC_AP,concentrator_alimentador_650,prosumer670,cfp,100,2.290975,0
1788504531.893427,46,ciclo1_AC_AP,concentrator_alimentador_650,prosumer671,cfp,100,4.273540,0
1788504531.893647,46,ciclo1_AC_AP,concentrator_alimentador_650,prosumer675,cfp,100,4.537331,0
1788504531.893773,46,ciclo1_AC_AP,concentrator_alimentador_650,prosumer692,cfp,100,3.174177,0
1788504531.895706,46,ciclo1_AC_AP,prosumer646,concentrator_alimentador_650,propose,172,2.880491,0
1788504531.919359,46,ciclo1_AC_AP,prosumer670,concentrator_alimentador_650,propose,402,9.228551,0
1788504531.924992,46,ciclo1_AC_AP,prosumer634,concentrator_alimentador_650,propose,316,11.847440,0
1788504531.928514,46,ciclo1_AC_AP,prosumer692,concentrator_alimentador_650,propose,252,4.770277,0
1788504531.936199,46,ciclo1_AC_AP,prosumer652,concentrator_alimentador_650,propose,426,17.031241,0
1788504531.939803,46,ciclo1_AC_AP,prosumer671,concentrator_alimentador_650,propose,281,10.248431,0
1788504531.942331,46,ciclo1_AC_AP,prosumer632,concentrator_alimentador_650,propose,143,8.556792,0
1788504531.943475,46,ciclo1_AC_AP,prosumer675,concentrator_alimentador_650,propose,227,8.117258,0
1788504531.952439,46,ciclo1_AC_AP,prosumer611,concentrator_alimentador_650,propose,327,11.515556,0
1788504531.961836,46,ciclo1_AC_AP,prosumer645,concentrator_alimentador_650,propose,423,18.258096,0
1788504532.150240,46,ciclo2_AD_AC,dso,concentrator_alimentador_650,cfp,100,1.851257,0
1788504532.174703,46,ciclo2_AD_AC,concentrator_alimentador_650,dso,propose,1189,19.814080,0
1788504532.379026,46,ciclo3_AM_AC_AD,market,dso,cfp,100,3.715151,0
1788504532.424565,46,ciclo3_AM_AC_AD,dso,market,propose,1326,22.409831,0
1788504532.652710,46,ciclo3_AM_AC_AD,market,concentrator_alimentador_650,cfp,100,3.506944,0
1788504532.652992,46,ciclo3_AM_AC_AD,market,dso,cfp,100,1.510870,0
1788504532.703096,46,ciclo3_AM_AC_AD,dso,market,propose,1485,23.205827,0
1788504532.712659,46,ciclo3_AM_AC_AD,concentrator_alimentador_650,market,propose,1270,20.687052,0
1788504533.003269,47,ciclo1_AC_AP,concentrator_alimentador_650,prosumer611,cfp,100,1.575513,0
1788504533.004196,47,ciclo1_AC_AP,concentrator_alimentador_650,prosumer632,cfp,100,3.633475,0
1788504533.005097,47,ciclo1_AC_AP,concentrator_alimentador_650,prosumer634,cfp,100,4.729791,0
1788504533.005628,47,ciclo1_AC_AP,concentrator_alimentador_650,prosumer645,cfp,100,5.193444,0
1788504533.005941,47,ciclo1_AC_AP,concentrator_alimentador_650,prosumer646,cfp,100,1.697922,0
1788504533.006116,47,ciclo1_AC_AP,concentrator_alimentador_650,prosumer652,cfp,100,6.140125,0
1788504533.006600,47,ciclo1_AC_AP,concentrator_alimentador_650,prosumer670,cfp,100,1.257542,0
1788504533.007129,47,ciclo1_AC_AP,concentrator_alimentador_650,prosumer671,cfp,100,4.813382,0
1788504533.007463,47,ciclo1_AC_AP,concentrator_alimentador_650,prosumer675,cfp,100,5.872472,0
1788504533.007787,47,ciclo1_AC_AP,concentrator_alimentador_650,prosumer692,cfp,100,0.757714,0
1788504533.019916,47,ciclo1_AC_AP,prosumer692,concentrator_alimentador_650,propose,129,2.888088,0
1788504533.023237,47,ciclo1_AC_AP,prosumer611,concentrator_alimentador_650,propose,292,11.071470,0
1788504533.024806,47,ciclo1_AC_AP,prosumer670,concentrator_alimentador_650,propose,309,7.120809,0
1788504533.026838,47,ciclo1_AC_AP,prosumer646,concentrator_alimentador_650,propose,104,2.237659,0
1788504533.044399,47,ciclo1_AC_AP,prosumer632,concentrator_alimentador_650,propose,313,11.618140,0
1788504533.055095,47,ciclo1_AC_AP,prosumer634,concentrator_alimentador_650,propose,472,17.695150,0
1788504533.057206,47,ciclo1_AC_AP,prosumer671,concentrator_alimentador_650,propose,264,11.980346,0
1788504533.060376,47,ciclo1_AC_AP,prosumer645,concentrator_alimentador_650,propose,325,8.831789,0
1788504533.069880,47,ciclo1_AC_AP,prosumer675,concentrator_alimentador_650,propose,204,8.905187,0
1788504533.072440,47,ciclo1_AC_AP,prosumer652,concentrator_alimentador_650,propose,290,14.698053,0
1788504533.235662,47,ciclo2_AD_AC,dso,concentrator_alimentador_650,cfp,100,0.957740,0
1788504533.249777,47,ciclo2_AD_AC,concentrator_alimentador_650,dso,propose,1150,19.047835,0
1788504533.447753,47,ciclo3_AM_AC_AD,market,dso,cfp,100,1.828702,0
1788504533.498248,47,ciclo3_AM_AC_AD,dso,market,propose,1487,25.721531,0
1788504533.762555,47,ciclo3_AM_AC_AD,market,concentrator_alimentador_650,cfp,100,2.476607,0
1788504533.763676,47,ciclo3_AM_AC_AD,market,dso,cfp,100,1.359695,0
1788504533.809678,47,ciclo3_AM_AC_AD,dso,market,propose,1241,19.524735,0
1788504533.811248,47,ciclo3_AM_AC_AD,concentrator_alimentador_650,market,propose,1046,18.102151,0
1788504534.071526,48,ciclo1_AC_AP,concentrator_alimentador_650,prosumer611,cfp,100,6.643879,0
1788504534.072451,48,ciclo1_AC_AP,concentrator_alimentador_650,prosumer632,cfp,100,4.096895,0
1788504534.073136,48,ciclo1_AC_AP,concentrator_alimentador_650,prosumer634,cfp,100,4.583399,0
1788504534.073857,48,ciclo1_AC_AP,concentrator_alimentador_650,prosumer645,cfp,100,3.766837,0
1788504534.074372,48,ciclo1_AC_AP,concentrator_alimentador_650,prosumer646,cfp,100,3.709034,0
1788504534.074602,48,ciclo1_AC_AP,concentrator_alimentador_650,prosumer652,cfp,100,2.918058,0
1788504534.074765,48,ciclo1_AC_AP,concentrator_alimentador_650,prosumer670,cfp,100,1.152093,0
1788504534.074921,48,ciclo1_AC_AP,concentrator_alimentador_650,prosumer671,cfp,100,5.070775,0
1788504534.075065,48,ciclo1_AC_AP,concentrator_alimentador_650,prosumer675,cfp,100,3.897390,0
1788504534.075228,48,ciclo1_AC_AP,concentrator_alimentador_650,prosumer692,cfp,100,1.633141,0
1788504534.091277,48,ciclo1_AC_AP,prosumer670,concentrator_alimentador_650,propose,194,5.994905,0
1788504534.093944,48,ciclo1_AC_AP,prosumer692,concentrator_alimentador_650,propose,155,3.456854,0
1788504534.108040,48,ciclo1_AC_AP,prosumer652,concentrator_alimentador_650,propose,241,7.498460,0
1788504534.115282,48,ciclo1_AC_AP,prosumer646,concentrator_alimentador_650,propose,157,5.125702,0
1788504534.117322,48,ciclo1_AC_AP,prosumer645,concentrator_alimentador_650,propose,385,15.232871,0
1788504534.119776,48,ciclo1_AC_AP,prosumer632,concentrator_alimentador_650,propose,410,18.061238,0
1788504534.121255,48,ciclo1_AC_AP,prosumer675,concentrator_alimentador_650,propose,452,17.579582,0
1788504534.123556,48,ciclo1_AC_AP,prosumer634,concentrator_alimentador_650,propose,178,9.003158,0
1788504534.128256,48,ciclo1_AC_AP,prosumer671,concentrator_alimentador_650,propose,459,16.332296,0
1788504534.142653,48,ciclo1_AC_AP,prosumer611,concentrator_alimentador_650,propose,328,10.005279,0
1788504534.304043,48,ciclo2_AD_AC,dso,concentrator_alimentador_650,cfp,100,0.393157,0
1788504534.311094,48,ciclo2_AD_AC,concentrator_alimentador_650,dso,propose,1475,22.536739,0
1788504534.540879,48,ciclo3_AM_AC_AD,market,dso,cfp,100,3.222605,0
1788504534.600823,48,ciclo3_AM_AC_AD,dso,market,propose,1204,18.874258,0
1788504534.794856,48,ciclo3_AM_AC_AD,market,concentrator_alimentador_650,cfp,100,2.628392,0
1788504534.795803,48,ciclo3_AM_AC_AD,market,dso,cfp,100,1.060136,0
1788504534.835786,48,ciclo3_AM_AC_AD,dso,market,propose,1094,16.740034,0
1788504534.842870,48,ciclo3_AM_AC_AD,concentrator_alimentador_650,market,propose,1393,23.081008,0
1788504535.142033,49,ciclo1_AC_AP,concentrator_alimentador_650,prosumer611,cfp,100,2.757906,0
1788504535.142967,49,ciclo1_AC_AP,concentrator_alimentador_650,prosumer632,cfp,100,6.374391,0
1788504535.143678,49,ciclo1_AC_AP,concentrator_alimentador_650,prosumer634,cfp,100,3.600077,0
1788504535.144337,49,ciclo1_AC_AP,concentrator_alimentador_650,prosumer645,cfp,100,3.460805,0
1788504535.144629,49,ciclo1_AC_AP,concentrator_alimentador_650,prosumer646,cfp,100,0.163104,0
1788504535.144832,49,ciclo1_AC_AP,concentrator_alimentador_650,prosumer652,cfp,100,5.128223,0
1788504535.145025,49,ciclo1_AC_AP,concentrator_alimentador_650,prosumer670,cfp,100,2.602112,0
1788504535.145231,49,ciclo1_AC_AP,concentrator_alimentador_650,prosumer671,cfp,100,5.839852,0
1788504535.145422,49,ciclo1_AC_AP,concentrator_alimentador_650,prosumer675,cfp,100,4.103064,0
1788504535.145608,49,ciclo1_AC_AP,concentrator_alimentador_650,prosumer692,cfp,100,2.253077,0
1788504535.149364,49,ciclo1_AC_AP,prosumer646,concentrator_alimentador_650,propose,315,4.680855,0
1788504535.173065,49,ciclo1_AC_AP,prosumer692,concentrator_alimentador_650,propose,321,4.954357,0
1788504535.175627,49,ciclo1_AC_AP,prosumer611,concentrator_alimentador_650,propose,189,5.544372,0
1788504535.177085,49,ciclo1_AC_AP,prosumer670,concentrator_alimentador_650,propose,226,5.840561,0
1788504535.181977,49,ciclo1_AC_AP,prosumer645,concentrator_alimentador_650,propose,332,13.682261,0
1788504535.183478,49,ciclo1_AC_AP,prosumer634,concentrator_alimentador_650,propose,274,12.297152,0
1788504535.188466,49,ciclo1_AC_AP,prosumer675,concentrator_alimentador_650,propose,367,12.684366,0
1788504535.199099,49,ciclo1_AC_AP,prosumer652,concentrator_alimentador_650,propose,172,6.455832,0
1788504535.206362,49,ciclo1_AC_AP,prosumer671,concentrator_alimentador_650,propose,281,12.909935,0
1788504535.208690,49,ciclo1_AC_AP,prosumer632,concentrator_alimentador_650,propose,336,13.146193,0
1788504535.342940,49,ciclo2_AD_AC,dso,concentrator_alimentador_650,cfp,100,2.522174,0
1788504535.370756,49,ciclo2_AD_AC,concentrator_alimentador_650,dso,propose,1323,23.139526,0
1788504535.609175,49,ciclo3_AM_AC_AD,market,dso,cfp,100,0.819872,0
1788504535.646852,49,ciclo3_AM_AC_AD,dso,market,propose,1326,21.871006,0
1788504535.871720,49,ciclo3_AM_AC_AD,market,concentrator_alimentador_650,cfp,100,1.825461,0
1788504535.872808,49,ciclo3_AM_AC_AD,market,dso,cfp,100,1.485048,0
1788504535.921817,49,ciclo3_AM_AC_AD,concentrator_alimentador_650,market,propose,1044,17.127734,0
1788504535.923492,49,ciclo3_AM_AC_AD,dso,market,propose,1247,18.651170,0
1788504536.175245,50,ciclo1_AC_AP,concentrator_alimentador_650,prosumer611,cfp,100,2.466755,0
1788504536.175999,50,ciclo1_AC_AP,concentrator_alimentador_650,prosumer632,cfp,100,3.770302,0
1788504536.176387,50,ciclo1_AC_AP,concentrator_alimentador_650,prosumer634,cfp,100,4.731932,0
1788504536.176655,50,ciclo1_AC_AP,concentrator_alimentador_650,prosumer645,cfp,100,5.544097,0
1788504536.176782,50,ciclo1_AC_AP,concentrator_alimentador_650,prosumer646,cfp,100,1.815910,0
1788504536.176901,50,ciclo1_AC_AP,concentrator_alimentador_650,prosumer652,cfp,100,4.106436,0
1788504536.177006,50,ciclo1_AC_AP,concentrator_alimentador_650,prosumer670,cfp,100,2.128315,0
1788504536.177111,50,ciclo1_AC_AP,concentrator_alimentador_650,prosumer671,cfp,100,3.015878,0
1788504536.177235,50,ciclo1_AC_AP,concentrator_alimentador_650,prosumer675,cfp,100,0.786895,0
1788504536.177346,50,ciclo1_AC_AP,concentrator_alimentador_650,prosumer692,cfp,100,0.799325,0
1788504536.189218,50,ciclo1_AC_AP,prosumer675,concentrator_alimentador_650,propose,486,18.210966,0
1788504536.191021,50,ciclo1_AC_AP,prosumer692,concentrator_alimentador_650,propose,204,4.747368,0
1788504536.197321,50,ciclo1_AC_AP,prosumer646,concentrator_alimentador_650,propose,250,2.027311,0
1788504536.200411,50,ciclo1_AC_AP,prosumer670,concentrator_alimentador_650,propose,100,2.266297,0
1788504536.202390,50,ciclo1_AC_AP,prosumer611,concentrator_alimentador_650,propose,457,17.898037,0
1788504536.209842,50,ciclo1_AC_AP,prosumer671,concentrator_alimentador_650,propose,329,12.689642,0
1788504536.216906,50,ciclo1_AC_AP,prosumer632,concentrator_alimentador_650,propose,416,16.496827,0
1788504536.221285,50,ciclo1_AC_AP,prosumer652,concentrator_alimentador_650,propose,336,13.304992,0
1788504536.226339,50,ciclo1_AC_AP,prosumer634,concentrator_alimentador_650,propose,103,2.203966,0
1788504536.234431,50,ciclo1_AC_AP,prosumer645,concentrator_alimentador_650,propose,211,9.524649,0
1788504536.387487,50,ciclo2_AD_AC,dso,concentrator_alimentador_650,cfp,100,0.174970,0
1788504536.392113,50,ciclo2_AD_AC,concentrator_alimentador_650,dso,propose,1152,20.198378,0
1788504536.598124,50,ciclo3_AM_AC_AD,market,dso,cfp,100,0.097556,0
1788504536.625892,50,ciclo3_AM_AC_AD,dso,market,propose,1058,19.720453,0
1788504536.829569,50,ciclo3_AM_AC_AD,market,concentrator_alimentador_650,cfp,100,3.673049,0
1788504536.830668,50,ciclo3_AM_AC_AD,market,dso,cfp,100,3.643887,0
1788504536.899128,50,ciclo3_AM_AC_AD,concentrator_alimentador_650,market,propose,1393,21.779054,0
1788504536.900561,50,ciclo3_AM_AC_AD,dso,market,propose,1322,21.936143,0
1788504537.187393,51,ciclo1_AC_AP,concentrator_alimentador_650,prosumer611,cfp,100,5.380499,0
1788504537.188401,51,ciclo1_AC_AP,concentrator_alimentador_650,prosumer632,cfp,100,6.114487,0
1788504537.189365,51,ciclo1_AC_AP,concentrator_alimentador_650,prosumer634,cfp,100,0.892650,0
1788504537.190147,51,ciclo1_AC_AP,concentrator_alimentador_650,prosumer645,cfp,100,1.365929,0
1788504537.191033,51,ciclo1_AC_AP,concentrator_alimentador_650,prosumer646,cfp,100,2.383807,0
1788504537.191712,51,ciclo1_AC_AP,concentrator_alimentador_650,prosumer652,cfp,100,5.541298,0
1788504537.192112,51,ciclo1_AC_AP,concentrator_alimentador_650,prosumer670,cfp,100,1.439088,0
1788504537.192463,51,ciclo1_AC_AP,concentrator_alimentador_650,prosumer671,cfp,100,3.041978,0
1788504537.192888,51,ciclo1_AC_AP,concentrator_alimentador_650,prosumer675,cfp,100,2.858544,0
1788504537.193082,51,ciclo1_AC_AP,concentrator_alimentador_650,prosumer692,cfp,100,3.374567,0
1788504537.202447,51,ciclo1_AC_AP,prosumer634,concentrator_alimentador_650,propose,254,7.396608,0
1788504537.206140,51,ciclo1_AC_AP,prosumer645,concentrator_alimentador_650,propose,379,13.178333,0
1788504537.209412,51,ciclo1_AC_AP,prosumer670,concentrator_alimentador_650,propose,411,9.638300,0
1788504537.218077,51,ciclo1_AC_AP,prosumer646,concentrator_alimentador_650,propose,179,4.988587,0
1788504537.226362,51,ciclo1_AC_AP,prosumer675,concentrator_alimentador_650,propose,317,10.854359,0
1788504537.228740,51,ciclo1_AC_AP,prosumer671,concentrator_alimentador_650,propose,461,13.246239,0
1788504537.230600,51,ciclo1_AC_AP,prosumer692,concentrator_alimentador_650,propose,484,8.172208,0
1788504537.245389,51,ciclo1_AC_AP,prosumer611,concentrator_alimentador_650,propose,341,12.163437,0
1788504537.250245,51,ciclo1_AC_AP,prosumer652,concentrator_alimentador_650,propose,147,11.236300,0
1788504537.252126,51,ciclo1_AC_AP,prosumer632,concentrator_alimentador_650,propose,447,18.202821,0
1788504537.438821,51,ciclo2_AD_AC,dso,concentrator_alimentador_650,cfp,100,2.325579,0
1788504537.466035,51,ciclo2_AD_AC,concentrator_alimentador_650,dso,propose,1254,18.736146,0
1788504537.661030,51,ciclo3_AM_AC_AD,market,dso,cfp,100,2.007271,0
1788504537.711435,51,ciclo3_AM_AC_AD,dso,market,propose,1389,22.072637,0
1788504537.939103,51,ciclo3_AM_AC_AD,market,concentrator_alimentador_650,cfp,100,2.683661,0
1788504537.940112,51,ciclo3_AM_AC_AD,market,dso,cfp,100,0.329935,0
1788504537.968704,51,ciclo3_AM_AC_AD,dso,market,propose,1491,23.606886,0
1788504537.985578,51,ciclo3_AM_AC_AD,concentrator_alimentador_650,market,propose,1118,19.740605,0
1788504538.272703,52,ciclo1_AC_AP,concentrator_alimentador_650,prosumer611,cfp,100,3.064111,0
1788504538.273416,52,ciclo1_AC_AP,concentrator_alimentador_650,prosumer632,cfp,100,1.336268,0
1788504538.274111,52,ciclo1_AC_AP,concentrator_alimentador_650,prosumer634,cfp,100,5.667508,0
1788504538.274754,52,ciclo1_AC_AP,concentrator_alimentador_650,prosumer645,cfp,100,2.808497,0
1788504538.275246,52,ciclo1_AC_AP,concentrator_alimentador_650,prosumer646,cfp,100,2.701644,0
1788504538.275735,52,ciclo1_AC_AP,concentrator_alimentador_650,prosumer652,cfp,100,4.210752,0
1788504538.276197,52,ciclo1_AC_AP,concentrator_alimentador_650,prosumer670,cfp,100,2.521597,0
1788504538.276422,52,ciclo1_AC_AP,concentrator_alimentador_650,prosumer671,cfp,100,2.851269,0
1788504538.276636,52,ciclo1_AC_AP,concentrator_alimentador_650,prosumer675,cfp,100,5.768215,0
1788504538.276998,52,ciclo1_AC_AP,concentrator_alimentador_650,prosumer692,cfp,100,3.789444,0
1788504538.291051,52,ciclo1_AC_AP,prosumer632,concentrator_alimentador_650,propose,378,12.154224,0
1788504538.306262,52,ciclo1_AC_AP,prosumer670,concentrator_alimentador_650,propose,490,9.233410,0
1788504538.309596,52,ciclo1_AC_AP,prosumer646,concentrator_alimentador_650,propose,307,6.515763,0
1788504538.312016,52,ciclo1_AC_AP,prosumer645,concentrator_alimentador_650,propose,243,9.608438,0
1788504538.313618,52,ciclo1_AC_AP,prosumer611,concentrator_alimentador_650,propose,423,16.625735,0
1788504538.315329,52,ciclo1_AC_AP,prosumer671,concentrator_alimentador_650,propose,111,2.022603,0
1788504538.317590,52,ciclo1_AC_AP,prosumer692,concentrator_alimentador_650,propose,161,5.039597,0
1788504538.319535,52,ciclo1_AC_AP,prosumer652,concentrator_alimentador_650,propose,238,7.044319,0
1788504538.335764,52,ciclo1_AC_AP,prosumer634,concentrator_alimentador_650,propose,442,15.953285,0
1788504538.339259,52,ciclo1_AC_AP,prosumer675,concentrator_alimentador_650,propose,120,5.514290,0
1788504538.500319,52,ciclo2_AD_AC,dso,concentrator_alimentador_650,cfp,100,3.727107,0
1788504538.542739,52,ciclo2_AD_AC,concentrator_alimentador_650,dso,propose,1000,14.795779,0
1788504538.697620,52,ciclo3_AM_AC_AD,market,dso,cfp,100,2.534930,0
1788504538.755120,52,ciclo3_AM_AC_AD,dso,market,propose,1131,18.794347,0
1788504538.948742,52,ciclo3_AM_AC_AD,market,concentrator_alimentador_650,cfp,100,0.819579,0
1788504538.949482,52,ciclo3_AM_AC_AD,market,dso,cfp,100,2.065846,0
1788504538.983656,52,ciclo3_AM_AC_AD,concentrator_alimentador_650,market,propose,1203,20.814925,0
1788504538.995083,52,ciclo3_AM_AC_AD,dso,market,propose,1269,20.981081,0
1788504539.272633,53,ciclo1_AC_AP,concentrator_alimentador_650,prosumer611,cfp,100,4.201952,0
1788504539.273800,53,ciclo1_AC_AP,concentrator_alimentador_650,prosumer632,cfp,100,3.596922,0
1788504539.274670,53,ciclo1_AC_AP,concentrator_alimentador_650,prosumer634,cfp,100,5.258799,0
1788504539.275183,53,ciclo1_AC_AP,concentrator_alimentador_650,prosumer645,cfp,100,5.580125,0
1788504539.275632,53,ciclo1_AC_AP,concentrator_alimentador_650,prosumer646,cfp,100,2.880919,0
1788504539.275948,53,ciclo1_AC_AP,concentrator_alimentador_650,prosumer652,cfp,100,2.850629,0
1788504539.276117,53,ciclo1_AC_AP,concentrator_alimentador_650,prosumer670,cfp,100,0.890722,0
1788504539.276406,53,ciclo1_AC_AP,concentrator_alimentador_650,prosumer671,cfp,100,6.400338,0
1788504539.276709,53,ciclo1_AC_AP,concentrator_alimentador_650,prosumer675,cfp,100,3.270342,0
1788504539.276914,53,ciclo1_AC_AP,concentrator_alimentador_650,prosumer692,cfp,100,0.167038,0
1788504539.281522,53,ciclo1_AC_AP,prosumer692,concentrator_alimentador_650,propose,397,6.358257,0
1788504539.288218,53,ciclo1_AC_AP,prosumer670,concentrator_alimentador_650,propose,463,9.521323,0
1788504539.308720,53,ciclo1_AC_AP,prosumer646,concentrator_alimentador_650,propose,302,6.746113,0
1788504539.310581,53,ciclo1_AC_AP,prosumer652,concentrator_alimentador_650,propose,327,12.512420,0
1788504539.313274,53,ciclo1_AC_AP,prosumer675,concentrator_alimentador_650,propose,152,7.669226,0
1788504539.314986,53,ciclo1_AC_AP,prosumer632,concentrator_alimentador_650,propose,482,18.732336,0
1788504539.317334,53,ciclo1_AC_AP,prosumer611,concentrator_alimentador_650,propose,229,10.345328,0
1788504539.331434,53,ciclo1_AC_AP,prosumer634,concentrator_alimentador_650,propose,281,12.235724,0
1788504539.334618,53,ciclo1_AC_AP,prosumer645,concentrator_alimentador_650,propose,245,7.169937,0
1788504539.344124,53,ciclo1_AC_AP,prosumer671,concentrator_alimentador_650,propose,486,15.371573,0
1788504539.506478,53,ciclo2_AD_AC,dso,concentrator_alimentador_650,cfp,100,0.831449,0
1788504539.518487,53,ciclo2_AD_AC,concentrator_alimentador_650,dso,propose,1344,21.853752,0
1788504539.744130,53,ciclo3_AM_AC_AD,market,dso,cfp,100,0.333252,0
1788504539.776053,53,ciclo3_AM_AC_AD,dso,market,propose,1465,23.150869,0
1788504540.014417,53,ciclo3_AM_AC_AD,market,concentrator_alimentador_650,cfp,100,1.185881,0
1788504540.014744,53,ciclo3_AM_AC_AD,market,dso,cfp,100,3.206898,0
1788504540.049453,53,ciclo3_AM_AC_AD,concentrator_alimentador_650,market,propose,1100,19.489121,0
1788504540.071024,53,ciclo3_AM_AC_AD,dso,market,propose,1304,23.684299,0
1788504540.374808,54,ciclo1_AC_AP,concentrator_alimentador_650,prosumer611,cfp,100,0.480520,0
1788504540.375148,54,ciclo1_AC_AP,concentrator_alimentador_650,prosumer632,cfp,100,6.848900,0
1788504540.375381,54,ciclo1_AC_AP,concentrator_alimentador_650,prosumer634,cfp,100,4.546249,0
1788504540.375541,54,ciclo1_AC_AP,concentrator_alimentador_650,prosumer645,cfp,100,4.538785,0
1788504540.375670,54,ciclo1_AC_AP,concentrator_alimentador_650,prosumer646,cfp,100,0.516078,0
1788504540.375794,54,ciclo1_AC_AP,concentrator_alimentador_650,prosumer652,cfp,100,3.116076,0
1788504540.375915,54,ciclo1_AC_AP,concentrator_alimentador_650,prosumer670,cfp,100,3.596369,0
1788504540.376040,54,ciclo1_AC_AP,concentrator_alimentador_650,prosumer671,cfp,100,4.189629,0
1788504540.376187,54,ciclo1_AC_AP,concentrator_alimentador_650,prosumer675,cfp,100,0.088043,0
1788504540.376314,54,ciclo1_AC_AP,concentrator_alimentador_650,prosumer692,cfp,100,1.750653,0
1788504540.379591,54,ciclo1_AC_AP,prosumer675,concentrator_alimentador_650,propose,143,9.806963,0
1788504540.381755,54,ciclo1_AC_AP,prosumer611,concentrator_alimentador_650,propose,118,5.554004,0
1788504540.383741,54,ciclo1_AC_AP,prosumer646,concentrator_alimentador_650,propose,136,2.426433,0
1788504540.397132,54,ciclo1_AC_AP,prosumer692,concentrator_alimentador_650,propose,234,3.028044,0
1788504540.410713,54,ciclo1_AC_AP,prosumer652,concentrator_alimentador_650,propose,256,12.946527,0
1788504540.414281,54,ciclo1_AC_AP,prosumer670,concentrator_alimentador_650,propose,373,6.746128,0
1788504540.420063,54,ciclo1_AC_AP,prosumer671,concentrator_alimentador_650,propose,274,11.563290,0
1788504540.422511,54,ciclo1_AC_AP,prosumer634,concentrator_alimentador_650,propose,160,6.253236,0
1788504540.423267,54,ciclo1_AC_AP,prosumer645,concentrator_alimentador_650,propose,371,13.126963,0
1788504540.445979,54,ciclo1_AC_AP,prosumer632,concentrator_alimentador_650,propose,227,7.551985,0
1788504540.558753,54,ciclo2_AD_AC,dso,concentrator_alimentador_650,cfp,100,2.503471,0
1788504540.586525,54,ciclo2_AD_AC,concentrator_alimentador_650,dso,propose,1456,24.646659,0
1788504540.837903,54,ciclo3_AM_AC_AD,market,dso,cfp,100,0.981243,0
1788504540.854954,54,ciclo3_AM_AC_AD,dso,market,propose,1471,25.115861,0
1788504541.110016,54,ciclo3_AM_AC_AD,market,concentrator_alimentador_650,cfp,100,3.388219,0
1788504541.110207,54,ciclo3_AM_AC_AD,market,dso,cfp,100,0.057051,0
1788504541.136837,54,ciclo3_AM_AC_AD,dso,market,propose,1390,23.908105,0
1788504541.172791,54,ciclo3_AM_AC_AD,concentrator_alimentador_650,market,propose,1083,19.975278,0
1788504541.441487,55,ciclo1_AC_AP,concentrator_alimentador_650,prosumer611,cfp,100,2.182708,0
1788504541.442136,55,ciclo1_AC_AP,concentrator_alimentador_650,prosumer632,cfp,100,5.246700,0
1788504541.442541,55,ciclo1_AC_AP,concentrator_alimentador_650,prosumer634,cfp,100,5.427890,0
1788504541.442995,55,ciclo1_AC_AP,concentrator_alimentador_650,prosumer645,cfp,100,6.151170,0
1788504541.443240,55,ciclo1_AC_AP,concentrator_alimentador_650,prosumer646,cfp,100,2.184190,0
1788504541.443403,55,ciclo1_AC_AP,concentrator_alimentador_650,prosumer652,cfp,100,4.952909,0
1788504541.443556,55,ciclo1_AC_AP,concentrator_alimentador_650,prosumer670,cfp,100,0.870000,0
1788504541.443707,55,ciclo1_AC_AP,concentrator_alimentador_650,prosumer671,cfp,100,2.773232,0
1788504541.443853,55,ciclo1_AC_AP,concentrator_alimentador_650,prosumer675,cfp,100,2.693573,0
1788504541.443995,55,ciclo1_AC_AP,concentrator_alimentador_650,prosumer692,cfp,100,0.361328,0
1788504541.450160,55,ciclo1_AC_AP,prosumer692,concentrator_alimentador_650,propose,134,5.098219,0
1788504541.454453,55,ciclo1_AC_AP,prosumer670,concentrator_alimentador_650,propose,312,6.773829,0
1788504541.466669,55,ciclo1_AC_AP,prosumer611,concentrator_alimentador_650,propose,248,8.500402,0
1788504541.469023,55,ciclo1_AC_AP,prosumer646,concentrator_alimentador_650,propose,244,3.459378,0
1788504541.473416,55,ciclo1_AC_AP,prosumer675,concentrator_alimentador_650,propose,366,10.948745,0
1788504541.474650,55,ciclo1_AC_AP,prosumer671,concentrator_alimentador_650,propose,168,7.584915,0
1788504541.497816,55,ciclo1_AC_AP,prosumer652,concentrator_alimentador_650,propose,393,13.373211,0
1788504541.499910,55,ciclo1_AC_AP,prosumer632,concentrator_alimentador_650,propose,367,9.870811,0
1788504541.501815,55,ciclo1_AC_AP,prosumer634,concentrator_alimentador_650,propose,421,16.298035,0
1788504541.506536,55,ciclo1_AC_AP,prosumer645,concentrator_alimentador_650,propose,207,4.425144,0
1788504541.669954,55,ciclo2_AD_AC,dso,concentrator_alimentador_650,cfp,100,1.838290,0
1788504541.693244,55,ciclo2_AD_AC,concentrator_alimentador_650,dso,propose,1272,22.783434,0
1788504541.928021,55,ciclo3_AM_AC_AD,market,dso,cfp,100,1.273612,0
1788504541.949768,55,ciclo3_AM_AC_AD,dso,market,propose,1053,19.732589,0
1788504542.153844,55,ciclo3_AM_AC_AD,market,concentrator_alimentador_650,cfp,100,2.149992,0
1788504542.154857,55,ciclo3_AM_AC_AD,market,dso,cfp,100,3.789161,0
1788504542.206369,55,ciclo3_AM_AC_AD,concentrator_alimentador_650,market,propose,1210,18.437452,0
1788504542.220259,55,ciclo3_AM_AC_AD,dso,market,propose,1489,24.504131,0
1788504542.533297,56,ciclo1_AC_AP,concentrator_alimentador_650,prosumer611,cfp,100,6.006558,0
1788504542.534271,56,ciclo1_AC_AP,concentrator_alimentador_650,prosumer632,cfp,100,2.542541,0
1788504542.535031,56,ciclo1_AC_AP,concentrator_alimentador_650,prosumer634,cfp,100,5.286031,0
1788504542.535642,56,ciclo1_AC_AP,concentrator_alimentador_650,prosumer645,cfp,100,3.046625,0
1788504542.535933,56,ciclo1_AC_AP,concentrator_alimentador_650,prosumer646,cfp,100,1.385344,0
1788504542.536116,56,ciclo1_AC_AP,concentrator_alimentador_650,prosumer652,cfp,100,4.016167,0
1788504542.536430,56,ciclo1_AC_AP,concentrator_alimentador_650,prosumer670,cfp,100,3.572351,0
1788504542.536847,56,ciclo1_AC_AP,concentrator_alimentador_650,prosumer671,cfp,100,7.773222,0
1788504542.537115,56,ciclo1_AC_AP,concentrator_alimentador_650,prosumer675,cfp,100,1.301688,0
1788504542.537272,56,ciclo1_AC_AP,concentrator_alimentador_650,prosumer692,cfp,100,1.358305,0
1788504542.555231,56,ciclo1_AC_AP,prosumer646,concentrator_alimentador_650,propose,424,9.101281,0
1788504542.557742,56,ciclo1_AC_AP,prosumer675,concentrator_alimentador_650,propose,378,12.788811,0
1788504542.559687,56,ciclo1_AC_AP,prosumer692,concentrator_alimentador_650,propose,306,5.174502,0
1788504542.562039,56,ciclo1_AC_AP,prosumer632,concentrator_alimentador_650,propose,479,13.470560,0
1788504542.568388,56,ciclo1_AC_AP,prosumer645,concentrator_alimentador_650,propose,498,18.471245,0
1788504542.575509,56,ciclo1_AC_AP,prosumer670,concentrator_alimentador_650,propose,242,2.820081,0
1788504542.578793,56,ciclo1_AC_AP,prosumer652,concentrator_alimentador_650,propose,249,5.728865,0
1788504542.591535,56,ciclo1_AC_AP,prosumer634,concentrator_alimentador_650,propose,326,11.357309,0
1788504542.595952,56,ciclo1_AC_AP,prosumer611,concentrator_alimentador_650,propose,290,14.479626,0
1788504542.618043,56,ciclo1_AC_AP,prosumer671,concentrator_alimentador_650,propose,390,16.354500,0
1788504542.785167,56,ciclo2_AD_AC,dso,concentrator_alimentador_650,cfp,100,0.878941,0
1788504542.798369,56,ciclo2_AD_AC,concentrator_alimentador_650,dso,propose,1321,21.047165,0
1788504543.016318,56,ciclo3_AM_AC_AD,market,dso,cfp,100,3.407080,0
1788504543.060040,56,ciclo3_AM_AC_AD,dso,market,propose,1070,19.409109,0
1788504543.259042,56,ciclo3_AM_AC_AD,market,concentrator_alimentador_650,cfp,100,2.084188,0
1788504543.259577,56,ciclo3_AM_AC_AD,market,dso,cfp,100,3.305530,0
1788504543.306850,56,ciclo3_AM_AC_AD,concentrator_alimentador_650,market,propose,1080,20.045879,0
1788504543.321188,56,ciclo3_AM_AC_AD,dso,market,propose,1063,16.267509,0
1788504543.574051,57,ciclo1_AC_AP,concentrator_alimentador_650,prosumer611,cfp,100,3.559062,0
1788504543.574858,57,ciclo1_AC_AP,concentrator_alimentador_650,prosumer632,cfp,100,3.476636,0
1788504543.575597,57,ciclo1_AC_AP,concentrator_alimentador_650,prosumer634,cfp,100,5.204956,0
1788504543.576063,57,ciclo1_AC_AP,concentrator_alimentador_650,prosumer645,cfp,100,3.743374,0
1788504543.576289,57,ciclo1_AC_AP,concentrator_alimentador_650,prosumer646,cfp,100,3.865156,0
1788504543.576444,57,ciclo1_AC_AP,concentrator_alimentador_650,prosumer652,cfp,100,3.569521,0
1788504543.576594,57,ciclo1_AC_AP,concentrator_alimentador_650,prosumer670,cfp,100,3.168951,0
1788504543.576724,57,ciclo1_AC_AP,concentrator_alimentador_650,prosumer671,cfp,100,6.398384,0
1788504543.576848,57,ciclo1_AC_AP,concentrator_alimentador_650,prosumer675,cfp,100,5.698749,0
1788504543.576976,57,ciclo1_AC_AP,concentrator_alimentador_650,prosumer692,cfp,100,2.356064,0
1788504543.605912,57,ciclo1_AC_AP,prosumer692,concentrator_alimentador_650,propose,456,7.064633,0
1788504543.611114,57,ciclo1_AC_AP,prosumer670,concentrator_alimentador_650,propose,161,3.952230,0
1788504543.614352,57,ciclo1_AC_AP,prosumer632,concentrator_alimentador_650,propose,295,13.623086,0
1788504543.615905,57,ciclo1_AC_AP,prosumer611,concentrator_alimentador_650,propose,305,12.073501,0
1788504543.618035,57,ciclo1_AC_AP,prosumer652,concentrator_alimentador_650,propose,402,14.324340,0
1788504543.620463,57,ciclo1_AC_AP,prosumer645,concentrator_alimentador_650,propose,339,14.579675,0
1788504543.622355,57,ciclo1_AC_AP,prosumer646,concentrator_alimentador_650,propose,171,3.501736,0
1788504543.631881,57,ciclo1_AC_AP,prosumer634,concentrator_alimentador_650,propose,386,18.377664,0
1788504543.636501,57,ciclo1_AC_AP,prosumer675,concentrator_alimentador_650,propose,442,15.227344,0
1788504543.643444,57,ciclo1_AC_AP,prosumer671,concentrator_alimentador_650,propose,253,9.127620,0
1788504543.821402,57,ciclo2_AD_AC,dso,concentrator_alimentador_650,cfp,100,3.371342,0
1788504543.861118,57,ciclo2_AD_AC,concentrator_alimentador_650,dso,propose,1181,19.428664,0
1788504544.061806,57,ciclo3_AM_AC_AD,market,dso,cfp,100,3.696367,0
1788504544.124604,57,ciclo3_AM_AC_AD,dso,market,propose,1323,24.147026,0
1788504544.373703,57,ciclo3_AM_AC_AD,market,concentrator_alimentador_650,cfp,100,0.440825,0
1788504544.374214,57,ciclo3_AM_AC_AD,market,dso,cfp,100,0.156263,0
1788504544.410820,57,ciclo3_AM_AC_AD,concentrator_alimentador_650,market,propose,1242,21.687724,0
1788504544.413141,57,ciclo3_AM_AC_AD,dso,market,propose,1380,20.283892,0
1788504544.692645,58,ciclo1_AC_AP,concentrator_alimentador_650,prosumer611,cfp,100,4.191142,0
1788504544.693131,58,ciclo1_AC_AP,concentrator_alimentador_650,prosumer632,cfp,100,3.877364,0
1788504544.693479,58,ciclo1_AC_AP,concentrator_alimentador_650,prosumer634,cfp,100,2.838286,0
1788504544.693796,58,ciclo1_AC_AP,concentrator_alimentador_650,prosumer645,cfp,100,2.244330,0
1788504544.693975,58,ciclo1_AC_AP,concentrator_alimentador_650,prosumer646,cfp,100,0.156290,0
1788504544.694199,58,ciclo1_AC_AP,concentrator_alimentador_650,prosumer652,cfp,100,3.425833,0
1788504544.694329,58,ciclo1_AC_AP,concentrator_alimentador_650,prosumer670,cfp,100,2.843182,0
1788504544.694448,58,ciclo1_AC_AP,concentrator_alimentador_650,prosumer671,cfp,100,5.716894,0
1788504544.694563,58,ciclo1_AC_AP,concentrator_alimentador_650,prosumer675,cfp,100,4.886516,0
1788504544.694678,58,ciclo1_AC_AP,concentrator_alimentador_650,prosumer692,cfp,100,1.591072,0
1788504544.697223,58,ciclo1_AC_AP,prosumer646,concentrator_alimentador_650,propose,312,4.559520,0
1788504544.714017,58,ciclo1_AC_AP,prosumer692,concentrator_alimentador_650,propose,211,2.844892,0
1788504544.719555,58,ciclo1_AC_AP,prosumer645,concentrator_alimentador_650,propose,344,9.513503,0
1788504544.724386,58,ciclo1_AC_AP,prosumer634,concentrator_alimentador_650,propose,350,13.422982,0
1788504544.726508,58,ciclo1_AC_AP,prosumer670,concentrator_alimentador_650,propose,455,6.550203,0
1788504544.731237,58,ciclo1_AC_AP,prosumer652,concentrator_alimentador_650,propose,356,8.268816,0
1788504544.734510,58,ciclo1_AC_AP,prosumer632,concentrator_alimentador_650,propose,262,10.774198,0
1788504544.736397,58,ciclo1_AC_AP,prosumer611,concentrator_alimentador_650,propose,352,10.788946,0
1788504544.748140,58,ciclo1_AC_AP,prosumer675,concentrator_alimentador_650,propose,433,15.681390,0
1788504544.754576,58,ciclo1_AC_AP,prosumer671,concentrator_alimentador_650,propose,130,5.807458,0
1788504544.910126,58,ciclo2_AD_AC,dso,concentrator_alimentador_650,cfp,100,3.184079,0
1788504544.947740,58,ciclo2_AD_AC,concentrator_alimentador_650,dso,propose,1227,20.076298,0
1788504545.156719,58,ciclo3_AM_AC_AD,market,dso,cfp,100,2.062580,0
1788504545.209521,58,ciclo3_AM_AC_AD,dso,market,propose,1153,21.147778,0
1788504545.427417,58,ciclo3_AM_AC_AD,market,concentrator_alimentador_650,cfp,100,0.049161,0
1788504545.428312,58,ciclo3_AM_AC_AD,market,dso,cfp,100,1.165144,0
1788504545.453481,58,ciclo3_AM_AC_AD,concentrator_alimentador_650,market,propose,1073,16.369500,0
1788504545.463375,58,ciclo3_AM_AC_AD,dso,market,propose,1381,22.734831,0
1788504545.756580,59,ciclo1_AC_AP,concentrator_alimentador_650,prosumer611,cfp,100,1.234953,0
1788504545.757716,59,ciclo1_AC_AP,concentrator_alimentador_650,prosumer632,cfp,100,4.131942,0
1788504545.758386,59,ciclo1_AC_AP,concentrator_alimentador_650,prosumer634,cfp,100,4.269864,0
1788504545.758935,59,ciclo1_AC_AP,concentrator_alimentador_650,prosumer645,cfp,100,1.803250,0
1788504545.759505,59,ciclo1_AC_AP,concentrator_alimentador_650,prosumer646,cfp,100,2.956051,0
1788504545.760124,59,ciclo1_AC_AP,concentrator_alimentador_650,prosumer652,cfp,100,4.542193,0
1788504545.760775,59,ciclo1_AC_AP,concentrator_alimentador_650,prosumer670,cfp,100,1.402464,0
1788504545.761215,59,ciclo1_AC_AP,concentrator_alimentador_650,prosumer671,cfp,100,4.997472,0
1788504545.761733,59,ciclo1_AC_AP,concentrator_alimentador_650,prosumer675,cfp,100,3.875742,0
1788504545.762039,59,ciclo1_AC_AP,concentrator_alimentador_650,prosumer692,cfp,100,2.193132,0
1788504545.773046,59,ciclo1_AC_AP,prosumer611,concentrator_alimentador_650,propose,353,13.421845,0
1788504545.777908,59,ciclo1_AC_AP,prosumer670,concentrator_alimentador_650,propose,126,2.663717,0
1788504545.780261,59,ciclo1_AC_AP,prosumer645,concentrator_alimentador_650,propose,418,13.210534,0
1788504545.786867,59,ciclo1_AC_AP,prosumer692,concentrator_alimentador_650,propose,210,2.905254,0
1788504545.791341,59,ciclo1_AC_AP,prosumer646,concentrator_alimentador_650,propose,113,0.789231,0
1788504545.804593,59,ciclo1_AC_AP,prosumer632,concentrator_alimentador_650,propose,281,12.023938,0
1788504545.807697,59,ciclo1_AC_AP,prosumer675,concentrator_alimentador_650,propose,341,9.405310,0
1788504545.809312,59,ciclo1_AC_AP,prosumer634,concentrator_alimentador_650,propose,300,10.496331,0
1788504545.811197,59,ciclo1_AC_AP,prosumer652,concentrator_alimentador_650,propose,105,4.468093,0
1788504545.812775,59,ciclo1_AC_AP,prosumer671,concentrator_alimentador_650,propose,369,12.615726,0
1788504545.942925,59,ciclo2_AD_AC,dso,concentrator_alimentador_650,cfp,100,0.180111,0
1788504545.948844,59,ciclo2_AD_AC,concentrator_alimentador_650,dso,propose,1034,19.472629,0
1788504546.151398,59,ciclo3_AM_AC_AD,market,dso,cfp,100,2.501106,0
1788504546.207808,59,ciclo3_AM_AC_AD,dso,market,propose,1351,24.053904,0
1788504546.455364,59,ciclo3_AM_AC_AD,market,concentrator_alimentador_650,cfp,100,0.117769,0
1788504546.456153,59,ciclo3_AM_AC_AD,market,dso,cfp,100,2.949642,0
1788504546.478918,59,ciclo3_AM_AC_AD,concentrator_alimentador_650,market,propose,1443,22.424706,0
1788504546.513907,59,ciclo3_AM_AC_AD,dso,market,propose,1041,19.684845,0
1788504546.775031,60,ciclo1_AC_AP,concentrator_alimentador_650,prosumer611,cfp,100,5.126298,0
1788504546.775402,60,ciclo1_AC_AP,concentrator_alimentador_650,prosumer632,cfp,100,7.568969,0
1788504546.775660,60,ciclo1_AC_AP,concentrator_alimentador_650,prosumer634,cfp,100,1.950442,0
1788504546.775887,60,ciclo1_AC_AP,concentrator_alimentador_650,prosumer645,cfp,100,4.851796,0
1788504546.776101,60,ciclo1_AC_AP,concentrator_alimentador_650,prosumer646,cfp,100,2.945132,0
1788504546.776320,60,ciclo1_AC_AP,concentrator_alimentador_650,prosumer652,cfp,100,2.076882,0
1788504546.776517,60,ciclo1_AC_AP,concentrator_alimentador_650,prosumer670,cfp,100,1.273634,0
1788504546.776691,60,ciclo1_AC_AP,concentrator_alimentador_650,prosumer671,cfp,100,3.908971,0
1788504546.776856,60,ciclo1_AC_AP,concentrator_alimentador_650,prosumer675,cfp,100,6.587470,0
1788504546.777030,60,ciclo1_AC_AP,concentrator_alimentador_650,prosumer692,cfp,100,1.305058,0
1788504546.793704,60,ciclo1_AC_AP,prosumer670,concentrator_alimentador_650,propose,451,8.819803,0
1788504546.795161,60,ciclo1_AC_AP,prosumer692,concentrator_alimentador_650,propose,479,6.693513,0
1788504546.797367,60,ciclo1_AC_AP,prosumer634,concentrator_alimentador_650,propose,442,17.342993,0
1788504546.799728,60,ciclo1_AC_AP,prosumer652,concentrator_alimentador_650,propose,302,9.899508,0
1788504546.808812,60,ciclo1_AC_AP,prosumer646,concentrator_alimentador_650,propose,103,1.496639,0
1788504546.819752,60,ciclo1_AC_AP,prosumer671,concentrator_alimentador_650,propose,284,11.512271,0
1788504546.828384,60,ciclo1_AC_AP,prosumer645,concentrator_alimentador_650,propose,121,4.097830,0
1788504546.830642,60,ciclo1_AC_AP,prosumer611,concentrator_alimentador_650,propose,159,4.556482,0
1788504546.846354,60,ciclo1_AC_AP,prosumer675,concentrator_alimentador_650,propose,417,15.066792,0
1788504546.854079,60,ciclo1_AC_AP,prosumer632,concentrator_alimentador_650,propose,101,3.923754,0
1788504547.002615,60,ciclo2_AD_AC,dso,concentrator_alimentador_650,cfp,100,1.845564,0
1788504547.026365,60,ciclo2_AD_AC,concentrator_alimentador_650,dso,propose,1138,18.517386,0
1788504547.215263,60,ciclo3_AM_AC_AD,market,dso,cfp,100,0.732966,0
1788504547.231883,60,ciclo3_AM_AC_AD,dso,market,propose,1447,24.276813,0
1788504547.478942,60,ciclo3_AM_AC_AD,market,concentrator_alimentador_650,cfp,100,2.274719,0
1788504547.479219,60,ciclo3_AM_AC_AD,market,dso,cfp,100,3.891041,0
1788504547.532100,60,ciclo3_AM_AC_AD,concentrator_alimentador_650,market,propose,1327,21.089168,0
1788504547.547006,60,ciclo3_AM_AC_AD,dso,market,propose,1358,23.019920,0
1788504547.843183,61,ciclo1_AC_AP,concentrator_alimentador_650,prosumer611,cfp,100,3.633891,0
1788504547.844363,61,ciclo1_AC_AP,concentrator_alimentador_650,prosumer632,cfp,100,4.680475,0
1788504547.845463,61,ciclo1_AC_AP,concentrator_alimentador_650,prosumer634,cfp,100,3.522681,0
1788504547.846451,61,ciclo1_AC_AP,concentrator_alimentador_650,prosumer645,cfp,100,5.586649,0
1788504547.847204,61,ciclo1_AC_AP,concentrator_alimentador_650,prosumer646,cfp,100,2.592591,0
1788504547.847605,61,ciclo1_AC_AP,concentrator_alimentador_650,prosumer652,cfp,100,2.590185,0
1788504547.847749,61,ciclo1_AC_AP,concentrator_alimentador_650,prosumer670,cfp,100,1.216071,0
1788504547.847876,61,ciclo1_AC_AP,concentrator_alimentador_650,prosumer671,cfp,100,1.605583,0
1788504547.848003,61,ciclo1_AC_AP,concentrator_alimentador_650,prosumer675,cfp,100,4.236008,0
1788504547.848423,61,ciclo1_AC_AP,concentrator_alimentador_650,prosumer692,cfp,100,0.824903,0
1788504547.862299,61,ciclo1_AC_AP,prosumer692,concentrator_alimentador_650,propose,249,2.887037,0
1788504547.865854,61,ciclo1_AC_AP,prosumer670,concentrator_alimentador_650,propose,472,6.598308,0
1788504547.868805,61,ciclo1_AC_AP,prosumer671,concentrator_alimentador_650,propose,216,9.109366,0
1788504547.877387,61,ciclo1_AC_AP,prosumer646,concentrator_alimentador_650,propose,172,4.649456,0
1788504547.878918,61,ciclo1_AC_AP,prosumer652,concentrator_alimentador_650,propose,484,15.839140,0
1788504547.882464,61,ciclo1_AC_AP,prosumer611,concentrator_alimentador_650,propose,393,15.960423,0
1788504547.884130,61,ciclo1_AC_AP,prosumer634,concentrator_alimentador_650,propose,247,7.511558,0
1788504547.894020,61,ciclo1_AC_AP,prosumer675,concentrator_alimentador_650,propose,197,8.798583,0
1788504547.895843,61,ciclo1_AC_AP,prosumer632,concentrator_alimentador_650,propose,153,10.699331,0
1788504547.905531,61,ciclo1_AC_AP,prosumer645,concentrator_alimentador_650,propose,322,14.783341,0
1788504548.056277,61,ciclo2_AD_AC,dso,concentrator_alimentador_650,cfp,100,1.410148,0
1788504548.074089,61,ciclo2_AD_AC,concentrator_alimentador_650,dso,propose,1235,20.198306,0
1788504548.282433,61,ciclo3_AM_AC_AD,market,dso,cfp,100,1.343692,0
1788504548.325673,61,ciclo3_AM_AC_AD,dso,market,propose,1366,23.981640,0
1788504548.571631,61,ciclo3_AM_AC_AD,market,concentrator_alimentador_650,cfp,100,1.614810,0
1788504548.572720,61,ciclo3_AM_AC_AD,market,dso,cfp,100,2.506459,0
1788504548.614656,61,ciclo3_AM_AC_AD,concentrator_alimentador_650,market,propose,1169,18.827004,0
1788504548.620373,61,ciclo3_AM_AC_AD,dso,market,propose,1196,18.975904,0
1788504548.877322,62,ciclo1_AC_AP,concentrator_alimentador_650,prosumer611,cfp,100,7.457953,0
1788504548.878488,62,ciclo1_AC_AP,concentrator_alimentador_650,prosumer632,cfp,100,4.968421,0
1788504548.879443,62,ciclo1_AC_AP,concentrator_alimentador_650,prosumer634,cfp,100,5.511264,0
1788504548.880309,62,ciclo1_AC_AP,concentrator_alimentador_650,prosumer645,cfp,100,5.350414,0
1788504548.881248,62,ciclo1_AC_AP,concentrator_alimentador_650,prosumer646,cfp,100,2.801429,0
1788504548.881921,62,ciclo1_AC_AP,concentrator_alimentador_650,prosumer652,cfp,100,1.233228,0
1788504548.882463,62,ciclo1_AC_AP,concentrator_alimentador_650,prosumer670,cfp,100,0.890839,0
1788504548.882790,62,ciclo1_AC_AP,concentrator_alimentador_650,prosumer671,cfp,100,5.739112,0
1788504548.883010,62,ciclo1_AC_AP,concentrator_alimentador_650,prosumer675,cfp,100,3.089682,0
1788504548.883525,62,ciclo1_AC_AP,concentrator_alimentador_650,prosumer692,cfp,100,0.060266,0
1788504548.887531,62,ciclo1_AC_AP,prosumer692,concentrator_alimentador_650,propose,186,5.252146,0
1788504548.894794,62,ciclo1_AC_AP,prosumer670,concentrator_alimentador_650,propose,269,5.385363,0
1788504548.897130,62,ciclo1_AC_AP,prosumer652,concentrator_alimentador_650,propose,315,9.076444,0
1788504548.913256,62,ciclo1_AC_AP,prosumer646,concentrator_alimentador_650,propose,431,9.816123,0
1788504548.916946,62,ciclo1_AC_AP,prosumer675,concentrator_alimentador_650,propose,451,14.788372,0
1788504548.933141,62,ciclo1_AC_AP,prosumer632,concentrator_alimentador_650,propose,322,14.778930,0
1788504548.937657,62,ciclo1_AC_AP,prosumer645,concentrator_alimentador_650,propose,175,9.070503,0
1788504548.939652,62,ciclo1_AC_AP,prosumer634,concentrator_alimentador_650,propose,329,12.468724,0
1788504548.943990,62,ciclo1_AC_AP,prosumer671,concentrator_alimentador_650,propose,462,12.821901,0
1788504548.954697,62,ciclo1_AC_AP,prosumer611,concentrator_alimentador_650,propose,175,8.376048,0
1788504549.084741,62,ciclo2_AD_AC,dso,concentrator_alimentador_650,cfp,100,1.761951,0
1788504549.107067,62,ciclo2_AD_AC,concentrator_alimentador_650,dso,propose,1268,20.762797,0
1788504549.319434,62,ciclo3_AM_AC_AD,market,dso,cfp,100,2.165117,0
1788504549.372618,62,ciclo3_AM_AC_AD,dso,market,propose,1161,21.564091,0
1788504549.594804,62,ciclo3_AM_AC_AD,market,concentrator_alimentador_650,cfp,100,2.671009,0
1788504549.595186,62,ciclo3_AM_AC_AD,market,dso,cfp,100,0.552534,0
1788504549.634360,62,ciclo3_AM_AC_AD,dso,market,propose,1066,18.818669,0
1788504549.643718,62,ciclo3_AM_AC_AD,concentrator_alimentador_650,market,propose,1106,17.116229,0
1788504549.889264,63,ciclo1_AC_AP,concentrator_alimentador_650,prosumer611,cfp,100,5.423291,0
1788504549.890055,63,ciclo1_AC_AP,concentrator_alimentador_650,prosumer632,cfp,100,2.247147,0
1788504549.890472,63,ciclo1_AC_AP,concentrator_alimentador_650,prosumer634,cfp,100,4.950419,0
1788504549.890881,63,ciclo1_AC_AP,concentrator_alimentador_650,prosumer645,cfp,100,5.214542,0
1788504549.891524,63,ciclo1_AC_AP,concentrator_alimentador_650,prosumer646,cfp,100,3.562602,0
1788504549.892082,63,ciclo1_AC_AP,concentrator_alimentador_650,prosumer652,cfp,100,1.932333,0
1788504549.892485,63,ciclo1_AC_AP,concentrator_alimentador_650,prosumer670,cfp,100,1.827600,0
1788504549.892940,63,ciclo1_AC_AP,concentrator_alimentador_650,prosumer671,cfp,100,4.920065,0
1788504549.893292,63,ciclo1_AC_AP,concentrator_alimentador_650,prosumer675,cfp,100,7.007461,0
1788504549.893457,63,ciclo1_AC_AP,concentrator_alimentador_650,prosumer692,cfp,100,1.983966,0
1788504549.916110,63,ciclo1_AC_AP,prosumer670,concentrator_alimentador_650,propose,195,2.908292,0
1788504549.918600,63,ciclo1_AC_AP,prosumer652,concentrator_alimentador_650,propose,327,11.016562,0
1788504549.921250,63,ciclo1_AC_AP,prosumer632,concentrator_alimentador_650,propose,278,12.136837,0
1788504549.922622,63,ciclo1_AC_AP,prosumer692,concentrator_alimentador_650,propose,299,7.315558,0
1788504549.931092,63,ciclo1_AC_AP,prosumer646,concentrator_alimentador_650,propose,318,7.431104,0
1788504549.944814,63,ciclo1_AC_AP,prosumer634,concentrator_alimentador_650,propose,351,13.376806,0
1788504549.948623,63,ciclo1_AC_AP,prosumer671,concentrator_alimentador_650,propose,299,12.393595,0
1788504549.950558,63,ciclo1_AC_AP,prosumer645,concentrator_alimentador_650,propose,473,14.846312,0
1788504549.951905,63,ciclo1_AC_AP,prosumer611,concentrator_alimentador_650,propose,212,7.244028,0
1788504549.966530,63,ciclo1_AC_AP,prosumer675,concentrator_alimentador_650,propose,200,7.458068,0
1788504550.102626,63,ciclo2_AD_AC,dso,concentrator_alimentador_650,cfp,100,2.841866,0
1788504550.135296,63,ciclo2_AD_AC,concentrator_alimentador_650,dso,propose,1224,20.442997,0
1788504550.345974,63,ciclo3_AM_AC_AD,market,dso,cfp,100,0.694624,0
1788504550.382347,63,ciclo3_AM_AC_AD,dso,market,propose,1481,22.764860,0
1788504550.616649,63,ciclo3_AM_AC_AD,market,concentrator_alimentador_650,cfp,100,1.485401,0
1788504550.617257,63,ciclo3_AM_AC_AD,market,dso,cfp,100,0.641592,0
1788504550.658029,63,ciclo3_AM_AC_AD,dso,market,propose,1104,17.402556,0
1788504550.659543,63,ciclo3_AM_AC_AD,concentrator_alimentador_650,market,propose,1300,23.151791,0
1788504550.958222,64,ciclo1_AC_AP,concentrator_alimentador_650,prosumer611,cfp,100,3.840690,0
1788504550.958672,64,ciclo1_AC_AP,concentrator_alimentador_650,prosumer632,cfp,100,2.646093,0
1788504550.959054,64,ciclo1_AC_AP,concentrator_alimentador_650,prosumer634,cfp,100,1.766612,0
1788504550.959433,64,ciclo1_AC_AP,concentrator_alimentador_650,prosumer645,cfp,100,4.317864,0
1788504550.959611,64,ciclo1_AC_AP,concentrator_alimentador_650,prosumer646,cfp,100,2.600246,0
1788504550.959745,64,ciclo1_AC_AP,concentrator_alimentador_650,prosumer652,cfp,100,4.788916,0
1788504550.959877,64,ciclo1_AC_AP,concentrator_alimentador_650,prosumer670,cfp,100,0.401510,0
1788504550.960003,64,ciclo1_AC_AP,concentrator_alimentador_650,prosumer671,cfp,100,4.264504,0
1788504550.960132,64,ciclo1_AC_AP,concentrator_alimentador_650,prosumer675,cfp,100,2.411684,0
1788504550.960292,64,ciclo1_AC_AP,concentrator_alimentador_650,prosumer692,cfp,100,3.290804,0
1788504550.967460,64,ciclo1_AC_AP,prosumer670,concentrator_alimentador_650,propose,463,8.122286,0
1788504550.980377,64,ciclo1_AC_AP,prosumer634,concentrator_alimentador_650,propose,125,3.929368,0
1788504550.988814,64,ciclo1_AC_AP,prosumer675,concentrator_alimentador_650,propose,298,8.694085,0
1788504550.990740,64,ciclo1_AC_AP,prosumer632,concentrator_alimentador_650,propose,117,5.848295,0
1788504550.992696,64,ciclo1_AC_AP,prosumer646,concentrator_alimentador_650,propose,219,2.103691,0
1788504550.996103,64,ciclo1_AC_AP,prosumer692,concentrator_alimentador_650,propose,424,8.310192,0
1788504550.999239,64,ciclo1_AC_AP,prosumer611,concentrator_alimentador_650,propose,143,7.170441,0
1788504551.006024,64,ciclo1_AC_AP,prosumer645,concentrator_alimentador_650,propose,195,5.374617,0
1788504551.007819,64,ciclo1_AC_AP,prosumer671,concentrator_alimentador_650,propose,286,10.536468,0
1788504551.009918,64,ciclo1_AC_AP,prosumer652,concentrator_alimentador_650,propose,129,6.599079,0
1788504551.116746,64,ciclo2_AD_AC,dso,concentrator_alimentador_650,cfp,100,1.043137,0
1788504551.131916,64,ciclo2_AD_AC,concentrator_alimentador_650,dso,propose,1380,22.325364,0
1788504551.358721,64,ciclo3_AM_AC_AD,market,dso,cfp,100,1.285845,0
1788504551.403197,64,ciclo3_AM_AC_AD,dso,market,propose,1326,21.156559,0
1788504551.622394,64,ciclo3_AM_AC_AD,market,concentrator_alimentador_650,cfp,100,2.170834,0
1788504551.623286,64,ciclo3_AM_AC_AD,market,dso,cfp,100,3.298862,0
1788504551.674570,64,ciclo3_AM_AC_AD,concentrator_alimentador_650,market,propose,1346,22.198747,0
1788504551.688082,64,ciclo3_AM_AC_AD,dso,market,propose,1088,19.192216,0
1788504551.963222,65,ciclo1_AC_AP,concentrator_alimentador_650,prosumer611,cfp,100,4.389022,0
1788504551.964125,65,ciclo1_AC_AP,concentrator_alimentador_650,prosumer632,cfp,100,2.067090,0
1788504551.964560,65,ciclo1_AC_AP,concentrator_alimentador_650,prosumer634,cfp,100,5.428034,0
1788504551.964892,65,ciclo1_AC_AP,concentrator_alimentador_650,prosumer645,cfp,100,4.263073,0
1788504551.965096,65,ciclo1_AC_AP,concentrator_alimentador_650,prosumer646,cfp,100,2.618612,0
1788504551.965459,65,ciclo1_AC_AP,concentrator_alimentador_650,prosumer652,cfp,100,0.978966,0
1788504551.965674,65,ciclo1_AC_AP,concentrator_alimentador_650,prosumer670,cfp,100,2.341716,0
1788504551.965854,65,ciclo1_AC_AP,concentrator_alimentador_650,prosumer671,cfp,100,3.029201,0
1788504551.966025,65,ciclo1_AC_AP,concentrator_alimentador_650,prosumer675,cfp,100,4.302962,0
1788504551.966320,65,ciclo1_AC_AP,concentrator_alimentador_650,prosumer692,cfp,100,3.161858,0
1788504551.979373,65,ciclo1_AC_AP,prosumer652,concentrator_alimentador_650,propose,219,11.973156,0
1788504551.989426,65,ciclo1_AC_AP,prosumer632,concentrator_alimentador_650,propose,412,16.432329,0
1788504551.992485,65,ciclo1_AC_AP,prosumer670,concentrator_alimentador_650,propose,252,2.519023,0
1788504551.994898,65,ciclo1_AC_AP,prosumer646,concentrator_alimentador_650,propose,413,8.309601,0
1788504551.998219,65,ciclo1_AC_AP,prosumer671,concentrator_alimentador_650,propose,144,9.803660,0
1788504552.000188,65,ciclo1_AC_AP,prosumer692,concentrator_alimentador_650,propose,460,8.133605,0
1788504552.010679,65,ciclo1_AC_AP,prosumer611,concentrator_alimentador_650,propose,362,11.179260,0
1788504552.012198,65,ciclo1_AC_AP,prosumer645,concentrator_alimentador_650,propose,484,16.905724,0
1788504552.013834,65,ciclo1_AC_AP,prosumer675,concentrator_alimentador_650,propose,245,7.001910,0
1788504552.021347,65,ciclo1_AC_AP,prosumer634,concentrator_alimentador_650,propose,494,16.675010,0
1788504552.192120,65,ciclo2_AD_AC,dso,concentrator_alimentador_650,cfp,100,2.412925,0
1788504552.220853,65,ciclo2_AD_AC,concentrator_alimentador_650,dso,propose,1449,25.173813,0
1788504552.479875,65,ciclo3_AM_AC_AD,market,dso,cfp,100,1.645867,0
1788504552.529014,65,ciclo3_AM_AC_AD,dso,market,propose,1452,22.446243,0
1788504552.761046,65,ciclo3_AM_AC_AD,market,concentrator_alimentador_650,cfp,100,3.263334,0
1788504552.762080,65,ciclo3_AM_AC_AD,market,dso,cfp,100,1.545573,0
1788504552.806374,65,ciclo3_AM_AC_AD,dso,market,propose,1180,19.919946,0
1788504552.807294,65,ciclo3_AM_AC_AD,concentrator_alimentador_650,market,propose,1210,22.034472,0
1788504553.093385,66,ciclo1_AC_AP,concentrator_alimentador_650,prosumer611,cfp,100,1.525361,0
1788504553.093701,66,ciclo1_AC_AP,concentrator_alimentador_650,prosumer632,cfp,100,4.500108,0
1788504553.093943,66,ciclo1_AC_AP,concentrator_alimentador_650,prosumer634,cfp,100,2.986045,0
1788504553.094074,66,ciclo1_AC_AP,concentrator_alimentador_650,prosumer645,cfp,100,3.788280,0
1788504553.094267,66,ciclo1_AC_AP,concentrator_alimentador_650,prosumer646,cfp,100,2.033193,0
1788504553.094382,66,ciclo1_AC_AP,concentrator_alimentador_650,prosumer652,cfp,100,0.968770,0
1788504553.094488,66,ciclo1_AC_AP,concentrator_alimentador_650,prosumer670,cfp,100,3.562851,0
1788504553.094625,66,ciclo1_AC_AP,concentrator_alimentador_650,prosumer671,cfp,100,4.851494,0
1788504553.094719,66,ciclo1_AC_AP,concentrator_alimentador_650,prosumer675,cfp,100,4.251461,0
1788504553.094813,66,ciclo1_AC_AP,concentrator_alimentador_650,prosumer692,cfp,100,2.034970,0
1788504553.107108,66,ciclo1_AC_AP,prosumer652,concentrator_alimentador_650,propose,334,11.373473,0
1788504553.111334,66,ciclo1_AC_AP,prosumer611,concentrator_alimentador_650,propose,127,7.294762,0
1788504553.117793,66,ciclo1_AC_AP,prosumer646,concentrator_alimentador_650,propose,423,6.433782,0
1788504553.119002,66,ciclo1_AC_AP,prosumer692,concentrator_alimentador_650,propose,456,9.665468,0
1788504553.126702,66,ciclo1_AC_AP,prosumer634,concentrator_alimentador_650,propose,364,13.503027,0
1788504553.135059,66,ciclo1_AC_AP,prosumer670,concentrator_alimentador_650,propose,440,8.234889,0
1788504553.137071,66,ciclo1_AC_AP,prosumer645,concentrator_alimentador_650,propose,432,17.427842,0
1788504553.139585,66,ciclo1_AC_AP,prosumer675,concentrator_alimentador_650,propose,380,10.692040,0
1788504553.141973,66,ciclo1_AC_AP,prosumer632,concentrator_alimentador_650,propose,476,16.530429,0
1788504553.145013,66,ciclo1_AC_AP,prosumer671,concentrator_alimentador_650,propose,320,13.560672,0
1788504553.315291,66,ciclo2_AD_AC,dso,concentrator_alimentador_650,cfp,100,2.372485,0
1788504553.344681,66,ciclo2_AD_AC,concentrator_alimentador_650,dso,propose,1297,23.868109,0
1788504553.590764,66,ciclo3_AM_AC_AD,market,dso,cfp,100,1.569848,0
1788504553.615888,66,ciclo3_AM_AC_AD,dso,market,propose,1232,20.779993,0
1788504553.831029,66,ciclo3_AM_AC_AD,market,concentrator_alimentador_650,cfp,100,2.978096,0
1788504553.832000,66,ciclo3_AM_AC_AD,market,dso,cfp,100,2.426107,0
1788504553.893219,66,ciclo3_AM_AC_AD,concentrator_alimentador_650,market,propose,1250,21.161517,0
1788504553.894853,66,ciclo3_AM_AC_AD,dso,market,propose,1130,20.172471,0
1788504554.172570,67,ciclo1_AC_AP,concentrator_alimentador_650,prosumer611,cfp,100,4.357084,0
1788504554.173451,67,ciclo1_AC_AP,concentrator_alimentador_650,prosumer632,cfp,100,4.368649,0
1788504554.174081,67,ciclo1_AC_AP,concentrator_alimentador_650,prosumer634,cfp,100,4.204548,0
1788504554.174519,67,ciclo1_AC_AP,concentrator_alimentador_650,prosumer645,cfp,100,5.354506,0
1788504554.174987,67,ciclo1_AC_AP,concentrator_alimentador_650,prosumer646,cfp,100,1.559071,0
1788504554.175221,67,ciclo1_AC_AP,concentrator_alimentador_650,prosumer652,cfp,100,6.604703,0
1788504554.175366,67,ciclo1_AC_AP,concentrator_alimentador_650,prosumer670,cfp,100,1.633210,0
1788504554.175502,67,ciclo1_AC_AP,concentrator_alimentador_650,prosumer671,cfp,100,4.172779,0
1788504554.175640,67,ciclo1_AC_AP,concentrator_alimentador_650,prosumer675,cfp,100,3.884262,0
1788504554.175771,67,ciclo1_AC_AP,concentrator_alimentador_650,prosumer692,cfp,100,0.898804,0
1788504554.188541,67,ciclo1_AC_AP,prosumer692,concentrator_alimentador_650,propose,460,7.068307,0
1788504554.193530,67,ciclo1_AC_AP,prosumer646,concentrator_alimentador_650,propose,343,6.730934,0
1788504554.195490,67,ciclo1_AC_AP,prosumer670,concentrator_alimentador_650,propose,210,2.370224,0
1788504554.217278,67,ciclo1_AC_AP,prosumer675,concentrator_alimentador_650,propose,272,13.175066,0
1788504554.220298,67,ciclo1_AC_AP,prosumer634,concentrator_alimentador_650,propose,236,11.114969,0
1788504554.221917,67,ciclo1_AC_AP,prosumer611,concentrator_alimentador_650,propose,121,3.630626,0
1788504554.223284,67,ciclo1_AC_AP,prosumer632,concentrator_alimentador_650,propose,122,6.011365,0
1788504554.224486,67,ciclo1_AC_AP,prosumer671,concentrator_alimentador_650,propose,126,3.271020,0
1788504554.230823,67,ciclo1_AC_AP,prosumer645,concentrator_alimentador_650,propose,183,8.199658,0
1788504554.244388,67,ciclo1_AC_AP,prosumer652,concentrator_alimentador_650,propose,279,9.845781,0
1788504554.352868,67,ciclo2_AD_AC,dso,concentrator_alimentador_650,cfp,100,0.975801,0
1788504554.366028,67,ciclo2_AD_AC,concentrator_alimentador_650,dso,propose,1001,15.690385,0
1788504554.530244,67,ciclo3_AM_AC_AD,market,dso,cfp,100,2.775748,0
1788504554.568408,67,ciclo3_AM_AC_AD,dso,market,propose,1148,20.930850,0
1788504554.783918,67,ciclo3_AM_AC_AD,market,concentrator_alimentador_650,cfp,100,1.642952,0
1788504554.784908,67,ciclo3_AM_AC_AD,market,dso,cfp,100,0.882388,0
1788504554.826035,67,ciclo3_AM_AC_AD,dso,market,propose,1335,23.376831,0
1788504554.827330,67,ciclo3_AM_AC_AD,concentrator_alimentador_650,market,propose,1003,16.681249,0
1788504555.128115,68,ciclo1_AC_AP,concentrator_alimentador_650,prosumer611,cfp,100,5.514571,0
1788504555.128681,68,ciclo1_AC_AP,concentrator_alimentador_650,prosumer632,cfp,100,5.973204,0
1788504555.129112,68,ciclo1_AC_AP,concentrator_alimentador_650,prosumer634,cfp,100,4.417607,0
1788504555.129412,68,ciclo1_AC_AP,concentrator_alimentador_650,prosumer645,cfp,100,2.292100,0
1788504555.129658,68,ciclo1_AC_AP,concentrator_alimentador_650,prosumer646,cfp,100,2.999498,0
1788504555.129837,68,ciclo1_AC_AP,concentrator_alimentador_650,prosumer652,cfp,100,5.373129,0
1788504555.130002,68,ciclo1_AC_AP,concentrator_alimentador_650,prosumer670,cfp,100,1.747426,0
1788504555.130173,68,ciclo1_AC_AP,concentrator_alimentador_650,prosumer671,cfp,100,2.551695,0
1788504555.130339,68,ciclo1_AC_AP,concentrator_alimentador_650,prosumer675,cfp,100,1.362125,0
1788504555.130496,68,ciclo1_AC_AP,concentrator_alimentador_650,prosumer692,cfp,100,2.964186,0
1788504555.148198,68,ciclo1_AC_AP,prosumer675,concentrator_alimentador_650,propose,171,8.909359,0
1788504555.150533,68,ciclo1_AC_AP,prosumer670,concentrator_alimentador_650,propose,132,4.092073,0
1788504555.154891,68,ciclo1_AC_AP,prosumer645,concentrator_alimentador_650,propose,319,11.379990,0
1788504555.157969,68,ciclo1_AC_AP,prosumer671,concentrator_alimentador_650,propose,448,17.099279,0
1788504555.162567,68,ciclo1_AC_AP,prosumer646,concentrator_alimentador_650,propose,213,3.267750,0
1788504555.163944,68,ciclo1_AC_AP,prosumer692,concentrator_alimentador_650,propose,411,6.298786,0
1788504555.177437,68,ciclo1_AC_AP,prosumer634,concentrator_alimentador_650,propose,303,12.817599,0
1788504555.187625,68,ciclo1_AC_AP,prosumer611,concentrator_alimentador_650,propose,385,14.687878,0
1788504555.189968,68,ciclo1_AC_AP,prosumer652,concentrator_alimentador_650,propose,213,4.804673,0
1788504555.192233,68,ciclo1_AC_AP,prosumer632,concentrator_alimentador_650,propose,332,11.800723,0
1788504555.338395,68,ciclo2_AD_AC,dso,concentrator_alimentador_650,cfp,100,0.401916,0
1788504555.345430,68,ciclo2_AD_AC,concentrator_alimentador_650,dso,propose,1098,19.218375,0
1788504555.542080,68,ciclo3_AM_AC_AD,market,dso,cfp,100,3.335555,0
1788504555.607408,68,ciclo3_AM_AC_AD,dso,market,propose,1173,19.366568,0
1788504555.805453,68,ciclo3_AM_AC_AD,market,concentrator_alimentador_650,cfp,100,0.352413,0
1788504555.805938,68,ciclo3_AM_AC_AD,market,dso,cfp,100,0.375820,0
1788504555.843565,68,ciclo3_AM_AC_AD,concentrator_alimentador_650,market,propose,1311,21.470198,0
1788504555.846772,68,ciclo3_AM_AC_AD,dso,market,propose,1052,19.155409,0
1788504556.124996,69,ciclo1_AC_AP,concentrator_alimentador_650,prosumer611,cfp,100,3.700447,0
1788504556.126298,69,ciclo1_AC_AP,concentrator_alimentador_650,prosumer632,cfp,100,3.875422,0
1788504556.127516,69,ciclo1_AC_AP,concentrator_alimentador_650,prosumer634,cfp,100,4.627650,0
1788504556.128646,69,ciclo1_AC_AP,concentrator_alimentador_650,prosumer645,cfp,100,5.659677,0
1788504556.129605,69,ciclo1_AC_AP,concentrator_alimentador_650,prosumer646,cfp,100,1.048432,0
1788504556.130322,69,ciclo1_AC_AP,concentrator_alimentador_650,prosumer652,cfp,100,6.344409,0
1788504556.130656,69,ciclo1_AC_AP,concentrator_alimentador_650,prosumer670,cfp,100,2.997005,0
1788504556.130963,69,ciclo1_AC_AP,concentrator_alimentador_650,prosumer671,cfp,100,2.633517,0
1788504556.131149,69,ciclo1_AC_AP,concentrator_alimentador_650,prosumer675,cfp,100,4.849278,0
1788504556.131422,69,ciclo1_AC_AP,concentrator_alimentador_650,prosumer692,cfp,100,3.845618,0
1788504556.144340,69,ciclo1_AC_AP,prosumer646,concentrator_alimentador_650,propose,410,7.507949,0
1788504556.160256,69,ciclo1_AC_AP,prosumer671,concentrator_alimentador_650,propose,143,7.319493,0
1788504556.164224,69,ciclo1_AC_AP,prosumer670,concentrator_alimentador_650,propose,263,7.997314,0
1788504556.165601,69,ciclo1_AC_AP,prosumer611,concentrator_alimentador_650,propose,265,10.697687,0
1788504556.167196,69,ciclo1_AC_AP,prosumer632,concentrator_alimentador_650,propose,374,13.469439,0
1788504556.172417,69,ciclo1_AC_AP,prosumer692,concentrator_alimentador_650,propose,333,7.751325,0
1788504556.176444,69,ciclo1_AC_AP,prosumer634,concentrator_alimentador_650,propose,266,9.855038,0
1788504556.182424,69,ciclo1_AC_AP,prosumer675,concentrator_alimentador_650,propose,230,8.801371,0
1788504556.188106,69,ciclo1_AC_AP,prosumer645,concentrator_alimentador_650,propose,114,5.399967,0
1788504556.197648,69,ciclo1_AC_AP,prosumer652,concentrator_alimentador_650,propose,367,13.716700,0
1788504556.338544,69,ciclo2_AD_AC,dso,concentrator_alimentador_650,cfp,100,0.298638,0
1788504556.344493,69,ciclo2_AD_AC,concentrator_alimentador_650,dso,propose,1022,17.330972,0
1788504556.523499,69,ciclo3_AM_AC_AD,market,dso,cfp,100,2.356366,0
1788504556.556956,69,ciclo3_AM_AC_AD,dso,market,propose,1097,16.450318,0
1788504556.728736,69,ciclo3_AM_AC_AD,market,concentrator_alimentador_650,cfp,100,1.907104,0
1788504556.729830,69,ciclo3_AM_AC_AD,market,dso,cfp,100,2.061722,0
1788504556.772183,69,ciclo3_AM_AC_AD,concentrator_alimentador_650,market,propose,1188,20.233598,0
1788504556.782094,69,ciclo3_AM_AC_AD,dso,market,propose,1041,17.399773,0
1788504557.040219,70,ciclo1_AC_AP,concentrator_alimentador_650,prosumer611,cfp,100,3.933241,0
1788504557.041058,70,ciclo1_AC_AP,concentrator_alimentador_650,prosumer632,cfp,100,2.355142,0
1788504557.041501,70,ciclo1_AC_AP,concentrator_alimentador_650,prosumer634,cfp,100,3.476564,0
1788504557.042086,70,ciclo1_AC_AP,concentrator_alimentador_650,prosumer645,cfp,100,7.420536,0
1788504557.042420,70,ciclo1_AC_AP,concentrator_alimentador_650,prosumer646,cfp,100,3.840599,0
1788504557.042763,70,ciclo1_AC_AP,concentrator_alimentador_650,prosumer652,cfp,100,3.164951,0
1788504557.042891,70,ciclo1_AC_AP,concentrator_alimentador_650,prosumer670,cfp,100,2.804428,0
1788504557.043007,70,ciclo1_AC_AP,concentrator_alimentador_650,prosumer671,cfp,100,6.435563,0
1788504557.043127,70,ciclo1_AC_AP,concentrator_alimentador_650,prosumer675,cfp,100,2.445313,0
1788504557.043257,70,ciclo1_AC_AP,concentrator_alimentador_650,prosumer692,cfp,100,3.186927,0
1788504557.067898,70,ciclo1_AC_AP,prosumer632,concentrator_alimentador_650,propose,207,7.959110,0
1788504557.069952,70,ciclo1_AC_AP,prosumer675,concentrator_alimentador_650,propose,368,12.511880,0
1788504557.073218,70,ciclo1_AC_AP,prosumer670,concentrator_alimentador_650,propose,277,4.815342,0
1788504557.076717,70,ciclo1_AC_AP,prosumer652,concentrator_alimentador_650,propose,196,6.567271,0
1788504557.078794,70,ciclo1_AC_AP,prosumer692,concentrator_alimentador_650,propose,203,5.125891,0
1788504557.080058,70,ciclo1_AC_AP,prosumer634,concentrator_alimentador_650,propose,228,10.130809,0
1788504557.081836,70,ciclo1_AC_AP,prosumer611,concentrator_alimentador_650,propose,444,18.022821,0
1788504557.083440,70,ciclo1_AC_AP,prosumer646,concentrator_alimentador_650,propose,473,7.334503,0
1788504557.111155,70,ciclo1_AC_AP,prosumer671,concentrator_alimentador_650,propose,476,14.663259,0
1788504557.118726,70,ciclo1_AC_AP,prosumer645,concentrator_alimentador_650,propose,254,7.310957,0
1788504557.265465,70,ciclo2_AD_AC,dso,concentrator_alimentador_650,cfp,100,0.948593,0
1788504557.279703,70,ciclo2_AD_AC,concentrator_alimentador_650,dso,propose,1159,20.590197,0
1788504557.491828,70,ciclo3_AM_AC_AD,market,dso,cfp,100,0.350204,0
1788504557.528032,70,ciclo3_AM_AC_AD,dso,market,propose,1264,18.295822,0
1788504557.716663,70,ciclo3_AM_AC_AD,market,concentrator_alimentador_650,cfp,100,3.597318,0
1788504557.717588,70,ciclo3_AM_AC_AD,market,dso,cfp,100,0.149269,0
1788504557.749161,70,ciclo3_AM_AC_AD,dso,market,propose,1440,22.872760,0
1788504557.775256,70,ciclo3_AM_AC_AD,concentrator_alimentador_650,market,propose,1196,20.874009,0
1788504558.050761,71,ciclo1_AC_AP,concentrator_alimentador_650,prosumer611,cfp,100,5.139857,0
1788504558.051980,71,ciclo1_AC_AP,concentrator_alimentador_650,prosumer632,cfp,100,1.650493,0
1788504558.053074,71,ciclo1_AC_AP,concentrator_alimentador_650,prosumer634,cfp,100,3.794956,0
1788504558.053962,71,ciclo1_AC_AP,concentrator_alimentador_650,prosumer645,cfp,100,1.041171,0
1788504558.054632,71,ciclo1_AC_AP,concentrator_alimentador_650,prosumer646,cfp,100,3.510349,0
1788504558.055228,71,ciclo1_AC_AP,concentrator_alimentador_650,prosumer652,cfp,100,2.108281,0
1788504558.055643,71,ciclo1_AC_AP,concentrator_alimentador_650,prosumer670,cfp,100,2.225316,0
1788504558.056087,71,ciclo1_AC_AP,concentrator_alimentador_650,prosumer671,cfp,100,1.276604,0
1788504558.056551,71,ciclo1_AC_AP,concentrator_alimentador_650,prosumer675,cfp,100,3.955945,0
1788504558.056911,71,ciclo1_AC_AP,concentrator_alimentador_650,prosumer692,cfp,100,3.331803,0
1788504558.068075,71,ciclo1_AC_AP,prosumer645,concentrator_alimentador_650,propose,230,5.911944,0
1788504558.072981,71,ciclo1_AC_AP,prosumer632,concentrator_alimentador_650,propose,346,10.498199,0
1788504558.074878,71,ciclo1_AC_AP,prosumer671,concentrator_alimentador_650,propose,276,11.274577,0
1788504558.079958,71,ciclo1_AC_AP,prosumer652,concentrator_alimentador_650,propose,464,15.180169,0
1788504558.082006,71,ciclo1_AC_AP,prosumer670,concentrator_alimentador_650,propose,222,3.645525,0
1788504558.094925,71,ciclo1_AC_AP,prosumer646,concentrator_alimentador_650,propose,122,2.768917,0
1788504558.097258,71,ciclo1_AC_AP,prosumer692,concentrator_alimentador_650,propose,256,4.964547,0
1788504558.099378,71,ciclo1_AC_AP,prosumer634,concentrator_alimentador_650,propose,382,16.954362,0
1788504558.101254,71,ciclo1_AC_AP,prosumer675,concentrator_alimentador_650,propose,137,8.246331,0
1788504558.104438,71,ciclo1_AC_AP,prosumer611,concentrator_alimentador_650,propose,104,4.268311,0
1788504558.274337,71,ciclo2_AD_AC,dso,concentrator_alimentador_650,cfp,100,0.404516,0
1788504558.282568,71,ciclo2_AD_AC,concentrator_alimentador_650,dso,propose,1235,18.852576,0
1788504558.477026,71,ciclo3_AM_AC_AD,market,dso,cfp,100,0.038286,0
1788504558.483902,71,ciclo3_AM_AC_AD,dso,market,propose,1253,20.879165,0
1788504558.699708,71,ciclo3_AM_AC_AD,market,concentrator_alimentador_650,cfp,100,1.041088,0
1788504558.700656,71,ciclo3_AM_AC_AD,market,dso,cfp,100,2.209159,0
1788504558.736731,71,ciclo3_AM_AC_AD,concentrator_alimentador_650,market,propose,1370,23.515838,0
1788504558.745902,71,ciclo3_AM_AC_AD,dso,market,propose,1224,21.900452,0
1788504559.037380,72,ciclo1_AC_AP,concentrator_alimentador_650,prosumer611,cfp,100,2.490821,0
1788504559.038200,72,ciclo1_AC_AP,concentrator_alimentador_650,prosumer632,cfp,100,2.009045,0
1788504559.038812,72,ciclo1_AC_AP,concentrator_alimentador_650,prosumer634,cfp,100,3.478323,0
1788504559.039157,72,ciclo1_AC_AP,concentrator_alimentador_650,prosumer645,cfp,100,3.706037,0
1788504559.039475,72,ciclo1_AC_AP,concentrator_alimentador_650,prosumer646,cfp,100,3.437447,0
1788504559.039785,72,ciclo1_AC_AP,concentrator_alimentador_650,prosumer652,cfp,100,4.327389,0
1788504559.040006,72,ciclo1_AC_AP,concentrator_alimentador_650,prosumer670,cfp,100,1.764125,0
1788504559.040278,72,ciclo1_AC_AP,concentrator_alimentador_650,prosumer671,cfp,100,7.066807,0
1788504559.040683,72,ciclo1_AC_AP,concentrator_alimentador_650,prosumer675,cfp,100,2.829057,0
1788504559.041106,72,ciclo1_AC_AP,concentrator_alimentador_650,prosumer692,cfp,100,1.864223,0
1788504559.060638,72,ciclo1_AC_AP,prosumer670,concentrator_alimentador_650,propose,124,0.383040,0
1788504559.062413,72,ciclo1_AC_AP,prosumer632,concentrator_alimentador_650,propose,311,12.748534,0
1788504559.064562,72,ciclo1_AC_AP,prosumer692,concentrator_alimentador_650,propose,352,4.559166,0
1788504559.065931,72,ciclo1_AC_AP,prosumer611,concentrator_alimentador_650,propose,335,10.861153,0
1788504559.070830,72,ciclo1_AC_AP,prosumer675,concentrator_alimentador_650,propose,325,13.334944,0
1788504559.076236,72,ciclo1_AC_AP,prosumer634,concentrator_alimentador_650,propose,160,5.056288,0
1788504559.077361,72,ciclo1_AC_AP,prosumer646,concentrator_alimentador_650,propose,143,3.075598,0
1788504559.079057,72,ciclo1_AC_AP,prosumer645,concentrator_alimentador_650,propose,141,9.353423,0
1788504559.085073,72,ciclo1_AC_AP,prosumer652,concentrator_alimentador_650,propose,223,9.652303,0
1788504559.115985,72,ciclo1_AC_AP,prosumer671,concentrator_alimentador_650,propose,150,4.921970,0
1788504559.208602,72,ciclo2_AD_AC,dso,concentrator_alimentador_650,cfp,100,0.872446,0
1788504559.221466,72,ciclo2_AD_AC,concentrator_alimentador_650,dso,propose,1423,25.907507,0
1788504559.485878,72,ciclo3_AM_AC_AD,market,dso,cfp,100,1.153253,0
1788504559.506182,72,ciclo3_AM_AC_AD,dso,market,propose,1391,20.534023,0
1788504559.719574,72,ciclo3_AM_AC_AD,market,concentrator_alimentador_650,cfp,100,1.898424,0
1788504559.720301,72,ciclo3_AM_AC_AD,market,dso,cfp,100,2.930055,0
1788504559.764963,72,ciclo3_AM_AC_AD,concentrator_alimentador_650,market,propose,1078,16.980598,0
1788504559.777301,72,ciclo3_AM_AC_AD,dso,market,propose,1211,20.038981,0
1788504560.046345,73,ciclo1_AC_AP,concentrator_alimentador_650,prosumer611,cfp,100,3.267115,0
1788504560.047151,73,ciclo1_AC_AP,concentrator_alimentador_650,prosumer632,cfp,100,4.420817,0
1788504560.048141,73,ciclo1_AC_AP,concentrator_alimentador_650,prosumer634,cfp,100,5.387769,0
1788504560.049076,73,ciclo1_AC_AP,concentrator_alimentador_650,prosumer645,cfp,100,2.943730,0
1788504560.049898,73,ciclo1_AC_AP,concentrator_alimentador_650,prosumer646,cfp,100,2.190539,0
1788504560.050581,73,ciclo1_AC_AP,concentrator_alimentador_650,prosumer652,cfp,100,4.931449,0
1788504560.051111,73,ciclo1_AC_AP,concentrator_alimentador_650,prosumer670,cfp,100,2.734623,0
1788504560.051732,73,ciclo1_AC_AP,concentrator_alimentador_650,prosumer671,cfp,100,6.705473,0
1788504560.052136,73,ciclo1_AC_AP,concentrator_alimentador_650,prosumer675,cfp,100,4.480042,0
1788504560.052450,73,ciclo1_AC_AP,concentrator_alimentador_650,prosumer692,cfp,100,2.081174,0
1788504560.078533,73,ciclo1_AC_AP,prosumer646,concentrator_alimentador_650,propose,209,2.287190,0
1788504560.081670,73,ciclo1_AC_AP,prosumer692,concentrator_alimentador_650,propose,325,6.631857,0
1788504560.084418,73,ciclo1_AC_AP,prosumer670,concentrator_alimentador_650,propose,413,7.474978,0
1788504560.085897,73,ciclo1_AC_AP,prosumer645,concentrator_alimentador_650,propose,139,5.008407,0
1788504560.087276,73,ciclo1_AC_AP,prosumer611,concentrator_alimentador_650,propose,318,12.055074,0
1788504560.093961,73,ciclo1_AC_AP,prosumer632,concentrator_alimentador_650,propose,386,14.729519,0
1788504560.099477,73,ciclo1_AC_AP,prosumer675,concentrator_alimentador_650,propose,486,12.621717,0
1788504560.102957,73,ciclo1_AC_AP,prosumer652,concentrator_alimentador_650,propose,301,10.301142,0
1788504560.106061,73,ciclo1_AC_AP,prosumer634,concentrator_alimentador_650,propose,120,4.600669,0
1788504560.121789,73,ciclo1_AC_AP,prosumer671,concentrator_alimentador_650,propose,192,5.895637,0
1788504560.245280,73,ciclo2_AD_AC,dso,concentrator_alimentador_650,cfp,100,0.810279,0
1788504560.256928,73,ciclo2_AD_AC,concentrator_alimentador_650,dso,propose,1127,19.033688,0
1788504560.453650,73,ciclo3_AM_AC_AD,market,dso,cfp,100,1.170702,0
1788504560.496807,73,ciclo3_AM_AC_AD,dso,market,propose,1250,21.884342,0
1788504560.719591,73,ciclo3_AM_AC_AD,market,concentrator_alimentador_650,cfp,100,3.401253,0
1788504560.720238,73,ciclo3_AM_AC_AD,market,dso,cfp,100,2.362951,0
1788504560.777001,73,ciclo3_AM_AC_AD,dso,market,propose,1112,16.867204,0
1788504560.779387,73,ciclo3_AM_AC_AD,concentrator_alimentador_650,market,propose,1065,18.598704,0
1788504561.032574,74,ciclo1_AC_AP,concentrator_alimentador_650,prosumer611,cfp,100,1.956037,0
1788504561.033425,74,ciclo1_AC_AP,concentrator_alimentador_650,prosumer632,cfp,100,7.119831,0
1788504561.034228,74,ciclo1_AC_AP,concentrator_alimentador_650,prosumer634,cfp,100,2.035973,0
1788504561.034759,74,ciclo1_AC_AP,concentrator_alimentador_650,prosumer645,cfp,100,6.701647,0
1788504561.035137,74,ciclo1_AC_AP,concentrator_alimentador_650,prosumer646,cfp,100,1.486001,0
1788504561.035353,74,ciclo1_AC_AP,concentrator_alimentador_650,prosumer652,cfp,100,3.374043,0
1788504561.035530,74,ciclo1_AC_AP,concentrator_alimentador_650,prosumer670,cfp,100,1.856885,0
1788504561.035703,74,ciclo1_AC_AP,concentrator_alimentador_650,prosumer671,cfp,100,4.582038,0
1788504561.035864,74,ciclo1_AC_AP,concentrator_alimentador_650,prosumer675,cfp,100,5.462748,0
1788504561.036023,74,ciclo1_AC_AP,concentrator_alimentador_650,prosumer692,cfp,100,1.507984,0
1788504561.054647,74,ciclo1_AC_AP,prosumer646,concentrator_alimentador_650,propose,242,5.505539,0
1788504561.057537,74,ciclo1_AC_AP,prosumer692,concentrator_alimentador_650,propose,280,6.033280,0
1788504561.059648,74,ciclo1_AC_AP,prosumer611,concentrator_alimentador_650,propose,263,12.744787,0
1788504561.060974,74,ciclo1_AC_AP,prosumer670,concentrator_alimentador_650,propose,322,4.395303,0
1788504561.062246,74,ciclo1_AC_AP,prosumer634,concentrator_alimentador_650,propose,154,8.462033,0
1788504561.071537,74,ciclo1_AC_AP,prosumer652,concentrator_alimentador_650,propose,385,15.784334,0
1788504561.083953,74,ciclo1_AC_AP,prosumer671,concentrator_alimentador_650,propose,246,8.287707,0
1788504561.093623,74,ciclo1_AC_AP,prosumer675,concentrator_alimentador_650,propose,412,12.836170,0
1788504561.104949,74,ciclo1_AC_AP,prosumer645,concentrator_alimentador_650,propose,377,15.048855,0
1788504561.108685,74,ciclo1_AC_AP,prosumer632,concentrator_alimentador_650,propose,203,8.116605,0
1788504561.259652,74,ciclo2_AD_AC,dso,concentrator_alimentador_650,cfp,100,1.599525,0
1788504561.279737,74,ciclo2_AD_AC,concentrator_alimentador_650,dso,propose,1364,22.553455,0
1788504561.512585,74,ciclo3_AM_AC_AD,market,dso,cfp,100,2.638336,0
1788504561.547696,74,ciclo3_AM_AC_AD,dso,market,propose,1151,18.735180,0
1788504561.742165,74,ciclo3_AM_AC_AD,market,concentrator_alimentador_650,cfp,100,0.569366,0
1788504561.743041,74,ciclo3_AM_AC_AD,market,dso,cfp,100,3.688939,0
1788504561.770439,74,ciclo3_AM_AC_AD,concentrator_alimentador_650,market,propose,1398,23.812407,0
1788504561.809127,74,ciclo3_AM_AC_AD,dso,market,propose,1226,19.528732,0
1788504562.074619,75,ciclo1_AC_AP,concentrator_alimentador_650,prosumer611,cfp,100,4.557952,0
1788504562.074902,75,ciclo1_AC_AP,concentrator_alimentador_650,prosumer632,cfp,100,2.831302,0
1788504562.075100,75,ciclo1_AC_AP,concentrator_alimentador_650,prosumer634,cfp,100,3.847309,0
1788504562.075281,75,ciclo1_AC_AP,concentrator_alimentador_650,prosumer645,cfp,100,2.600348,0
1788504562.075442,75,ciclo1_AC_AP,concentrator_alimentador_650,prosumer646,cfp,100,1.838234,0
1788504562.075591,75,ciclo1_AC_AP,concentrator_alimentador_650,prosumer652,cfp,100,4.464459,0
1788504562.075746,75,ciclo1_AC_AP,concentrator_alimentador_650,prosumer670,cfp,100,0.367005,0
1788504562.075891,75,ciclo1_AC_AP,concentrator_alimentador_650,prosumer671,cfp,100,1.654496,0
1788504562.076030,75,ciclo1_AC_AP,concentrator_alimentador_650,prosumer675,cfp,100,3.516480,0
1788504562.076187,75,ciclo1_AC_AP,concentrator_alimentador_650,prosumer692,cfp,100,1.915730,0
1788504562.082401,75,ciclo1_AC_AP,prosumer670,concentrator_alimentador_650,propose,363,7.888016,0
1788504562.096948,75,ciclo1_AC_AP,prosumer671,concentrator_alimentador_650,propose,409,18.178145,0
1788504562.099498,75,ciclo1_AC_AP,prosumer646,concentrator_alimentador_650,propose,336,7.569071,0
1788504562.101558,75,ciclo1_AC_AP,prosumer692,concentrator_alimentador_650,propose,374,4.537235,0
1788504562.103652,75,ciclo1_AC_AP,prosumer645,concentrator_alimentador_650,propose,424,16.702481,0
1788504562.105559,75,ciclo1_AC_AP,prosumer632,concentrator_alimentador_650,propose,233,8.310784,0
1788504562.113936,75,ciclo1_AC_AP,prosumer675,concentrator_alimentador_650,propose,239,6.454663,0
1788504562.116138,75,ciclo1_AC_AP,prosumer634,concentrator_alimentador_650,propose,218,7.810523,0
1788504562.123129,75,ciclo1_AC_AP,prosumer611,concentrator_alimentador_650,propose,108,4.371368,0
1788504562.124938,75,ciclo1_AC_AP,prosumer652,concentrator_alimentador_650,propose,160,6.174812,0
1788504562.282375,75,ciclo2_AD_AC,dso,concentrator_alimentador_650,cfp,100,2.996090,0
1788504562.317597,75,ciclo2_AD_AC,concentrator_alimentador_650,dso,propose,1314,23.467217,0
1788504562.558042,75,ciclo3_AM_AC_AD,market,dso,cfp,100,2.509669,0
1788504562.615677,75,ciclo3_AM_AC_AD,dso,market,propose,1401,25.379356,0
1788504562.872912,75,ciclo3_AM_AC_AD,market,concentrator_alimentador_650,cfp,100,1.765663,0
1788504562.873283,75,ciclo3_AM_AC_AD,market,dso,cfp,100,0.493156,0
1788504562.898422,75,ciclo3_AM_AC_AD,dso,market,propose,1364,22.587355,0
1788504562.906093,75,ciclo3_AM_AC_AD,concentrator_alimentador_650,market,propose,1050,17.692986,0
1788504563.192459,76,ciclo1_AC_AP,concentrator_alimentador_650,prosumer611,cfp,100,4.198914,0
1788504563.193181,76,ciclo1_AC_AP,concentrator_alimentador_650,prosumer632,cfp,100,5.754427,0
1788504563.193946,76,ciclo1_AC_AP,concentrator_alimentador_650,prosumer634,cfp,100,0.667553,0
1788504563.194859,76,ciclo1_AC_AP,concentrator_alimentador_650,prosumer645,cfp,100,1.697354,0
1788504563.195450,76,ciclo1_AC_AP,concentrator_alimentador_650,prosumer646,cfp,100,4.001466,0
1788504563.195732,76,ciclo1_AC_AP,concentrator_alimentador_650,prosumer652,cfp,100,2.552407,0
1788504563.195992,76,ciclo1_AC_AP,concentrator_alimentador_650,prosumer670,cfp,100,0.675852,0
1788504563.196284,76,ciclo1_AC_AP,concentrator_alimentador_650,prosumer671,cfp,100,0.760607,0
1788504563.196539,76,ciclo1_AC_AP,concentrator_alimentador_650,prosumer675,cfp,100,3.984478,0
1788504563.196781,76,ciclo1_AC_AP,concentrator_alimentador_650,prosumer692,cfp,100,2.757483,0
1788504563.203340,76,ciclo1_AC_AP,prosumer634,concentrator_alimentador_650,propose,188,4.848598,0
1788504563.206214,76,ciclo1_AC_AP,prosumer670,concentrator_alimentador_650,propose,475,8.184624,0
1788504563.207890,76,ciclo1_AC_AP,prosumer671,concentrator_alimentador_650,propose,312,10.941150,0
1788504563.214125,76,ciclo1_AC_AP,prosumer645,concentrator_alimentador_650,propose,227,8.525007,0
1788504563.223942,76,ciclo1_AC_AP,prosumer652,concentrator_alimentador_650,propose,211,10.059216,0
1788504563.227216,76,ciclo1_AC_AP,prosumer692,concentrator_alimentador_650,propose,245,2.384141,0
1788504563.237258,76,ciclo1_AC_AP,prosumer611,concentrator_alimentador_650,propose,476,16.918798,0
1788504563.239381,76,ciclo1_AC_AP,prosumer646,concentrator_alimentador_650,propose,437,9.253192,0
1788504563.240845,76,ciclo1_AC_AP,prosumer675,concentrator_alimentador_650,propose,103,2.704309,0
1788504563.255685,76,ciclo1_AC_AP,prosumer632,concentrator_alimentador_650,propose,479,17.274197,0
1788504563.434561,76,ciclo2_AD_AC,dso,concentrator_alimentador_650,cfp,100,3.352969,0
1788504563.473314,76,ciclo2_AD_AC,concentrator_alimentador_650,dso,propose,1274,20.304948,0
1788504563.682666,76,ciclo3_AM_AC_AD,market,dso,cfp,100,2.235396,0
1788504563.714925,76,ciclo3_AM_AC_AD,dso,market,propose,1263,19.014417,0
1788504563.912482,76,ciclo3_AM_AC_AD,market,concentrator_alimentador_650,cfp,100,2.704573,0
1788504563.913399,76,ciclo3_AM_AC_AD,market,dso,cfp,100,3.429610,0
1788504563.968980,76,ciclo3_AM_AC_AD,concentrator_alimentador_650,market,propose,1219,21.588934,0
1788504563.976739,76,ciclo3_AM_AC_AD,dso,market,propose,1439,24.965339,0
1788504564.294786,77,ciclo1_AC_AP,concentrator_alimentador_650,prosumer611,cfp,100,5.305130,0
1788504564.295778,77,ciclo1_AC_AP,concentrator_alimentador_650,prosumer632,cfp,100,3.420425,0
1788504564.296655,77,ciclo1_AC_AP,concentrator_alimentador_650,prosumer634,cfp,100,4.829476,0
1788504564.297081,77,ciclo1_AC_AP,concentrator_alimentador_650,prosumer645,cfp,100,3.631451,0
1788504564.297440,77,ciclo1_AC_AP,concentrator_alimentador_650,prosumer646,cfp,100,1.564653,0
1788504564.297917,77,ciclo1_AC_AP,concentrator_alimentador_650,prosumer652,cfp,100,5.429842,0
1788504564.298100,77,ciclo1_AC_AP,concentrator_alimentador_650,prosumer670,cfp,100,4.005460,0
1788504564.298265,77,ciclo1_AC_AP,concentrator_alimentador_650,prosumer671,cfp,100,4.340523,0
1788504564.298422,77,ciclo1_AC_AP,concentrator_alimentador_650,prosumer675,cfp,100,3.170890,0
1788504564.298575,77,ciclo1_AC_AP,concentrator_alimentador_650,prosumer692,cfp,100,3.880107,0
1788504564.315787,77,ciclo1_AC_AP,prosumer646,concentrator_alimentador_650,propose,125,3.679825,0
1788504564.332839,77,ciclo1_AC_AP,prosumer632,concentrator_alimentador_650,propose,162,7.367145,0
1788504564.334555,77,ciclo1_AC_AP,prosumer675,concentrator_alimentador_650,propose,296,14.485093,0
1788504564.336468,77,ciclo1_AC_AP,prosumer645,concentrator_alimentador_650,propose,430,14.997265,0
1788504564.339681,77,ciclo1_AC_AP,prosumer692,concentrator_alimentador_650,propose,239,3.111551,0
1788504564.340925,77,ciclo1_AC_AP,prosumer670,concentrator_alimentador_650,propose,160,3.627754,0
1788504564.343812,77,ciclo1_AC_AP,prosumer671,concentrator_alimentador_650,propose,477,17.074358,0
1788504564.346554,77,ciclo1_AC_AP,prosumer634,concentrator_alimentador_650,propose,389,15.928515,0
1788504564.350931,77,ciclo1_AC_AP,prosumer611,concentrator_alimentador_650,propose,283,13.085615,0
1788504564.354824,77,ciclo1_AC_AP,prosumer652,concentrator_alimentador_650,propose,217,8.131387,0
1788504564.519003,77,ciclo2_AD_AC,dso,concentrator_alimentador_650,cfp,100,1.967227,0
1788504564.543694,77,ciclo2_AD_AC,concentrator_alimentador_650,dso,propose,1345,23.073827,0
1788504564.782016,77,ciclo3_AM_AC_AD,market,dso,cfp,100,3.342667,0
1788504564.822842,77,ciclo3_AM_AC_AD,dso,market,propose,1366,21.209185,0
1788504565.038465,77,ciclo3_AM_AC_AD,market,concentrator_alimentador_650,cfp,100,3.976727,0
1788504565.038867,77,ciclo3_AM_AC_AD,market,dso,cfp,100,2.695828,0
1788504565.099472,77,ciclo3_AM_AC_AD,dso,market,propose,1360,21.902828,0
1788504565.104307,77,ciclo3_AM_AC_AD,concentrator_alimentador_650,market,propose,1279,22.586639,0
1788504565.396580,78,ciclo1_AC_AP,concentrator_alimentador_650,prosumer611,cfp,100,3.455677,0
1788504565.397436,78,ciclo1_AC_AP,concentrator_alimentador_650,prosumer632,cfp,100,6.254742,0
1788504565.398032,78,ciclo1_AC_AP,concentrator_alimentador_650,prosumer634,cfp,100,5.871093,0
1788504565.398704,78,ciclo1_AC_AP,concentrator_alimentador_650,prosumer645,cfp,100,2.356916,0
1788504565.399247,78,ciclo1_AC_AP,concentrator_alimentador_650,prosumer646,cfp,100,0.662827,0
1788504565.399693,78,ciclo1_AC_AP,concentrator_alimentador_650,prosumer652,cfp,100,3.557691,0
1788504565.400034,78,ciclo1_AC_AP,concentrator_alimentador_650,prosumer670,cfp,100,0.910466,0
1788504565.400317,78,ciclo1_AC_AP,concentrator_alimentador_650,prosumer671,cfp,100,3.361251,0
1788504565.400497,78,ciclo1_AC_AP,concentrator_alimentador_650,prosumer675,cfp,100,2.242425,0
1788504565.400648,78,ciclo1_AC_AP,concentrator_alimentador_650,prosumer692,cfp,100,0.348486,0
1788504565.407339,78,ciclo1_AC_AP,prosumer692,concentrator_alimentador_650,propose,438,9.465799,0
1788504565.409461,78,ciclo1_AC_AP,prosumer646,concentrator_alimentador_650,propose,244,5.108260,0
1788504565.411159,78,ciclo1_AC_AP,prosumer670,concentrator_alimentador_650,propose,213,6.043659,0
1788504565.426512,78,ciclo1_AC_AP,prosumer645,concentrator_alimentador_650,propose,478,16.903603,0
1788504565.428738,78,ciclo1_AC_AP,prosumer675,concentrator_alimentador_650,propose,222,8.551619,0
1788504565.433935,78,ciclo1_AC_AP,prosumer611,concentrator_alimentador_650,propose,133,7.572957,0
1788504565.436120,78,ciclo1_AC_AP,prosumer671,concentrator_alimentador_650,propose,365,8.725506,0
1788504565.438024,78,ciclo1_AC_AP,prosumer652,concentrator_alimentador_650,propose,257,12.669223,0
1788504565.460414,78,ciclo1_AC_AP,prosumer634,concentrator_alimentador_650,propose,445,13.761881,0
1788504565.463496,78,ciclo1_AC_AP,prosumer632,concentrator_alimentador_650,propose,267,11.589637,0
1788504565.601120,78,ciclo2_AD_AC,dso,concentrator_alimentador_650,cfp,100,2.549974,0
1788504565.630991,78,ciclo2_AD_AC,concentrator_alimentador_650,dso,propose,1119,18.348654,0
1788504565.821649,78,ciclo3_AM_AC_AD,market,dso,cfp,100,2.324379,0
1788504565.872374,78,ciclo3_AM_AC_AD,dso,market,propose,1191,20.250825,0
1788504566.081583,78,ciclo3_AM_AC_AD,market,concentrator_alimentador_650,cfp,100,3.633979,0
1788504566.082136,78,ciclo3_AM_AC_AD,market,dso,cfp,100,3.957232,0
1788504566.144866,78,ciclo3_AM_AC_AD,concentrator_alimentador_650,market,propose,1321,24.064186,0
1788504566.152193,78,ciclo3_AM_AC_AD,dso,market,propose,1245,18.996512,0
1788504566.463796,79,ciclo1_AC_AP,concentrator_alimentador_650,prosumer611,cfp,100,4.457693,0
1788504566.464139,79,ciclo1_AC_AP,concentrator_alimentador_650,prosumer632,cfp,100,2.318542,0
1788504566.464323,79,ciclo1_AC_AP,concentrator_alimentador_650,prosumer634,cfp,100,1.008996,0
1788504566.464513,79,ciclo1_AC_AP,concentrator_alimentador_650,prosumer645,cfp,100,4.471609,0
1788504566.464640,79,ciclo1_AC_AP,concentrator_alimentador_650,prosumer646,cfp,100,1.664100,0
1788504566.464756,79,ciclo1_AC_AP,concentrator_alimentador_650,prosumer652,cfp,100,5.668395,0
1788504566.464864,79,ciclo1_AC_AP,concentrator_alimentador_650,prosumer670,cfp,100,3.858599,0
1788504566.464966,79,ciclo1_AC_AP,concentrator_alimentador_650,prosumer671,cfp,100,1.976942,0
1788504566.465069,79,ciclo1_AC_AP,concentrator_alimentador_650,prosumer675,cfp,100,1.332609,0
1788504566.465181,79,ciclo1_AC_AP,concentrator_alimentador_650,prosumer692,cfp,100,0.703820,0
1788504566.475511,79,ciclo1_AC_AP,prosumer692,concentrator_alimentador_650,propose,246,2.131352,0
1788504566.477493,79,ciclo1_AC_AP,prosumer634,concentrator_alimentador_650,propose,398,15.374870,0
1788504566.481119,79,ciclo1_AC_AP,prosumer675,concentrator_alimentador_650,propose,187,8.915993,0
1788504566.483220,79,ciclo1_AC_AP,prosumer646,concentrator_alimentador_650,propose,170,5.110771,0
1788504566.487507,79,ciclo1_AC_AP,prosumer671,concentrator_alimentador_650,propose,107,6.686737,0
1788504566.489749,79,ciclo1_AC_AP,prosumer632,concentrator_alimentador_650,propose,383,14.492461,0
1788504566.506977,79,ciclo1_AC_AP,prosumer670,concentrator_alimentador_650,propose,358,5.069944,0
1788504566.510362,79,ciclo1_AC_AP,prosumer611,concentrator_alimentador_650,propose,267,10.230351,0
1788504566.512298,79,ciclo1_AC_AP,prosumer645,concentrator_alimentador_650,propose,287,10.363173,0
1788504566.524725,79,ciclo1_AC_AP,prosumer652,concentrator_alimentador_650,propose,399,13.769896,0
1788504566.667872,79,ciclo2_AD_AC,dso,concentrator_alimentador_650,cfp,100,1.546597,0
1788504566.687814,79,ciclo2_AD_AC,concentrator_alimentador_650,dso,propose,1325,22.199121,0
1788504566.917547,79,ciclo3_AM_AC_AD,market,dso,cfp,100,2.062817,0
1788504566.970345,79,ciclo3_AM_AC_AD,dso,market,propose,1012,15.945931,0
1788504567.137256,79,ciclo3_AM_AC_AD,market,concentrator_alimentador_650,cfp,100,0.485990,0
1788504567.138404,79,ciclo3_AM_AC_AD,market,dso,cfp,100,3.709386,0
1788504567.166215,79,ciclo3_AM_AC_AD,concentrator_alimentador_650,market,propose,1415,25.189168,0
1788504567.205166,79,ciclo3_AM_AC_AD,dso,market,propose,1066,19.452734,0
1788504567.485892,80,ciclo1_AC_AP,concentrator_alimentador_650,prosumer611,cfp,100,2.147301,0
1788504567.486786,80,ciclo1_AC_AP,concentrator_alimentador_650,prosumer632,cfp,100,2.643301,0
1788504567.487117,80,ciclo1_AC_AP,concentrator_alimentador_650,prosumer634,cfp,100,3.475132,0
1788504567.487472,80,ciclo1_AC_AP,concentrator_alimentador_650,prosumer645,cfp,100,5.805046,0
1788504567.487918,80,ciclo1_AC_AP,concentrator_alimentador_650,prosumer646,cfp,100,3.262940,0
1788504567.488245,80,ciclo1_AC_AP,concentrator_alimentador_650,prosumer652,cfp,100,3.650436,0
1788504567.488430,80,ciclo1_AC_AP,concentrator_alimentador_650,prosumer670,cfp,100,2.853811,0
1788504567.488573,80,ciclo1_AC_AP,concentrator_alimentador_650,prosumer671,cfp,100,5.383747,0
1788504567.488701,80,ciclo1_AC_AP,concentrator_alimentador_650,prosumer675,cfp,100,4.553815,0
1788504567.488829,80,ciclo1_AC_AP,concentrator_alimentador_650,prosumer692,cfp,100,3.188604,0
1788504567.511922,80,ciclo1_AC_AP,prosumer611,concentrator_alimentador_650,propose,302,10.269099,0
1788504567.515759,80,ciclo1_AC_AP,prosumer632,concentrator_alimentador_650,propose,179,10.120956,0
1788504567.518654,80,ciclo1_AC_AP,prosumer670,concentrator_alimentador_650,propose,190,4.008113,0
1788504567.523162,80,ciclo1_AC_AP,prosumer646,concentrator_alimentador_650,propose,361,7.157285,0
1788504567.524686,80,ciclo1_AC_AP,prosumer692,concentrator_alimentador_650,propose,139,2.282667,0
1788504567.526664,80,ciclo1_AC_AP,prosumer634,concentrator_alimentador_650,propose,169,10.635854,0
1788504567.528120,80,ciclo1_AC_AP,prosumer652,concentrator_alimentador_650,propose,491,19.005472,0
1788504567.536714,80,ciclo1_AC_AP,prosumer675,concentrator_alimentador_650,propose,205,6.989750,0
1788504567.546083,80,ciclo1_AC_AP,prosumer671,concentrator_alimentador_650,propose,500,17.196125,0
1788504567.548542,80,ciclo1_AC_AP,prosumer645,concentrator_alimentador_650,propose,496,17.682986,0
1788504567.728840,80,ciclo2_AD_AC,dso,concentrator_alimentador_650,cfp,100,0.311472,0
1788504567.735374,80,ciclo2_AD_AC,concentrator_alimentador_650,dso,propose,1254,20.260607,0
1788504567.945333,80,ciclo3_AM_AC_AD,market,dso,cfp,100,0.234588,0
1788504567.954882,80,ciclo3_AM_AC_AD,dso,market,propose,1291,21.803785,0
1788504568.179219,80,ciclo3_AM_AC_AD,market,concentrator_alimentador_650,cfp,100,3.418170,0
1788504568.179738,80,ciclo3_AM_AC_AD,market,dso,cfp,100,0.210641,0
1788504568.206976,80,ciclo3_AM_AC_AD,dso,market,propose,1392,21.909816,0
1788504568.237317,80,ciclo3_AM_AC_AD,concentrator_alimentador_650,market,propose,1356,23.572924,0
1788504568.540800,81,ciclo1_AC_AP,concentrator_alimentador_650,prosumer611,cfp,100,5.271824,0
1788504568.541548,81,ciclo1_AC_AP,concentrator_alimentador_650,prosumer632,cfp,100,6.942480,0
1788504568.542037,81,ciclo1_AC_AP,concentrator_alimentador_650,prosumer634,cfp,100,6.804594,0
1788504568.542357,81,ciclo1_AC_AP,concentrator_alimentador_650,prosumer645,cfp,100,2.085865,0
1788504568.542684,81,ciclo1_AC_AP,concentrator_alimentador_650,prosumer646,cfp,100,0.806946,0
1788504568.542949,81,ciclo1_AC_AP,concentrator_alimentador_650,prosumer652,cfp,100,5.705547,0
1788504568.543141,81,ciclo1_AC_AP,concentrator_alimentador_650,prosumer670,cfp,100,3.752091,0
1788504568.543334,81,ciclo1_AC_AP,concentrator_alimentador_650,prosumer671,cfp,100,2.428094,0
1788504568.543488,81,ciclo1_AC_AP,concentrator_alimentador_650,prosumer675,cfp,100,2.090412,0
1788504568.543639,81,ciclo1_AC_AP,concentrator_alimentador_650,prosumer692,cfp,100,1.688321,0
1788504568.555478,81,ciclo1_AC_AP,prosumer646,concentrator_alimentador_650,propose,209,5.600041,0
1788504568.563520,81,ciclo1_AC_AP,prosumer692,concentrator_alimentador_650,propose,220,4.967558,0
1788504568.566291,81,ciclo1_AC_AP,prosumer645,concentrator_alimentador_650,propose,475,14.832688,0
1788504568.567539,81,ciclo1_AC_AP,prosumer675,concentrator_alimentador_650,propose,167,6.290915,0
1788504568.568360,81,ciclo1_AC_AP,prosumer671,concentrator_alimentador_650,propose,219,7.575372,0
1788504568.584827,81,ciclo1_AC_AP,prosumer670,concentrator_alimentador_650,propose,489,8.402508,0
1788504568.597956,81,ciclo1_AC_AP,prosumer611,concentrator_alimentador_650,propose,296,11.925042,0
1788504568.602315,81,ciclo1_AC_AP,prosumer652,concentrator_alimentador_650,propose,280,9.264905,0
1788504568.613286,81,ciclo1_AC_AP,prosumer634,concentrator_alimentador_650,propose,411,15.140616,0
1788504568.615922,81,ciclo1_AC_AP,prosumer632,concentrator_alimentador_650,propose,402,16.356652,0
1788504568.784997,81,ciclo2_AD_AC,dso,concentrator_alimentador_650,cfp,100,1.126475,0
1788504568.800524,81,ciclo2_AD_AC,concentrator_alimentador_650,dso,propose,1067,19.922651,0
1788504569.004360,81,ciclo3_AM_AC_AD,market,dso,cfp,100,3.315670,0
1788504569.043165,81,ciclo3_AM_AC_AD,dso,market,propose,1322,23.347211,0
1788504569.281263,81,ciclo3_AM_AC_AD,market,concentrator_alimentador_650,cfp,100,3.283092,0
1788504569.281473,81,ciclo3_AM_AC_AD,market,dso,cfp,100,1.118840,0
1788504569.325898,81,ciclo3_AM_AC_AD,dso,market,propose,1255,20.214849,0
1788504569.334292,81,ciclo3_AM_AC_AD,concentrator_alimentador_650,market,propose,1461,23.463029,0
1788504569.637631,82,ciclo1_AC_AP,concentrator_alimentador_650,prosumer611,cfp,100,2.772775,0
1788504569.638627,82,ciclo1_AC_AP,concentrator_alimentador_650,prosumer632,cfp,100,1.377906,0
1788504569.639487,82,ciclo1_AC_AP,concentrator_alimentador_650,prosumer634,cfp,100,0.518645,0
1788504569.640117,82,ciclo1_AC_AP,concentrator_alimentador_650,prosumer645,cfp,100,3.970251,0
1788504569.640853,82,ciclo1_AC_AP,concentrator_alimentador_650,prosumer646,cfp,100,1.989978,0
1788504569.641412,82,ciclo1_AC_AP,concentrator_alimentador_650,prosumer652,cfp,100,5.675159,0
1788504569.641949,82,ciclo1_AC_AP,concentrator_alimentador_650,prosumer670,cfp,100,2.852297,0
1788504569.642388,82,ciclo1_AC_AP,concentrator_alimentador_650,prosumer671,cfp,100,2.373474,0
1788504569.642649,82,ciclo1_AC_AP,concentrator_alimentador_650,prosumer675,cfp,100,4.244556,0
1788504569.643126,82,ciclo1_AC_AP,concentrator_alimentador_650,prosumer692,cfp,100,0.479370,0
1788504569.647499,82,ciclo1_AC_AP,prosumer634,concentrator_alimentador_650,propose,155,11.060424,0
1788504569.651003,82,ciclo1_AC_AP,prosumer692,concentrator_alimentador_650,propose,415,8.463622,0
1788504569.656502,82,ciclo1_AC_AP,prosumer632,concentrator_alimentador_650,propose,113,5.369848,0
1788504569.663371,82,ciclo1_AC_AP,prosumer646,concentrator_alimentador_650,propose,369,4.769605,0
1788504569.669042,82,ciclo1_AC_AP,prosumer611,concentrator_alimentador_650,propose,405,18.579083,0
1788504569.671231,82,ciclo1_AC_AP,prosumer671,concentrator_alimentador_650,propose,283,12.094360,0
1788504569.673183,82,ciclo1_AC_AP,prosumer670,concentrator_alimentador_650,propose,350,7.286415,0
1788504569.683035,82,ciclo1_AC_AP,prosumer645,concentrator_alimentador_650,propose,333,12.386579,0
1788504569.691713,82,ciclo1_AC_AP,prosumer675,concentrator_alimentador_650,propose,258,11.721754,0
1788504569.702388,82,ciclo1_AC_AP,prosumer652,concentrator_alimentador_650,propose,106,3.349684,0
1788504569.860534,82,ciclo2_AD_AC,dso,concentrator_alimentador_650,cfp,100,3.622911,0
1788504569.900865,82,ciclo2_AD_AC,concentrator_alimentador_650,dso,propose,1490,22.369762,0
1788504570.130478,82,ciclo3_AM_AC_AD,market,dso,cfp,100,2.497402,0
1788504570.162598,82,ciclo3_AM_AC_AD,dso,market,propose,1112,18.888969,0
1788504570.357256,82,ciclo3_AM_AC_AD,market,concentrator_alimentador_650,cfp,100,0.310420,0
1788504570.357540,82,ciclo3_AM_AC_AD,market,dso,cfp,100,3.759576,0
1788504570.383403,82,ciclo3_AM_AC_AD,concentrator_alimentador_650,market,propose,1284,22.391553,0
1788504570.426752,82,ciclo3_AM_AC_AD,dso,market,propose,1334,20.898650,0
1788504570.702607,83,ciclo1_AC_AP,concentrator_alimentador_650,prosumer611,cfp,100,4.232610,0
1788504570.702976,83,ciclo1_AC_AP,concentrator_alimentador_650,prosumer632,cfp,100,3.178740,0
1788504570.703646,83,ciclo1_AC_AP,concentrator_alimentador_650,prosumer634,cfp,100,4.122559,0
1788504570.704166,83,ciclo1_AC_AP,concentrator_alimentador_650,prosumer645,cfp,100,2.588252,0
1788504570.704820,83,ciclo1_AC_AP,concentrator_alimentador_650,prosumer646,cfp,100,3.748895,0
1788504570.705416,83,ciclo1_AC_AP,concentrator_alimentador_650,prosumer652,cfp,100,2.624560,0
1788504570.705899,83,ciclo1_AC_AP,concentrator_alimentador_650,prosumer670,cfp,100,0.742557,0
1788504570.706244,83,ciclo1_AC_AP,concentrator_alimentador_650,prosumer671,cfp,100,4.037058,0
1788504570.706548,83,ciclo1_AC_AP,concentrator_alimentador_650,prosumer675,cfp,100,4.264679,0
1788504570.706751,83,ciclo1_AC_AP,concentrator_alimentador_650,prosumer692,cfp,100,0.655106,0
1788504570.719007,83,ciclo1_AC_AP,prosumer692,concentrator_alimentador_650,propose,183,4.709691,0
1788504570.720960,83,ciclo1_AC_AP,prosumer670,concentrator_alimentador_650,propose,438,9.515697,0
1788504570.733835,83,ciclo1_AC_AP,prosumer645,concentrator_alimentador_650,propose,353,13.411346,0
1788504570.737158,83,ciclo1_AC_AP,prosumer652,concentrator_alimentador_650,propose,477,17.803179,0
1788504570.739059,83,ciclo1_AC_AP,prosumer632,concentrator_alimentador_650,propose,346,13.473499,0
1788504570.745387,83,ciclo1_AC_AP,prosumer646,concentrator_alimentador_650,propose,379,4.808809,0
1788504570.748179,83,ciclo1_AC_AP,prosumer634,concentrator_alimentador_650,propose,260,12.607454,0
1788504570.749693,83,ciclo1_AC_AP,prosumer611,concentrator_alimentador_650,propose,460,18.772733,0
1788504570.751716,83,ciclo1_AC_AP,prosumer671,concentrator_alimentador_650,propose,140,5.077109,0
1788504570.753005,83,ciclo1_AC_AP,prosumer675,concentrator_alimentador_650,propose,232,9.434279,0
1788504570.941877,83,ciclo2_AD_AC,dso,concentrator_alimentador_650,cfp,100,0.623497,0
1788504570.951319,83,ciclo2_AD_AC,concentrator_alimentador_650,dso,propose,1070,17.586543,0
1788504571.133276,83,ciclo3_AM_AC_AD,market,dso,cfp,100,0.244274,0
1788504571.144422,83,ciclo3_AM_AC_AD,dso,market,propose,1309,23.898033,0
1788504571.390249,83,ciclo3_AM_AC_AD,market,concentrator_alimentador_650,cfp,100,2.291510,0
1788504571.390963,83,ciclo3_AM_AC_AD,market,dso,cfp,100,0.448312,0
1788504571.427450,83,ciclo3_AM_AC_AD,dso,market,propose,1205,18.683786,0
1788504571.435719,83,ciclo3_AM_AC_AD,concentrator_alimentador_650,market,propose,1360,23.031434,0
1788504571.728257,84,ciclo1_AC_AP,concentrator_alimentador_650,prosumer611,cfp,100,3.384125,0
1788504571.729394,84,ciclo1_AC_AP,concentrator_alimentador_650,prosumer632,cfp,100,7.699274,0
1788504571.730111,84,ciclo1_AC_AP,concentrator_alimentador_650,prosumer634,cfp,100,4.533985,0
1788504571.730697,84,ciclo1_AC_AP,concentrator_alimentador_650,prosumer645,cfp,100,6.143570,0
1788504571.731204,84,ciclo1_AC_AP,concentrator_alimentador_650,prosumer646,cfp,100,2.421230,0
1788504571.731499,84,ciclo1_AC_AP,concentrator_alimentador_650,prosumer652,cfp,100,4.393399,0
1788504571.731782,84,ciclo1_AC_AP,concentrator_alimentador_650,prosumer670,cfp,100,2.785488,0
1788504571.731940,84,ciclo1_AC_AP,concentrator_alimentador_650,prosumer671,cfp,100,2.596621,0
1788504571.732070,84,ciclo1_AC_AP,concentrator_alimentador_650,prosumer675,cfp,100,2.982004,0
1788504571.732287,84,ciclo1_AC_AP,concentrator_alimentador_650,prosumer692,cfp,100,2.418206,0
1788504571.761967,84,ciclo1_AC_AP,prosumer646,concentrator_alimentador_650,propose,197,4.588873,0
1788504571.764218,84,ciclo1_AC_AP,prosumer692,concentrator_alimentador_650,propose,262,7.766571,0
1788504571.766746,84,ciclo1_AC_AP,prosumer671,concentrator_alimentador_650,propose,249,7.794424,0
1788504571.769218,84,ciclo1_AC_AP,prosumer670,concentrator_alimentador_650,propose,296,4.441484,0
1788504571.770834,84,ciclo1_AC_AP,prosumer675,concentrator_alimentador_650,propose,130,11.353634,0
1788504571.772059,84,ciclo1_AC_AP,prosumer611,concentrator_alimentador_650,propose,206,9.934360,0
1788504571.778681,84,ciclo1_AC_AP,prosumer652,concentrator_alimentador_650,propose,119,2.159718,0
1788504571.780148,84,ciclo1_AC_AP,prosumer634,concentrator_alimentador_650,propose,261,12.070909,0
1788504571.795997,84,ciclo1_AC_AP,prosumer645,concentrator_alimentador_650,propose,471,16.346853,0
1788504571.808833,84,ciclo1_AC_AP,prosumer632,concentrator_alimentador_650,propose,482,16.111186,0
1788504571.975248,84,ciclo2_AD_AC,dso,concentrator_alimentador_650,cfp,100,1.966795,0
1788504571.998440,84,ciclo2_AD_AC,concentrator_alimentador_650,dso,propose,1492,25.024003,0
1788504572.255035,84,ciclo3_AM_AC_AD,market,dso,cfp,100,1.428686,0
1788504572.279264,84,ciclo3_AM_AC_AD,dso,market,propose,1127,19.014266,0
1788504572.475065,84,ciclo3_AM_AC_AD,market,concentrator_alimentador_650,cfp,100,0.900510,0
1788504572.476084,84,ciclo3_AM_AC_AD,market,dso,cfp,100,0.156156,0
1788504572.508395,84,ciclo3_AM_AC_AD,concentrator_alimentador_650,market,propose,1175,21.167059,0
1788504572.509688,84,ciclo3_AM_AC_AD,dso,market,propose,1441,23.668782,0
1788504572.817222,85,ciclo1_AC_AP,concentrator_alimentador_650,prosumer611,cfp,100,5.262332,0
1788504572.818398,85,ciclo1_AC_AP,concentrator_alimentador_650,prosumer632,cfp,100,3.976490,0
1788504572.819035,85,ciclo1_AC_AP,concentrator_alimentador_650,prosumer634,cfp,100,5.035728,0
1788504572.819965,85,ciclo1_AC_AP,concentrator_alimentador_650,prosumer645,cfp,100,5.862831,0
1788504572.820837,85,ciclo1_AC_AP,concentrator_alimentador_650,prosumer646,cfp,100,0.834848,0
1788504572.821436,85,ciclo1_AC_AP,concentrator_alimentador_650,prosumer652,cfp,100,5.642900,0
1788504572.821959,85,ciclo1_AC_AP,concentrator_alimentador_650,prosumer670,cfp,100,0.874770,0
1788504572.822223,85,ciclo1_AC_AP,concentrator_alimentador_650,prosumer671,cfp,100,3.284694,0
1788504572.822347,85,ciclo1_AC_AP,concentrator_alimentador_650,prosumer675,cfp,100,3.986163,0
1788504572.822457,85,ciclo1_AC_AP,concentrator_alimentador_650,prosumer692,cfp,100,0.818363,0
1788504572.832078,85,ciclo1_AC_AP,prosumer646,concentrator_alimentador_650,propose,325,5.646967,0
1788504572.834752,85,ciclo1_AC_AP,prosumer692,concentrator_alimentador_650,propose,442,8.292600,0
1788504572.835981,85,ciclo1_AC_AP,prosumer670,concentrator_alimentador_650,propose,471,9.596505,0
1788504572.858896,85,ciclo1_AC_AP,prosumer671,concentrator_alimentador_650,propose,437,15.508031,0
1788504572.861729,85,ciclo1_AC_AP,prosumer632,concentrator_alimentador_650,propose,436,16.598851,0
1788504572.865278,85,ciclo1_AC_AP,prosumer675,concentrator_alimentador_650,propose,215,8.308246,0
1788504572.872383,85,ciclo1_AC_AP,prosumer634,concentrator_alimentador_650,propose,233,6.262887,0
1788504572.874373,85,ciclo1_AC_AP,prosumer611,concentrator_alimentador_650,propose,276,11.461470,0
1788504572.881517,85,ciclo1_AC_AP,prosumer652,concentrator_alimentador_650,propose,443,14.618304,0
1788504572.883592,85,ciclo1_AC_AP,prosumer645,concentrator_alimentador_650,propose,183,10.392850,0
1788504573.033611,85,ciclo2_AD_AC,dso,concentrator_alimentador_650,cfp,100,3.203753,0
1788504573.071265,85,ciclo2_AD_AC,concentrator_alimentador_650,dso,propose,1156,19.456701,0
1788504573.273750,85,ciclo3_AM_AC_AD,market,dso,cfp,100,1.596653,0
1788504573.299931,85,ciclo3_AM_AC_AD,dso,market,propose,1008,17.554411,0
1788504573.482145,85,ciclo3_AM_AC_AD,market,concentrator_alimentador_650,cfp,100,0.674154,0
1788504573.482960,85,ciclo3_AM_AC_AD,market,dso,cfp,100,2.445114,0
1788504573.521377,85,ciclo3_AM_AC_AD,concentrator_alimentador_650,market,propose,1182,18.905963,0
1788504573.535786,85,ciclo3_AM_AC_AD,dso,market,propose,1293,23.069740,0
1788504573.834239,86,ciclo1_AC_AP,concentrator_alimentador_650,prosumer611,cfp,100,3.249858,0
1788504573.834785,86,ciclo1_AC_AP,concentrator_alimentador_650,prosumer632,cfp,100,3.416268,0
1788504573.835313,86,ciclo1_AC_AP,concentrator_alimentador_650,prosumer634,cfp,100,2.394547,0
1788504573.835540,86,ciclo1_AC_AP,concentrator_alimentador_650,prosumer645,cfp,100,6.212308,0
1788504573.835752,86,ciclo1_AC_AP,concentrator_alimentador_650,prosumer646,cfp,100,2.429999,0
1788504573.835889,86,ciclo1_AC_AP,concentrator_alimentador_650,prosumer652,cfp,100,0.572465,0
1788504573.836024,86,ciclo1_AC_AP,concentrator_alimentador_650,prosumer670,cfp,100,1.181994,0
1788504573.836142,86,ciclo1_AC_AP,concentrator_alimentador_650,prosumer671,cfp,100,2.260604,0
1788504573.836421,86,ciclo1_AC_AP,concentrator_alimentador_650,prosumer675,cfp,100,4.294462,0
1788504573.836708,86,ciclo1_AC_AP,concentrator_alimentador_650,prosumer692,cfp,100,2.522055,0
1788504573.844761,86,ciclo1_AC_AP,prosumer652,concentrator_alimentador_650,propose,376,13.465912,0
1788504573.850274,86,ciclo1_AC_AP,prosumer670,concentrator_alimentador_650,propose,129,3.161103,0
1788504573.864446,86,ciclo1_AC_AP,prosumer671,concentrator_alimentador_650,propose,474,14.792612,0
1788504573.866054,86,ciclo1_AC_AP,prosumer634,concentrator_alimentador_650,propose,422,13.833078,0
1788504573.868234,86,ciclo1_AC_AP,prosumer646,concentrator_alimentador_650,propose,177,3.817429,0
1788504573.870063,86,ciclo1_AC_AP,prosumer692,concentrator_alimentador_650,propose,280,5.922818,0
1788504573.871618,86,ciclo1_AC_AP,prosumer611,concentrator_alimentador_650,propose,111,2.727660,0
1788504573.873074,86,ciclo1_AC_AP,prosumer632,concentrator_alimentador_650,propose,351,9.485283,0
1788504573.882603,86,ciclo1_AC_AP,prosumer675,concentrator_alimentador_650,propose,421,14.540795,0
1788504573.901006,86,ciclo1_AC_AP,prosumer645,concentrator_alimentador_650,propose,131,5.339001,0
1788504574.032341,86,ciclo2_AD_AC,dso,concentrator_alimentador_650,cfp,100,3.378085,0
1788504574.071676,86,ciclo2_AD_AC,concentrator_alimentador_650,dso,propose,1012,16.516711,0
1788504574.243400,86,ciclo3_AM_AC_AD,market,dso,cfp,100,3.984265,0
1788504574.291127,86,ciclo3_AM_AC_AD,dso,market,propose,1123,19.636038,0
1788504574.491904,86,ciclo3_AM_AC_AD,market,concentrator_alimentador_650,cfp,100,1.591580,0
1788504574.492166,86,ciclo3_AM_AC_AD,market,dso,cfp,100,0.045669,0
1788504574.523127,86,ciclo3_AM_AC_AD,dso,market,propose,1023,16.763283,0
1788504574.532534,86,ciclo3_AM_AC_AD,concentrator_alimentador_650,market,propose,1006,15.138731,0
1788504574.757287,87,ciclo1_AC_AP,concentrator_alimentador_650,prosumer611,cfp,100,3.032590,0
1788504574.758106,87,ciclo1_AC_AP,concentrator_alimentador_650,prosumer632,cfp,100,2.781594,0
1788504574.758909,87,ciclo1_AC_AP,concentrator_alimentador_650,prosumer634,cfp,100,6.185712,0
1788504574.759743,87,ciclo1_AC_AP,concentrator_alimentador_650,prosumer645,cfp,100,0.785853,0
1788504574.760293,87,ciclo1_AC_AP,concentrator_alimentador_650,prosumer646,cfp,100,3.852878,0
1788504574.760697,87,ciclo1_AC_AP,concentrator_alimentador_650,prosumer652,cfp,100,4.983929,0
1788504574.760997,87,ciclo1_AC_AP,concentrator_alimentador_650,prosumer670,cfp,100,2.716866,0
1788504574.761304,87,ciclo1_AC_AP,concentrator_alimentador_650,prosumer671,cfp,100,2.957657,0
1788504574.761590,87,ciclo1_AC_AP,concentrator_alimentador_650,prosumer675,cfp,100,7.296101,0
1788504574.761863,87,ciclo1_AC_AP,concentrator_alimentador_650,prosumer692,cfp,100,0.872556,0
1788504574.771945,87,ciclo1_AC_AP,prosumer645,concentrator_alimentador_650,propose,215,6.849794,0
1788504574.774624,87,ciclo1_AC_AP,prosumer692,concentrator_alimentador_650,propose,434,9.819323,0
1788504574.791127,87,ciclo1_AC_AP,prosumer632,concentrator_alimentador_650,propose,267,11.285751,0
1788504574.794000,87,ciclo1_AC_AP,prosumer611,concentrator_alimentador_650,propose,134,6.791060,0
1788504574.797074,87,ciclo1_AC_AP,prosumer670,concentrator_alimentador_650,propose,131,2.196976,0
1788504574.798608,87,ciclo1_AC_AP,prosumer671,concentrator_alimentador_650,propose,276,14.712922,0
1788504574.800608,87,ciclo1_AC_AP,prosumer646,concentrator_alimentador_650,propose,439,9.582354,0
1788504574.814250,87,ciclo1_AC_AP,prosumer652,concentrator_alimentador_650,propose,316,13.124974,0
1788504574.824020,87,ciclo1_AC_AP,prosumer634,concentrator_alimentador_650,propose,169,6.746265,0
1788504574.837816,87,ciclo1_AC_AP,prosumer675,concentrator_alimentador_650,propose,210,8.892645,0
1788504574.951703,87,ciclo2_AD_AC,dso,concentrator_alimentador_650,cfp,100,2.648560,0
1788504574.983529,87,ciclo2_AD_AC,concentrator_alimentador_650,dso,propose,1229,21.768996,0
1788504575.204995,87,ciclo3_AM_AC_AD,market,dso,cfp,100,1.734449,0
1788504575.254241,87,ciclo3_AM_AC_AD,dso,market,propose,1222,21.177877,0
1788504575.472839,87,ciclo3_AM_AC_AD,market,concentrator_alimentador_650,cfp,100,0.418982,0
1788504575.473293,87,ciclo3_AM_AC_AD,market,dso,cfp,100,2.232089,0
1788504575.499206,87,ciclo3_AM_AC_AD,concentrator_alimentador_650,market,propose,1072,18.158981,0
1788504575.528623,87,ciclo3_AM_AC_AD,dso,market,propose,1183,21.442613,0
1788504575.808502,88,ciclo1_AC_AP,concentrator_alimentador_650,prosumer611,cfp,100,4.281957,0
1788504575.809081,88,ciclo1_AC_AP,concentrator_alimentador_650,prosumer632,cfp,100,5.324633,0
1788504575.809498,88,ciclo1_AC_AP,concentrator_alimentador_650,prosumer634,cfp,100,3.555380,0
1788504575.809895,88,ciclo1_AC_AP,concentrator_alimentador_650,prosumer645,cfp,100,3.435290,0
1788504575.810101,88,ciclo1_AC_AP,concentrator_alimentador_650,prosumer646,cfp,100,2.771212,0
1788504575.810733,88,ciclo1_AC_AP,concentrator_alimentador_650,prosumer652,cfp,100,4.330586,0
1788504575.811243,88,ciclo1_AC_AP,concentrator_alimentador_650,prosumer670,cfp,100,1.696825,0
1788504575.811805,88,ciclo1_AC_AP,concentrator_alimentador_650,prosumer671,cfp,100,6.651285,0
1788504575.812227,88,ciclo1_AC_AP,concentrator_alimentador_650,prosumer675,cfp,100,4.075490,0
1788504575.812637,88,ciclo1_AC_AP,concentrator_alimentador_650,prosumer692,cfp,100,0.109647,0
1788504575.817302,88,ciclo1_AC_AP,prosumer692,concentrator_alimentador_650,propose,259,6.315712,0
1788504575.832511,88,ciclo1_AC_AP,prosumer670,concentrator_alimentador_650,propose,190,2.529368,0
1788504575.840992,88,ciclo1_AC_AP,prosumer646,concentrator_alimentador_650,propose,432,6.521354,0
1788504575.847987,88,ciclo1_AC_AP,prosumer645,concentrator_alimentador_650,propose,268,10.643287,0
1788504575.849608,88,ciclo1_AC_AP,prosumer634,concentrator_alimentador_650,propose,472,13.156907,0
1788504575.853689,88,ciclo1_AC_AP,prosumer611,concentrator_alimentador_650,propose,482,16.358783,0
1788504575.856063,88,ciclo1_AC_AP,prosumer675,concentrator_alimentador_650,propose,309,14.113277,0
1788504575.857240,88,ciclo1_AC_AP,prosumer652,concentrator_alimentador_650,propose,295,11.603647,0
1788504575.864942,88,ciclo1_AC_AP,prosumer632,concentrator_alimentador_650,propose,104,4.318624,0
1788504575.881619,88,ciclo1_AC_AP,prosumer671,concentrator_alimentador_650,propose,309,8.332248,0
1788504576.020747,88,ciclo2_AD_AC,dso,concentrator_alimentador_650,cfp,100,3.117177,0
1788504576.056782,88,ciclo2_AD_AC,concentrator_alimentador_650,dso,propose,1456,26.208193,0
1788504576.323076,88,ciclo3_AM_AC_AD,market,dso,cfp,100,3.608655,0
1788504576.368650,88,ciclo3_AM_AC_AD,dso,market,propose,1135,18.344483,0
1788504576.557165,88,ciclo3_AM_AC_AD,market,concentrator_alimentador_650,cfp,100,2.338215,0
1788504576.558027,88,ciclo3_AM_AC_AD,market,dso,cfp,100,3.644141,0
1788504576.621486,88,ciclo3_AM_AC_AD,concentrator_alimentador_650,market,propose,1273,23.585712,0
1788504576.627315,88,ciclo3_AM_AC_AD,dso,market,propose,1272,23.698839,0
1788504576.930208,89,ciclo1_AC_AP,concentrator_alimentador_650,prosumer611,cfp,100,5.040925,0
1788504576.930816,89,ciclo1_AC_AP,concentrator_alimentador_650,prosumer632,cfp,100,2.208270,0
1788504576.931285,89,ciclo1_AC_AP,concentrator_alimentador_650,prosumer634,cfp,100,4.654614,0
1788504576.931478,89,ciclo1_AC_AP,concentrator_alimentador_650,prosumer645,cfp,100,5.971068,0
1788504576.931637,89,ciclo1_AC_AP,concentrator_alimentador_650,prosumer646,cfp,100,2.552612,0
1788504576.931783,89,ciclo1_AC_AP,concentrator_alimentador_650,prosumer652,cfp,100,0.838884,0
1788504576.931928,89,ciclo1_AC_AP,concentrator_alimentador_650,prosumer670,cfp,100,1.873734,0
1788504576.932068,89,ciclo1_AC_AP,concentrator_alimentador_650,prosumer671,cfp,100,2.223993,0
1788504576.932224,89,ciclo1_AC_AP,concentrator_alimentador_650,prosumer675,cfp,100,1.640425,0
1788504576.932370,89,ciclo1_AC_AP,concentrator_alimentador_650,prosumer692,cfp,100,2.652242,0
1788504576.943783,89,ciclo1_AC_AP,prosumer652,concentrator_alimentador_650,propose,476,18.917997,0
1788504576.951922,89,ciclo1_AC_AP,prosumer675,concentrator_alimentador_650,propose,451,14.149801,0
1788504576.954727,89,ciclo1_AC_AP,prosumer670,concentrator_alimentador_650,propose,460,10.033542,0
1788504576.956775,89,ciclo1_AC_AP,prosumer632,concentrator_alimentador_650,propose,336,12.323255,0
1788504576.958727,89,ciclo1_AC_AP,prosumer671,concentrator_alimentador_650,propose,488,16.975968,0
1788504576.960193,89,ciclo1_AC_AP,prosumer646,concentrator_alimentador_650,propose,121,0.778804,0
1788504576.961635,89,ciclo1_AC_AP,prosumer692,concentrator_alimentador_650,propose,389,8.544758,0
1788504576.981426,89,ciclo1_AC_AP,prosumer634,concentrator_alimentador_650,propose,162,5.729285,0
1788504576.983833,89,ciclo1_AC_AP,prosumer611,concentrator_alimentador_650,propose,309,13.843251,0
1788504576.994941,89,ciclo1_AC_AP,prosumer645,concentrator_alimentador_650,propose,299,9.654261,0
1788504577.135838,89,ciclo2_AD_AC,dso,concentrator_alimentador_650,cfp,100,2.822175,0
1788504577.167545,89,ciclo2_AD_AC,concentrator_alimentador_650,dso,propose,1087,18.658598,0
1788504577.360568,89,ciclo3_AM_AC_AD,market,dso,cfp,100,3.648874,0
1788504577.405092,89,ciclo3_AM_AC_AD,dso,market,propose,1001,17.806248,0
1788504577.589862,89,ciclo3_AM_AC_AD,market,concentrator_alimentador_650,cfp,100,2.071407,0
1788504577.590751,89,ciclo3_AM_AC_AD,market,dso,cfp,100,1.888012,0
1788504577.646347,89,ciclo3_AM_AC_AD,concentrator_alimentador_650,market,propose,1256,18.201465,0
1788504577.648728,89,ciclo3_AM_AC_AD,dso,market,propose,1070,17.260896,0
1788504577.895733,90,ciclo1_AC_AP,concentrator_alimentador_650,prosumer611,cfp,100,3.978537,0
1788504577.896450,90,ciclo1_AC_AP,concentrator_alimentador_650,prosumer632,cfp,100,2.855198,0
1788504577.896879,90,ciclo1_AC_AP,concentrator_alimentador_650,prosumer634,cfp,100,0.871159,0
1788504577.897229,90,ciclo1_AC_AP,concentrator_alimentador_650,prosumer645,cfp,100,4.147536,0
1788504577.897537,90,ciclo1_AC_AP,concentrator_alimentador_650,prosumer646,cfp,100,2.765474,0
1788504577.897830,90,ciclo1_AC_AP,concentrator_alimentador_650,prosumer652,cfp,100,4.221031,0
1788504577.898103,90,ciclo1_AC_AP,concentrator_alimentador_650,prosumer670,cfp,100,0.440701,0
1788504577.898275,90,ciclo1_AC_AP,concentrator_alimentador_650,prosumer671,cfp,100,4.930220,0
1788504577.898545,90,ciclo1_AC_AP,concentrator_alimentador_650,prosumer675,cfp,100,3.024402,0
1788504577.898694,90,ciclo1_AC_AP,concentrator_alimentador_650,prosumer692,cfp,100,2.667430,0
1788504577.905556,90,ciclo1_AC_AP,prosumer670,concentrator_alimentador_650,propose,418,8.134935,0
1788504577.907766,90,ciclo1_AC_AP,prosumer634,concentrator_alimentador_650,propose,438,15.301857,0
1788504577.930062,90,ciclo1_AC_AP,prosumer632,concentrator_alimentador_650,propose,363,13.272584,0
1788504577.932225,90,ciclo1_AC_AP,prosumer646,concentrator_alimentador_650,propose,475,6.616038,0
1788504577.933866,90,ciclo1_AC_AP,prosumer692,concentrator_alimentador_650,propose,458,8.298035,0
1788504577.935900,90,ciclo1_AC_AP,prosumer675,concentrator_alimentador_650,propose,175,8.780867,0
1788504577.937620,90,ciclo1_AC_AP,prosumer611,concentrator_alimentador_650,propose,140,5.661750,0
1788504577.940647,90,ciclo1_AC_AP,prosumer645,concentrator_alimentador_650,propose,268,13.254179,0
1788504577.942580,90,ciclo1_AC_AP,prosumer652,concentrator_alimentador_650,propose,221,9.062326,0
1788504577.949748,90,ciclo1_AC_AP,prosumer671,concentrator_alimentador_650,propose,190,8.090846,0
1788504578.078575,90,ciclo2_AD_AC,dso,concentrator_alimentador_650,cfp,100,0.511625,0
1788504578.087514,90,ciclo2_AD_AC,concentrator_alimentador_650,dso,propose,1126,19.118448,0
1788504578.282615,90,ciclo3_AM_AC_AD,market,dso,cfp,100,0.640818,0
1788504578.316238,90,ciclo3_AM_AC_AD,dso,market,propose,1484,24.517069,0
1788504578.568302,90,ciclo3_AM_AC_AD,market,concentrator_alimentador_650,cfp,100,2.764178,0
1788504578.568834,90,ciclo3_AM_AC_AD,market,dso,cfp,100,0.658000,0
1788504578.610711,90,ciclo3_AM_AC_AD,dso,market,propose,1011,14.471366,0
1788504578.619519,90,ciclo3_AM_AC_AD,concentrator_alimentador_650,market,propose,1489,22.347118,0
1788504578.909148,91,ciclo1_AC_AP,concentrator_alimentador_650,prosumer611,cfp,100,1.250776,0
1788504578.910041,91,ciclo1_AC_AP,concentrator_alimentador_650,prosumer632,cfp,100,6.448231,0
1788504578.910795,91,ciclo1_AC_AP,concentrator_alimentador_650,prosumer634,cfp,100,4.198205,0
1788504578.911379,91,ciclo1_AC_AP,concentrator_alimentador_650,prosumer645,cfp,100,5.529375,0
1788504578.911820,91,ciclo1_AC_AP,concentrator_alimentador_650,prosumer646,cfp,100,2.291024,0
1788504578.912073,91,ciclo1_AC_AP,concentrator_alimentador_650,prosumer652,cfp,100,2.730394,0
1788504578.912312,91,ciclo1_AC_AP,concentrator_alimentador_650,prosumer670,cfp,100,1.591945,0
1788504578.912546,91,ciclo1_AC_AP,concentrator_alimentador_650,prosumer671,cfp,100,2.333187,0
1788504578.912824,91,ciclo1_AC_AP,concentrator_alimentador_650,prosumer675,cfp,100,4.301291,0
1788504578.913059,91,ciclo1_AC_AP,concentrator_alimentador_650,prosumer692,cfp,100,2.620731,0
1788504578.925889,91,ciclo1_AC_AP,prosumer611,concentrator_alimentador_650,propose,186,4.894846,0
1788504578.930690,91,ciclo1_AC_AP,prosumer670,concentrator_alimentador_650,propose,480,8.541544,0
1788504578.937257,91,ciclo1_AC_AP,prosumer646,concentrator_alimentador_650,propose,450,9.438231,0
1788504578.939486,91,ciclo1_AC_AP,prosumer671,concentrator_alimentador_650,propose,387,17.402492,0
1788504578.942101,91,ciclo1_AC_AP,prosumer692,concentrator_alimentador_650,propose,186,3.795016,0
1788504578.943424,91,ciclo1_AC_AP,prosumer652,concentrator_alimentador_650,propose,467,15.038184,0
1788504578.957124,91,ciclo1_AC_AP,prosumer634,concentrator_alimentador_650,propose,140,5.586804,0
1788504578.959835,91,ciclo1_AC_AP,prosumer675,concentrator_alimentador_650,propose,318,11.901292,0
1788504578.969272,91,ciclo1_AC_AP,prosumer645,concentrator_alimentador_650,propose,406,17.212854,0
1788504578.978132,91,ciclo1_AC_AP,prosumer632,concentrator_alimentador_650,propose,153,7.128030,0
1788504579.146258,91,ciclo2_AD_AC,dso,concentrator_alimentador_650,cfp,100,2.537346,0
1788504579.176959,91,ciclo2_AD_AC,concentrator_alimentador_650,dso,propose,1317,20.932856,0
1788504579.392347,91,ciclo3_AM_AC_AD,market,dso,cfp,100,3.067687,0
1788504579.457469,91,ciclo3_AM_AC_AD,dso,market,propose,1321,24.131914,0
1788504579.705812,91,ciclo3_AM_AC_AD,market,concentrator_alimentador_650,cfp,100,1.787038,0
1788504579.706897,91,ciclo3_AM_AC_AD,market,dso,cfp,100,1.183904,0
1788504579.751910,91,ciclo3_AM_AC_AD,dso,market,propose,1234,20.783211,0
1788504579.753993,91,ciclo3_AM_AC_AD,concentrator_alimentador_650,market,propose,1363,20.395780,0
1788504580.028955,92,ciclo1_AC_AP,concentrator_alimentador_650,prosumer611,cfp,100,3.660691,0
1788504580.030133,92,ciclo1_AC_AP,concentrator_alimentador_650,prosumer632,cfp,100,4.173147,0
1788504580.031229,92,ciclo1_AC_AP,concentrator_alimentador_650,prosumer634,cfp,100,3.886364,0
1788504580.032088,92,ciclo1_AC_AP,concentrator_alimentador_650,prosumer645,cfp,100,6.662734,0
1788504580.032727,92,ciclo1_AC_AP,concentrator_alimentador_650,prosumer646,cfp,100,3.082197,0
1788504580.033146,92,ciclo1_AC_AP,concentrator_alimentador_650,prosumer652,cfp,100,3.069875,0
1788504580.033985,92,ciclo1_AC_AP,concentrator_alimentador_650,prosumer670,cfp,100,0.120909,0
1788504580.034564,92,ciclo1_AC_AP,concentrator_alimentador_650,prosumer671,cfp,100,6.112574,0
1788504580.035339,92,ciclo1_AC_AP,concentrator_alimentador_650,prosumer675,cfp,100,3.200693,0
1788504580.035734,92,ciclo1_AC_AP,concentrator_alimentador_650,prosumer692,cfp,100,0.448991,0
1788504580.037923,92,ciclo1_AC_AP,prosumer670,concentrator_alimentador_650,propose,176,5.210991,0
1788504580.043817,92,ciclo1_AC_AP,prosumer692,concentrator_alimentador_650,propose,414,10.093492,0
1788504580.068966,92,ciclo1_AC_AP,prosumer646,concentrator_alimentador_650,propose,408,7.909456,0
1788504580.070904,92,ciclo1_AC_AP,prosumer652,concentrator_alimentador_650,propose,120,3.949526,0
1788504580.072940,92,ciclo1_AC_AP,prosumer611,concentrator_alimentador_650,propose,229,5.012185,0
1788504580.075300,92,ciclo1_AC_AP,prosumer675,concentrator_alimentador_650,propose,274,13.081792,0
1788504580.077077,92,ciclo1_AC_AP,prosumer634,concentrator_alimentador_650,propose,477,12.720247,0
1788504580.078690,92,ciclo1_AC_AP,prosumer632,concentrator_alimentador_650,propose,475,14.585206,0
1788504580.100160,92,ciclo1_AC_AP,prosumer671,concentrator_alimentador_650,propose,292,13.447084,0
1788504580.103115,92,ciclo1_AC_AP,prosumer645,concentrator_alimentador_650,propose,113,1.893082,0
1788504580.237017,92,ciclo2_AD_AC,dso,concentrator_alimentador_650,cfp,100,1.210815,0
1788504580.252855,92,ciclo2_AD_AC,concentrator_alimentador_650,dso,propose,1320,23.074308,0
1788504580.490021,92,ciclo3_AM_AC_AD,market,dso,cfp,100,4.009513,0
1788504580.538368,92,ciclo3_AM_AC_AD,dso,market,propose,1477,24.536177,0
1788504580.791101,92,ciclo3_AM_AC_AD,market,concentrator_alimentador_650,cfp,100,2.106891,0
1788504580.791731,92,ciclo3_AM_AC_AD,market,dso,cfp,100,0.286154,0
1788504580.825091,92,ciclo3_AM_AC_AD,dso,market,propose,1455,23.149403,0
1788504580.832676,92,ciclo3_AM_AC_AD,concentrator_alimentador_650,market,propose,1018,19.113990,0
1788504581.122890,93,ciclo1_AC_AP,concentrator_alimentador_650,prosumer611,cfp,100,4.558154,0
1788504581.123865,93,ciclo1_AC_AP,concentrator_alimentador_650,prosumer632,cfp,100,5.654536,0
1788504581.124925,93,ciclo1_AC_AP,concentrator_alimentador_650,prosumer634,cfp,100,3.553877,0
1788504581.125551,93,ciclo1_AC_AP,concentrator_alimentador_650,prosumer645,cfp,100,4.776062,0
1788504581.125966,93,ciclo1_AC_AP,concentrator_alimentador_650,prosumer646,cfp,100,1.088340,0
1788504581.126144,93,ciclo1_AC_AP,concentrator_alimentador_650,prosumer652,cfp,100,1.675398,0
1788504581.126325,93,ciclo1_AC_AP,concentrator_alimentador_650,prosumer670,cfp,100,1.505966,0
1788504581.126482,93,ciclo1_AC_AP,concentrator_alimentador_650,prosumer671,cfp,100,4.608895,0
1788504581.126625,93,ciclo1_AC_AP,concentrator_alimentador_650,prosumer675,cfp,100,4.274597,0
1788504581.126764,93,ciclo1_AC_AP,concentrator_alimentador_650,prosumer692,cfp,100,2.371590,0
1788504581.142249,93,ciclo1_AC_AP,prosumer646,concentrator_alimentador_650,propose,354,4.256744,0
1788504581.145690,93,ciclo1_AC_AP,prosumer670,concentrator_alimentador_650,propose,145,2.387282,0
1788504581.147695,93,ciclo1_AC_AP,prosumer652,concentrator_alimentador_650,propose,283,10.920956,0
1788504581.153250,93,ciclo1_AC_AP,prosumer692,concentrator_alimentador_650,propose,249,2.915612,0
1788504581.164471,93,ciclo1_AC_AP,prosumer634,concentrator_alimentador_650,propose,443,13.960755,0
1788504581.172361,93,ciclo1_AC_AP,prosumer611,concentrator_alimentador_650,propose,177,7.964137,0
1788504581.174793,93,ciclo1_AC_AP,prosumer675,concentrator_alimentador_650,propose,334,13.100289,0
1788504581.177860,93,ciclo1_AC_AP,prosumer671,concentrator_alimentador_650,propose,220,9.838937,0
1788504581.179598,93,ciclo1_AC_AP,prosumer645,concentrator_alimentador_650,propose,359,12.550804,0
1788504581.182397,93,ciclo1_AC_AP,prosumer632,concentrator_alimentador_650,propose,282,10.140521,0
1788504581.311091,93,ciclo2_AD_AC,dso,concentrator_alimentador_650,cfp,100,2.854042,0
1788504581.344515,93,ciclo2_AD_AC,concentrator_alimentador_650,dso,propose,1083,18.834922,0
1788504581.540158,93,ciclo3_AM_AC_AD,market,dso,cfp,100,0.655875,0
1788504581.555792,93,ciclo3_AM_AC_AD,dso,market,propose,1376,21.836239,0
1788504581.781524,93,ciclo3_AM_AC_AD,market,concentrator_alimentador_650,cfp,100,1.697712,0
1788504581.782518,93,ciclo3_AM_AC_AD,market,dso,cfp,100,2.465727,0
1788504581.823335,93,ciclo3_AM_AC_AD,concentrator_alimentador_650,market,propose,1385,22.187853,0
1788504581.834341,93,ciclo3_AM_AC_AD,dso,market,propose,1207,21.725001,0
1788504582.116794,94,ciclo1_AC_AP,concentrator_alimentador_650,prosumer611,cfp,100,4.941748,0
1788504582.117636,94,ciclo1_AC_AP,concentrator_alimentador_650,prosumer632,cfp,100,7.194528,0
1788504582.118412,94,ciclo1_AC_AP,concentrator_alimentador_650,prosumer634,cfp,100,4.606651,0
1788504582.119037,94,ciclo1_AC_AP,concentrator_alimentador_650,prosumer645,cfp,100,3.043200,0
1788504582.119516,94,ciclo1_AC_AP,concentrator_alimentador_650,prosumer646,cfp,100,0.295121,0
1788504582.119865,94,ciclo1_AC_AP,concentrator_alimentador_650,prosumer652,cfp,100,5.861268,0
1788504582.120009,94,ciclo1_AC_AP,concentrator_alimentador_650,prosumer670,cfp,100,0.072778,0
1788504582.120137,94,ciclo1_AC_AP,concentrator_alimentador_650,prosumer671,cfp,100,7.464279,0
1788504582.120391,94,ciclo1_AC_AP,concentrator_alimentador_650,prosumer675,cfp,100,1.976292,0
1788504582.120598,94,ciclo1_AC_AP,concentrator_alimentador_650,prosumer692,cfp,100,1.834539,0
1788504582.123993,94,ciclo1_AC_AP,prosumer670,concentrator_alimentador_650,propose,272,6.882968,0
1788504582.126229,94,ciclo1_AC_AP,prosumer646,concentrator_alimentador_650,propose,238,2.589985,0
1788504582.143769,94,ciclo1_AC_AP,prosumer692,concentrator_alimentador_650,propose,352,5.430593,0
1788504582.145944,94,ciclo1_AC_AP,prosumer675,concentrator_alimentador_650,propose,301,12.402648,0
1788504582.152759,94,ciclo1_AC_AP,prosumer645,concentrator_alimentador_650,propose,107,7.110063,0
1788504582.169853,94,ciclo1_AC_AP,prosumer634,concentrator_alimentador_650,propose,259,10.963753,0
1788504582.171963,94,ciclo1_AC_AP,prosumer611,concentrator_alimentador_650,propose,371,13.459308,0
1788504582.183028,94,ciclo1_AC_AP,prosumer652,concentrator_alimentador_650,propose,247,10.476036,0
1788504582.193456,94,ciclo1_AC_AP,prosumer632,concentrator_alimentador_650,propose,381,13.735374,0
1788504582.196921,94,ciclo1_AC_AP,prosumer671,concentrator_alimentador_650,propose,340,11.854818,0
1788504582.334784,94,ciclo2_AD_AC,dso,concentrator_alimentador_650,cfp,100,1.508993,0
1788504582.354369,94,ciclo2_AD_AC,concentrator_alimentador_650,dso,propose,1500,23.081500,0
1788504582.591418,94,ciclo3_AM_AC_AD,market,dso,cfp,100,0.807468,0
1788504582.608585,94,ciclo3_AM_AC_AD,dso,market,propose,1017,16.177284,0
1788504582.777140,94,ciclo3_AM_AC_AD,market,concentrator_alimentador_650,cfp,100,3.209141,0
1788504582.778002,94,ciclo3_AM_AC_AD,market,dso,cfp,100,2.320837,0
1788504582.828237,94,ciclo3_AM_AC_AD,dso,market,propose,1395,21.237072,0
1788504582.829716,94,ciclo3_AM_AC_AD,concentrator_alimentador_650,market,propose,1272,22.421883,0
1788504583.118762,95,ciclo1_AC_AP,concentrator_alimentador_650,prosumer611,cfp,100,2.326944,0
1788504583.119198,95,ciclo1_AC_AP,concentrator_alimentador_650,prosumer632,cfp,100,5.225595,0
1788504583.119446,95,ciclo1_AC_AP,concentrator_alimentador_650,prosumer634,cfp,100,4.279657,0
1788504583.119664,95,ciclo1_AC_AP,concentrator_alimentador_650,prosumer645,cfp,100,6.583343,0
1788504583.119866,95,ciclo1_AC_AP,concentrator_alimentador_650,prosumer646,cfp,100,3.466043,0
1788504583.120044,95,ciclo1_AC_AP,concentrator_alimentador_650,prosumer652,cfp,100,3.013520,0
1788504583.120221,95,ciclo1_AC_AP,concentrator_alimentador_650,prosumer670,cfp,100,1.692566,0
1788504583.120423,95,ciclo1_AC_AP,concentrator_alimentador_650,prosumer671,cfp,100,3.638978,0
1788504583.120588,95,ciclo1_AC_AP,concentrator_alimentador_650,prosumer675,cfp,100,3.380298,0
1788504583.120754,95,ciclo1_AC_AP,concentrator_alimentador_650,prosumer692,cfp,100,3.140851,0
1788504583.141882,95,ciclo1_AC_AP,prosumer670,concentrator_alimentador_650,propose,392,6.842639,0
1788504583.144204,95,ciclo1_AC_AP,prosumer611,concentrator_alimentador_650,propose,382,16.614375,0
1788504583.152525,95,ciclo1_AC_AP,prosumer652,concentrator_alimentador_650,propose,234,8.170845,0
1788504583.154809,95,ciclo1_AC_AP,prosumer692,concentrator_alimentador_650,propose,451,6.614744,0
1788504583.157418,95,ciclo1_AC_AP,prosumer675,concentrator_alimentador_650,propose,119,2.734528,0
1788504583.158997,95,ciclo1_AC_AP,prosumer646,concentrator_alimentador_650,propose,333,5.066418,0
1788504583.160888,95,ciclo1_AC_AP,prosumer671,concentrator_alimentador_650,propose,302,11.139538,0
1788504583.165260,95,ciclo1_AC_AP,prosumer634,concentrator_alimentador_650,propose,469,19.747415,0
1788504583.174902,95,ciclo1_AC_AP,prosumer632,concentrator_alimentador_650,propose,161,6.533828,0
1788504583.190497,95,ciclo1_AC_AP,prosumer645,concentrator_alimentador_650,propose,306,14.077970,0
1788504583.367478,95,ciclo2_AD_AC,dso,concentrator_alimentador_650,cfp,100,3.023161,0
1788504583.400657,95,ciclo2_AD_AC,concentrator_alimentador_650,dso,propose,1177,20.111653,0
1788504583.608406,95,ciclo3_AM_AC_AD,market,dso,cfp,100,1.827474,0
1788504583.636667,95,ciclo3_AM_AC_AD,dso,market,propose,1253,21.744690,0
1788504583.862551,95,ciclo3_AM_AC_AD,market,concentrator_alimentador_650,cfp,100,2.876323,0
1788504583.863079,95,ciclo3_AM_AC_AD,market,dso,cfp,100,0.372826,0
1788504583.898288,95,ciclo3_AM_AC_AD,dso,market,propose,1026,17.254192,0
1788504583.915884,95,ciclo3_AM_AC_AD,concentrator_alimentador_650,market,propose,1010,15.829105,0
