wall_time,t,ciclo,sender,receiver,performative,bytes,delay_s,dropped
1790012419.047559,,,concentrator_alimentador_650,dso,subscribe,100,0.668031,0
1790012419.049111,,,prosumer611,concentrator_alimentador_650,subscribe,100,5.152109,0
1790012419.050227,,,prosumer632,concentrator_alimentador_650,subscribe,100,5.966313,0
1790012419.050956,,,prosumer634,concentrator_alimentador_650,subscribe,100,6.088192,0
1790012419.051490,,,prosumer645,concentrator_alimentador_650,subscribe,100,4.443357,0
1790012419.051938,,,prosumer646,concentrator_alimentador_650,subscribe,100,1.090509,0
1790012419.052300,,,prosumer652,concentrator_alimentador_650,subscribe,100,5.348869,0
1790012419.052824,,,prosumer670,concentrator_alimentador_650,subscribe,100,3.897954,0
1790012419.053508,,,prosumer671,concentrator_alimentador_650,subscribe,100,5.191954,0
1790012419.054091,,,prosumer675,concentrator_alimentador_650,subscribe,100,4.299510,0
1790012419.054603,,,prosumer692,concentrator_alimentador_650,subscribe,100,1.817645,0
1790012419.056933,,,dso,concentrator_alimentador_650,agree,100,2.336694,0
1790012419.066068,,,concentrator_alimentador_650,prosumer646,agree,100,1.648873,0
1790012419.076541,,,concentrator_alimentador_650,prosumer692,agree,100,0.957589,0
1790012419.094705,,,concentrator_alimentador_650,prosumer670,agree,100,3.649653,0
1790012419.097754,,,concentrator_alimentador_650,prosumer645,agree,100,2.329261,0
1790012419.099358,,,concentrator_alimentador_650,prosumer675,agree,100,3.812911,0
1790012419.104134,,,concentrator_alimentador_650,prosumer611,agree,100,5.708521,0
1790012419.107740,,,concentrator_alimentador_650,prosumer671,agree,100,5.113852,0
1790012419.109004,,,concentrator_alimentador_650,prosumer652,agree,100,2.582293,0
1790012419.111705,,,concentrator_alimentador_650,prosumer632,agree,100,6.546150,0
1790012419.112969,,,concentrator_alimentador_650,prosumer634,agree,100,4.725440,0
1790012420.394439,,ciclo1_AC_AP,concentrator_alimentador_650,prosumer611,cfp,100,4.321714,0
1790012420.395320,,ciclo1_AC_AP,concentrator_alimentador_650,prosumer632,cfp,100,3.081786,0
1790012420.395957,,ciclo1_AC_AP,concentrator_alimentador_650,prosumer634,cfp,100,6.097731,0
1790012420.396310,,ciclo1_AC_AP,concentrator_alimentador_650,prosumer645,cfp,100,6.603579,0
1790012420.396557,,ciclo1_AC_AP,concentrator_alimentador_650,prosumer646,cfp,100,0.502055,0
1790012420.396848,,ciclo1_AC_AP,concentrator_alimentador_650,prosumer652,cfp,100,0.186208,0
1790012420.397023,,ciclo1_AC_AP,concentrator_alimentador_650,prosumer670,cfp,100,0.114358,0
1790012420.397136,,ciclo1_AC_AP,concentrator_alimentador_650,prosumer671,cfp,100,4.469206,0
1790012420.397245,,ciclo1_AC_AP,concentrator_alimentador_650,prosumer675,cfp,100,4.410278,0
1790012420.397349,,ciclo1_AC_AP,concentrator_alimentador_650,prosumer692,cfp,100,3.401805,0
1790012420.526628,,ciclo1_AC_AP,prosumer652,concentrator_alimentador_650,propose,1432,46.112291,0
1790012420.527504,,ciclo1_AC_AP,prosumer670,concentrator_alimentador_650,propose,1197,18.731279,0
1790012420.689209,,ciclo1_AC_AP,prosumer646,concentrator_alimentador_650,propose,1388,22.689969,0
1790012420.696248,,ciclo1_AC_AP,prosumer632,concentrator_alimentador_650,propose,1455,48.970755,0
1790012420.698005,,ciclo1_AC_AP,prosumer675,concentrator_alimentador_650,propose,1215,42.984536,0
1790012420.699561,,ciclo1_AC_AP,prosumer692,concentrator_alimentador_650,propose,1020,18.027096,0
1790012420.700441,,ciclo1_AC_AP,prosumer671,concentrator_alimentador_650,propose,1132,36.466786,0
1790012420.702556,,ciclo1_AC_AP,prosumer611,concentrator_alimentador_650,propose,1494,49.872952,0
1790012420.737259,,ciclo1_AC_AP,prosumer634,concentrator_alimentador_650,propose,1261,39.145124,0
1790012420.738246,,ciclo1_AC_AP,prosumer645,concentrator_alimentador_650,propose,1248,37.752896,0
1790012421.206160,,ciclo2_AD_AC,dso,concentrator_alimentador_650,cfp,100,3.620972,0
1790012421.248081,,ciclo2_AD_AC,concentrator_alimentador_650,dso,propose,1207,19.155616,0
1790012421.447537,,ciclo3_AM_AC_AD,market,concentrator_alimentador_650,cfp,100,1.154304,0
1790012421.451597,,ciclo3_AM_AC_AD,market,dso,cfp,100,1.980624,0
1790012421.623133,,ciclo3_AM_AC_AD,concentrator_alimentador_650,market,propose,1470,24.640406,0
1790012421.710405,,ciclo3_AM_AC_AD,dso,market,propose,1401,25.513004,0
1790012421.970194,,,market,concentrator_alimentador_650,reject-proposal,1424,24.963438,0
1790012421.970756,,,market,dso,reject-proposal,1155,18.817334,0
1790012422.025937,,ciclo3_AM_AC_AD,market,concentrator_alimentador_650,cfp,100,3.030088,0
1790012422.028807,,ciclo3_AM_AC_AD,market,dso,cfp,100,3.467588,0
1790012422.262974,,ciclo3_AM_AC_AD,concentrator_alimentador_650,market,propose,1495,25.270532,0
1790012422.347965,,ciclo3_AM_AC_AD,dso,market,propose,1244,19.150479,0
1790012422.545163,,,market,concentrator_alimentador_650,reject-proposal,1183,22.114160,0
1790012422.545858,,,market,dso,reject-proposal,1298,20.329103,0
1790012422.599904,,ciclo3_AM_AC_AD,market,concentrator_alimentador_650,cfp,100,2.184507,0
1790012422.602194,,ciclo3_AM_AC_AD,market,dso,cfp,100,3.473930,0
1790012422.829185,,ciclo3_AM_AC_AD,concentrator_alimentador_650,market,propose,1456,22.967862,0
1790012422.931797,,ciclo3_AM_AC_AD,dso,market,propose,1464,23.604463,0
1790012423.174471,,,market,concentrator_alimentador_650,reject-proposal,1111,19.654962,0
1790012423.175241,,,market,dso,reject-proposal,1258,21.831672,0
1790012423.231366,,ciclo3_AM_AC_AD,market,concentrator_alimentador_650,cfp,100,3.674928,0
1790012423.234642,,ciclo3_AM_AC_AD,market,dso,cfp,100,1.038758,0
1790012423.501600,,ciclo3_AM_AC_AD,concentrator_alimentador_650,market,propose,1071,16.608001,0
1790012423.547490,,ciclo3_AM_AC_AD,dso,market,propose,1144,19.182056,0
1790012423.744287,,,market,concentrator_alimentador_650,reject-proposal,1071,19.757689,0
1790012423.744838,,,market,dso,reject-proposal,1386,20.831116,0
1790012423.800557,,ciclo3_AM_AC_AD,market,concentrator_alimentador_650,cfp,100,2.889932,0
1790012423.803725,,ciclo3_AM_AC_AD,market,dso,cfp,100,1.253724,0
1790012424.035559,,ciclo3_AM_AC_AD,concentrator_alimentador_650,market,propose,1048,17.747479,0
1790012424.094541,,ciclo3_AM_AC_AD,dso,market,propose,1316,21.009096,0
1790012424.311759,,,market,concentrator_alimentador_650,reject-proposal,1409,23.861469,0
1790012424.313121,,,market,dso,reject-proposal,1128,18.714505,0
1790012424.369788,,ciclo3_AM_AC_AD,market,concentrator_alimentador_650,cfp,100,4.001506,0
1790012424.373104,,ciclo3_AM_AC_AD,market,dso,cfp,100,1.213003,0
1790012424.623766,,ciclo3_AM_AC_AD,concentrator_alimentador_650,market,propose,1465,22.797744,0
1790012424.672834,,ciclo3_AM_AC_AD,dso,market,propose,1272,22.863168,0
1790012424.907186,,,market,concentrator_alimentador_650,reject-proposal,1361,23.906693,0
1790012424.908454,,,market,dso,reject-proposal,1414,25.619297,0
1790012424.962833,,ciclo3_AM_AC_AD,market,concentrator_alimentador_650,cfp,100,3.030697,0
1790012424.965194,,ciclo3_AM_AC_AD,market,dso,cfp,100,1.846180,0
1790012425.192101,,ciclo3_AM_AC_AD,concentrator_alimentador_650,market,propose,1308,20.429995,0
1790012425.250629,,ciclo3_AM_AC_AD,dso,market,propose,1461,24.617467,0
1790012425.501432,,,market,concentrator_alimentador_650,reject-proposal,1075,19.142049,0
1790012425.501889,,,market,dso,reject-proposal,1158,18.514736,0
1790012425.557006,,ciclo3_AM_AC_AD,market,concentrator_alimentador_650,cfp,100,2.560499,0
1790012425.560272,,ciclo3_AM_AC_AD,market,dso,cfp,100,3.243971,0
1790012425.781282,,ciclo3_AM_AC_AD,concentrator_alimentador_650,market,propose,1050,18.975074,0
1790012425.891823,,ciclo3_AM_AC_AD,dso,market,propose,1373,23.529000,0
1790012426.132259,,,market,concentrator_alimentador_650,reject-proposal,1037,18.012679,0
1790012426.132844,,,market,dso,reject-proposal,1460,25.237632,0
1790012426.188091,,ciclo3_AM_AC_AD,market,concentrator_alimentador_650,cfp,100,3.149181,0
1790012426.190850,,ciclo3_AM_AC_AD,market,dso,cfp,100,4.017234,0
1790012426.421262,,ciclo3_AM_AC_AD,concentrator_alimentador_650,market,propose,1435,24.860907,0
1790012426.512865,,ciclo3_AM_AC_AD,dso,market,propose,1350,24.042823,0
1790012426.757484,,,market,concentrator_alimentador_650,reject-proposal,1169,18.938032,0
1790012426.757880,,,market,dso,reject-proposal,1241,19.248779,0
1790012426.813631,,ciclo3_AM_AC_AD,market,concentrator_alimentador_650,cfp,100,3.282947,0
1790012426.816937,,ciclo3_AM_AC_AD,market,dso,cfp,100,0.593041,0
1790012427.060441,,ciclo3_AM_AC_AD,concentrator_alimentador_650,market,propose,1286,21.267762,0
1790012427.116460,,ciclo3_AM_AC_AD,dso,market,propose,1051,17.430447,0
1790012427.297112,,,market,concentrator_alimentador_650,reject-proposal,1181,21.973101,0
1790012427.297718,,,market,dso,reject-proposal,1222,19.415425,0
1790012427.353128,,ciclo3_AM_AC_AD,market,concentrator_alimentador_650,cfp,100,2.538369,0
1790012427.356123,,ciclo3_AM_AC_AD,market,dso,cfp,100,1.171991,0
1790012427.614544,,ciclo3_AM_AC_AD,concentrator_alimentador_650,market,propose,1161,18.217768,0
1790012427.679222,,ciclo3_AM_AC_AD,dso,market,propose,1312,20.854229,0
1790012427.893775,,,market,concentrator_alimentador_650,reject-proposal,1327,22.789257,0
1790012427.894916,,,market,dso,reject-proposal,1467,22.632111,0
1790012427.950427,,ciclo3_AM_AC_AD,market,concentrator_alimentador_650,cfp,100,1.409910,0
1790012427.953357,,ciclo3_AM_AC_AD,market,dso,cfp,100,0.230136,0
1790012428.175512,,ciclo3_AM_AC_AD,concentrator_alimentador_650,market,propose,1104,17.084407,0
1790012428.233171,,ciclo3_AM_AC_AD,dso,market,propose,1494,24.525692,0
1790012428.483612,,,market,concentrator_alimentador_650,reject-proposal,1282,22.732765,0
1790012428.484275,,,market,dso,reject-proposal,1244,20.622099,0
1790012428.538150,,ciclo3_AM_AC_AD,market,concentrator_alimentador_650,cfp,100,2.701680,0
1790012428.540491,,ciclo3_AM_AC_AD,market,dso,cfp,100,1.926605,0
1790012428.791529,,ciclo3_AM_AC_AD,concentrator_alimentador_650,market,propose,1226,18.233071,0
1790012428.866708,,ciclo3_AM_AC_AD,dso,market,propose,1443,24.698759,0
1790012429.118454,,,market,concentrator_alimentador_650,reject-proposal,1266,19.548380,0
1790012429.119173,,,market,dso,reject-proposal,1133,16.233007,0
1790012429.172984,,ciclo3_AM_AC_AD,market,concentrator_alimentador_650,cfp,100,3.486163,0
1790012429.174989,,ciclo3_AM_AC_AD,market,dso,cfp,100,3.766319,0
1790012429.428378,,ciclo3_AM_AC_AD,concentrator_alimentador_650,market,propose,1031,17.981066,0
1790012429.513182,,ciclo3_AM_AC_AD,dso,market,propose,1412,22.763809,0
1790012429.745323,,,market,concentrator_alimentador_650,reject-proposal,1470,24.941742,0
1790012429.745812,,,market,dso,reject-proposal,1280,20.243518,0
1790012429.801075,,ciclo3_AM_AC_AD,market,concentrator_alimentador_650,cfp,100,1.536231,0
1790012429.803745,,ciclo3_AM_AC_AD,market,dso,cfp,100,0.145802,0
1790012430.040429,,ciclo3_AM_AC_AD,concentrator_alimentador_650,market,propose,1468,25.628170,0
1790012430.093808,,ciclo3_AM_AC_AD,dso,market,propose,1007,14.943750,0
1790012430.304089,,,market,concentrator_alimentador_650,reject-proposal,1047,19.879617,0
1790012430.305296,,,market,dso,reject-proposal,1368,22.631290,0
1790012430.361063,,ciclo3_AM_AC_AD,market,concentrator_alimentador_650,cfp,100,2.496310,0
1790012430.364268,,ciclo3_AM_AC_AD,market,dso,cfp,100,0.406914,0
1790012430.606164,,ciclo3_AM_AC_AD,concentrator_alimentador_650,market,propose,1430,22.334209,0
1790012430.662982,,ciclo3_AM_AC_AD,dso,market,propose,1204,19.812976,0
1790012430.864348,,,market,concentrator_alimentador_650,reject-proposal,1363,23.849054,0
1790012430.864912,,,market,dso,reject-proposal,1422,22.401508,0
1790012430.917462,,ciclo3_AM_AC_AD,market,concentrator_alimentador_650,cfp,100,0.776690,0
1790012430.919860,,ciclo3_AM_AC_AD,market,dso,cfp,100,1.596191,0
1790012431.086952,,ciclo3_AM_AC_AD,concentrator_alimentador_650,market,propose,1401,23.432327,0
1790012431.190882,,ciclo3_AM_AC_AD,dso,market,propose,1342,21.013925,0
1790012431.407430,,,market,concentrator_alimentador_650,reject-proposal,1320,23.808998,0
1790012431.408379,,,market,dso,reject-proposal,1000,17.856587,0
1790012431.463284,,ciclo3_AM_AC_AD,market,concentrator_alimentador_650,cfp,100,0.605723,0
1790012431.465755,,ciclo3_AM_AC_AD,market,dso,cfp,100,2.226392,0
1790012431.691229,,ciclo3_AM_AC_AD,concentrator_alimentador_650,market,propose,1313,21.075134,0
1790012431.797315,,ciclo3_AM_AC_AD,dso,market,propose,1252,21.655357,0
1790012432.018277,,,market,concentrator_alimentador_650,reject-proposal,1423,26.169980,0
1790012432.018832,,,market,dso,reject-proposal,1444,25.076103,0
1790012432.074396,,ciclo3_AM_AC_AD,market,concentrator_alimentador_650,cfp,100,1.113359,0
1790012432.077770,,ciclo3_AM_AC_AD,market,dso,cfp,100,0.249834,0
1790012432.309425,,ciclo3_AM_AC_AD,concentrator_alimentador_650,market,propose,1170,21.027733,0
1790012432.367645,,ciclo3_AM_AC_AD,dso,market,propose,1124,17.380471,0
1790012432.547868,,,market,concentrator_alimentador_650,reject-proposal,1373,21.372184,0
1790012432.548661,,,market,dso,reject-proposal,1166,19.902447,0
1790012432.604867,,ciclo3_AM_AC_AD,market,concentrator_alimentador_650,cfp,100,1.636151,0
1790012432.607527,,ciclo3_AM_AC_AD,market,dso,cfp,100,2.853725,0
1790012432.821136,,ciclo3_AM_AC_AD,concentrator_alimentador_650,market,propose,1360,22.424179,0
1790012432.924983,,ciclo3_AM_AC_AD,dso,market,propose,1445,22.750104,0
1790012433.159596,,,market,concentrator_alimentador_650,reject-proposal,1032,16.433940,0
1790012433.160282,,,market,dso,reject-proposal,1097,19.585675,0
1790012433.216372,,ciclo3_AM_AC_AD,market,concentrator_alimentador_650,cfp,100,2.522320,0
1790012433.219524,,ciclo3_AM_AC_AD,market,dso,cfp,100,3.385431,0
1790012433.478011,,ciclo3_AM_AC_AD,concentrator_alimentador_650,market,propose,1469,22.252049,0
1790012433.570952,,ciclo3_AM_AC_AD,dso,market,propose,1290,20.544046,0
1790012433.780092,,,market,concentrator_alimentador_650,reject-proposal,1113,19.539253,0
1790012433.780379,,,market,dso,reject-proposal,1122,18.619482,0
1790012433.835727,,ciclo3_AM_AC_AD,market,concentrator_alimentador_650,cfp,100,3.794898,0
1790012433.838425,,ciclo3_AM_AC_AD,market,dso,cfp,100,0.881125,0
1790012434.107525,,ciclo3_AM_AC_AD,concentrator_alimentador_650,market,propose,1411,24.489801,0
1790012434.153474,,ciclo3_AM_AC_AD,dso,market,propose,1495,25.418957,0
1790012434.413007,,,market,concentrator_alimentador_650,reject-proposal,1072,17.416309,0
1790012434.414109,,,market,dso,reject-proposal,1411,22.610967,0
1790012434.469871,,ciclo3_AM_AC_AD,market,concentrator_alimentador_650,cfp,100,1.018214,0
1790012434.472862,,ciclo3_AM_AC_AD,market,dso,cfp,100,3.203137,0
1790012434.682868,,ciclo3_AM_AC_AD,concentrator_alimentador_650,market,propose,1278,21.949072,0
1790012434.782212,,ciclo3_AM_AC_AD,dso,market,propose,1229,19.372967,0
1790012434.981237,,,market,concentrator_alimentador_650,reject-proposal,1046,19.929920,0
1790012434.981648,,,market,dso,reject-proposal,1041,17.977319,0
1790012435.037568,,ciclo3_AM_AC_AD,market,concentrator_alimentador_650,cfp,100,1.747511,0
1790012435.040378,,ciclo3_AM_AC_AD,market,dso,cfp,100,1.188376,0
1790012435.254869,,ciclo3_AM_AC_AD,concentrator_alimentador_650,market,propose,1163,20.367949,0
1790012435.365113,,ciclo3_AM_AC_AD,dso,market,propose,1448,25.045203,0
1790012435.622247,,,market,concentrator_alimentador_650,reject-proposal,1260,18.839233,0
1790012435.622905,,,market,dso,reject-proposal,1477,24.839184,0
1790012435.678532,,ciclo3_AM_AC_AD,market,concentrator_alimentador_650,cfp,100,3.807882,0
1790012435.682624,,ciclo3_AM_AC_AD,market,dso,cfp,100,1.370492,0
1790012435.901522,,ciclo3_AM_AC_AD,concentrator_alimentador_650,market,propose,1250,20.980072,0
1790012435.965418,,ciclo3_AM_AC_AD,dso,market,propose,1055,17.883622,0
1790012436.146755,,,market,concentrator_alimentador_650,reject-proposal,1154,21.652990,0
1790012436.147004,,,market,dso,reject-proposal,1282,24.170496,0
1790012436.199122,,ciclo3_AM_AC_AD,market,concentrator_alimentador_650,cfp,100,3.725325,0
1790012436.200426,,ciclo3_AM_AC_AD,market,dso,cfp,100,2.629638,0
1790012436.465496,,ciclo3_AM_AC_AD,concentrator_alimentador_650,market,propose,1149,18.436685,0
1790012436.530207,,ciclo3_AM_AC_AD,dso,market,propose,1361,24.205040,0
1790012436.779898,,,market,concentrator_alimentador_650,reject-proposal,1063,16.353890,0
1790012436.781014,,,market,dso,reject-proposal,1280,21.729466,0
1790012436.837011,,ciclo3_AM_AC_AD,market,concentrator_alimentador_650,cfp,100,2.123705,0
1790012436.840221,,ciclo3_AM_AC_AD,market,dso,cfp,100,0.115103,0
1790012437.068419,,ciclo3_AM_AC_AD,concentrator_alimentador_650,market,propose,1170,20.782697,0
1790012437.144448,,ciclo3_AM_AC_AD,dso,market,propose,1417,24.642757,0
1790012437.396441,,,market,concentrator_alimentador_650,reject-proposal,1472,23.211895,0
1790012437.397064,,,market,dso,reject-proposal,1276,24.019736,0
1790012437.449223,,ciclo3_AM_AC_AD,market,concentrator_alimentador_650,cfp,100,1.334285,0
1790012437.450331,,ciclo3_AM_AC_AD,market,dso,cfp,100,0.406633,0
1790012437.656058,,ciclo3_AM_AC_AD,concentrator_alimentador_650,market,propose,1104,18.766323,0
1790012437.738839,,ciclo3_AM_AC_AD,dso,market,propose,1493,23.123114,0
1790012437.975971,,,market,concentrator_alimentador_650,reject-proposal,1409,25.799432,0
1790012437.976822,,,market,dso,reject-proposal,1308,23.822666,0
1790012438.031708,,ciclo3_AM_AC_AD,market,concentrator_alimentador_650,cfp,100,0.010453,0
1790012438.034714,,ciclo3_AM_AC_AD,market,dso,cfp,100,3.095523,0
1790012438.247568,,ciclo3_AM_AC_AD,concentrator_alimentador_650,market,propose,1280,24.157492,0
1790012438.352412,,ciclo3_AM_AC_AD,dso,market,propose,1300,22.658722,0
1790012438.585859,,,market,concentrator_alimentador_650,reject-proposal,1147,20.541499,0
1790012438.586435,,,market,dso,reject-proposal,1227,19.476946,0
1790012438.640998,,ciclo3_AM_AC_AD,market,concentrator_alimentador_650,cfp,100,2.221153,0
1790012438.643333,,ciclo3_AM_AC_AD,market,dso,cfp,100,3.019424,0
1790012438.878938,,ciclo3_AM_AC_AD,concentrator_alimentador_650,market,propose,1046,19.133668,0
1790012438.990482,,ciclo3_AM_AC_AD,dso,market,propose,1305,22.114764,0
1790012439.218524,,,market,concentrator_alimentador_650,reject-proposal,1408,25.211531,0
1790012439.219549,,,market,dso,reject-proposal,1197,19.136950,0
1790012439.272366,,ciclo3_AM_AC_AD,market,concentrator_alimentador_650,cfp,100,0.249840,0
1790012439.273875,,ciclo3_AM_AC_AD,market,dso,cfp,100,2.925089,0
1790012439.466969,,ciclo3_AM_AC_AD,concentrator_alimentador_650,market,propose,1162,19.592907,0
1790012439.604990,,ciclo3_AM_AC_AD,dso,market,propose,1294,21.459280,0
1790012439.825461,,,market,concentrator_alimentador_650,reject-proposal,1123,19.196899,0
1790012439.826011,,,market,dso,reject-proposal,1148,19.480188,0
1790012439.882210,,ciclo3_AM_AC_AD,market,concentrator_alimentador_650,cfp,100,0.665480,0
1790012439.885371,,ciclo3_AM_AC_AD,market,dso,cfp,100,1.424683,0
1790012440.085031,,ciclo3_AM_AC_AD,concentrator_alimentador_650,market,propose,1094,19.356679,0
1790012440.197576,,ciclo3_AM_AC_AD,dso,market,propose,1096,17.991873,0
1790012440.382743,,,market,concentrator_alimentador_650,reject-proposal,1420,25.783619,0
1790012440.383595,,,market,dso,reject-proposal,1095,17.109690,0
1790012440.436384,,ciclo3_AM_AC_AD,market,concentrator_alimentador_650,cfp,100,1.911372,0
1790012440.437767,,ciclo3_AM_AC_AD,market,dso,cfp,100,0.507194,0
1790012440.684816,,ciclo3_AM_AC_AD,concentrator_alimentador_650,market,propose,1016,17.262458,0
1790012440.763976,,ciclo3_AM_AC_AD,dso,market,propose,1313,21.825200,0
1790012440.988303,,,market,concentrator_alimentador_650,reject-proposal,1336,21.850444,0
1790012440.989439,,,market,dso,reject-proposal,1133,18.897170,0
1790012441.044836,,ciclo3_AM_AC_AD,market,concentrator_alimentador_650,cfp,100,1.074814,0
1790012441.047714,,ciclo3_AM_AC_AD,market,dso,cfp,100,2.804405,0
1790012441.263583,,ciclo3_AM_AC_AD,concentrator_alimentador_650,market,propose,1243,20.371502,0
1790012441.377349,,ciclo3_AM_AC_AD,dso,market,propose,1035,17.352117,0
1790012441.558408,,,market,concentrator_alimentador_650,reject-proposal,1045,16.981659,0
1790012441.559905,,,market,dso,reject-proposal,1347,22.330161,0
1790012441.615882,,ciclo3_AM_AC_AD,market,concentrator_alimentador_650,cfp,100,0.465016,0
1790012441.619273,,ciclo3_AM_AC_AD,market,dso,cfp,100,0.917085,0
1790012441.839863,,ciclo3_AM_AC_AD,concentrator_alimentador_650,market,propose,1387,22.607769,0
1790012441.948117,,ciclo3_AM_AC_AD,dso,market,propose,1066,20.052811,0
1790012442.153329,,,market,concentrator_alimentador_650,reject-proposal,1448,22.459076,0
1790012442.154120,,,market,dso,reject-proposal,1076,17.915330,0
1790012442.210029,,ciclo3_AM_AC_AD,market,concentrator_alimentador_650,cfp,100,0.207676,0
1790012442.213163,,ciclo3_AM_AC_AD,market,dso,cfp,100,2.966133,0
1790012442.414717,,ciclo3_AM_AC_AD,concentrator_alimentador_650,market,propose,1472,23.545595,0
1790012442.528672,,ciclo3_AM_AC_AD,dso,market,propose,1019,16.305716,0
1790012442.698798,,,market,concentrator_alimentador_650,reject-proposal,1431,22.306359,0
1790012442.700130,,,market,dso,reject-proposal,1041,19.074226,0
1790012442.755815,,ciclo3_AM_AC_AD,market,concentrator_alimentador_650,cfp,100,0.362804,0
1790012442.759121,,ciclo3_AM_AC_AD,market,dso,cfp,100,3.905813,0
1790012442.974696,,ciclo3_AM_AC_AD,concentrator_alimentador_650,market,propose,1459,22.761282,0
1790012443.083941,,ciclo3_AM_AC_AD,dso,market,propose,1358,22.146053,0
1790012443.312550,,,market,concentrator_alimentador_650,reject-proposal,1472,25.036480,0
1790012443.313335,,,market,dso,reject-proposal,1424,25.447368,0
1790012443.368949,,ciclo3_AM_AC_AD,market,concentrator_alimentador_650,cfp,100,1.727767,0
1790012443.371643,,ciclo3_AM_AC_AD,market,dso,cfp,100,0.401740,0
1790012443.608278,,ciclo3_AM_AC_AD,concentrator_alimentador_650,market,propose,1276,20.664741,0
1790012443.688188,,ciclo3_AM_AC_AD,dso,market,propose,1349,22.184084,0
1790012443.917719,,,market,concentrator_alimentador_650,reject-proposal,1200,21.126767,0
1790012443.918910,,,market,dso,reject-proposal,1428,25.384292,0
1790012443.975397,,ciclo3_AM_AC_AD,market,concentrator_alimentador_650,cfp,100,3.518620,0
1790012443.979073,,ciclo3_AM_AC_AD,market,dso,cfp,100,3.671331,0
1790012444.232032,,ciclo3_AM_AC_AD,concentrator_alimentador_650,market,propose,1361,21.532572,0
1790012444.377692,,ciclo3_AM_AC_AD,dso,market,propose,1268,21.613066,0
1790012444.600646,,,market,concentrator_alimentador_650,reject-proposal,1141,16.373948,0
1790012444.601631,,,market,dso,reject-proposal,1267,21.732602,0
1790012444.657100,,ciclo3_AM_AC_AD,market,concentrator_alimentador_650,cfp,100,2.095969,0
1790012444.660278,,ciclo3_AM_AC_AD,market,dso,cfp,100,0.696010,0
1790012444.891588,,ciclo3_AM_AC_AD,concentrator_alimentador_650,market,propose,1415,22.521279,0
1790012444.948074,,ciclo3_AM_AC_AD,dso,market,propose,1120,19.988188,0
1790012445.155154,,,market,concentrator_alimentador_650,reject-proposal,1434,22.664241,0
1790012445.156333,,,market,dso,reject-proposal,1110,16.921412,0
1790012445.210157,,ciclo3_AM_AC_AD,market,concentrator_alimentador_650,cfp,100,0.757782,0
1790012445.212502,,ciclo3_AM_AC_AD,market,dso,cfp,100,3.593348,0
1790012445.420891,,ciclo3_AM_AC_AD,concentrator_alimentador_650,market,propose,1458,24.576962,0
1790012445.563783,,ciclo3_AM_AC_AD,dso,market,propose,1347,20.722713,0
1790012445.776996,,,market,concentrator_alimentador_650,reject-proposal,1301,21.105815,0
1790012445.777710,,,market,dso,reject-proposal,1422,24.298637,0
1790012445.832880,,ciclo3_AM_AC_AD,market,concentrator_alimentador_650,cfp,100,3.006309,0
1790012445.836453,,ciclo3_AM_AC_AD,market,dso,cfp,100,2.385703,0
1790012446.092488,,ciclo3_AM_AC_AD,concentrator_alimentador_650,market,propose,1486,23.201282,0
1790012446.169685,,ciclo3_AM_AC_AD,dso,market,propose,1214,19.889300,0
1790012446.375152,,,market,concentrator_alimentador_650,reject-proposal,1296,20.711922,0
1790012446.375926,,,market,dso,reject-proposal,1140,18.876541,0
1790012446.431344,,ciclo3_AM_AC_AD,market,concentrator_alimentador_650,cfp,100,0.706582,0
1790012446.434103,,ciclo3_AM_AC_AD,market,dso,cfp,100,0.747331,0
1790012446.660751,,ciclo3_AM_AC_AD,concentrator_alimentador_650,market,propose,1230,21.590810,0
1790012446.780107,,ciclo3_AM_AC_AD,dso,market,propose,1252,20.681228,0
1790012446.990065,,,market,concentrator_alimentador_650,reject-proposal,1338,22.369509,0
1790012446.990162,,,market,dso,reject-proposal,1328,23.394173,0
1790012447.042136,,ciclo3_AM_AC_AD,market,concentrator_alimentador_650,cfp,100,1.820599,0
1790012447.043155,,ciclo3_AM_AC_AD,market,dso,cfp,100,1.351054,0
1790012447.286479,,ciclo3_AM_AC_AD,concentrator_alimentador_650,market,propose,1358,21.080594,0
1790012447.361563,,ciclo3_AM_AC_AD,dso,market,propose,1469,25.050154,0
1790012447.615139,,,market,concentrator_alimentador_650,reject-proposal,1406,23.689510,0
1790012447.615431,,,market,dso,reject-proposal,1182,19.751049,0
1790012447.668405,,ciclo3_AM_AC_AD,market,concentrator_alimentador_650,cfp,100,2.720594,0
1790012447.670486,,ciclo3_AM_AC_AD,market,dso,cfp,100,2.537933,0
1790012447.868334,,ciclo3_AM_AC_AD,concentrator_alimentador_650,market,propose,1042,18.032402,0
1790012447.961577,,ciclo3_AM_AC_AD,dso,market,propose,1166,21.053874,0
1790012448.174574,,,market,concentrator_alimentador_650,reject-proposal,1313,23.289496,0
1790012448.175167,,,market,dso,reject-proposal,1059,16.374494,0
1790012448.227267,,ciclo3_AM_AC_AD,market,concentrator_alimentador_650,cfp,100,0.301915,0
1790012448.228575,,ciclo3_AM_AC_AD,market,dso,cfp,100,1.118298,0
1790012448.437282,,ciclo3_AM_AC_AD,concentrator_alimentador_650,market,propose,1249,21.893720,0
1790012448.569522,,ciclo3_AM_AC_AD,dso,market,propose,1300,23.186628,0
1790012448.804443,,,market,concentrator_alimentador_650,reject-proposal,1322,21.088361,0
1790012448.804761,,,market,dso,reject-proposal,1171,20.169139,0
1790012448.856642,,ciclo3_AM_AC_AD,market,concentrator_alimentador_650,cfp,100,1.136457,0
1790012448.857979,,ciclo3_AM_AC_AD,market,dso,cfp,100,0.117023,0
1790012449.078706,,ciclo3_AM_AC_AD,concentrator_alimentador_650,market,propose,1432,25.794115,0
1790012449.172435,,ciclo3_AM_AC_AD,dso,market,propose,1097,19.604266,0
1790012449.370526,,,market,concentrator_alimentador_650,reject-proposal,1124,17.966775,0
1790012449.370886,,,market,dso,reject-proposal,1008,16.336505,0
1790012449.422714,,ciclo3_AM_AC_AD,market,concentrator_alimentador_650,cfp,100,2.128482,0
1790012449.423897,,ciclo3_AM_AC_AD,market,dso,cfp,100,1.685094,0
1790012449.679786,,ciclo3_AM_AC_AD,concentrator_alimentador_650,market,propose,1374,23.434665,0
1790012449.741059,,ciclo3_AM_AC_AD,dso,market,propose,1138,16.312965,0
1790012449.916547,,,market,concentrator_alimentador_650,reject-proposal,1059,17.347204,0
1790012449.916777,,,market,dso,reject-proposal,1361,22.232141,0
1790012449.968745,,ciclo3_AM_AC_AD,market,concentrator_alimentador_650,cfp,100,3.597648,0
1790012449.969933,,ciclo3_AM_AC_AD,market,dso,cfp,100,1.542643,0
1790012450.179807,,ciclo3_AM_AC_AD,concentrator_alimentador_650,market,propose,1112,17.952973,0
1790012450.256712,,ciclo3_AM_AC_AD,dso,market,propose,1190,21.845880,0
1790012450.477500,,,market,concentrator_alimentador_650,reject-proposal,1406,23.668885,0
1790012450.477859,,,market,dso,reject-proposal,1087,16.956673,0
1790012450.529896,,ciclo3_AM_AC_AD,market,concentrator_alimentador_650,cfp,100,2.543616,0
1790012450.531063,,ciclo3_AM_AC_AD,market,dso,cfp,100,0.139102,0
1790012450.766755,,ciclo3_AM_AC_AD,concentrator_alimentador_650,market,propose,1170,20.265442,0
1790012450.841273,,ciclo3_AM_AC_AD,dso,market,propose,1218,18.846234,0
1790012451.032861,,,market,concentrator_alimentador_650,reject-proposal,1417,24.805497,0
1790012451.033366,,,market,dso,reject-proposal,1031,18.354282,0
1790012451.086410,,ciclo3_AM_AC_AD,market,concentrator_alimentador_650,cfp,100,0.812374,0
1790012451.087755,,ciclo3_AM_AC_AD,market,dso,cfp,100,2.687399,0
1790012451.291209,,ciclo3_AM_AC_AD,concentrator_alimentador_650,market,propose,1051,19.640846,0
1790012451.404285,,ciclo3_AM_AC_AD,dso,market,propose,1400,25.671931,0
1790012451.664366,,,market,concentrator_alimentador_650,reject-proposal,1074,20.054228,0
1790012451.664954,,,market,dso,reject-proposal,1437,24.774613,0
1790012451.717147,,ciclo3_AM_AC_AD,market,concentrator_alimentador_650,cfp,100,0.054330,0
1790012451.718388,,ciclo3_AM_AC_AD,market,dso,cfp,100,3.788386,0
1790012451.900173,,ciclo3_AM_AC_AD,concentrator_alimentador_650,market,propose,1357,24.199454,0
1790012452.025685,,ciclo3_AM_AC_AD,dso,market,propose,1112,18.667928,0
1790012452.214715,,,market,concentrator_alimentador_650,reject-proposal,1023,18.195637,0
1790012452.215321,,,market,dso,reject-proposal,1418,24.364682,0
1790012452.267385,,ciclo3_AM_AC_AD,market,concentrator_alimentador_650,cfp,100,1.299459,0
1790012452.268560,,ciclo3_AM_AC_AD,market,dso,cfp,100,3.152017,0
1790012452.480046,,ciclo3_AM_AC_AD,concentrator_alimentador_650,market,propose,1293,20.788973,0
1790012452.594207,,ciclo3_AM_AC_AD,dso,market,propose,1324,20.556282,0
1790012452.802590,,,market,concentrator_alimentador_650,reject-proposal,1465,25.696245,0
1790012452.802972,,,market,dso,reject-proposal,1479,23.020805,0
1790012452.854970,,ciclo3_AM_AC_AD,market,concentrator_alimentador_650,cfp,100,2.758944,0
1790012452.856311,,ciclo3_AM_AC_AD,market,dso,cfp,100,2.102067,0
1790012453.100066,,ciclo3_AM_AC_AD,concentrator_alimentador_650,market,propose,1273,23.547011,0
1790012453.193427,,ciclo3_AM_AC_AD,dso,market,propose,1308,23.197436,0
1790012453.427938,,,market,concentrator_alimentador_650,reject-proposal,1348,22.701305,0
1790012453.428141,,,market,dso,reject-proposal,1037,16.500504,0
1790012453.479938,,ciclo3_AM_AC_AD,market,concentrator_alimentador_650,cfp,100,2.715463,0
1790012453.481018,,ciclo3_AM_AC_AD,market,dso,cfp,100,0.765933,0
1790012453.683782,,ciclo3_AM_AC_AD,concentrator_alimentador_650,market,propose,1013,17.758746,0
1790012453.760196,,ciclo3_AM_AC_AD,dso,market,propose,1063,18.895152,0
1790012453.952245,,,market,concentrator_alimentador_650,reject-proposal,1325,23.243427,0
1790012453.952477,,,market,dso,reject-proposal,1096,19.164816,0
1790012454.004145,,ciclo3_AM_AC_AD,market,concentrator_alimentador_650,cfp,100,3.506882,0
1790012454.005200,,ciclo3_AM_AC_AD,market,dso,cfp,100,2.185965,0
1790012454.253299,,ciclo3_AM_AC_AD,concentrator_alimentador_650,market,propose,1310,23.424527,0
1790012454.332760,,ciclo3_AM_AC_AD,dso,market,propose,1425,22.996805,0
1790012454.565322,,,market,concentrator_alimentador_650,reject-proposal,1294,23.947427,0
1790012454.565666,,,market,dso,reject-proposal,1061,19.776151,0
1790012454.617564,,ciclo3_AM_AC_AD,market,concentrator_alimentador_650,cfp,100,0.677656,0
1790012454.618911,,ciclo3_AM_AC_AD,market,dso,cfp,100,2.054267,0
1790012454.821377,,ciclo3_AM_AC_AD,concentrator_alimentador_650,market,propose,1200,21.379130,0
1790012454.942216,,ciclo3_AM_AC_AD,dso,market,propose,1046,16.314046,0
1790012455.107793,,,market,concentrator_alimentador_650,reject-proposal,1189,19.392741,0
1790012455.108226,,,market,dso,reject-proposal,1426,23.155110,0
1790012455.160508,,ciclo3_AM_AC_AD,market,concentrator_alimentador_650,cfp,100,1.803384,0
1790012455.162049,,ciclo3_AM_AC_AD,market,dso,cfp,100,1.590246,0
1790012455.421254,,ciclo3_AM_AC_AD,concentrator_alimentador_650,market,propose,1059,18.130635,0
1790012455.497179,,ciclo3_AM_AC_AD,dso,market,propose,1018,18.777063,0
1790012455.687852,,,market,concentrator_alimentador_650,reject-proposal,1310,20.243416,0
1790012455.688432,,,market,dso,reject-proposal,1011,15.237343,0
1790012455.740844,,ciclo3_AM_AC_AD,market,concentrator_alimentador_650,cfp,100,2.373177,0
1790012455.742624,,ciclo3_AM_AC_AD,market,dso,cfp,100,0.365255,0
1790012455.930722,,ciclo3_AM_AC_AD,concentrator_alimentador_650,market,propose,1099,16.681063,0
1790012456.049814,,ciclo3_AM_AC_AD,dso,market,propose,1492,22.379223,0
1790012456.276767,,,market,concentrator_alimentador_650,reject-proposal,1496,23.056609,0
1790012456.277127,,,market,dso,reject-proposal,1094,19.919803,0
1790012456.329260,,ciclo3_AM_AC_AD,market,concentrator_alimentador_650,cfp,100,0.131881,0
1790012456.330511,,ciclo3_AM_AC_AD,market,dso,cfp,100,2.929673,0
1790012456.479796,,ciclo3_AM_AC_AD,concentrator_alimentador_650,market,propose,1367,22.484839,0
1790012456.620641,,ciclo3_AM_AC_AD,dso,market,propose,1063,19.390630,0
1790012456.819015,,,market,concentrator_alimentador_650,reject-proposal,1245,21.167127,0
1790012456.819730,,,market,dso,reject-proposal,1107,18.129275,0
1790012456.873640,,ciclo3_AM_AC_AD,market,concentrator_alimentador_650,cfp,100,2.075186,0
1790012456.875894,,ciclo3_AM_AC_AD,market,dso,cfp,100,3.852899,0
1790012457.121902,,ciclo3_AM_AC_AD,concentrator_alimentador_650,market,propose,1372,21.000684,0
1790012457.231699,,ciclo3_AM_AC_AD,dso,market,propose,1409,23.961317,0
1790012457.476235,,,market,concentrator_alimentador_650,reject-proposal,1031,19.127723,0
1790012457.476839,,,market,dso,reject-proposal,1479,25.964439,0
1790012457.529376,,ciclo3_AM_AC_AD,market,concentrator_alimentador_650,cfp,100,1.201513,0
1790012457.530752,,ciclo3_AM_AC_AD,market,dso,cfp,100,2.945556,0
1790012457.761253,,ciclo3_AM_AC_AD,concentrator_alimentador_650,market,propose,1347,23.457376,0
1790012457.891018,,ciclo3_AM_AC_AD,dso,market,propose,1011,17.016651,0
1790012458.067654,,,market,concentrator_alimentador_650,reject-proposal,1278,21.000725,0
1790012458.068297,,,market,dso,reject-proposal,1217,21.084516,0
1790012458.123545,,ciclo3_AM_AC_AD,market,concentrator_alimentador_650,cfp,100,3.043584,0
1790012458.126446,,ciclo3_AM_AC_AD,market,dso,cfp,100,3.752154,0
1790012458.362993,,ciclo3_AM_AC_AD,concentrator_alimentador_650,market,propose,1317,24.152187,0
1790012458.485302,,ciclo3_AM_AC_AD,dso,market,propose,1051,18.471378,0
1790012458.677490,,,market,concentrator_alimentador_650,reject-proposal,1427,22.344125,0
1790012458.678173,,,market,dso,reject-proposal,1133,19.799164,0
1790012458.733154,,ciclo3_AM_AC_AD,market,concentrator_alimentador_650,cfp,100,1.347785,0
1790012458.735986,,ciclo3_AM_AC_AD,market,dso,cfp,100,3.854970,0
1790012458.957282,,ciclo3_AM_AC_AD,concentrator_alimentador_650,market,propose,1035,19.427210,0
1790012459.070393,,ciclo3_AM_AC_AD,dso,market,propose,1113,17.355578,0
1790012459.250145,,,market,concentrator_alimentador_650,reject-proposal,1036,18.522154,0
1790012459.251107,,,market,dso,reject-proposal,1331,23.317743,0
1790012459.306311,,ciclo3_AM_AC_AD,market,concentrator_alimentador_650,cfp,100,0.440340,0
1790012459.309224,,ciclo3_AM_AC_AD,market,dso,cfp,100,2.196901,0
1790012459.531081,,ciclo3_AM_AC_AD,concentrator_alimentador_650,market,propose,1154,20.712741,0
1790012459.656204,,ciclo3_AM_AC_AD,dso,market,propose,1179,20.116436,0
1790012459.863805,,,market,concentrator_alimentador_650,reject-proposal,1223,20.803846,0
1790012459.864839,,,market,dso,reject-proposal,1092,17.905468,0
1790012459.920833,,ciclo3_AM_AC_AD,market,concentrator_alimentador_650,cfp,100,0.094922,0
1790012459.924203,,ciclo3_AM_AC_AD,market,dso,cfp,100,2.143572,0
1790012460.136811,,ciclo3_AM_AC_AD,concentrator_alimentador_650,market,propose,1031,17.683656,0
1790012460.252881,,ciclo3_AM_AC_AD,dso,market,propose,1257,18.637381,0
1790012460.446153,,,market,concentrator_alimentador_650,reject-proposal,1239,20.680920,0
1790012460.447440,,,market,dso,reject-proposal,1020,19.521594,0
1790012460.502918,,ciclo3_AM_AC_AD,market,concentrator_alimentador_650,cfp,100,2.227814,0
1790012460.505651,,ciclo3_AM_AC_AD,market,dso,cfp,100,3.428786,0
1790012460.744806,,ciclo3_AM_AC_AD,concentrator_alimentador_650,market,propose,1305,23.650310,0
1790012460.874925,,ciclo3_AM_AC_AD,dso,market,propose,1051,19.773202,0
1790012461.079657,,,market,concentrator_alimentador_650,reject-proposal,1358,23.403981,0
1790012461.080753,,,market,dso,reject-proposal,1200,19.730287,0
1790012461.136765,,ciclo3_AM_AC_AD,market,concentrator_alimentador_650,cfp,100,0.328115,0
1790012461.139350,,ciclo3_AM_AC_AD,market,dso,cfp,100,4.033591,0
1790012461.353493,,ciclo3_AM_AC_AD,concentrator_alimentador_650,market,propose,1102,17.734033,0
1790012461.462529,,ciclo3_AM_AC_AD,dso,market,propose,1133,18.564890,0
1790012461.655236,,,market,concentrator_alimentador_650,reject-proposal,1183,18.961978,0
1790012461.656426,,,market,dso,reject-proposal,1463,24.166349,0
1790012461.711319,,ciclo3_AM_AC_AD,market,concentrator_alimentador_650,cfp,100,3.805220,0
1790012461.713753,,ciclo3_AM_AC_AD,market,dso,cfp,100,3.514440,0
1790012461.973784,,ciclo3_AM_AC_AD,concentrator_alimentador_650,market,propose,1374,23.044158,0
1790012462.067125,,ciclo3_AM_AC_AD,dso,market,propose,1240,21.841292,0
1790012462.292188,,,market,concentrator_alimentador_650,reject-proposal,1429,25.321729,0
1790012462.293015,,,market,dso,reject-proposal,1461,24.819589,0
1790012462.347638,,ciclo3_AM_AC_AD,market,concentrator_alimentador_650,cfp,100,2.197582,0
1790012462.350070,,ciclo3_AM_AC_AD,market,dso,cfp,100,2.898903,0
1790012462.574636,,ciclo3_AM_AC_AD,concentrator_alimentador_650,market,propose,1470,23.238678,0
1790012462.699147,,ciclo3_AM_AC_AD,dso,market,propose,1291,21.256140,0
1790012462.916671,,,market,concentrator_alimentador_650,reject-proposal,1086,19.675214,0
1790012462.917251,,,market,dso,reject-proposal,1357,22.650439,0
1790012462.971653,,ciclo3_AM_AC_AD,market,concentrator_alimentador_650,cfp,100,0.526178,0
1790012462.974254,,ciclo3_AM_AC_AD,market,dso,cfp,100,2.647013,0
1790012463.185704,,ciclo3_AM_AC_AD,concentrator_alimentador_650,market,propose,1344,20.908344,0
1790012463.310892,,ciclo3_AM_AC_AD,dso,market,propose,1104,16.770341,0
1790012463.484396,,,market,concentrator_alimentador_650,reject-proposal,1494,23.366825,0
1790012463.485252,,,market,dso,reject-proposal,1392,23.545999,0
1790012463.541116,,ciclo3_AM_AC_AD,market,concentrator_alimentador_650,cfp,100,1.822404,0
1790012463.544317,,ciclo3_AM_AC_AD,market,dso,cfp,100,2.992766,0
1790012463.779270,,ciclo3_AM_AC_AD,concentrator_alimentador_650,market,propose,1029,17.695809,0
1790012463.910352,,ciclo3_AM_AC_AD,dso,market,propose,1403,24.338714,0
1790012464.160470,,,market,concentrator_alimentador_650,reject-proposal,1346,23.443581,0
1790012464.161618,,,market,dso,reject-proposal,1081,18.579107,0
1790012464.215668,,ciclo3_AM_AC_AD,market,concentrator_alimentador_650,cfp,100,2.997536,0
1790012464.218009,,ciclo3_AM_AC_AD,market,dso,cfp,100,3.970838,0
1790012464.462333,,ciclo3_AM_AC_AD,concentrator_alimentador_650,market,propose,1432,23.901047,0
1790012464.588334,,ciclo3_AM_AC_AD,dso,market,propose,1082,17.101284,0
1790012464.766027,,,market,concentrator_alimentador_650,reject-proposal,1175,20.607900,0
1790012464.767102,,,market,dso,reject-proposal,1271,21.921568,0
1790012464.822452,,ciclo3_AM_AC_AD,market,concentrator_alimentador_650,cfp,100,1.003634,0
1790012464.825604,,ciclo3_AM_AC_AD,market,dso,cfp,100,2.001800,0
1790012465.042173,,ciclo3_AM_AC_AD,concentrator_alimentador_650,market,propose,1128,19.490817,0
1790012465.160214,,ciclo3_AM_AC_AD,dso,market,propose,1060,19.163298,0
1790012465.358552,,,market,concentrator_alimentador_650,reject-proposal,1305,20.904985,0
1790012465.359870,,,market,dso,reject-proposal,1471,22.352339,0
1790012465.413629,,ciclo3_AM_AC_AD,market,concentrator_alimentador_650,cfp,100,1.602902,0
1790012465.415916,,ciclo3_AM_AC_AD,market,dso,cfp,100,1.059613,0
1790012465.711404,,ciclo3_AM_AC_AD,concentrator_alimentador_650,market,propose,1226,19.995752,0
1790012465.768862,,ciclo3_AM_AC_AD,dso,market,propose,1340,21.416072,0
1790012465.989599,,,market,concentrator_alimentador_650,reject-proposal,1089,19.006169,0
1790012465.990437,,,market,dso,reject-proposal,1006,15.164891,0
1790012466.042628,,ciclo3_AM_AC_AD,market,concentrator_alimentador_650,cfp,100,1.034234,0
1790012466.043653,,ciclo3_AM_AC_AD,market,dso,cfp,100,2.641543,0
1790012466.264618,,ciclo3_AM_AC_AD,concentrator_alimentador_650,market,propose,1241,19.616533,0
1790012466.378816,,ciclo3_AM_AC_AD,dso,market,propose,1348,23.106129,0
1790012466.616537,,,market,concentrator_alimentador_650,reject-proposal,1209,19.421821,0
1790012466.617665,,,market,dso,reject-proposal,1460,26.216589,0
1790012466.672656,,ciclo3_AM_AC_AD,market,concentrator_alimentador_650,cfp,100,1.603832,0
1790012466.675473,,ciclo3_AM_AC_AD,market,dso,cfp,100,0.652759,0
1790012466.889843,,ciclo3_AM_AC_AD,concentrator_alimentador_650,market,propose,1291,22.821888,0
1790012467.007531,,ciclo3_AM_AC_AD,dso,market,propose,1447,25.077038,0
1790012467.263733,,,market,concentrator_alimentador_650,reject-proposal,1260,19.092609,0
1790012467.264506,,,market,dso,reject-proposal,1469,24.231834,0
1790012467.318631,,ciclo3_AM_AC_AD,market,concentrator_alimentador_650,cfp,100,1.475592,0
1790012467.321008,,ciclo3_AM_AC_AD,market,dso,cfp,100,0.512852,0
1790012467.535849,,ciclo3_AM_AC_AD,concentrator_alimentador_650,market,propose,1159,20.720300,0
1790012467.604520,,ciclo3_AM_AC_AD,dso,market,propose,1332,22.839163,0
1790012467.839020,,,market,concentrator_alimentador_650,reject-proposal,1182,18.927575,0
1790012467.839881,,,market,dso,reject-proposal,1198,21.850253,0
1790012467.894597,,ciclo3_AM_AC_AD,market,concentrator_alimentador_650,cfp,100,1.564937,0
1790012467.897071,,ciclo3_AM_AC_AD,market,dso,cfp,100,2.707165,0
1790012468.111644,,ciclo3_AM_AC_AD,concentrator_alimentador_650,market,propose,1428,23.042384,0
1790012468.236402,,ciclo3_AM_AC_AD,dso,market,propose,1336,21.965516,0
1790012468.460086,,,market,concentrator_alimentador_650,reject-proposal,1128,16.242200,0
1790012468.460354,,,market,dso,reject-proposal,1078,20.046094,0
1790012468.515469,,ciclo3_AM_AC_AD,market,concentrator_alimentador_650,cfp,100,0.318751,0
1790012468.518378,,ciclo3_AM_AC_AD,market,dso,cfp,100,2.539002,0
1790012468.727332,,ciclo3_AM_AC_AD,concentrator_alimentador_650,market,propose,1287,22.807710,0
1790012468.837561,,ciclo3_AM_AC_AD,dso,market,propose,1353,21.570620,0
1790012469.060465,,,market,concentrator_alimentador_650,reject-proposal,1006,16.215909,0
1790012469.061044,,,market,dso,reject-proposal,1234,21.896612,0
1790012469.115586,,ciclo3_AM_AC_AD,market,concentrator_alimentador_650,cfp,100,3.261191,0
1790012469.118838,,ciclo3_AM_AC_AD,market,dso,cfp,100,3.196354,0
1790012469.368978,,ciclo3_AM_AC_AD,concentrator_alimentador_650,market,propose,1379,21.996108,0
1790012469.477075,,ciclo3_AM_AC_AD,dso,market,propose,1040,17.421220,0
1790012469.658607,,,market,concentrator_alimentador_650,accept-proposal,1171,19.752819,0
1790012469.660038,,,market,dso,accept-proposal,1378,21.014450,0
1790012469.662695,,,dso,concentrator_alimentador_650,inform,1023,16.943214,0
1790012469.839371,,,concentrator_alimentador_650,prosumer692,inform,1278,21.440930,0
1790012469.840306,,,concentrator_alimentador_650,prosumer646,inform,1143,17.027451,0
1790012469.840825,,,concentrator_alimentador_650,prosumer675,inform,1069,37.276511,0
1790012469.841239,,,concentrator_alimentador_650,prosumer611,inform,1122,36.464366,0
1790012469.841804,,,concentrator_alimentador_650,prosumer671,inform,1390,46.688719,0
1790012469.842261,,,concentrator_alimentador_650,prosumer670,inform,1488,25.553708,0
1790012469.842651,,,concentrator_alimentador_650,prosumer634,inform,1246,43.068401,0
1790012469.842824,,,concentrator_alimentador_650,prosumer652,inform,1180,39.465372,0
1790012469.843132,,,concentrator_alimentador_650,prosumer645,inform,1312,44.201731,0
1790012469.843440,,,concentrator_alimentador_650,prosumer632,inform,1147,41.456968,0
1790012470.013040,,,prosumer646,concentrator_alimentador_650,inform,100,3.848701,0
1790012470.055458,,,prosumer692,concentrator_alimentador_650,inform,100,0.076280,0
1790012470.099716,,,prosumer670,concentrator_alimentador_650,inform,100,3.287326,0
1790012470.208080,,,prosumer611,concentrator_alimentador_650,inform,100,1.138386,0
1790012470.216106,,,prosumer675,concentrator_alimentador_650,inform,100,3.180392,0
1790012470.239805,,,prosumer652,concentrator_alimentador_650,inform,100,4.162421,0
1790012470.260033,,,prosumer632,concentrator_alimentador_650,inform,100,4.703593,0
1790012470.275807,,,prosumer634,concentrator_alimentador_650,inform,100,5.935173,0
1790012470.286750,,,prosumer645,concentrator_alimentador_650,inform,100,4.218576,0
1790012470.312416,,,prosumer671,concentrator_alimentador_650,inform,100,4.385293,0
1790012470.358745,,,concentrator_alimentador_650,dso,inform,100,3.719951,0
1790012470.455421,1,ciclo1_AC_AP,concentrator_alimentador_650,prosumer611,cfp,100,4.283619,0
1790012470.455624,1,ciclo1_AC_AP,concentrator_alimentador_650,prosumer632,cfp,100,2.313333,0
1790012470.455746,1,ciclo1_AC_AP,concentrator_alimentador_650,prosumer634,cfp,100,7.031490,0
1790012470.455820,1,ciclo1_AC_AP,concentrator_alimentador_650,prosumer645,cfp,100,4.955668,0
1790012470.455874,1,ciclo1_AC_AP,concentrator_alimentador_650,prosumer646,cfp,100,2.645625,0
1790012470.455927,1,ciclo1_AC_AP,concentrator_alimentador_650,prosumer652,cfp,100,4.340700,0
1790012470.455978,1,ciclo1_AC_AP,concentrator_alimentador_650,prosumer670,cfp,100,3.533961,0
1790012470.456029,1,ciclo1_AC_AP,concentrator_alimentador_650,prosumer671,cfp,100,5.880288,0
1790012470.456079,1,ciclo1_AC_AP,concentrator_alimentador_650,prosumer675,cfp,100,2.766199,0
1790012470.456129,1,ciclo1_AC_AP,concentrator_alimentador_650,prosumer692,cfp,100,0.811429,0
1790012470.466735,1,ciclo1_AC_AP,prosumer692,concentrator_alimentador_650,propose,444,9.229559,0
1790012470.481171,1,ciclo1_AC_AP,prosumer632,concentrator_alimentador_650,propose,283,13.588134,0
1790012470.483884,1,ciclo1_AC_AP,prosumer646,concentrator_alimentador_650,propose,402,7.634949,0
1790012470.485775,1,ciclo1_AC_AP,prosumer675,concentrator_alimentador_650,propose,424,16.535654,0
1790012470.493594,1,ciclo1_AC_AP,prosumer670,concentrator_alimentador_650,propose,417,8.510785,0
1790012470.500279,1,ciclo1_AC_AP,prosumer611,concentrator_alimentador_650,propose,167,10.355750,0
1790012470.501385,1,ciclo1_AC_AP,prosumer652,concentrator_alimentador_650,propose,466,13.445914,0
1790012470.506832,1,ciclo1_AC_AP,prosumer645,concentrator_alimentador_650,propose,258,12.848365,0
1790012470.516301,1,ciclo1_AC_AP,prosumer671,concentrator_alimentador_650,propose,298,12.684201,0
1790012470.527742,1,ciclo1_AC_AP,prosumer634,concentrator_alimentador_650,propose,483,17.872176,0
1790012470.711730,1,ciclo2_AD_AC,dso,concentrator_alimentador_650,cfp,100,3.075794,0
1790012470.746095,1,ciclo2_AD_AC,concentrator_alimentador_650,dso,propose,1212,18.786398,0
1790012470.939760,1,ciclo3_AM_AC_AD,market,dso,cfp,100,1.660801,0
1790012470.966749,1,ciclo3_AM_AC_AD,dso,market,propose,1424,24.161198,0
1790012471.213407,1,ciclo3_AM_AC_AD,market,concentrator_alimentador_650,cfp,100,3.465264,0
1790012471.213666,1,ciclo3_AM_AC_AD,market,dso,cfp,100,2.608080,0
1790012471.277175,1,ciclo3_AM_AC_AD,dso,market,propose,1333,20.665785,0
1790012471.278674,1,ciclo3_AM_AC_AD,concentrator_alimentador_650,market,propose,1041,16.715272,0
1790012471.549959,2,ciclo1_AC_AP,concentrator_alimentador_650,prosumer611,cfp,100,5.100330,0
1790012471.550459,2,ciclo1_AC_AP,concentrator_alimentador_650,prosumer632,cfp,100,3.343392,0
1790012471.550729,2,ciclo1_AC_AP,concentrator_alimentador_650,prosumer634,cfp,100,2.777784,0
1790012471.550946,2,ciclo1_AC_AP,concentrator_alimentador_650,prosumer645,cfp,100,4.859183,0
1790012471.551134,2,ciclo1_AC_AP,concentrator_alimentador_650,prosumer646,cfp,100,3.513241,0
1790012471.551316,2,ciclo1_AC_AP,concentrator_alimentador_650,prosumer652,cfp,100,3.674388,0
1790012471.551493,2,ciclo1_AC_AP,concentrator_alimentador_650,prosumer670,cfp,100,0.949005,0
1790012471.551666,2,ciclo1_AC_AP,concentrator_alimentador_650,prosumer671,cfp,100,4.567878,0
1790012471.551862,2,ciclo1_AC_AP,concentrator_alimentador_650,prosumer675,cfp,100,7.271368,0
1790012471.552037,2,ciclo1_AC_AP,concentrator_alimentador_650,prosumer692,cfp,100,1.056908,0
1790012471.564622,2,ciclo1_AC_AP,prosumer670,concentrator_alimentador_650,propose,100,1.665607,0
1790012471.568229,2,ciclo1_AC_AP,prosumer692,concentrator_alimentador_650,propose,404,8.530638,0
1790012471.582329,2,ciclo1_AC_AP,prosumer634,concentrator_alimentador_650,propose,198,9.907535,0
1790012471.586496,2,ciclo1_AC_AP,prosumer632,concentrator_alimentador_650,propose,457,16.836418,0
1790012471.588524,2,ciclo1_AC_AP,prosumer646,concentrator_alimentador_650,propose,271,6.256849,0
1790012471.590362,2,ciclo1_AC_AP,prosumer652,concentrator_alimentador_650,propose,181,5.076282,0
1790012471.599543,2,ciclo1_AC_AP,prosumer671,concentrator_alimentador_650,propose,222,7.638643,0
1790012471.601463,2,ciclo1_AC_AP,prosumer645,concentrator_alimentador_650,propose,214,7.514055,0
1790012471.603332,2,ciclo1_AC_AP,prosumer611,concentrator_alimentador_650,propose,426,15.925485,0
1790012471.628746,2,ciclo1_AC_AP,prosumer675,concentrator_alimentador_650,propose,329,15.338586,0
1790012471.785792,2,ciclo2_AD_AC,dso,concentrator_alimentador_650,cfp,100,0.540619,0
1790012471.795374,2,ciclo2_AD_AC,concentrator_alimentador_650,dso,propose,1193,19.761394,0
1790012472.000301,2,ciclo3_AM_AC_AD,market,dso,cfp,100,1.387417,0
1790012472.045142,2,ciclo3_AM_AC_AD,dso,market,propose,1363,21.616493,0
1790012472.264819,2,ciclo3_AM_AC_AD,market,concentrator_alimentador_650,cfp,100,2.445213,0
1790012472.265177,2,ciclo3_AM_AC_AD,market,dso,cfp,100,0.586500,0
1790012472.301524,2,ciclo3_AM_AC_AD,dso,market,propose,1448,23.572109,0
1790012472.307626,2,ciclo3_AM_AC_AD,concentrator_alimentador_650,market,propose,1344,20.973050,0
1790012472.601274,3,ciclo1_AC_AP,concentrator_alimentador_650,prosumer611,cfp,100,5.036979,0
1790012472.601553,3,ciclo1_AC_AP,concentrator_alimentador_650,prosumer632,cfp,100,4.555635,0
1790012472.601742,3,ciclo1_AC_AP,concentrator_alimentador_650,prosumer634,cfp,100,4.661396,0
1790012472.601900,3,ciclo1_AC_AP,concentrator_alimentador_650,prosumer645,cfp,100,4.447815,0
1790012472.602023,3,ciclo1_AC_AP,concentrator_alimentador_650,prosumer646,cfp,100,0.866010,0
1790012472.602142,3,ciclo1_AC_AP,concentrator_alimentador_650,prosumer652,cfp,100,3.104598,0
1790012472.602266,3,ciclo1_AC_AP,concentrator_alimentador_650,prosumer670,cfp,100,1.174110,0
1790012472.602381,3,ciclo1_AC_AP,concentrator_alimentador_650,prosumer671,cfp,100,7.586766,0
1790012472.602492,3,ciclo1_AC_AP,concentrator_alimentador_650,prosumer675,cfp,100,2.667950,0
1790012472.602602,3,ciclo1_AC_AP,concentrator_alimentador_650,prosumer692,cfp,100,2.412005,0
1790012472.614263,3,ciclo1_AC_AP,prosumer646,concentrator_alimentador_650,propose,390,8.617324,0
1790012472.616918,3,ciclo1_AC_AP,prosumer670,concentrator_alimentador_650,propose,312,4.331950,0
1790012472.629432,3,ciclo1_AC_AP,prosumer692,concentrator_alimentador_650,propose,116,3.565244,0
1790012472.631722,3,ciclo1_AC_AP,prosumer675,concentrator_alimentador_650,propose,305,10.989793,0
1790012472.636019,3,ciclo1_AC_AP,prosumer652,concentrator_alimentador_650,propose,459,16.077214,0
1790012472.649403,3,ciclo1_AC_AP,prosumer645,concentrator_alimentador_650,propose,390,12.526770,0
1790012472.652285,3,ciclo1_AC_AP,prosumer632,concentrator_alimentador_650,propose,314,13.903775,0
1790012472.655878,3,ciclo1_AC_AP,prosumer634,concentrator_alimentador_650,propose,495,16.623861,0
1790012472.657913,3,ciclo1_AC_AP,prosumer611,concentrator_alimentador_650,propose,439,13.304950,0
1790012472.681154,3,ciclo1_AC_AP,prosumer671,concentrator_alimentador_650,propose,463,14.491365,0
1790012472.828167,3,ciclo2_AD_AC,dso,concentrator_alimentador_650,cfp,100,3.019012,0
1790012472.861349,3,ciclo2_AD_AC,concentrator_alimentador_650,dso,propose,1023,17.203082,0
1790012473.039815,3,ciclo3_AM_AC_AD,market,dso,cfp,100,3.053840,0
1790012473.101706,3,ciclo3_AM_AC_AD,dso,market,propose,1084,19.104412,0
1790012473.299411,3,ciclo3_AM_AC_AD,market,concentrator_alimentador_650,cfp,100,1.292463,0
1790012473.300506,3,ciclo3_AM_AC_AD,market,dso,cfp,100,0.017231,0
1790012473.329917,3,ciclo3_AM_AC_AD,dso,market,propose,1228,18.369601,0
1790012473.333633,3,ciclo3_AM_AC_AD,concentrator_alimentador_650,market,propose,1032,20.022267,0
1790012473.601041,4,ciclo1_AC_AP,concentrator_alimentador_650,prosumer611,cfp,100,1.302389,0
1790012473.601644,4,ciclo1_AC_AP,concentrator_alimentador_650,prosumer632,cfp,100,4.372617,0
1790012473.602481,4,ciclo1_AC_AP,concentrator_alimentador_650,prosumer634,cfp,100,4.518610,0
1790012473.602985,4,ciclo1_AC_AP,concentrator_alimentador_650,prosumer645,cfp,100,5.253961,0
1790012473.603424,4,ciclo1_AC_AP,concentrator_alimentador_650,prosumer646,cfp,100,0.224183,0
1790012473.603641,4,ciclo1_AC_AP,concentrator_alimentador_650,prosumer652,cfp,100,3.550530,0
1790012473.603812,4,ciclo1_AC_AP,concentrator_alimentador_650,prosumer670,cfp,100,1.603328,0
1790012473.603963,4,ciclo1_AC_AP,concentrator_alimentador_650,prosumer671,cfp,100,4.567702,0
1790012473.604120,4,ciclo1_AC_AP,concentrator_alimentador_650,prosumer675,cfp,100,6.657284,0
1790012473.604258,4,ciclo1_AC_AP,concentrator_alimentador_650,prosumer692,cfp,100,2.279869,0
1790012473.608923,4,ciclo1_AC_AP,prosumer646,concentrator_alimentador_650,propose,232,5.226505,0
1790012473.617558,4,ciclo1_AC_AP,prosumer611,concentrator_alimentador_650,propose,459,17.921240,0
1790012473.622620,4,ciclo1_AC_AP,prosumer670,concentrator_alimentador_650,propose,180,4.292074,0
1790012473.631037,4,ciclo1_AC_AP,prosumer692,concentrator_alimentador_650,propose,328,6.833279,0
1790012473.642424,4,ciclo1_AC_AP,prosumer652,concentrator_alimentador_650,propose,370,11.685599,0
1790012473.647755,4,ciclo1_AC_AP,prosumer632,concentrator_alimentador_650,propose,349,13.061108,0
1790012473.650030,4,ciclo1_AC_AP,prosumer634,concentrator_alimentador_650,propose,387,17.481130,0
1790012473.651923,4,ciclo1_AC_AP,prosumer671,concentrator_alimentador_650,propose,409,17.964600,0
1790012473.658040,4,ciclo1_AC_AP,prosumer645,concentrator_alimentador_650,propose,486,16.859248,0
1790012473.673828,4,ciclo1_AC_AP,prosumer675,concentrator_alimentador_650,propose,100,2.349318,0
1790012473.834166,4,ciclo2_AD_AC,dso,concentrator_alimentador_650,cfp,100,1.935564,0
1790012473.857446,4,ciclo2_AD_AC,concentrator_alimentador_650,dso,propose,1452,26.133826,0
1790012474.124914,4,ciclo3_AM_AC_AD,market,dso,cfp,100,0.480620,0
1790012474.137950,4,ciclo3_AM_AC_AD,dso,market,propose,1019,17.404469,0
1790012474.316454,4,ciclo3_AM_AC_AD,market,concentrator_alimentador_650,cfp,100,0.768497,0
1790012474.316741,4,ciclo3_AM_AC_AD,market,dso,cfp,100,3.649222,0
1790012474.347906,4,ciclo3_AM_AC_AD,concentrator_alimentador_650,market,propose,1253,19.728030,0
1790012474.383046,4,ciclo3_AM_AC_AD,dso,market,propose,1166,18.667726,0
1790012474.635671,5,ciclo1_AC_AP,concentrator_alimentador_650,prosumer611,cfp,100,1.840070,0
1790012474.636049,5,ciclo1_AC_AP,concentrator_alimentador_650,prosumer632,cfp,100,3.865338,0
1790012474.636357,5,ciclo1_AC_AP,concentrator_alimentador_650,prosumer634,cfp,100,3.587222,0
1790012474.636577,5,ciclo1_AC_AP,concentrator_alimentador_650,prosumer645,cfp,100,4.729565,0
1790012474.636939,5,ciclo1_AC_AP,concentrator_alimentador_650,prosumer646,cfp,100,0.086057,0
1790012474.637297,5,ciclo1_AC_AP,concentrator_alimentador_650,prosumer652,cfp,100,6.636609,0
1790012474.637603,5,ciclo1_AC_AP,concentrator_alimentador_650,prosumer670,cfp,100,1.255077,0
1790012474.637770,5,ciclo1_AC_AP,concentrator_alimentador_650,prosumer671,cfp,100,4.329382,0
1790012474.637914,5,ciclo1_AC_AP,concentrator_alimentador_650,prosumer675,cfp,100,5.043360,0
1790012474.638057,5,ciclo1_AC_AP,concentrator_alimentador_650,prosumer692,cfp,100,2.933737,0
1790012474.640144,5,ciclo1_AC_AP,prosumer646,concentrator_alimentador_650,propose,259,7.895536,0
1790012474.653518,5,ciclo1_AC_AP,prosumer670,concentrator_alimentador_650,propose,339,7.826183,0
1790012474.657225,5,ciclo1_AC_AP,prosumer611,concentrator_alimentador_650,propose,125,5.571038,0
1790012474.669781,5,ciclo1_AC_AP,prosumer692,concentrator_alimentador_650,propose,312,7.309725,0
1790012474.675305,5,ciclo1_AC_AP,prosumer634,concentrator_alimentador_650,propose,196,8.239160,0
1790012474.677443,5,ciclo1_AC_AP,prosumer632,concentrator_alimentador_650,propose,380,12.603841,0
1790012474.683850,5,ciclo1_AC_AP,prosumer671,concentrator_alimentador_650,propose,424,16.406960,0
1790012474.685904,5,ciclo1_AC_AP,prosumer645,concentrator_alimentador_650,propose,142,5.877222,0
1790012474.691215,5,ciclo1_AC_AP,prosumer675,concentrator_alimentador_650,propose,471,17.552542,0
1790012474.706149,5,ciclo1_AC_AP,prosumer652,concentrator_alimentador_650,propose,166,7.336658,0
1790012474.871835,5,ciclo2_AD_AC,dso,concentrator_alimentador_650,cfp,100,2.033359,0
1790012474.895326,5,ciclo2_AD_AC,concentrator_alimentador_650,dso,propose,1007,14.353247,0
1790012475.044705,5,ciclo3_AM_AC_AD,market,dso,cfp,100,3.902238,0
1790012475.094149,5,ciclo3_AM_AC_AD,dso,market,propose,1205,21.006007,0
1790012475.307897,5,ciclo3_AM_AC_AD,market,concentrator_alimentador_650,cfp,100,3.527912,0
1790012475.308595,5,ciclo3_AM_AC_AD,market,dso,cfp,100,2.156395,0
1790012475.364545,5,ciclo3_AM_AC_AD,dso,market,propose,1486,22.636745,0
1790012475.368163,5,ciclo3_AM_AC_AD,concentrator_alimentador_650,market,propose,1347,23.987695,0
1790012475.674430,6,ciclo1_AC_AP,concentrator_alimentador_650,prosumer611,cfp,100,4.149140,0
1790012475.674789,6,ciclo1_AC_AP,concentrator_alimentador_650,prosumer632,cfp,100,3.448390,0
1790012475.674999,6,ciclo1_AC_AP,concentrator_alimentador_650,prosumer634,cfp,100,2.441369,0
1790012475.675185,6,ciclo1_AC_AP,concentrator_alimentador_650,prosumer645,cfp,100,3.760269,0
1790012475.675367,6,ciclo1_AC_AP,concentrator_alimentador_650,prosumer646,cfp,100,2.538490,0
1790012475.675539,6,ciclo1_AC_AP,concentrator_alimentador_650,prosumer652,cfp,100,7.245387,0
1790012475.675722,6,ciclo1_AC_AP,concentrator_alimentador_650,prosumer670,cfp,100,2.554551,0
1790012475.675906,6,ciclo1_AC_AP,concentrator_alimentador_650,prosumer671,cfp,100,6.138160,0
1790012475.676075,6,ciclo1_AC_AP,concentrator_alimentador_650,prosumer675,cfp,100,5.555883,0
1790012475.676236,6,ciclo1_AC_AP,concentrator_alimentador_650,prosumer692,cfp,100,3.118443,0
1790012475.705576,6,ciclo1_AC_AP,prosumer634,concentrator_alimentador_650,propose,313,12.820936,0
1790012475.707186,6,ciclo1_AC_AP,prosumer646,concentrator_alimentador_650,propose,261,4.582561,0
1790012475.708984,6,ciclo1_AC_AP,prosumer670,concentrator_alimentador_650,propose,101,2.812167,0
1790012475.711123,6,ciclo1_AC_AP,prosumer692,concentrator_alimentador_650,propose,209,3.821290,0
1790012475.712665,6,ciclo1_AC_AP,prosumer632,concentrator_alimentador_650,propose,107,2.768426,0
1790012475.714592,6,ciclo1_AC_AP,prosumer645,concentrator_alimentador_650,propose,467,14.879355,0
1790012475.718488,6,ciclo1_AC_AP,prosumer611,concentrator_alimentador_650,propose,486,19.332476,0
1790012475.733628,6,ciclo1_AC_AP,prosumer675,concentrator_alimentador_650,propose,101,4.023987,0
1790012475.741667,6,ciclo1_AC_AP,prosumer671,concentrator_alimentador_650,propose,445,16.851264,0
1790012475.752323,6,ciclo1_AC_AP,prosumer652,concentrator_alimentador_650,propose,370,10.058187,0
1790012475.913659,6,ciclo2_AD_AC,dso,concentrator_alimentador_650,cfp,100,2.402200,0
1790012475.941008,6,ciclo2_AD_AC,concentrator_alimentador_650,dso,propose,1313,23.961199,0
1790012476.186552,6,ciclo3_AM_AC_AD,market,dso,cfp,100,3.586240,0
1790012476.229573,6,ciclo3_AM_AC_AD,dso,market,propose,1050,16.302334,0
1790012476.399158,6,ciclo3_AM_AC_AD,market,concentrator_alimentador_650,cfp,100,2.324825,0
1790012476.400170,6,ciclo3_AM_AC_AD,market,dso,cfp,100,1.243481,0
1790012476.443330,6,ciclo3_AM_AC_AD,dso,market,propose,1097,16.772117,0
1790012476.446435,6,ciclo3_AM_AC_AD,concentrator_alimentador_650,market,propose,1060,19.629209,0
1790012476.709456,7,ciclo1_AC_AP,concentrator_alimentador_650,prosumer611,cfp,100,5.989653,0
1790012476.709903,7,ciclo1_AC_AP,concentrator_alimentador_650,prosumer632,cfp,100,1.142958,0
1790012476.710179,7,ciclo1_AC_AP,concentrator_alimentador_650,prosumer634,cfp,100,3.347614,0
1790012476.710409,7,ciclo1_AC_AP,concentrator_alimentador_650,prosumer645,cfp,100,1.903483,0
1790012476.710619,7,ciclo1_AC_AP,concentrator_alimentador_650,prosumer646,cfp,100,0.765951,0
1790012476.710858,7,ciclo1_AC_AP,concentrator_alimentador_650,prosumer652,cfp,100,3.932112,0
1790012476.711047,7,ciclo1_AC_AP,concentrator_alimentador_650,prosumer670,cfp,100,2.066783,0
1790012476.711230,7,ciclo1_AC_AP,concentrator_alimentador_650,prosumer671,cfp,100,4.552008,0
1790012476.711401,7,ciclo1_AC_AP,concentrator_alimentador_650,prosumer675,cfp,100,6.261704,0
1790012476.711577,7,ciclo1_AC_AP,concentrator_alimentador_650,prosumer692,cfp,100,2.362926,0
1790012476.722390,7,ciclo1_AC_AP,prosumer646,concentrator_alimentador_650,propose,411,7.929462,0
1790012476.724839,7,ciclo1_AC_AP,prosumer632,concentrator_alimentador_650,propose,432,13.678943,0
1790012476.732788,7,ciclo1_AC_AP,prosumer645,concentrator_alimentador_650,propose,201,8.362201,0
1790012476.734965,7,ciclo1_AC_AP,prosumer670,concentrator_alimentador_650,propose,254,4.437929,0
1790012476.736773,7,ciclo1_AC_AP,prosumer692,concentrator_alimentador_650,propose,243,2.120377,0
1790012476.747363,7,ciclo1_AC_AP,prosumer634,concentrator_alimentador_650,propose,452,12.853208,0
1790012476.753380,7,ciclo1_AC_AP,prosumer652,concentrator_alimentador_650,propose,193,8.743128,0
1790012476.760343,7,ciclo1_AC_AP,prosumer671,concentrator_alimentador_650,propose,151,9.860090,0
1790012476.772754,7,ciclo1_AC_AP,prosumer611,concentrator_alimentador_650,propose,343,12.409079,0
1790012476.776133,7,ciclo1_AC_AP,prosumer675,concentrator_alimentador_650,propose,303,10.862590,0
1790012476.899290,7,ciclo2_AD_AC,dso,concentrator_alimentador_650,cfp,100,3.664502,0
1790012476.939330,7,ciclo2_AD_AC,concentrator_alimentador_650,dso,propose,1321,22.039395,0
1790012477.163221,7,ciclo3_AM_AC_AD,market,dso,cfp,100,0.019336,0
1790012477.166696,7,ciclo3_AM_AC_AD,dso,market,propose,1041,18.967860,0
1790012477.360312,7,ciclo3_AM_AC_AD,market,concentrator_alimentador_650,cfp,100,1.837020,0
1790012477.360418,7,ciclo3_AM_AC_AD,market,dso,cfp,100,1.649652,0
1790012477.415180,7,ciclo3_AM_AC_AD,dso,market,propose,1011,14.646033,0
1790012477.417054,7,ciclo3_AM_AC_AD,concentrator_alimentador_650,market,propose,1140,19.299365,0
1790012477.678415,8,ciclo1_AC_AP,concentrator_alimentador_650,prosumer611,cfp,100,5.486124,0
1790012477.678982,8,ciclo1_AC_AP,concentrator_alimentador_650,prosumer632,cfp,100,0.777514,0
1790012477.679416,8,ciclo1_AC_AP,concentrator_alimentador_650,prosumer634,cfp,100,4.805167,0
1790012477.679649,8,ciclo1_AC_AP,concentrator_alimentador_650,prosumer645,cfp,100,4.072189,0
1790012477.680004,8,ciclo1_AC_AP,concentrator_alimentador_650,prosumer646,cfp,100,0.152622,0
1790012477.680171,8,ciclo1_AC_AP,concentrator_alimentador_650,prosumer652,cfp,100,2.588052,0
1790012477.680317,8,ciclo1_AC_AP,concentrator_alimentador_650,prosumer670,cfp,100,0.004504,0
1790012477.680461,8,ciclo1_AC_AP,concentrator_alimentador_650,prosumer671,cfp,100,6.616628,0
1790012477.680596,8,ciclo1_AC_AP,concentrator_alimentador_650,prosumer675,cfp,100,2.793459,0
1790012477.680750,8,ciclo1_AC_AP,concentrator_alimentador_650,prosumer692,cfp,100,2.237157,0
1790012477.683271,8,ciclo1_AC_AP,prosumer670,concentrator_alimentador_650,propose,331,7.481984,0
1790012477.685103,8,ciclo1_AC_AP,prosumer646,concentrator_alimentador_650,propose,159,4.786417,0
1790012477.689163,8,ciclo1_AC_AP,prosumer632,concentrator_alimentador_650,propose,231,5.102361,0
1790012477.706538,8,ciclo1_AC_AP,prosumer692,concentrator_alimentador_650,propose,168,2.457259,0
1790012477.710095,8,ciclo1_AC_AP,prosumer652,concentrator_alimentador_650,propose,434,16.078803,0
1790012477.712593,8,ciclo1_AC_AP,prosumer675,concentrator_alimentador_650,propose,366,11.796333,0
1790012477.724375,8,ciclo1_AC_AP,prosumer645,concentrator_alimentador_650,propose,433,13.707823,0
1790012477.730224,8,ciclo1_AC_AP,prosumer634,concentrator_alimentador_650,propose,430,15.779463,0
1790012477.736706,8,ciclo1_AC_AP,prosumer611,concentrator_alimentador_650,propose,277,9.722642,0
1790012477.750576,8,ciclo1_AC_AP,prosumer671,concentrator_alimentador_650,propose,158,7.472074,0
1790012477.891829,8,ciclo2_AD_AC,dso,concentrator_alimentador_650,cfp,100,1.274201,0
1790012477.907008,8,ciclo2_AD_AC,concentrator_alimentador_650,dso,propose,1446,22.664709,0
1790012478.139544,8,ciclo3_AM_AC_AD,market,dso,cfp,100,3.090420,0
1790012478.180061,8,ciclo3_AM_AC_AD,dso,market,propose,1079,19.543858,0
1790012478.380109,8,ciclo3_AM_AC_AD,market,concentrator_alimentador_650,cfp,100,1.293410,0
1790012478.380657,8,ciclo3_AM_AC_AD,market,dso,cfp,100,0.601429,0
1790012478.417729,8,ciclo3_AM_AC_AD,dso,market,propose,1142,16.336460,0
1790012478.419491,8,ciclo3_AM_AC_AD,concentrator_alimentador_650,market,propose,1435,23.282675,0
1790012478.717606,9,ciclo1_AC_AP,concentrator_alimentador_650,prosumer611,cfp,100,2.980906,0
1790012478.718924,9,ciclo1_AC_AP,concentrator_alimentador_650,prosumer632,cfp,100,3.327130,0
1790012478.720145,9,ciclo1_AC_AP,concentrator_alimentador_650,prosumer634,cfp,100,1.462117,0
1790012478.721144,9,ciclo1_AC_AP,concentrator_alimentador_650,prosumer645,cfp,100,3.252349,0
1790012478.721726,9,ciclo1_AC_AP,concentrator_alimentador_650,prosumer646,cfp,100,1.978823,0
1790012478.722261,9,ciclo1_AC_AP,concentrator_alimentador_650,prosumer652,cfp,100,7.985811,0
1790012478.722704,9,ciclo1_AC_AP,concentrator_alimentador_650,prosumer670,cfp,100,1.763714,0
1790012478.722989,9,ciclo1_AC_AP,concentrator_alimentador_650,prosumer671,cfp,100,4.793131,0
1790012478.723239,9,ciclo1_AC_AP,concentrator_alimentador_650,prosumer675,cfp,100,4.018007,0
1790012478.723469,9,ciclo1_AC_AP,concentrator_alimentador_650,prosumer692,cfp,100,3.909140,0
1790012478.739075,9,ciclo1_AC_AP,prosumer634,concentrator_alimentador_650,propose,109,4.243306,0
1790012478.744468,9,ciclo1_AC_AP,prosumer670,concentrator_alimentador_650,propose,121,1.775738,0
1790012478.746599,9,ciclo1_AC_AP,prosumer646,concentrator_alimentador_650,propose,120,0.680647,0
1790012478.750690,9,ciclo1_AC_AP,prosumer611,concentrator_alimentador_650,propose,205,6.862371,0
1790012478.755585,9,ciclo1_AC_AP,prosumer632,concentrator_alimentador_650,propose,448,14.842841,0
1790012478.758230,9,ciclo1_AC_AP,prosumer645,concentrator_alimentador_650,propose,232,6.647916,0
1790012478.766229,9,ciclo1_AC_AP,prosumer692,concentrator_alimentador_650,propose,385,8.753904,0
1790012478.767901,9,ciclo1_AC_AP,prosumer675,concentrator_alimentador_650,propose,261,12.186939,0
1790012478.773042,9,ciclo1_AC_AP,prosumer671,concentrator_alimentador_650,propose,287,8.923791,0
1790012478.805638,9,ciclo1_AC_AP,prosumer652,concentrator_alimentador_650,propose,390,15.759681,0
1790012478.967399,9,ciclo2_AD_AC,dso,concentrator_alimentador_650,cfp,100,1.623064,0
1790012478.985777,9,ciclo2_AD_AC,concentrator_alimentador_650,dso,propose,1465,25.839442,0
1790012479.247714,9,ciclo3_AM_AC_AD,market,dso,cfp,100,1.715435,0
1790012479.273943,9,ciclo3_AM_AC_AD,dso,market,propose,1434,23.689285,0
1790012479.517100,9,ciclo3_AM_AC_AD,market,concentrator_alimentador_650,cfp,100,1.237419,0
1790012479.517766,9,ciclo3_AM_AC_AD,market,dso,cfp,100,3.194092,0
1790012479.565089,9,ciclo3_AM_AC_AD,concentrator_alimentador_650,market,propose,1021,19.060843,0
1790012479.581089,9,ciclo3_AM_AC_AD,dso,market,propose,1433,25.972387,0
1790012479.910952,10,ciclo1_AC_AP,concentrator_alimentador_650,prosumer611,cfp,100,3.947578,0
1790012479.911954,10,ciclo1_AC_AP,concentrator_alimentador_650,prosumer632,cfp,100,4.558703,0
1790012479.912218,10,ciclo1_AC_AP,concentrator_alimentador_650,prosumer634,cfp,100,5.095977,0
1790012479.912441,10,ciclo1_AC_AP,concentrator_alimentador_650,prosumer645,cfp,100,4.971654,0
1790012479.912596,10,ciclo1_AC_AP,concentrator_alimentador_650,prosumer646,cfp,100,1.045236,0
1790012479.912788,10,ciclo1_AC_AP,concentrator_alimentador_650,prosumer652,cfp,100,6.559774,0
1790012479.912926,10,ciclo1_AC_AP,concentrator_alimentador_650,prosumer670,cfp,100,2.500479,0
1790012479.913079,10,ciclo1_AC_AP,concentrator_alimentador_650,prosumer671,cfp,100,3.914183,0
1790012479.913195,10,ciclo1_AC_AP,concentrator_alimentador_650,prosumer675,cfp,100,4.337616,0
1790012479.913330,10,ciclo1_AC_AP,concentrator_alimentador_650,prosumer692,cfp,100,0.046349,0
1790012479.916775,10,ciclo1_AC_AP,prosumer692,concentrator_alimentador_650,propose,483,6.732812,0
1790012479.925471,10,ciclo1_AC_AP,prosumer646,concentrator_alimentador_650,propose,459,7.935436,0
1790012479.941692,10,ciclo1_AC_AP,prosumer670,concentrator_alimentador_650,propose,411,10.002515,0
1790012479.956208,10,ciclo1_AC_AP,prosumer611,concentrator_alimentador_650,propose,435,15.128345,0
1790012479.958728,10,ciclo1_AC_AP,prosumer671,concentrator_alimentador_650,propose,353,10.612644,0
1790012479.961493,10,ciclo1_AC_AP,prosumer675,concentrator_alimentador_650,propose,464,15.949632,0
1790012479.962953,10,ciclo1_AC_AP,prosumer632,concentrator_alimentador_650,propose,429,14.700192,0
1790012479.965900,10,ciclo1_AC_AP,prosumer645,concentrator_alimentador_650,propose,334,11.836808,0
1790012479.967462,10,ciclo1_AC_AP,prosumer634,concentrator_alimentador_650,propose,427,12.855083,0
1790012479.982435,10,ciclo1_AC_AP,prosumer652,concentrator_alimentador_650,propose,322,11.559629,0
1790012480.126243,10,ciclo2_AD_AC,dso,concentrator_alimentador_650,cfp,100,3.032205,0
1790012480.161646,10,ciclo2_AD_AC,concentrator_alimentador_650,dso,propose,1190,20.166576,0
1790012480.370301,10,ciclo3_AM_AC_AD,market,dso,cfp,100,0.765249,0
1790012480.384339,10,ciclo3_AM_AC_AD,dso,market,propose,1446,26.119359,0
1790012480.652847,10,ciclo3_AM_AC_AD,market,concentrator_alimentador_650,cfp,100,2.077064,0
1790012480.653750,10,ciclo3_AM_AC_AD,market,dso,cfp,100,1.775775,0
1790012480.710059,10,ciclo3_AM_AC_AD,dso,market,propose,1275,21.528833,0
1790012480.712157,10,ciclo3_AM_AC_AD,concentrator_alimentador_650,market,propose,1091,18.873516,0
1790012480.992595,11,ciclo1_AC_AP,concentrator_alimentador_650,prosumer611,cfp,100,4.288988,0
1790012480.993902,11,ciclo1_AC_AP,concentrator_alimentador_650,prosumer632,cfp,100,5.766054,0
1790012480.995052,11,ciclo1_AC_AP,concentrator_alimentador_650,prosumer634,cfp,100,6.713317,0
1790012480.995993,11,ciclo1_AC_AP,concentrator_alimentador_650,prosumer645,cfp,100,3.149245,0
1790012480.996419,11,ciclo1_AC_AP,concentrator_alimentador_650,prosumer646,cfp,100,1.361391,0
1790012480.996859,11,ciclo1_AC_AP,concentrator_alimentador_650,prosumer652,cfp,100,1.311071,0
1790012480.997329,11,ciclo1_AC_AP,concentrator_alimentador_650,prosumer670,cfp,100,0.268010,0
1790012480.997730,11,ciclo1_AC_AP,concentrator_alimentador_650,prosumer671,cfp,100,4.348239,0
1790012480.998094,11,ciclo1_AC_AP,concentrator_alimentador_650,prosumer675,cfp,100,4.300918,0
1790012480.998447,11,ciclo1_AC_AP,concentrator_alimentador_650,prosumer692,cfp,100,3.439116,0
1790012481.003011,11,ciclo1_AC_AP,prosumer670,concentrator_alimentador_650,propose,206,4.042392,0
1790012481.014348,11,ciclo1_AC_AP,prosumer652,concentrator_alimentador_650,propose,292,12.997046,0
1790012481.016105,11,ciclo1_AC_AP,prosumer646,concentrator_alimentador_650,propose,400,7.992622,0
1790012481.032038,11,ciclo1_AC_AP,prosumer645,concentrator_alimentador_650,propose,249,10.373750,0
1790012481.036107,11,ciclo1_AC_AP,prosumer692,concentrator_alimentador_650,propose,104,1.858366,0
1790012481.038815,11,ciclo1_AC_AP,prosumer611,concentrator_alimentador_650,propose,170,12.038465,0
1790012481.044594,11,ciclo1_AC_AP,prosumer675,concentrator_alimentador_650,propose,177,8.144825,0
1790012481.045960,11,ciclo1_AC_AP,prosumer671,concentrator_alimentador_650,propose,238,6.418573,0
1790012481.055346,11,ciclo1_AC_AP,prosumer632,concentrator_alimentador_650,propose,270,12.604290,0
1790012481.064634,11,ciclo1_AC_AP,prosumer634,concentrator_alimentador_650,propose,272,13.418498,0
1790012481.203005,11,ciclo2_AD_AC,dso,concentrator_alimentador_650,cfp,100,1.470850,0
1790012481.222195,11,ciclo2_AD_AC,concentrator_alimentador_650,dso,propose,1404,24.089151,0
1790012481.469721,11,ciclo3_AM_AC_AD,market,dso,cfp,100,0.288280,0
1790012481.503097,11,ciclo3_AM_AC_AD,dso,market,propose,1188,22.052640,0
1790012481.730959,11,ciclo3_AM_AC_AD,market,concentrator_alimentador_650,cfp,100,3.044627,0
1790012481.731800,11,ciclo3_AM_AC_AD,market,dso,cfp,100,3.723207,0
1790012481.785967,11,ciclo3_AM_AC_AD,concentrator_alimentador_650,market,propose,1367,22.305498,0
1790012481.797131,11,ciclo3_AM_AC_AD,dso,market,propose,1047,16.202700,0
1790012482.074804,12,ciclo1_AC_AP,concentrator_alimentador_650,prosumer611,cfp,100,7.462867,0
1790012482.075025,12,ciclo1_AC_AP,concentrator_alimentador_650,prosumer632,cfp,100,3.389583,0
1790012482.075226,12,ciclo1_AC_AP,concentrator_alimentador_650,prosumer634,cfp,100,3.069405,0
1790012482.075355,12,ciclo1_AC_AP,concentrator_alimentador_650,prosumer645,cfp,100,5.343829,0
1790012482.075464,12,ciclo1_AC_AP,concentrator_alimentador_650,prosumer646,cfp,100,1.270435,0
1790012482.075577,12,ciclo1_AC_AP,concentrator_alimentador_650,prosumer652,cfp,100,5.288191,0
1790012482.075735,12,ciclo1_AC_AP,concentrator_alimentador_650,prosumer670,cfp,100,3.267805,0
1790012482.075902,12,ciclo1_AC_AP,concentrator_alimentador_650,prosumer671,cfp,100,6.369324,0
1790012482.076023,12,ciclo1_AC_AP,concentrator_alimentador_650,prosumer675,cfp,100,3.822665,0
1790012482.076229,12,ciclo1_AC_AP,concentrator_alimentador_650,prosumer692,cfp,100,0.706339,0
1790012482.086580,12,ciclo1_AC_AP,prosumer692,concentrator_alimentador_650,propose,273,6.153407,0
1790012482.090985,12,ciclo1_AC_AP,prosumer646,concentrator_alimentador_650,propose,499,8.814436,0
1790012482.109834,12,ciclo1_AC_AP,prosumer634,concentrator_alimentador_650,propose,417,14.689435,0
1790012482.113605,12,ciclo1_AC_AP,prosumer670,concentrator_alimentador_650,propose,118,1.595477,0
1790012482.115089,12,ciclo1_AC_AP,prosumer632,concentrator_alimentador_650,propose,121,2.838299,0
1790012482.117071,12,ciclo1_AC_AP,prosumer675,concentrator_alimentador_650,propose,238,6.684191,0
1790012482.133576,12,ciclo1_AC_AP,prosumer652,concentrator_alimentador_650,propose,183,8.497990,0
1790012482.135405,12,ciclo1_AC_AP,prosumer645,concentrator_alimentador_650,propose,176,9.225110,0
1790012482.142647,12,ciclo1_AC_AP,prosumer671,concentrator_alimentador_650,propose,398,15.202927,0
1790012482.152373,12,ciclo1_AC_AP,prosumer611,concentrator_alimentador_650,propose,248,9.880991,0
1790012482.298964,12,ciclo2_AD_AC,dso,concentrator_alimentador_650,cfp,100,2.631516,0
1790012482.328454,12,ciclo2_AD_AC,concentrator_alimentador_650,dso,propose,1184,21.470581,0
1790012482.549362,12,ciclo3_AM_AC_AD,market,dso,cfp,100,1.078912,0
1790012482.570070,12,ciclo3_AM_AC_AD,dso,market,propose,1202,21.373832,0
1790012482.789074,12,ciclo3_AM_AC_AD,market,concentrator_alimentador_650,cfp,100,2.172593,0
1790012482.789632,12,ciclo3_AM_AC_AD,market,dso,cfp,100,0.027208,0
1790012482.814748,12,ciclo3_AM_AC_AD,dso,market,propose,1280,23.741811,0
1790012482.832856,12,ciclo3_AM_AC_AD,concentrator_alimentador_650,market,propose,1066,18.027835,0
1790012483.116460,13,ciclo1_AC_AP,concentrator_alimentador_650,prosumer611,cfp,100,6.631020,0
1790012483.116842,13,ciclo1_AC_AP,concentrator_alimentador_650,prosumer632,cfp,100,3.617053,0
1790012483.117208,13,ciclo1_AC_AP,concentrator_alimentador_650,prosumer634,cfp,100,3.972465,0
1790012483.117437,13,ciclo1_AC_AP,concentrator_alimentador_650,prosumer645,cfp,100,6.113581,0
1790012483.117585,13,ciclo1_AC_AP,concentrator_alimentador_650,prosumer646,cfp,100,2.645389,0
1790012483.117736,13,ciclo1_AC_AP,concentrator_alimentador_650,prosumer652,cfp,100,3.938429,0
1790012483.117920,13,ciclo1_AC_AP,concentrator_alimentador_650,prosumer670,cfp,100,1.292457,0
1790012483.118163,13,ciclo1_AC_AP,concentrator_alimentador_650,prosumer671,cfp,100,2.352995,0
1790012483.118300,13,ciclo1_AC_AP,concentrator_alimentador_650,prosumer675,cfp,100,5.838584,0
1790012483.118423,13,ciclo1_AC_AP,concentrator_alimentador_650,prosumer692,cfp,100,2.414384,0
1790012483.133552,13,ciclo1_AC_AP,prosumer670,concentrator_alimentador_650,propose,250,2.920370,0
1790012483.143127,13,ciclo1_AC_AP,prosumer671,concentrator_alimentador_650,propose,158,11.980019,0
1790012483.144457,13,ciclo1_AC_AP,prosumer692,concentrator_alimentador_650,propose,344,7.665985,0
1790012483.145597,13,ciclo1_AC_AP,prosumer646,concentrator_alimentador_650,propose,474,8.137469,0
1790012483.154974,13,ciclo1_AC_AP,prosumer632,concentrator_alimentador_650,propose,222,9.647273,0
1790012483.158378,13,ciclo1_AC_AP,prosumer634,concentrator_alimentador_650,propose,124,3.508830,0
1790012483.159173,13,ciclo1_AC_AP,prosumer652,concentrator_alimentador_650,propose,257,9.698072,0
1790012483.178509,13,ciclo1_AC_AP,prosumer675,concentrator_alimentador_650,propose,191,8.461040,0
1790012483.179818,13,ciclo1_AC_AP,prosumer645,concentrator_alimentador_650,propose,367,11.978044,0
1790012483.184049,13,ciclo1_AC_AP,prosumer611,concentrator_alimentador_650,propose,473,17.105428,0
1790012483.358007,13,ciclo2_AD_AC,dso,concentrator_alimentador_650,cfp,100,3.244120,0
1790012483.393063,13,ciclo2_AD_AC,concentrator_alimentador_650,dso,propose,1036,20.184411,0
1790012483.597916,13,ciclo3_AM_AC_AD,market,dso,cfp,100,1.800929,0
1790012483.622085,13,ciclo3_AM_AC_AD,dso,market,propose,1154,21.213646,0
1790012483.837660,13,ciclo3_AM_AC_AD,market,concentrator_alimentador_650,cfp,100,3.496870,0
1790012483.837874,13,ciclo3_AM_AC_AD,market,dso,cfp,100,0.693673,0
1790012483.872726,13,ciclo3_AM_AC_AD,dso,market,propose,1206,19.473377,0
1790012483.892992,13,ciclo3_AM_AC_AD,concentrator_alimentador_650,market,propose,1427,25.598661,0
1790012484.213672,14,ciclo1_AC_AP,concentrator_alimentador_650,prosumer611,cfp,100,5.048203,0
1790012484.214130,14,ciclo1_AC_AP,concentrator_alimentador_650,prosumer632,cfp,100,3.829360,0
1790012484.214446,14,ciclo1_AC_AP,concentrator_alimentador_650,prosumer634,cfp,100,3.900018,0
1790012484.214885,14,ciclo1_AC_AP,concentrator_alimentador_650,prosumer645,cfp,100,5.371446,0
1790012484.215218,14,ciclo1_AC_AP,concentrator_alimentador_650,prosumer646,cfp,100,2.657038,0
1790012484.215413,14,ciclo1_AC_AP,concentrator_alimentador_650,prosumer652,cfp,100,4.690204,0
1790012484.215637,14,ciclo1_AC_AP,concentrator_alimentador_650,prosumer670,cfp,100,0.628632,0
1790012484.215832,14,ciclo1_AC_AP,concentrator_alimentador_650,prosumer671,cfp,100,3.340939,0
1790012484.215995,14,ciclo1_AC_AP,concentrator_alimentador_650,prosumer675,cfp,100,3.929070,0
1790012484.216152,14,ciclo1_AC_AP,concentrator_alimentador_650,prosumer692,cfp,100,0.515273,0
1790012484.224939,14,ciclo1_AC_AP,prosumer692,concentrator_alimentador_650,propose,268,6.563020,0
1790012484.226493,14,ciclo1_AC_AP,prosumer670,concentrator_alimentador_650,propose,253,6.021738,0
1790012484.246833,14,ciclo1_AC_AP,prosumer646,concentrator_alimentador_650,propose,312,7.321684,0
1790012484.252196,14,ciclo1_AC_AP,prosumer671,concentrator_alimentador_650,propose,155,6.583979,0
1790012484.254393,14,ciclo1_AC_AP,prosumer632,concentrator_alimentador_650,propose,150,5.563149,0
1790012484.256491,14,ciclo1_AC_AP,prosumer634,concentrator_alimentador_650,propose,387,19.009353,0
1790012484.258542,14,ciclo1_AC_AP,prosumer675,concentrator_alimentador_650,propose,346,11.380753,0
1790012484.264930,14,ciclo1_AC_AP,prosumer652,concentrator_alimentador_650,propose,342,15.099377,0
1790012484.267135,14,ciclo1_AC_AP,prosumer611,concentrator_alimentador_650,propose,272,13.950740,0
1790012484.271414,14,ciclo1_AC_AP,prosumer645,concentrator_alimentador_650,propose,275,13.768554,0
1790012484.451227,14,ciclo2_AD_AC,dso,concentrator_alimentador_650,cfp,100,3.139157,0
1790012484.487868,14,ciclo2_AD_AC,concentrator_alimentador_650,dso,propose,1063,17.350446,0
1790012484.667472,14,ciclo3_AM_AC_AD,market,dso,cfp,100,1.672471,0
1790012484.691230,14,ciclo3_AM_AC_AD,dso,market,propose,1245,21.731734,0
1790012484.915179,14,ciclo3_AM_AC_AD,market,concentrator_alimentador_650,cfp,100,2.799762,0
1790012484.915999,14,ciclo3_AM_AC_AD,market,dso,cfp,100,2.500812,0
1790012484.971536,14,ciclo3_AM_AC_AD,concentrator_alimentador_650,market,propose,1059,18.893181,0
1790012484.975431,14,ciclo3_AM_AC_AD,dso,market,propose,1358,22.881618,0
1790012485.269727,15,ciclo1_AC_AP,concentrator_alimentador_650,prosumer611,cfp,100,5.243544,0
1790012485.270479,15,ciclo1_AC_AP,concentrator_alimentador_650,prosumer632,cfp,100,5.605513,0
1790012485.271107,15,ciclo1_AC_AP,concentrator_alimentador_650,prosumer634,cfp,100,4.931850,0
1790012485.271619,15,ciclo1_AC_AP,concentrator_alimentador_650,prosumer645,cfp,100,3.306318,0
1790012485.272059,15,ciclo1_AC_AP,concentrator_alimentador_650,prosumer646,cfp,100,0.825628,0
1790012485.272439,15,ciclo1_AC_AP,concentrator_alimentador_650,prosumer652,cfp,100,4.893864,0
1790012485.272627,15,ciclo1_AC_AP,concentrator_alimentador_650,prosumer670,cfp,100,0.444927,0
1790012485.272810,15,ciclo1_AC_AP,concentrator_alimentador_650,prosumer671,cfp,100,1.987611,0
1790012485.272977,15,ciclo1_AC_AP,concentrator_alimentador_650,prosumer675,cfp,100,2.344290,0
1790012485.273137,15,ciclo1_AC_AP,concentrator_alimentador_650,prosumer692,cfp,100,2.396314,0
1790012485.279581,15,ciclo1_AC_AP,prosumer670,concentrator_alimentador_650,propose,354,4.429015,0
1790012485.282855,15,ciclo1_AC_AP,prosumer646,concentrator_alimentador_650,propose,318,7.581888,0
1790012485.296980,15,ciclo1_AC_AP,prosumer671,concentrator_alimentador_650,propose,119,4.445685,0
1790012485.300567,15,ciclo1_AC_AP,prosumer675,concentrator_alimentador_650,propose,254,6.356065,0
1790012485.302416,15,ciclo1_AC_AP,prosumer692,concentrator_alimentador_650,propose,271,5.125894,0
1790012485.307088,15,ciclo1_AC_AP,prosumer645,concentrator_alimentador_650,propose,476,14.360509,0
1790012485.326227,15,ciclo1_AC_AP,prosumer634,concentrator_alimentador_650,propose,451,16.351923,0
1790012485.328344,15,ciclo1_AC_AP,prosumer652,concentrator_alimentador_650,propose,179,8.373670,0
1790012485.330504,15,ciclo1_AC_AP,prosumer611,concentrator_alimentador_650,propose,185,9.023589,0
1790012485.333141,15,ciclo1_AC_AP,prosumer632,concentrator_alimentador_650,propose,420,13.330317,0
1790012485.493757,15,ciclo2_AD_AC,dso,concentrator_alimentador_650,cfp,100,3.707516,0
1790012485.535233,15,ciclo2_AD_AC,concentrator_alimentador_650,dso,propose,1289,21.364701,0
1790012485.756830,15,ciclo3_AM_AC_AD,market,dso,cfp,100,3.324174,0
1790012485.799599,15,ciclo3_AM_AC_AD,dso,market,propose,1192,20.864776,0
1790012486.015464,15,ciclo3_AM_AC_AD,market,concentrator_alimentador_650,cfp,100,1.640817,0
1790012486.016289,15,ciclo3_AM_AC_AD,market,dso,cfp,100,0.648771,0
1790012486.062698,15,ciclo3_AM_AC_AD,dso,market,propose,1412,25.056530,0
1790012486.064221,15,ciclo3_AM_AC_AD,concentrator_alimentador_650,market,propose,1498,25.643745,0
1790012486.385172,16,ciclo1_AC_AP,concentrator_alimentador_650,prosumer611,cfp,100,3.830999,0
1790012486.385658,16,ciclo1_AC_AP,concentrator_alimentador_650,prosumer632,cfp,100,1.492100,0
1790012486.386133,16,ciclo1_AC_AP,concentrator_alimentador_650,prosumer634,cfp,100,3.227490,0
1790012486.386526,16,ciclo1_AC_AP,concentrator_alimentador_650,prosumer645,cfp,100,3.885916,0
1790012486.387012,16,ciclo1_AC_AP,concentrator_alimentador_650,prosumer646,cfp,100,3.261052,0
1790012486.387532,16,ciclo1_AC_AP,concentrator_alimentador_650,prosumer652,cfp,100,6.087166,0
1790012486.387999,16,ciclo1_AC_AP,concentrator_alimentador_650,prosumer670,cfp,100,1.089359,0
1790012486.388369,16,ciclo1_AC_AP,concentrator_alimentador_650,prosumer671,cfp,100,1.291128,0
1790012486.388742,16,ciclo1_AC_AP,concentrator_alimentador_650,prosumer675,cfp,100,1.955149,0
1790012486.389012,16,ciclo1_AC_AP,concentrator_alimentador_650,prosumer692,cfp,100,2.647774,0
1790012486.401782,16,ciclo1_AC_AP,prosumer670,concentrator_alimentador_650,propose,427,9.897309,0
1790012486.404583,16,ciclo1_AC_AP,prosumer632,concentrator_alimentador_650,propose,144,5.526846,0
1790012486.405830,16,ciclo1_AC_AP,prosumer671,concentrator_alimentador_650,propose,133,10.839633,0
1790012486.409927,16,ciclo1_AC_AP,prosumer675,concentrator_alimentador_650,propose,143,9.449557,0
1790012486.418503,16,ciclo1_AC_AP,prosumer692,concentrator_alimentador_650,propose,201,3.123169,0
1790012486.421408,16,ciclo1_AC_AP,prosumer634,concentrator_alimentador_650,propose,483,12.839785,0
1790012486.423469,16,ciclo1_AC_AP,prosumer646,concentrator_alimentador_650,propose,213,3.092102,0
1790012486.425302,16,ciclo1_AC_AP,prosumer611,concentrator_alimentador_650,propose,131,7.786091,0
1790012486.426904,16,ciclo1_AC_AP,prosumer645,concentrator_alimentador_650,propose,297,14.974965,0
1790012486.453917,16,ciclo1_AC_AP,prosumer652,concentrator_alimentador_650,propose,104,6.985919,0
1790012486.580526,16,ciclo2_AD_AC,dso,concentrator_alimentador_650,cfp,100,1.777292,0
1790012486.602018,16,ciclo2_AD_AC,concentrator_alimentador_650,dso,propose,1050,18.553159,0
1790012486.793508,16,ciclo3_AM_AC_AD,market,dso,cfp,100,1.956680,0
1790012486.822484,16,ciclo3_AM_AC_AD,dso,market,propose,1201,20.350141,0
1790012487.032533,16,ciclo3_AM_AC_AD,market,concentrator_alimentador_650,cfp,100,0.095053,0
1790012487.033049,16,ciclo3_AM_AC_AD,market,dso,cfp,100,1.029891,0
1790012487.094526,16,ciclo3_AM_AC_AD,concentrator_alimentador_650,market,propose,1284,20.370051,0
1790012487.099575,16,ciclo3_AM_AC_AD,dso,market,propose,1265,20.656070,0
1790012487.371929,17,ciclo1_AC_AP,concentrator_alimentador_650,prosumer611,cfp,100,2.981402,0
1790012487.372180,17,ciclo1_AC_AP,concentrator_alimentador_650,prosumer632,cfp,100,4.625582,0
1790012487.372622,17,ciclo1_AC_AP,concentrator_alimentador_650,prosumer634,cfp,100,5.479406,0
1790012487.372758,17,ciclo1_AC_AP,concentrator_alimentador_650,prosumer645,cfp,100,6.627936,0
1790012487.372862,17,ciclo1_AC_AP,concentrator_alimentador_650,prosumer646,cfp,100,1.967072,0
1790012487.372962,17,ciclo1_AC_AP,concentrator_alimentador_650,prosumer652,cfp,100,2.335731,0
1790012487.373058,17,ciclo1_AC_AP,concentrator_alimentador_650,prosumer670,cfp,100,2.312191,0
1790012487.373152,17,ciclo1_AC_AP,concentrator_alimentador_650,prosumer671,cfp,100,3.604001,0
1790012487.373276,17,ciclo1_AC_AP,concentrator_alimentador_650,prosumer675,cfp,100,2.261220,0
1790012487.373373,17,ciclo1_AC_AP,concentrator_alimentador_650,prosumer692,cfp,100,2.311100,0
1790012487.398474,17,ciclo1_AC_AP,prosumer646,concentrator_alimentador_650,propose,248,3.293145,0
1790012487.402473,17,ciclo1_AC_AP,prosumer675,concentrator_alimentador_650,propose,329,9.098275,0
1790012487.403829,17,ciclo1_AC_AP,prosumer670,concentrator_alimentador_650,propose,350,6.223283,0
1790012487.405229,17,ciclo1_AC_AP,prosumer652,concentrator_alimentador_650,propose,399,15.829104,0
1790012487.406449,17,ciclo1_AC_AP,prosumer692,concentrator_alimentador_650,propose,465,9.337615,0
1790012487.408063,17,ciclo1_AC_AP,prosumer611,concentrator_alimentador_650,propose,447,18.113756,0
1790012487.410985,17,ciclo1_AC_AP,prosumer671,concentrator_alimentador_650,propose,211,6.542473,0
1790012487.422671,17,ciclo1_AC_AP,prosumer632,concentrator_alimentador_650,propose,316,10.980217,0
1790012487.430860,17,ciclo1_AC_AP,prosumer634,concentrator_alimentador_650,propose,142,4.802808,0
1790012487.443029,17,ciclo1_AC_AP,prosumer645,concentrator_alimentador_650,propose,288,13.188357,0
1790012487.592435,17,ciclo2_AD_AC,dso,concentrator_alimentador_650,cfp,100,0.435238,0
1790012487.600268,17,ciclo2_AD_AC,concentrator_alimentador_650,dso,propose,1112,16.551905,0
1790012487.768860,17,ciclo3_AM_AC_AD,market,dso,cfp,100,3.544970,0
1790012487.811769,17,ciclo3_AM_AC_AD,dso,market,propose,1133,17.864446,0
1790012487.997015,17,ciclo3_AM_AC_AD,market,concentrator_alimentador_650,cfp,100,3.760486,0
1790012487.997440,17,ciclo3_AM_AC_AD,market,dso,cfp,100,2.356470,0
1790012488.049534,17,ciclo3_AM_AC_AD,dso,market,propose,1299,21.896213,0
1790012488.055407,17,ciclo3_AM_AC_AD,concentrator_alimentador_650,market,propose,1397,23.796344,0
1790012488.358469,18,ciclo1_AC_AP,concentrator_alimentador_650,prosumer611,cfp,100,1.942137,0
1790012488.358984,18,ciclo1_AC_AP,concentrator_alimentador_650,prosumer632,cfp,100,1.170514,0
1790012488.359321,18,ciclo1_AC_AP,concentrator_alimentador_650,prosumer634,cfp,100,0.395919,0
1790012488.359542,18,ciclo1_AC_AP,concentrator_alimentador_650,prosumer645,cfp,100,6.000870,0
1790012488.359769,18,ciclo1_AC_AP,concentrator_alimentador_650,prosumer646,cfp,100,3.135134,0
1790012488.359975,18,ciclo1_AC_AP,concentrator_alimentador_650,prosumer652,cfp,100,3.319571,0
1790012488.360300,18,ciclo1_AC_AP,concentrator_alimentador_650,prosumer670,cfp,100,2.815470,0
1790012488.360693,18,ciclo1_AC_AP,concentrator_alimentador_650,prosumer671,cfp,100,0.480346,0
1790012488.360914,18,ciclo1_AC_AP,concentrator_alimentador_650,prosumer675,cfp,100,1.157857,0
1790012488.361106,18,ciclo1_AC_AP,concentrator_alimentador_650,prosumer692,cfp,100,0.925302,0
1790012488.367099,18,ciclo1_AC_AP,prosumer634,concentrator_alimentador_650,propose,185,8.046739,0
1790012488.369772,18,ciclo1_AC_AP,prosumer671,concentrator_alimentador_650,propose,320,11.757548,0
1790012488.373128,18,ciclo1_AC_AP,prosumer692,concentrator_alimentador_650,propose,198,4.116300,0
1790012488.374446,18,ciclo1_AC_AP,prosumer632,concentrator_alimentador_650,propose,283,8.822644,0
1790012488.376239,18,ciclo1_AC_AP,prosumer675,concentrator_alimentador_650,propose,158,9.549676,0
1790012488.380190,18,ciclo1_AC_AP,prosumer611,concentrator_alimentador_650,propose,132,7.446016,0
1790012488.391010,18,ciclo1_AC_AP,prosumer670,concentrator_alimentador_650,propose,459,9.023915,0
1790012488.392285,18,ciclo1_AC_AP,prosumer646,concentrator_alimentador_650,propose,114,1.778545,0
1790012488.395437,18,ciclo1_AC_AP,prosumer652,concentrator_alimentador_650,propose,369,12.132855,0
1790012488.422140,18,ciclo1_AC_AP,prosumer645,concentrator_alimentador_650,propose,331,9.204671,0
1790012488.520442,18,ciclo2_AD_AC,dso,concentrator_alimentador_650,cfp,100,3.021931,0
1790012488.553564,18,ciclo2_AD_AC,concentrator_alimentador_650,dso,propose,1385,20.349390,0
1790012488.762043,18,ciclo3_AM_AC_AD,market,dso,cfp,100,2.759592,0
1790012488.798829,18,ciclo3_AM_AC_AD,dso,market,propose,1346,22.294940,0
1790012489.027873,18,ciclo3_AM_AC_AD,market,concentrator_alimentador_650,cfp,100,0.631695,0
1790012489.028391,18,ciclo3_AM_AC_AD,market,dso,cfp,100,2.742883,0
1790012489.057325,18,ciclo3_AM_AC_AD,concentrator_alimentador_650,market,propose,1103,16.689196,0
1790012489.083756,18,ciclo3_AM_AC_AD,dso,market,propose,1060,20.088402,0
1790012489.351967,19,ciclo1_AC_AP,concentrator_alimentador_650,prosumer611,cfp,100,2.416791,0
1790012489.352345,19,ciclo1_AC_AP,concentrator_alimentador_650,prosumer632,cfp,100,3.103058,0
1790012489.352606,19,ciclo1_AC_AP,concentrator_alimentador_650,prosumer634,cfp,100,4.749725,0
1790012489.352874,19,ciclo1_AC_AP,concentrator_alimentador_650,prosumer645,cfp,100,3.555922,0
1790012489.353095,19,ciclo1_AC_AP,concentrator_alimentador_650,prosumer646,cfp,100,0.485998,0
1790012489.353666,19,ciclo1_AC_AP,concentrator_alimentador_650,prosumer652,cfp,100,3.896967,0
1790012489.354383,19,ciclo1_AC_AP,concentrator_alimentador_650,prosumer670,cfp,100,3.049835,0
1790012489.355126,19,ciclo1_AC_AP,concentrator_alimentador_650,prosumer671,cfp,100,5.802676,0
1790012489.355581,19,ciclo1_AC_AP,concentrator_alimentador_650,prosumer675,cfp,100,4.582007,0
1790012489.356035,19,ciclo1_AC_AP,concentrator_alimentador_650,prosumer692,cfp,100,2.607591,0
1790012489.361093,19,ciclo1_AC_AP,prosumer646,concentrator_alimentador_650,propose,354,6.615846,0
1790012489.379462,19,ciclo1_AC_AP,prosumer611,concentrator_alimentador_650,propose,303,11.484865,0
1790012489.385616,19,ciclo1_AC_AP,prosumer692,concentrator_alimentador_650,propose,231,2.722194,0
1790012489.387285,19,ciclo1_AC_AP,prosumer632,concentrator_alimentador_650,propose,206,8.486163,0
1790012489.389448,19,ciclo1_AC_AP,prosumer670,concentrator_alimentador_650,propose,428,6.373009,0
1790012489.391709,19,ciclo1_AC_AP,prosumer645,concentrator_alimentador_650,propose,121,3.385447,0
1790012489.394978,19,ciclo1_AC_AP,prosumer652,concentrator_alimentador_650,propose,210,7.562922,0
1790012489.402241,19,ciclo1_AC_AP,prosumer634,concentrator_alimentador_650,propose,419,16.104483,0
1790012489.404234,19,ciclo1_AC_AP,prosumer675,concentrator_alimentador_650,propose,174,5.921130,0
1790012489.417180,19,ciclo1_AC_AP,prosumer671,concentrator_alimentador_650,propose,153,7.619792,0
1790012489.569815,19,ciclo2_AD_AC,dso,concentrator_alimentador_650,cfp,100,0.475485,0
1790012489.579642,19,ciclo2_AD_AC,concentrator_alimentador_650,dso,propose,1101,18.680841,0
1790012489.773004,19,ciclo3_AM_AC_AD,market,dso,cfp,100,1.138346,0
1790012489.791472,19,ciclo3_AM_AC_AD,dso,market,propose,1234,18.979031,0
1790012489.984368,19,ciclo3_AM_AC_AD,market,concentrator_alimentador_650,cfp,100,1.304328,0
1790012489.984531,19,ciclo3_AM_AC_AD,market,dso,cfp,100,2.241723,0
1790012490.015753,19,ciclo3_AM_AC_AD,concentrator_alimentador_650,market,propose,1193,18.873491,0
1790012490.030225,19,ciclo3_AM_AC_AD,dso,market,propose,1185,20.798521,0
1790012490.304387,20,ciclo1_AC_AP,concentrator_alimentador_650,prosumer611,cfp,100,5.776736,0
1790012490.305235,20,ciclo1_AC_AP,concentrator_alimentador_650,prosumer632,cfp,100,6.799056,0
1790012490.306081,20,ciclo1_AC_AP,concentrator_alimentador_650,prosumer634,cfp,100,3.025979,0
1790012490.306478,20,ciclo1_AC_AP,concentrator_alimentador_650,prosumer645,cfp,100,1.839373,0
1790012490.306716,20,ciclo1_AC_AP,concentrator_alimentador_650,prosumer646,cfp,100,1.468261,0
1790012490.306907,20,ciclo1_AC_AP,concentrator_alimentador_650,prosumer652,cfp,100,4.923419,0
1790012490.307068,20,ciclo1_AC_AP,concentrator_alimentador_650,prosumer670,cfp,100,3.590348,0
1790012490.307233,20,ciclo1_AC_AP,concentrator_alimentador_650,prosumer671,cfp,100,5.216655,0
1790012490.307385,20,ciclo1_AC_AP,concentrator_alimentador_650,prosumer675,cfp,100,5.358601,0
1790012490.307535,20,ciclo1_AC_AP,concentrator_alimentador_650,prosumer692,cfp,100,0.979473,0
1790012490.321101,20,ciclo1_AC_AP,prosumer692,concentrator_alimentador_650,propose,379,7.554750,0
1790012490.324209,20,ciclo1_AC_AP,prosumer646,concentrator_alimentador_650,propose,177,5.040765,0
1790012490.327321,20,ciclo1_AC_AP,prosumer645,concentrator_alimentador_650,propose,153,9.973065,0
1790012490.340337,20,ciclo1_AC_AP,prosumer634,concentrator_alimentador_650,propose,405,16.561999,0
1790012490.346179,20,ciclo1_AC_AP,prosumer670,concentrator_alimentador_650,propose,349,6.110403,0
1790012490.358729,20,ciclo1_AC_AP,prosumer652,concentrator_alimentador_650,propose,175,9.777789,0
1790012490.361823,20,ciclo1_AC_AP,prosumer671,concentrator_alimentador_650,propose,388,17.821330,0
1790012490.364088,20,ciclo1_AC_AP,prosumer675,concentrator_alimentador_650,propose,307,12.173216,0
1790012490.365684,20,ciclo1_AC_AP,prosumer611,concentrator_alimentador_650,propose,426,16.890898,0
1790012490.376590,20,ciclo1_AC_AP,prosumer632,concentrator_alimentador_650,propose,448,18.440540,0
1790012490.564404,20,ciclo2_AD_AC,dso,concentrator_alimentador_650,cfp,100,1.122222,0
1790012490.578148,20,ciclo2_AD_AC,concentrator_alimentador_650,dso,propose,1216,19.348277,0
1790012490.776695,20,ciclo3_AM_AC_AD,market,dso,cfp,100,3.538229,0
1790012490.843435,20,ciclo3_AM_AC_AD,dso,market,propose,1449,24.801818,0
1790012491.097961,20,ciclo3_AM_AC_AD,market,concentrator_alimentador_650,cfp,100,1.940093,0
1790012491.098581,20,ciclo3_AM_AC_AD,market,dso,cfp,100,2.077759,0
1790012491.146550,20,ciclo3_AM_AC_AD,concentrator_alimentador_650,market,propose,1266,19.838689,0
1790012491.155720,20,ciclo3_AM_AC_AD,dso,market,propose,1253,21.797087,0
1790012491.438333,21,ciclo1_AC_AP,concentrator_alimentador_650,prosumer611,cfp,100,2.246382,0
1790012491.438708,21,ciclo1_AC_AP,concentrator_alimentador_650,prosumer632,cfp,100,0.727768,0
1790012491.439031,21,ciclo1_AC_AP,concentrator_alimentador_650,prosumer634,cfp,100,5.757739,0
1790012491.439246,21,ciclo1_AC_AP,concentrator_alimentador_650,prosumer645,cfp,100,2.993416,0
1790012491.439429,21,ciclo1_AC_AP,concentrator_alimentador_650,prosumer646,cfp,100,2.880850,0
1790012491.439602,21,ciclo1_AC_AP,concentrator_alimentador_650,prosumer652,cfp,100,4.525337,0
1790012491.439785,21,ciclo1_AC_AP,concentrator_alimentador_650,prosumer670,cfp,100,2.647630,0
1790012491.439953,21,ciclo1_AC_AP,concentrator_alimentador_650,prosumer671,cfp,100,3.367146,0
1790012491.440128,21,ciclo1_AC_AP,concentrator_alimentador_650,prosumer675,cfp,100,5.484870,0
1790012491.440375,21,ciclo1_AC_AP,concentrator_alimentador_650,prosumer692,cfp,100,1.048051,0
1790012491.448642,21,ciclo1_AC_AP,prosumer632,concentrator_alimentador_650,propose,447,17.672583,0
1790012491.452973,21,ciclo1_AC_AP,prosumer692,concentrator_alimentador_650,propose,265,4.178609,0
1790012491.463215,21,ciclo1_AC_AP,prosumer611,concentrator_alimentador_650,propose,355,12.262906,0
1790012491.468238,21,ciclo1_AC_AP,prosumer670,concentrator_alimentador_650,propose,355,5.425672,0
1790012491.470447,21,ciclo1_AC_AP,prosumer646,concentrator_alimentador_650,propose,425,6.998982,0
1790012491.472117,21,ciclo1_AC_AP,prosumer645,concentrator_alimentador_650,propose,443,14.392697,0
1790012491.476499,21,ciclo1_AC_AP,prosumer671,concentrator_alimentador_650,propose,203,11.126930,0
1790012491.489581,21,ciclo1_AC_AP,prosumer652,concentrator_alimentador_650,propose,377,11.523754,0
1790012491.498479,21,ciclo1_AC_AP,prosumer675,concentrator_alimentador_650,propose,412,13.736913,0
1790012491.500750,21,ciclo1_AC_AP,prosumer634,concentrator_alimentador_650,propose,212,7.863190,0
1790012491.639928,21,ciclo2_AD_AC,dso,concentrator_alimentador_650,cfp,100,3.032789,0
1790012491.675603,21,ciclo2_AD_AC,concentrator_alimentador_650,dso,propose,1004,14.810103,0
1790012491.828371,21,ciclo3_AM_AC_AD,market,dso,cfp,100,3.509564,0
1790012491.872930,21,ciclo3_AM_AC_AD,dso,market,propose,1174,18.752991,0
1790012492.066421,21,ciclo3_AM_AC_AD,market,concentrator_alimentador_650,cfp,100,0.169925,0
1790012492.067070,21,ciclo3_AM_AC_AD,market,dso,cfp,100,3.978936,0
1790012492.090461,21,ciclo3_AM_AC_AD,concentrator_alimentador_650,market,propose,1361,22.500103,0
1790012492.145010,21,ciclo3_AM_AC_AD,dso,market,propose,1492,23.028371,0
1790012492.443867,22,ciclo1_AC_AP,concentrator_alimentador_650,prosumer611,cfp,100,5.392354,0
1790012492.444842,22,ciclo1_AC_AP,concentrator_alimentador_650,prosumer632,cfp,100,3.773597,0
1790012492.445708,22,ciclo1_AC_AP,concentrator_alimentador_650,prosumer634,cfp,100,6.521576,0
1790012492.446398,22,ciclo1_AC_AP,concentrator_alimentador_650,prosumer645,cfp,100,5.098979,0
1790012492.446913,22,ciclo1_AC_AP,concentrator_alimentador_650,prosumer646,cfp,100,2.321220,0
1790012492.447376,22,ciclo1_AC_AP,concentrator_alimentador_650,prosumer652,cfp,100,1.837771,0
1790012492.447736,22,ciclo1_AC_AP,concentrator_alimentador_650,prosumer670,cfp,100,0.640826,0
1790012492.447947,22,ciclo1_AC_AP,concentrator_alimentador_650,prosumer671,cfp,100,3.203770,0
1790012492.448133,22,ciclo1_AC_AP,concentrator_alimentador_650,prosumer675,cfp,100,5.145157,0
1790012492.448310,22,ciclo1_AC_AP,concentrator_alimentador_650,prosumer692,cfp,100,0.842316,0
1790012492.457962,22,ciclo1_AC_AP,prosumer670,concentrator_alimentador_650,propose,482,7.673056,0
1790012492.460670,22,ciclo1_AC_AP,prosumer692,concentrator_alimentador_650,propose,262,7.272583,0
1790012492.468799,22,ciclo1_AC_AP,prosumer652,concentrator_alimentador_650,propose,264,10.523165,0
1790012492.472878,22,ciclo1_AC_AP,prosumer646,concentrator_alimentador_650,propose,118,3.582057,0
1790012492.482399,22,ciclo1_AC_AP,prosumer671,concentrator_alimentador_650,propose,368,11.073445,0
1790012492.484530,22,ciclo1_AC_AP,prosumer632,concentrator_alimentador_650,propose,175,8.308524,0
1790012492.499984,22,ciclo1_AC_AP,prosumer645,concentrator_alimentador_650,propose,231,10.013971,0
1790012492.501048,22,ciclo1_AC_AP,prosumer611,concentrator_alimentador_650,propose,408,14.999328,0
1790012492.502351,22,ciclo1_AC_AP,prosumer675,concentrator_alimentador_650,propose,179,9.776860,0
1790012492.512820,22,ciclo1_AC_AP,prosumer634,concentrator_alimentador_650,propose,294,13.034501,0
1790012492.655903,22,ciclo2_AD_AC,dso,concentrator_alimentador_650,cfp,100,1.822318,0
1790012492.677872,22,ciclo2_AD_AC,concentrator_alimentador_650,dso,propose,1298,22.785021,0
1790012492.910145,22,ciclo3_AM_AC_AD,market,dso,cfp,100,2.418087,0
1790012492.942812,22,ciclo3_AM_AC_AD,dso,market,propose,1150,21.579278,0
1790012493.165147,22,ciclo3_AM_AC_AD,market,concentrator_alimentador_650,cfp,100,1.816420,0
1790012493.165563,22,ciclo3_AM_AC_AD,market,dso,cfp,100,2.043549,0
1790012493.208787,22,ciclo3_AM_AC_AD,concentrator_alimentador_650,market,propose,1367,22.583259,0
1790012493.218734,22,ciclo3_AM_AC_AD,dso,market,propose,1361,22.359089,0
1790012493.507929,23,ciclo1_AC_AP,concentrator_alimentador_650,prosumer611,cfp,100,3.869924,0
1790012493.508264,23,ciclo1_AC_AP,concentrator_alimentador_650,prosumer632,cfp,100,7.689374,0
1790012493.508460,23,ciclo1_AC_AP,concentrator_alimentador_650,prosumer634,cfp,100,3.864011,0
1790012493.508619,23,ciclo1_AC_AP,concentrator_alimentador_650,prosumer645,cfp,100,3.348683,0
1790012493.508943,23,ciclo1_AC_AP,concentrator_alimentador_650,prosumer646,cfp,100,3.745655,0
1790012493.509231,23,ciclo1_AC_AP,concentrator_alimentador_650,prosumer652,cfp,100,2.851541,0
1790012493.509397,23,ciclo1_AC_AP,concentrator_alimentador_650,prosumer670,cfp,100,2.213671,0
1790012493.509563,23,ciclo1_AC_AP,concentrator_alimentador_650,prosumer671,cfp,100,3.248422,0
1790012493.509712,23,ciclo1_AC_AP,concentrator_alimentador_650,prosumer675,cfp,100,3.727418,0
1790012493.509854,23,ciclo1_AC_AP,concentrator_alimentador_650,prosumer692,cfp,100,3.876307,0
1790012493.535548,23,ciclo1_AC_AP,prosumer670,concentrator_alimentador_650,propose,340,7.696536,0
1790012493.540476,23,ciclo1_AC_AP,prosumer652,concentrator_alimentador_650,propose,133,8.055897,0
1790012493.544019,23,ciclo1_AC_AP,prosumer671,concentrator_alimentador_650,propose,143,9.439989,0
1790012493.545812,23,ciclo1_AC_AP,prosumer645,concentrator_alimentador_650,propose,364,9.308721,0
1790012493.550454,23,ciclo1_AC_AP,prosumer646,concentrator_alimentador_650,propose,120,1.156806,0
1790012493.552135,23,ciclo1_AC_AP,prosumer611,concentrator_alimentador_650,propose,133,10.833565,0
1790012493.553613,23,ciclo1_AC_AP,prosumer675,concentrator_alimentador_650,propose,215,6.083029,0
1790012493.554881,23,ciclo1_AC_AP,prosumer634,concentrator_alimentador_650,propose,166,7.976987,0
1790012493.556767,23,ciclo1_AC_AP,prosumer692,concentrator_alimentador_650,propose,120,2.298675,0
1790012493.587987,23,ciclo1_AC_AP,prosumer632,concentrator_alimentador_650,propose,253,6.474136,0
1790012493.664776,23,ciclo2_AD_AC,dso,concentrator_alimentador_650,cfp,100,3.445063,0
1790012493.704877,23,ciclo2_AD_AC,concentrator_alimentador_650,dso,propose,1007,17.755046,0
1790012493.888666,23,ciclo3_AM_AC_AD,market,dso,cfp,100,3.614896,0
1790012493.934175,23,ciclo3_AM_AC_AD,dso,market,propose,1388,23.198629,0
1790012494.169889,23,ciclo3_AM_AC_AD,market,concentrator_alimentador_650,cfp,100,3.205845,0
1790012494.170726,23,ciclo3_AM_AC_AD,market,dso,cfp,100,0.419918,0
1790012494.204815,23,ciclo3_AM_AC_AD,dso,market,propose,1432,26.150906,0
1790012494.225516,23,ciclo3_AM_AC_AD,concentrator_alimentador_650,market,propose,1229,18.375624,0
1790012494.533206,24,ciclo1_AC_AP,concentrator_alimentador_650,prosumer611,cfp,100,3.412424,0
1790012494.533489,24,ciclo1_AC_AP,concentrator_alimentador_650,prosumer632,cfp,100,6.928231,0
1790012494.533675,24,ciclo1_AC_AP,concentrator_alimentador_650,prosumer634,cfp,100,3.599635,0
1790012494.534102,24,ciclo1_AC_AP,concentrator_alimentador_650,prosumer645,cfp,100,4.208618,0
1790012494.534292,24,ciclo1_AC_AP,concentrator_alimentador_650,prosumer646,cfp,100,1.749831,0
1790012494.534449,24,ciclo1_AC_AP,concentrator_alimentador_650,prosumer652,cfp,100,3.496858,0
1790012494.534600,24,ciclo1_AC_AP,concentrator_alimentador_650,prosumer670,cfp,100,0.580491,0
1790012494.534762,24,ciclo1_AC_AP,concentrator_alimentador_650,prosumer671,cfp,100,2.439414,0
1790012494.534909,24,ciclo1_AC_AP,concentrator_alimentador_650,prosumer675,cfp,100,1.846490,0
1790012494.535055,24,ciclo1_AC_AP,concentrator_alimentador_650,prosumer692,cfp,100,0.390410,0
1790012494.541056,24,ciclo1_AC_AP,prosumer692,concentrator_alimentador_650,propose,269,7.740575,0
1790012494.542635,24,ciclo1_AC_AP,prosumer670,concentrator_alimentador_650,propose,182,4.306504,0
1790012494.554718,24,ciclo1_AC_AP,prosumer646,concentrator_alimentador_650,propose,176,2.070190,0
1790012494.557861,24,ciclo1_AC_AP,prosumer675,concentrator_alimentador_650,propose,435,17.365662,0
1790012494.562026,24,ciclo1_AC_AP,prosumer671,concentrator_alimentador_650,propose,335,10.682368,0
1790012494.570019,24,ciclo1_AC_AP,prosumer611,concentrator_alimentador_650,propose,290,10.180406,0
1790012494.573151,24,ciclo1_AC_AP,prosumer652,concentrator_alimentador_650,propose,358,13.113819,0
1790012494.574569,24,ciclo1_AC_AP,prosumer634,concentrator_alimentador_650,propose,295,14.125461,0
1790012494.578330,24,ciclo1_AC_AP,prosumer645,concentrator_alimentador_650,propose,371,12.101169,0
1790012494.605405,24,ciclo1_AC_AP,prosumer632,concentrator_alimentador_650,propose,357,11.345713,0
1790012494.735793,24,ciclo2_AD_AC,dso,concentrator_alimentador_650,cfp,100,1.035974,0
1790012494.748572,24,ciclo2_AD_AC,concentrator_alimentador_650,dso,propose,1017,17.847755,0
1790012494.930183,24,ciclo3_AM_AC_AD,market,dso,cfp,100,0.164298,0
1790012494.935202,24,ciclo3_AM_AC_AD,dso,market,propose,1293,21.810224,0
1790012495.155053,24,ciclo3_AM_AC_AD,market,concentrator_alimentador_650,cfp,100,2.588215,0
1790012495.155139,24,ciclo3_AM_AC_AD,market,dso,cfp,100,0.192372,0
1790012495.171791,24,ciclo3_AM_AC_AD,dso,market,propose,1046,20.184330,0
1790012495.192583,24,ciclo3_AM_AC_AD,concentrator_alimentador_650,market,propose,1347,22.460627,0
1790012495.474467,25,ciclo1_AC_AP,concentrator_alimentador_650,prosumer611,cfp,100,4.091952,0
1790012495.474546,25,ciclo1_AC_AP,concentrator_alimentador_650,prosumer632,cfp,100,3.352092,0
1790012495.474602,25,ciclo1_AC_AP,concentrator_alimentador_650,prosumer634,cfp,100,1.636479,0
1790012495.474756,25,ciclo1_AC_AP,concentrator_alimentador_650,prosumer645,cfp,100,2.119544,0
1790012495.474874,25,ciclo1_AC_AP,concentrator_alimentador_650,prosumer646,cfp,100,1.799768,0
1790012495.474998,25,ciclo1_AC_AP,concentrator_alimentador_650,prosumer652,cfp,100,7.350310,0
1790012495.475088,25,ciclo1_AC_AP,concentrator_alimentador_650,prosumer670,cfp,100,0.337181,0
1790012495.475218,25,ciclo1_AC_AP,concentrator_alimentador_650,prosumer671,cfp,100,3.560384,0
1790012495.475328,25,ciclo1_AC_AP,concentrator_alimentador_650,prosumer675,cfp,100,1.885198,0
1790012495.475424,25,ciclo1_AC_AP,concentrator_alimentador_650,prosumer692,cfp,100,2.735754,0
1790012495.480577,25,ciclo1_AC_AP,prosumer670,concentrator_alimentador_650,propose,365,6.265089,0
1790012495.493216,25,ciclo1_AC_AP,prosumer634,concentrator_alimentador_650,propose,488,16.818552,0
1790012495.494225,25,ciclo1_AC_AP,prosumer646,concentrator_alimentador_650,propose,407,8.144517,0
1790012495.495142,25,ciclo1_AC_AP,prosumer675,concentrator_alimentador_650,propose,139,7.102222,0
1790012495.497221,25,ciclo1_AC_AP,prosumer645,concentrator_alimentador_650,propose,482,17.827248,0
1790012495.504556,25,ciclo1_AC_AP,prosumer692,concentrator_alimentador_650,propose,318,5.708136,0
1790012495.509800,25,ciclo1_AC_AP,prosumer632,concentrator_alimentador_650,propose,486,15.598674,0
1790012495.512044,25,ciclo1_AC_AP,prosumer671,concentrator_alimentador_650,propose,205,4.566299,0
1790012495.517455,25,ciclo1_AC_AP,prosumer611,concentrator_alimentador_650,propose,248,8.751705,0
1790012495.549893,25,ciclo1_AC_AP,prosumer652,concentrator_alimentador_650,propose,374,10.979662,0
1790012495.678588,25,ciclo2_AD_AC,dso,concentrator_alimentador_650,cfp,100,1.401687,0
1790012495.694206,25,ciclo2_AD_AC,concentrator_alimentador_650,dso,propose,1461,25.923727,0
1790012495.957090,25,ciclo3_AM_AC_AD,market,dso,cfp,100,2.269724,0
1790012495.984387,25,ciclo3_AM_AC_AD,dso,market,propose,1306,22.081310,0
1790012496.211977,25,ciclo3_AM_AC_AD,market,concentrator_alimentador_650,cfp,100,1.615796,0
1790012496.212412,25,ciclo3_AM_AC_AD,market,dso,cfp,100,2.010457,0
1790012496.243701,25,ciclo3_AM_AC_AD,concentrator_alimentador_650,market,propose,1213,22.037812,0
1790012496.250807,25,ciclo3_AM_AC_AD,dso,market,propose,1422,24.163861,0
1790012496.557426,26,ciclo1_AC_AP,concentrator_alimentador_650,prosumer611,cfp,100,3.909507,0
1790012496.557600,26,ciclo1_AC_AP,concentrator_alimentador_650,prosumer632,cfp,100,4.731058,0
1790012496.557809,26,ciclo1_AC_AP,concentrator_alimentador_650,prosumer634,cfp,100,5.715370,0
1790012496.557958,26,ciclo1_AC_AP,concentrator_alimentador_650,prosumer645,cfp,100,4.037179,0
1790012496.558077,26,ciclo1_AC_AP,concentrator_alimentador_650,prosumer646,cfp,100,2.607408,0
1790012496.558193,26,ciclo1_AC_AP,concentrator_alimentador_650,prosumer652,cfp,100,3.746677,0
1790012496.558309,26,ciclo1_AC_AP,concentrator_alimentador_650,prosumer670,cfp,100,3.045385,0
1790012496.558423,26,ciclo1_AC_AP,concentrator_alimentador_650,prosumer671,cfp,100,7.076928,0
1790012496.558534,26,ciclo1_AC_AP,concentrator_alimentador_650,prosumer675,cfp,100,6.271375,0
1790012496.558648,26,ciclo1_AC_AP,concentrator_alimentador_650,prosumer692,cfp,100,0.028098,0
1790012496.561457,26,ciclo1_AC_AP,prosumer692,concentrator_alimentador_650,propose,346,4.746289,0
1790012496.585906,26,ciclo1_AC_AP,prosumer646,concentrator_alimentador_650,propose,298,7.003413,0
1790012496.590070,26,ciclo1_AC_AP,prosumer670,concentrator_alimentador_650,propose,411,9.020826,0
1790012496.597293,26,ciclo1_AC_AP,prosumer652,concentrator_alimentador_650,propose,400,14.416121,0
1790012496.598305,26,ciclo1_AC_AP,prosumer611,concentrator_alimentador_650,propose,219,8.673641,0
1790012496.599259,26,ciclo1_AC_AP,prosumer645,concentrator_alimentador_650,propose,110,4.660157,0
1790012496.606578,26,ciclo1_AC_AP,prosumer632,concentrator_alimentador_650,propose,436,14.354370,0
1790012496.616399,26,ciclo1_AC_AP,prosumer634,concentrator_alimentador_650,propose,100,3.307954,0
1790012496.622718,26,ciclo1_AC_AP,prosumer675,concentrator_alimentador_650,propose,479,15.523773,0
1790012496.631018,26,ciclo1_AC_AP,prosumer671,concentrator_alimentador_650,propose,193,7.725856,0
1790012496.779925,26,ciclo2_AD_AC,dso,concentrator_alimentador_650,cfp,100,3.117293,0
1790012496.813763,26,ciclo2_AD_AC,concentrator_alimentador_650,dso,propose,1154,20.194503,0
1790012497.018783,26,ciclo3_AM_AC_AD,market,dso,cfp,100,3.982704,0
1790012497.062210,26,ciclo3_AM_AC_AD,dso,market,propose,1259,21.968840,0
1790012497.285114,26,ciclo3_AM_AC_AD,market,concentrator_alimentador_650,cfp,100,3.325144,0
1790012497.285269,26,ciclo3_AM_AC_AD,market,dso,cfp,100,2.739723,0
1790012497.329113,26,ciclo3_AM_AC_AD,dso,market,propose,1291,22.199232,0
1790012497.331354,26,ciclo3_AM_AC_AD,concentrator_alimentador_650,market,propose,1130,19.991842,0
1790012497.616654,27,ciclo1_AC_AP,concentrator_alimentador_650,prosumer611,cfp,100,5.401806,0
1790012497.617429,27,ciclo1_AC_AP,concentrator_alimentador_650,prosumer632,cfp,100,4.799375,0
1790012497.618065,27,ciclo1_AC_AP,concentrator_alimentador_650,prosumer634,cfp,100,1.510535,0
1790012497.618509,27,ciclo1_AC_AP,concentrator_alimentador_650,prosumer645,cfp,100,2.602181,0
1790012497.618992,27,ciclo1_AC_AP,concentrator_alimentador_650,prosumer646,cfp,100,1.932426,0
1790012497.619447,27,ciclo1_AC_AP,concentrator_alimentador_650,prosumer652,cfp,100,4.178580,0
1790012497.619942,27,ciclo1_AC_AP,concentrator_alimentador_650,prosumer670,cfp,100,1.238810,0
1790012497.620559,27,ciclo1_AC_AP,concentrator_alimentador_650,prosumer671,cfp,100,5.931171,0
1790012497.620856,27,ciclo1_AC_AP,concentrator_alimentador_650,prosumer675,cfp,100,2.776664,0
1790012497.621033,27,ciclo1_AC_AP,concentrator_alimentador_650,prosumer692,cfp,100,1.273446,0
1790012497.636432,27,ciclo1_AC_AP,prosumer670,concentrator_alimentador_650,propose,270,6.313745,0
1790012497.638167,27,ciclo1_AC_AP,prosumer634,concentrator_alimentador_650,propose,133,8.196379,0
1790012497.639734,27,ciclo1_AC_AP,prosumer692,concentrator_alimentador_650,propose,352,6.050893,0
1790012497.641712,27,ciclo1_AC_AP,prosumer646,concentrator_alimentador_650,propose,234,5.458401,0
1790012497.646973,27,ciclo1_AC_AP,prosumer645,concentrator_alimentador_650,propose,255,8.419197,0
1790012497.651245,27,ciclo1_AC_AP,prosumer675,concentrator_alimentador_650,propose,495,15.131704,0
1790012497.664820,27,ciclo1_AC_AP,prosumer652,concentrator_alimentador_650,propose,308,13.946110,0
1790012497.668386,27,ciclo1_AC_AP,prosumer632,concentrator_alimentador_650,propose,296,11.810716,0
1790012497.674068,27,ciclo1_AC_AP,prosumer611,concentrator_alimentador_650,propose,296,12.800515,0
1790012497.683468,27,ciclo1_AC_AP,prosumer671,concentrator_alimentador_650,propose,131,6.812811,0
1790012497.807809,27,ciclo2_AD_AC,dso,concentrator_alimentador_650,cfp,100,0.238778,0
1790012497.813255,27,ciclo2_AD_AC,concentrator_alimentador_650,dso,propose,1083,20.106230,0
1790012498.019168,27,ciclo3_AM_AC_AD,market,dso,cfp,100,1.607780,0
1790012498.045417,27,ciclo3_AM_AC_AD,dso,market,propose,1328,24.016882,0
1790012498.292104,27,ciclo3_AM_AC_AD,market,concentrator_alimentador_650,cfp,100,2.387956,0
1790012498.292658,27,ciclo3_AM_AC_AD,market,dso,cfp,100,1.937955,0
1790012498.347660,27,ciclo3_AM_AC_AD,dso,market,propose,1478,24.589632,0
1790012498.349046,27,ciclo3_AM_AC_AD,concentrator_alimentador_650,market,propose,1065,18.120350,0
1790012498.656831,28,ciclo1_AC_AP,concentrator_alimentador_650,prosumer611,cfp,100,3.137696,0
1790012498.657466,28,ciclo1_AC_AP,concentrator_alimentador_650,prosumer632,cfp,100,4.098608,0
1790012498.657869,28,ciclo1_AC_AP,concentrator_alimentador_650,prosumer634,cfp,100,2.014910,0
1790012498.658181,28,ciclo1_AC_AP,concentrator_alimentador_650,prosumer645,cfp,100,6.650625,0
1790012498.658435,28,ciclo1_AC_AP,concentrator_alimentador_650,prosumer646,cfp,100,3.292547,0
1790012498.658690,28,ciclo1_AC_AP,concentrator_alimentador_650,prosumer652,cfp,100,5.124342,0
1790012498.658943,28,ciclo1_AC_AP,concentrator_alimentador_650,prosumer670,cfp,100,2.292984,0
1790012498.659185,28,ciclo1_AC_AP,concentrator_alimentador_650,prosumer671,cfp,100,6.089579,0
1790012498.659529,28,ciclo1_AC_AP,concentrator_alimentador_650,prosumer675,cfp,100,3.939936,0
1790012498.659830,28,ciclo1_AC_AP,concentrator_alimentador_650,prosumer692,cfp,100,0.194121,0
1790012498.665044,28,ciclo1_AC_AP,prosumer692,concentrator_alimentador_650,propose,222,5.350895,0
1790012498.681230,28,ciclo1_AC_AP,prosumer634,concentrator_alimentador_650,propose,246,8.094602,0
1790012498.685059,28,ciclo1_AC_AP,prosumer670,concentrator_alimentador_650,propose,473,9.505066,0
1790012498.690414,28,ciclo1_AC_AP,prosumer611,concentrator_alimentador_650,propose,271,12.991392,0
1790012498.693492,28,ciclo1_AC_AP,prosumer646,concentrator_alimentador_650,propose,128,4.445491,0
1790012498.701061,28,ciclo1_AC_AP,prosumer632,concentrator_alimentador_650,propose,118,1.354267,0
1790012498.702536,28,ciclo1_AC_AP,prosumer675,concentrator_alimentador_650,propose,346,10.882931,0
1790012498.713742,28,ciclo1_AC_AP,prosumer652,concentrator_alimentador_650,propose,313,11.584449,0
1790012498.722844,28,ciclo1_AC_AP,prosumer671,concentrator_alimentador_650,propose,172,6.515336,0
1790012498.727227,28,ciclo1_AC_AP,prosumer645,concentrator_alimentador_650,propose,351,11.389745,0
1790012498.843480,28,ciclo2_AD_AC,dso,concentrator_alimentador_650,cfp,100,1.094946,0
1790012498.857221,28,ciclo2_AD_AC,concentrator_alimentador_650,dso,propose,1455,24.252442,0
1790012499.106795,28,ciclo3_AM_AC_AD,market,dso,cfp,100,0.782077,0
1790012499.124008,28,ciclo3_AM_AC_AD,dso,market,propose,1442,23.432824,0
1790012499.365588,28,ciclo3_AM_AC_AD,market,concentrator_alimentador_650,cfp,100,2.452712,0
1790012499.366438,28,ciclo3_AM_AC_AD,market,dso,cfp,100,1.698130,0
1790012499.409851,28,ciclo3_AM_AC_AD,dso,market,propose,1308,22.222553,0
1790012499.412040,28,ciclo3_AM_AC_AD,concentrator_alimentador_650,market,propose,1367,21.353651,0
1790012499.698332,29,ciclo1_AC_AP,concentrator_alimentador_650,prosumer611,cfp,100,6.068244,0
1790012499.698857,29,ciclo1_AC_AP,concentrator_alimentador_650,prosumer632,cfp,100,1.371336,0
1790012499.699133,29,ciclo1_AC_AP,concentrator_alimentador_650,prosumer634,cfp,100,2.440132,0
1790012499.699796,29,ciclo1_AC_AP,concentrator_alimentador_650,prosumer645,cfp,100,3.531184,0
1790012499.700473,29,ciclo1_AC_AP,concentrator_alimentador_650,prosumer646,cfp,100,1.310795,0
1790012499.700852,29,ciclo1_AC_AP,concentrator_alimentador_650,prosumer652,cfp,100,0.947541,0
1790012499.701401,29,ciclo1_AC_AP,concentrator_alimentador_650,prosumer670,cfp,100,2.775776,0
1790012499.701744,29,ciclo1_AC_AP,concentrator_alimentador_650,prosumer671,cfp,100,4.407901,0
1790012499.702115,29,ciclo1_AC_AP,concentrator_alimentador_650,prosumer675,cfp,100,5.119431,0
1790012499.702612,29,ciclo1_AC_AP,concentrator_alimentador_650,prosumer692,cfp,100,2.615770,0
1790012499.715288,29,ciclo1_AC_AP,prosumer652,concentrator_alimentador_650,propose,141,7.410984,0
1790012499.718600,29,ciclo1_AC_AP,prosumer632,concentrator_alimentador_650,propose,444,18.357525,0
1790012499.720390,29,ciclo1_AC_AP,prosumer646,concentrator_alimentador_650,propose,457,7.156656,0
1790012499.726342,29,ciclo1_AC_AP,prosumer634,concentrator_alimentador_650,propose,177,9.630189,0
1790012499.732841,29,ciclo1_AC_AP,prosumer692,concentrator_alimentador_650,propose,280,5.337576,0
1790012499.734281,29,ciclo1_AC_AP,prosumer670,concentrator_alimentador_650,propose,310,7.810548,0
1790012499.737502,29,ciclo1_AC_AP,prosumer645,concentrator_alimentador_650,propose,118,6.899140,0
1790012499.750221,29,ciclo1_AC_AP,prosumer671,concentrator_alimentador_650,propose,413,17.411244,0
1790012499.755953,29,ciclo1_AC_AP,prosumer675,concentrator_alimentador_650,propose,338,11.660617,0
1790012499.761004,29,ciclo1_AC_AP,prosumer611,concentrator_alimentador_650,propose,297,10.553193,0
1790012499.928628,29,ciclo2_AD_AC,dso,concentrator_alimentador_650,cfp,100,1.389089,0
1790012499.947231,29,ciclo2_AD_AC,concentrator_alimentador_650,dso,propose,1234,21.634610,0
1790012500.169725,29,ciclo3_AM_AC_AD,market,dso,cfp,100,2.257763,0
1790012500.201151,29,ciclo3_AM_AC_AD,dso,market,propose,1024,17.191116,0
1790012500.379204,29,ciclo3_AM_AC_AD,market,concentrator_alimentador_650,cfp,100,3.523619,0
1790012500.380359,29,ciclo3_AM_AC_AD,market,dso,cfp,100,2.704603,0
1790012500.440920,29,ciclo3_AM_AC_AD,dso,market,propose,1051,16.982930,0
1790012500.442826,29,ciclo3_AM_AC_AD,concentrator_alimentador_650,market,propose,1241,20.295524,0
1790012500.708693,30,ciclo1_AC_AP,concentrator_alimentador_650,prosumer611,cfp,100,6.329326,0
1790012500.709513,30,ciclo1_AC_AP,concentrator_alimentador_650,prosumer632,cfp,100,2.376909,0
1790012500.710082,30,ciclo1_AC_AP,concentrator_alimentador_650,prosumer634,cfp,100,4.742518,0
1790012500.710628,30,ciclo1_AC_AP,concentrator_alimentador_650,prosumer645,cfp,100,0.937741,0
1790012500.711092,30,ciclo1_AC_AP,concentrator_alimentador_650,prosumer646,cfp,100,0.105581,0
1790012500.711367,30,ciclo1_AC_AP,concentrator_alimentador_650,prosumer652,cfp,100,3.346092,0
1790012500.711519,30,ciclo1_AC_AP,concentrator_alimentador_650,prosumer670,cfp,100,0.319375,0
1790012500.711663,30,ciclo1_AC_AP,concentrator_alimentador_650,prosumer671,cfp,100,3.830188,0
1790012500.711821,30,ciclo1_AC_AP,concentrator_alimentador_650,prosumer675,cfp,100,3.392063,0
1790012500.711964,30,ciclo1_AC_AP,concentrator_alimentador_650,prosumer692,cfp,100,0.332224,0
1790012500.715303,30,ciclo1_AC_AP,prosumer646,concentrator_alimentador_650,propose,498,6.620643,0
1790012500.717649,30,ciclo1_AC_AP,prosumer670,concentrator_alimentador_650,propose,177,5.309446,0
1790012500.719054,30,ciclo1_AC_AP,prosumer692,concentrator_alimentador_650,propose,110,2.105516,0
1790012500.721937,30,ciclo1_AC_AP,prosumer645,concentrator_alimentador_650,propose,116,5.793313,0
1790012500.737901,30,ciclo1_AC_AP,prosumer632,concentrator_alimentador_650,propose,406,17.376525,0
1790012500.749242,30,ciclo1_AC_AP,prosumer652,concentrator_alimentador_650,propose,416,17.901866,0
1790012500.751358,30,ciclo1_AC_AP,prosumer675,concentrator_alimentador_650,propose,167,9.451275,0
1790012500.753842,30,ciclo1_AC_AP,prosumer671,concentrator_alimentador_650,propose,422,16.232035,0
1790012500.761012,30,ciclo1_AC_AP,prosumer634,concentrator_alimentador_650,propose,265,11.534829,0
1790012500.776704,30,ciclo1_AC_AP,prosumer611,concentrator_alimentador_650,propose,153,6.917181,0
1790012500.932869,30,ciclo2_AD_AC,dso,concentrator_alimentador_650,cfp,100,0.735066,0
1790012500.944341,30,ciclo2_AD_AC,concentrator_alimentador_650,dso,propose,1358,23.844697,0
1790012501.186365,30,ciclo3_AM_AC_AD,market,dso,cfp,100,1.138917,0
1790012501.201357,30,ciclo3_AM_AC_AD,dso,market,propose,1281,20.310992,0
1790012501.408294,30,ciclo3_AM_AC_AD,market,concentrator_alimentador_650,cfp,100,0.630914,0
1790012501.408690,30,ciclo3_AM_AC_AD,market,dso,cfp,100,1.717704,0
1790012501.442014,30,ciclo3_AM_AC_AD,concentrator_alimentador_650,market,propose,1332,22.157150,0
1790012501.456305,30,ciclo3_AM_AC_AD,dso,market,propose,1177,20.458989,0
1790012501.730624,31,ciclo1_AC_AP,concentrator_alimentador_650,prosumer611,cfp,100,5.327964,0
1790012501.731178,31,ciclo1_AC_AP,concentrator_alimentador_650,prosumer632,cfp,100,6.628290,0
1790012501.731768,31,ciclo1_AC_AP,concentrator_alimentador_650,prosumer634,cfp,100,1.939914,0
1790012501.732256,31,ciclo1_AC_AP,concentrator_alimentador_650,prosumer645,cfp,100,4.891442,0
1790012501.732664,31,ciclo1_AC_AP,concentrator_alimentador_650,prosumer646,cfp,100,0.624485,0
1790012501.732882,31,ciclo1_AC_AP,concentrator_alimentador_650,prosumer652,cfp,100,4.453151,0
1790012501.733055,31,ciclo1_AC_AP,concentrator_alimentador_650,prosumer670,cfp,100,2.442883,0
1790012501.733211,31,ciclo1_AC_AP,concentrator_alimentador_650,prosumer671,cfp,100,2.411914,0
1790012501.733364,31,ciclo1_AC_AP,concentrator_alimentador_650,prosumer675,cfp,100,4.359565,0
1790012501.733518,31,ciclo1_AC_AP,concentrator_alimentador_650,prosumer692,cfp,100,3.067692,0
1790012501.740822,31,ciclo1_AC_AP,prosumer646,concentrator_alimentador_650,propose,199,3.744959,0
1790012501.755128,31,ciclo1_AC_AP,prosumer634,concentrator_alimentador_650,propose,296,10.932106,0
1790012501.760344,31,ciclo1_AC_AP,prosumer671,concentrator_alimentador_650,propose,497,15.575706,0
1790012501.761648,31,ciclo1_AC_AP,prosumer670,concentrator_alimentador_650,propose,498,9.935700,0
1790012501.767489,31,ciclo1_AC_AP,prosumer692,concentrator_alimentador_650,propose,351,6.874196,0
1790012501.782237,31,ciclo1_AC_AP,prosumer675,concentrator_alimentador_650,propose,156,4.569500,0
1790012501.783927,31,ciclo1_AC_AP,prosumer652,concentrator_alimentador_650,propose,130,6.385698,0
1790012501.787391,31,ciclo1_AC_AP,prosumer645,concentrator_alimentador_650,propose,412,15.262801,0
1790012501.788486,31,ciclo1_AC_AP,prosumer611,concentrator_alimentador_650,propose,458,19.603495,0
1790012501.801167,31,ciclo1_AC_AP,prosumer632,concentrator_alimentador_650,propose,339,10.848794,0
1790012501.988148,31,ciclo2_AD_AC,dso,concentrator_alimentador_650,cfp,100,2.737585,0
1790012502.018517,31,ciclo2_AD_AC,concentrator_alimentador_650,dso,propose,1314,21.364786,0
1790012502.236441,31,ciclo3_AM_AC_AD,market,dso,cfp,100,1.632406,0
1790012502.260911,31,ciclo3_AM_AC_AD,dso,market,propose,1323,23.698994,0
1790012502.501904,31,ciclo3_AM_AC_AD,market,concentrator_alimentador_650,cfp,100,3.582454,0
1790012502.502298,31,ciclo3_AM_AC_AD,market,dso,cfp,100,0.785826,0
1790012502.541902,31,ciclo3_AM_AC_AD,dso,market,propose,1478,23.956412,0
1790012502.562752,31,ciclo3_AM_AC_AD,concentrator_alimentador_650,market,propose,1172,19.420218,0
1790012502.846882,32,ciclo1_AC_AP,concentrator_alimentador_650,prosumer611,cfp,100,5.553351,0
1790012502.847486,32,ciclo1_AC_AP,concentrator_alimentador_650,prosumer632,cfp,100,6.131077,0
1790012502.847984,32,ciclo1_AC_AP,concentrator_alimentador_650,prosumer634,cfp,100,5.615298,0
1790012502.848406,32,ciclo1_AC_AP,concentrator_alimentador_650,prosumer645,cfp,100,5.422279,0
1790012502.848719,32,ciclo1_AC_AP,concentrator_alimentador_650,prosumer646,cfp,100,1.658508,0
1790012502.849145,32,ciclo1_AC_AP,concentrator_alimentador_650,prosumer652,cfp,100,1.892502,0
1790012502.849554,32,ciclo1_AC_AP,concentrator_alimentador_650,prosumer670,cfp,100,0.805616,0
1790012502.849864,32,ciclo1_AC_AP,concentrator_alimentador_650,prosumer671,cfp,100,2.498503,0
1790012502.850163,32,ciclo1_AC_AP,concentrator_alimentador_650,prosumer675,cfp,100,4.485901,0
1790012502.850456,32,ciclo1_AC_AP,concentrator_alimentador_650,prosumer692,cfp,100,2.425006,0
1790012502.861169,32,ciclo1_AC_AP,prosumer670,concentrator_alimentador_650,propose,433,9.467814,0
1790012502.868394,32,ciclo1_AC_AP,prosumer646,concentrator_alimentador_650,propose,163,2.624562,0
1790012502.870772,32,ciclo1_AC_AP,prosumer652,concentrator_alimentador_650,propose,449,16.004576,0
1790012502.877706,32,ciclo1_AC_AP,prosumer692,concentrator_alimentador_650,propose,465,9.303009,0
1790012502.879247,32,ciclo1_AC_AP,prosumer671,concentrator_alimentador_650,propose,418,17.889282,0
1790012502.900918,32,ciclo1_AC_AP,prosumer675,concentrator_alimentador_650,propose,251,7.929126,0
1790012502.905958,32,ciclo1_AC_AP,prosumer611,concentrator_alimentador_650,propose,165,10.109654,0
1790012502.907395,32,ciclo1_AC_AP,prosumer645,concentrator_alimentador_650,propose,298,10.731858,0
1790012502.908899,32,ciclo1_AC_AP,prosumer634,concentrator_alimentador_650,propose,250,9.057076,0
1790012502.910758,32,ciclo1_AC_AP,prosumer632,concentrator_alimentador_650,propose,481,19.363052,0
1790012503.108168,32,ciclo2_AD_AC,dso,concentrator_alimentador_650,cfp,100,1.726194,0
1790012503.131075,32,ciclo2_AD_AC,concentrator_alimentador_650,dso,propose,1446,23.653110,0
1790012503.375364,32,ciclo3_AM_AC_AD,market,dso,cfp,100,2.151964,0
1790012503.404108,32,ciclo3_AM_AC_AD,dso,market,propose,1490,25.339375,0
1790012503.662309,32,ciclo3_AM_AC_AD,market,concentrator_alimentador_650,cfp,100,0.767251,0
1790012503.663015,32,ciclo3_AM_AC_AD,market,dso,cfp,100,0.576618,0
1790012503.694007,32,ciclo3_AM_AC_AD,concentrator_alimentador_650,market,propose,1348,23.955125,0
1790012503.696049,32,ciclo3_AM_AC_AD,dso,market,propose,1414,25.117083,0
1790012504.014297,33,ciclo1_AC_AP,concentrator_alimentador_650,prosumer611,cfp,100,2.650659,0
1790012504.015035,33,ciclo1_AC_AP,concentrator_alimentador_650,prosumer632,cfp,100,2.787862,0
1790012504.015546,33,ciclo1_AC_AP,concentrator_alimentador_650,prosumer634,cfp,100,6.495305,0
1790012504.015890,33,ciclo1_AC_AP,concentrator_alimentador_650,prosumer645,cfp,100,4.615292,0
1790012504.016165,33,ciclo1_AC_AP,concentrator_alimentador_650,prosumer646,cfp,100,0.561909,0
1790012504.016372,33,ciclo1_AC_AP,concentrator_alimentador_650,prosumer652,cfp,100,2.216686,0
1790012504.016550,33,ciclo1_AC_AP,concentrator_alimentador_650,prosumer670,cfp,100,3.072445,0
1790012504.016729,33,ciclo1_AC_AP,concentrator_alimentador_650,prosumer671,cfp,100,4.204622,0
1790012504.016892,33,ciclo1_AC_AP,concentrator_alimentador_650,prosumer675,cfp,100,1.358284,0
1790012504.017051,33,ciclo1_AC_AP,concentrator_alimentador_650,prosumer692,cfp,100,2.072522,0
1790012504.024740,33,ciclo1_AC_AP,prosumer646,concentrator_alimentador_650,propose,162,2.023950,0
1790012504.034335,33,ciclo1_AC_AP,prosumer675,concentrator_alimentador_650,propose,365,12.808864,0
1790012504.041049,33,ciclo1_AC_AP,prosumer692,concentrator_alimentador_650,propose,196,2.399579,0
1790012504.043457,33,ciclo1_AC_AP,prosumer652,concentrator_alimentador_650,propose,119,2.731547,0
1790012504.046416,33,ciclo1_AC_AP,prosumer611,concentrator_alimentador_650,propose,500,16.316378,0
1790012504.049034,33,ciclo1_AC_AP,prosumer632,concentrator_alimentador_650,propose,300,11.132924,0
1790012504.052173,33,ciclo1_AC_AP,prosumer670,concentrator_alimentador_650,propose,327,4.458844,0
1790012504.061956,33,ciclo1_AC_AP,prosumer671,concentrator_alimentador_650,propose,290,9.550769,0
1790012504.064262,33,ciclo1_AC_AP,prosumer645,concentrator_alimentador_650,propose,487,15.225280,0
1790012504.084356,33,ciclo1_AC_AP,prosumer634,concentrator_alimentador_650,propose,197,11.504291,0
1790012504.219011,33,ciclo2_AD_AC,dso,concentrator_alimentador_650,cfp,100,2.341642,0
1790012504.245604,33,ciclo2_AD_AC,concentrator_alimentador_650,dso,propose,1233,18.378354,0
1790012504.435982,33,ciclo3_AM_AC_AD,market,dso,cfp,100,2.932080,0
1790012504.473831,33,ciclo3_AM_AC_AD,dso,market,propose,1182,18.655508,0
1790012504.664873,33,ciclo3_AM_AC_AD,market,concentrator_alimentador_650,cfp,100,2.973112,0
1790012504.665455,33,ciclo3_AM_AC_AD,market,dso,cfp,100,2.287167,0
1790012504.714395,33,ciclo3_AM_AC_AD,dso,market,propose,1404,25.545877,0
1790012504.715381,33,ciclo3_AM_AC_AD,concentrator_alimentador_650,market,propose,1323,22.751322,0
1790012505.036838,34,ciclo1_AC_AP,concentrator_alimentador_650,prosumer611,cfp,100,3.882018,0
1790012505.037174,34,ciclo1_AC_AP,concentrator_alimentador_650,prosumer632,cfp,100,3.672123,0
1790012505.037398,34,ciclo1_AC_AP,concentrator_alimentador_650,prosumer634,cfp,100,4.756165,0
1790012505.037544,34,ciclo1_AC_AP,concentrator_alimentador_650,prosumer645,cfp,100,5.900762,0
1790012505.037694,34,ciclo1_AC_AP,concentrator_alimentador_650,prosumer646,cfp,100,3.686648,0
1790012505.037826,34,ciclo1_AC_AP,concentrator_alimentador_650,prosumer652,cfp,100,1.257787,0
1790012505.037954,34,ciclo1_AC_AP,concentrator_alimentador_650,prosumer670,cfp,100,1.927470,0
1790012505.038075,34,ciclo1_AC_AP,concentrator_alimentador_650,prosumer671,cfp,100,4.061640,0
1790012505.038213,34,ciclo1_AC_AP,concentrator_alimentador_650,prosumer675,cfp,100,4.380743,0
1790012505.038334,34,ciclo1_AC_AP,concentrator_alimentador_650,prosumer692,cfp,100,2.335615,0
1790012505.054698,34,ciclo1_AC_AP,prosumer652,concentrator_alimentador_650,propose,138,8.815324,0
1790012505.060898,34,ciclo1_AC_AP,prosumer670,concentrator_alimentador_650,propose,122,1.046930,0
1790012505.064372,34,ciclo1_AC_AP,prosumer692,concentrator_alimentador_650,propose,120,1.131444,0
1790012505.078036,34,ciclo1_AC_AP,prosumer632,concentrator_alimentador_650,propose,348,10.978315,0
1790012505.080502,34,ciclo1_AC_AP,prosumer646,concentrator_alimentador_650,propose,230,3.034504,0
1790012505.082695,34,ciclo1_AC_AP,prosumer611,concentrator_alimentador_650,propose,113,6.023212,0
1790012505.084917,34,ciclo1_AC_AP,prosumer671,concentrator_alimentador_650,propose,366,12.016052,0
1790012505.086908,34,ciclo1_AC_AP,prosumer675,concentrator_alimentador_650,propose,441,16.362572,0
1790012505.088110,34,ciclo1_AC_AP,prosumer634,concentrator_alimentador_650,propose,391,17.658191,0
1790012505.099772,34,ciclo1_AC_AP,prosumer645,concentrator_alimentador_650,propose,392,16.187874,0
1790012505.268140,34,ciclo2_AD_AC,dso,concentrator_alimentador_650,cfp,100,3.796505,0
1790012505.310562,34,ciclo2_AD_AC,concentrator_alimentador_650,dso,propose,1448,25.890115,0
1790012505.576232,34,ciclo3_AM_AC_AD,market,dso,cfp,100,0.383143,0
1790012505.586463,34,ciclo3_AM_AC_AD,dso,market,propose,1110,18.289767,0
1790012505.772672,34,ciclo3_AM_AC_AD,market,concentrator_alimentador_650,cfp,100,3.458957,0
1790012505.773014,34,ciclo3_AM_AC_AD,market,dso,cfp,100,0.638344,0
1790012505.807865,34,ciclo3_AM_AC_AD,dso,market,propose,1117,18.494598,0
1790012505.828591,34,ciclo3_AM_AC_AD,concentrator_alimentador_650,market,propose,1047,20.182017,0
1790012506.096859,35,ciclo1_AC_AP,concentrator_alimentador_650,prosumer611,cfp,100,3.457115,0
1790012506.097557,35,ciclo1_AC_AP,concentrator_alimentador_650,prosumer632,cfp,100,2.228284,0
1790012506.098077,35,ciclo1_AC_AP,concentrator_alimentador_650,prosumer634,cfp,100,6.834392,0
1790012506.098845,35,ciclo1_AC_AP,concentrator_alimentador_650,prosumer645,cfp,100,5.152814,0
1790012506.099147,35,ciclo1_AC_AP,concentrator_alimentador_650,prosumer646,cfp,100,3.180036,0
1790012506.099380,35,ciclo1_AC_AP,concentrator_alimentador_650,prosumer652,cfp,100,6.698937,0
1790012506.099575,35,ciclo1_AC_AP,concentrator_alimentador_650,prosumer670,cfp,100,1.475514,0
1790012506.099869,35,ciclo1_AC_AP,concentrator_alimentador_650,prosumer671,cfp,100,4.309630,0
1790012506.100039,35,ciclo1_AC_AP,concentrator_alimentador_650,prosumer675,cfp,100,3.119290,0
1790012506.100195,35,ciclo1_AC_AP,concentrator_alimentador_650,prosumer692,cfp,100,0.019901,0
1790012506.103738,35,ciclo1_AC_AP,prosumer692,concentrator_alimentador_650,propose,497,9.260456,0
1790012506.117206,35,ciclo1_AC_AP,prosumer670,concentrator_alimentador_650,propose,421,7.584050,0
1790012506.122382,35,ciclo1_AC_AP,prosumer632,concentrator_alimentador_650,propose,499,17.588678,0
1790012506.136862,35,ciclo1_AC_AP,prosumer646,concentrator_alimentador_650,propose,357,7.481037,0
1790012506.138650,35,ciclo1_AC_AP,prosumer675,concentrator_alimentador_650,propose,457,17.362414,0
1790012506.140106,35,ciclo1_AC_AP,prosumer611,concentrator_alimentador_650,propose,368,12.490244,0
1790012506.145507,35,ciclo1_AC_AP,prosumer671,concentrator_alimentador_650,propose,315,10.930376,0
1790012506.153027,35,ciclo1_AC_AP,prosumer645,concentrator_alimentador_650,propose,359,13.031910,0
1790012506.170704,35,ciclo1_AC_AP,prosumer652,concentrator_alimentador_650,propose,256,9.920069,0
1790012506.172780,35,ciclo1_AC_AP,prosumer634,concentrator_alimentador_650,propose,158,11.144292,0
1790012506.316964,35,ciclo2_AD_AC,dso,concentrator_alimentador_650,cfp,100,2.630808,0
1790012506.347436,35,ciclo2_AD_AC,concentrator_alimentador_650,dso,propose,1074,19.249937,0
1790012506.546060,35,ciclo3_AM_AC_AD,market,dso,cfp,100,0.164271,0
1790012506.554539,35,ciclo3_AM_AC_AD,dso,market,propose,1218,19.128547,0
1790012506.752269,35,ciclo3_AM_AC_AD,market,concentrator_alimentador_650,cfp,100,3.034076,0
1790012506.752707,35,ciclo3_AM_AC_AD,market,dso,cfp,100,1.136190,0
1790012506.800532,35,ciclo3_AM_AC_AD,dso,market,propose,1456,23.252295,0
1790012506.809227,35,ciclo3_AM_AC_AD,concentrator_alimentador_650,market,propose,1289,20.430097,0
1790012507.097659,36,ciclo1_AC_AP,concentrator_alimentador_650,prosumer611,cfp,100,3.566679,0
1790012507.098129,36,ciclo1_AC_AP,concentrator_alimentador_650,prosumer632,cfp,100,3.437971,0
1790012507.098374,36,ciclo1_AC_AP,concentrator_alimentador_650,prosumer634,cfp,100,3.039765,0
1790012507.098580,36,ciclo1_AC_AP,concentrator_alimentador_650,prosumer645,cfp,100,5.363238,0
1790012507.098784,36,ciclo1_AC_AP,concentrator_alimentador_650,prosumer646,cfp,100,3.086457,0
1790012507.098975,36,ciclo1_AC_AP,concentrator_alimentador_650,prosumer652,cfp,100,6.176237,0
1790012507.099166,36,ciclo1_AC_AP,concentrator_alimentador_650,prosumer670,cfp,100,0.287575,0
1790012507.099482,36,ciclo1_AC_AP,concentrator_alimentador_650,prosumer671,cfp,100,3.475727,0
1790012507.099873,36,ciclo1_AC_AP,concentrator_alimentador_650,prosumer675,cfp,100,2.292658,0
1790012507.100298,36,ciclo1_AC_AP,concentrator_alimentador_650,prosumer692,cfp,100,0.126645,0
1790012507.105281,36,ciclo1_AC_AP,prosumer692,concentrator_alimentador_650,propose,316,4.117777,0
1790012507.107038,36,ciclo1_AC_AP,prosumer670,concentrator_alimentador_650,propose,143,4.715787,0
1790012507.126207,36,ciclo1_AC_AP,prosumer675,concentrator_alimentador_650,propose,153,8.858429,0
1790012507.132841,36,ciclo1_AC_AP,prosumer634,concentrator_alimentador_650,propose,312,10.815037,0
1790012507.134978,36,ciclo1_AC_AP,prosumer646,concentrator_alimentador_650,propose,132,5.947610,0
1790012507.137492,36,ciclo1_AC_AP,prosumer632,concentrator_alimentador_650,propose,150,6.707030,0
1790012507.139182,36,ciclo1_AC_AP,prosumer611,concentrator_alimentador_650,propose,312,10.788003,0
1790012507.140649,36,ciclo1_AC_AP,prosumer671,concentrator_alimentador_650,propose,496,19.146182,0
1790012507.155211,36,ciclo1_AC_AP,prosumer645,concentrator_alimentador_650,propose,179,9.267974,0
1790012507.164577,36,ciclo1_AC_AP,prosumer652,concentrator_alimentador_650,propose,475,16.622939,0
1790012507.337704,36,ciclo2_AD_AC,dso,concentrator_alimentador_650,cfp,100,2.471003,0
1790012507.366576,36,ciclo2_AD_AC,concentrator_alimentador_650,dso,propose,1488,25.137537,0
1790012507.624253,36,ciclo3_AM_AC_AD,market,dso,cfp,100,2.245195,0
1790012507.656018,36,ciclo3_AM_AC_AD,dso,market,propose,1015,15.424611,0
1790012507.817595,36,ciclo3_AM_AC_AD,market,concentrator_alimentador_650,cfp,100,0.517407,0
1790012507.818289,36,ciclo3_AM_AC_AD,market,dso,cfp,100,2.850977,0
1790012507.846541,36,ciclo3_AM_AC_AD,concentrator_alimentador_650,market,propose,1405,22.996175,0
1790012507.873282,36,ciclo3_AM_AC_AD,dso,market,propose,1228,21.620584,0
1790012508.154819,37,ciclo1_AC_AP,concentrator_alimentador_650,prosumer611,cfp,100,4.282174,0
1790012508.155465,37,ciclo1_AC_AP,concentrator_alimentador_650,prosumer632,cfp,100,7.039340,0
1790012508.155915,37,ciclo1_AC_AP,concentrator_alimentador_650,prosumer634,cfp,100,3.042085,0
1790012508.156274,37,ciclo1_AC_AP,concentrator_alimentador_650,prosumer645,cfp,100,4.570742,0
1790012508.156622,37,ciclo1_AC_AP,concentrator_alimentador_650,prosumer646,cfp,100,0.847069,0
1790012508.156924,37,ciclo1_AC_AP,concentrator_alimentador_650,prosumer652,cfp,100,2.312575,0
1790012508.157179,37,ciclo1_AC_AP,concentrator_alimentador_650,prosumer670,cfp,100,2.654118,0
1790012508.157310,37,ciclo1_AC_AP,concentrator_alimentador_650,prosumer671,cfp,100,0.529943,0
1790012508.157581,37,ciclo1_AC_AP,concentrator_alimentador_650,prosumer675,cfp,100,5.077168,0
1790012508.157808,37,ciclo1_AC_AP,concentrator_alimentador_650,prosumer692,cfp,100,1.693662,0
1790012508.164876,37,ciclo1_AC_AP,prosumer671,concentrator_alimentador_650,propose,320,10.718664,0
1790012508.166904,37,ciclo1_AC_AP,prosumer646,concentrator_alimentador_650,propose,451,9.977950,0
1790012508.178566,37,ciclo1_AC_AP,prosumer692,concentrator_alimentador_650,propose,313,5.358540,0
1790012508.183917,37,ciclo1_AC_AP,prosumer652,concentrator_alimentador_650,propose,115,6.053391,0
1790012508.186409,37,ciclo1_AC_AP,prosumer670,concentrator_alimentador_650,propose,354,4.359288,0
1790012508.188273,37,ciclo1_AC_AP,prosumer634,concentrator_alimentador_650,propose,266,11.625321,0
1790012508.202107,37,ciclo1_AC_AP,prosumer611,concentrator_alimentador_650,propose,469,15.103692,0
1790012508.204836,37,ciclo1_AC_AP,prosumer645,concentrator_alimentador_650,propose,229,8.583070,0
1790012508.211859,37,ciclo1_AC_AP,prosumer675,concentrator_alimentador_650,propose,140,10.394865,0
1790012508.229965,37,ciclo1_AC_AP,prosumer632,concentrator_alimentador_650,propose,280,13.227603,0
1790012508.366028,37,ciclo2_AD_AC,dso,concentrator_alimentador_650,cfp,100,2.005804,0
1790012508.387881,37,ciclo2_AD_AC,concentrator_alimentador_650,dso,propose,1036,19.240945,0
1790012508.586588,37,ciclo3_AM_AC_AD,market,dso,cfp,100,0.176844,0
1790012508.596208,37,ciclo3_AM_AC_AD,dso,market,propose,1062,19.889639,0
1790012508.800244,37,ciclo3_AM_AC_AD,market,concentrator_alimentador_650,cfp,100,1.007298,0
1790012508.800503,37,ciclo3_AM_AC_AD,market,dso,cfp,100,1.531122,0
1790012508.838336,37,ciclo3_AM_AC_AD,concentrator_alimentador_650,market,propose,1183,19.345967,0
1790012508.849085,37,ciclo3_AM_AC_AD,dso,market,propose,1354,21.007732,0
1790012509.117292,38,ciclo1_AC_AP,concentrator_alimentador_650,prosumer611,cfp,100,6.418681,0
1790012509.117573,38,ciclo1_AC_AP,concentrator_alimentador_650,prosumer632,cfp,100,6.373366,0
1790012509.117737,38,ciclo1_AC_AP,concentrator_alimentador_650,prosumer634,cfp,100,3.092353,0
1790012509.117885,38,ciclo1_AC_AP,concentrator_alimentador_650,prosumer645,cfp,100,3.909481,0
1790012509.118033,38,ciclo1_AC_AP,concentrator_alimentador_650,prosumer646,cfp,100,2.946256,0
1790012509.118147,38,ciclo1_AC_AP,concentrator_alimentador_650,prosumer652,cfp,100,2.954561,0
1790012509.118240,38,ciclo1_AC_AP,concentrator_alimentador_650,prosumer670,cfp,100,0.399787,0
1790012509.118326,38,ciclo1_AC_AP,concentrator_alimentador_650,prosumer671,cfp,100,3.423456,0
1790012509.118409,38,ciclo1_AC_AP,concentrator_alimentador_650,prosumer675,cfp,100,5.982468,0
1790012509.118495,38,ciclo1_AC_AP,concentrator_alimentador_650,prosumer692,cfp,100,2.605277,0
1790012509.123762,38,ciclo1_AC_AP,prosumer670,concentrator_alimentador_650,propose,115,0.094704,0
1790012509.146343,38,ciclo1_AC_AP,prosumer692,concentrator_alimentador_650,propose,276,4.098175,0
1790012509.148775,38,ciclo1_AC_AP,prosumer646,concentrator_alimentador_650,propose,278,7.181547,0
1790012509.149867,38,ciclo1_AC_AP,prosumer652,concentrator_alimentador_650,propose,191,7.028763,0
1790012509.150965,38,ciclo1_AC_AP,prosumer634,concentrator_alimentador_650,propose,105,3.997934,0
1790012509.154073,38,ciclo1_AC_AP,prosumer671,concentrator_alimentador_650,propose,218,6.664264,0
1790012509.158352,38,ciclo1_AC_AP,prosumer645,concentrator_alimentador_650,propose,287,13.241081,0
1790012509.179965,38,ciclo1_AC_AP,prosumer675,concentrator_alimentador_650,propose,136,6.730387,0
1790012509.183498,38,ciclo1_AC_AP,prosumer632,concentrator_alimentador_650,propose,405,17.596803,0
1790012509.184404,38,ciclo1_AC_AP,prosumer611,concentrator_alimentador_650,propose,173,9.251067,0
1790012509.365401,38,ciclo2_AD_AC,dso,concentrator_alimentador_650,cfp,100,0.510843,0
1790012509.374648,38,ciclo2_AD_AC,concentrator_alimentador_650,dso,propose,1106,18.284437,0
1790012509.561826,38,ciclo3_AM_AC_AD,market,dso,cfp,100,2.752036,0
1790012509.596332,38,ciclo3_AM_AC_AD,dso,market,propose,1001,18.115659,0
1790012509.780756,38,ciclo3_AM_AC_AD,market,concentrator_alimentador_650,cfp,100,3.164511,0
1790012509.781121,38,ciclo3_AM_AC_AD,market,dso,cfp,100,1.063791,0
1790012509.825834,38,ciclo3_AM_AC_AD,dso,market,propose,1104,20.193367,0
1790012509.834834,38,ciclo3_AM_AC_AD,concentrator_alimentador_650,market,propose,1337,22.260840,0
1790012510.122046,39,ciclo1_AC_AP,concentrator_alimentador_650,prosumer611,cfp,100,3.875649,0
1790012510.123022,39,ciclo1_AC_AP,concentrator_alimentador_650,prosumer632,cfp,100,5.487468,0
1790012510.123581,39,ciclo1_AC_AP,concentrator_alimentador_650,prosumer634,cfp,100,1.546299,0
1790012510.124039,39,ciclo1_AC_AP,concentrator_alimentador_650,prosumer645,cfp,100,4.939895,0
1790012510.124483,39,ciclo1_AC_AP,concentrator_alimentador_650,prosumer646,cfp,100,1.666880,0
1790012510.124796,39,ciclo1_AC_AP,concentrator_alimentador_650,prosumer652,cfp,100,6.911903,0
1790012510.125159,39,ciclo1_AC_AP,concentrator_alimentador_650,prosumer670,cfp,100,2.185034,0
1790012510.125410,39,ciclo1_AC_AP,concentrator_alimentador_650,prosumer671,cfp,100,3.240918,0
1790012510.125578,39,ciclo1_AC_AP,concentrator_alimentador_650,prosumer675,cfp,100,4.246985,0
1790012510.125756,39,ciclo1_AC_AP,concentrator_alimentador_650,prosumer692,cfp,100,0.947523,0
1790012510.137973,39,ciclo1_AC_AP,prosumer692,concentrator_alimentador_650,propose,444,6.677380,0
1790012510.141035,39,ciclo1_AC_AP,prosumer634,concentrator_alimentador_650,propose,474,17.722923,0
1790012510.142747,39,ciclo1_AC_AP,prosumer646,concentrator_alimentador_650,propose,163,3.618288,0
1790012510.149261,39,ciclo1_AC_AP,prosumer670,concentrator_alimentador_650,propose,482,6.528379,0
1790012510.161512,39,ciclo1_AC_AP,prosumer671,concentrator_alimentador_650,propose,103,4.929544,0
1790012510.164559,39,ciclo1_AC_AP,prosumer611,concentrator_alimentador_650,propose,250,6.795482,0
1790012510.170877,39,ciclo1_AC_AP,prosumer675,concentrator_alimentador_650,propose,288,13.180328,0
1790012510.176298,39,ciclo1_AC_AP,prosumer645,concentrator_alimentador_650,propose,453,12.789966,0
1790012510.181477,39,ciclo1_AC_AP,prosumer632,concentrator_alimentador_650,propose,112,6.214919,0
1790012510.198538,39,ciclo1_AC_AP,prosumer652,concentrator_alimentador_650,propose,409,14.671266,0
1790012510.350003,39,ciclo2_AD_AC,dso,concentrator_alimentador_650,cfp,100,2.023835,0
1790012510.374044,39,ciclo2_AD_AC,concentrator_alimentador_650,dso,propose,1119,17.591827,0
1790012510.556159,39,ciclo3_AM_AC_AD,market,dso,cfp,100,2.506785,0
1790012510.590449,39,ciclo3_AM_AC_AD,dso,market,propose,1439,23.870981,0
1790012510.835494,39,ciclo3_AM_AC_AD,market,concentrator_alimentador_650,cfp,100,3.686074,0
1790012510.835875,39,ciclo3_AM_AC_AD,market,dso,cfp,100,0.234106,0
1790012510.870002,39,ciclo3_AM_AC_AD,dso,market,propose,1072,18.600174,0
1790012510.893073,39,ciclo3_AM_AC_AD,concentrator_alimentador_650,market,propose,1095,18.729835,0
1790012511.148304,40,ciclo1_AC_AP,concentrator_alimentador_650,prosumer611,cfp,100,4.411600,0
1790012511.149000,40,ciclo1_AC_AP,concentrator_alimentador_650,prosumer632,cfp,100,6.671954,0
1790012511.149535,40,ciclo1_AC_AP,concentrator_alimentador_650,prosumer634,cfp,100,5.035443,0
1790012511.149956,40,ciclo1_AC_AP,concentrator_alimentador_650,prosumer645,cfp,100,6.110880,0
1790012511.150256,40,ciclo1_AC_AP,concentrator_alimentador_650,prosumer646,cfp,100,3.816329,0
1790012511.150455,40,ciclo1_AC_AP,concentrator_alimentador_650,prosumer652,cfp,100,4.941983,0
1790012511.150643,40,ciclo1_AC_AP,concentrator_alimentador_650,prosumer670,cfp,100,2.182552,0
1790012511.151054,40,ciclo1_AC_AP,concentrator_alimentador_650,prosumer671,cfp,100,4.368977,0
1790012511.151359,40,ciclo1_AC_AP,concentrator_alimentador_650,prosumer675,cfp,100,1.900394,0
1790012511.151512,40,ciclo1_AC_AP,concentrator_alimentador_650,prosumer692,cfp,100,2.226873,0
1790012511.175630,40,ciclo1_AC_AP,prosumer675,concentrator_alimentador_650,propose,332,15.162100,0
1790012511.179387,40,ciclo1_AC_AP,prosumer670,concentrator_alimentador_650,propose,157,4.065129,0
1790012511.181343,40,ciclo1_AC_AP,prosumer692,concentrator_alimentador_650,propose,344,5.412819,0
1790012511.191589,40,ciclo1_AC_AP,prosumer646,concentrator_alimentador_650,propose,276,4.235926,0
1790012511.195492,40,ciclo1_AC_AP,prosumer611,concentrator_alimentador_650,propose,462,15.668004,0
1790012511.197882,40,ciclo1_AC_AP,prosumer671,concentrator_alimentador_650,propose,232,8.177416,0
1790012511.202448,40,ciclo1_AC_AP,prosumer652,concentrator_alimentador_650,propose,166,10.823577,0
1790012511.204221,40,ciclo1_AC_AP,prosumer634,concentrator_alimentador_650,propose,114,3.799313,0
1790012511.215273,40,ciclo1_AC_AP,prosumer645,concentrator_alimentador_650,propose,206,5.293018,0
1790012511.218383,40,ciclo1_AC_AP,prosumer632,concentrator_alimentador_650,propose,285,14.362621,0
1790012511.366018,40,ciclo2_AD_AC,dso,concentrator_alimentador_650,cfp,100,2.215919,0
1790012511.392360,40,ciclo2_AD_AC,concentrator_alimentador_650,dso,propose,1171,18.692203,0
1790012511.585845,40,ciclo3_AM_AC_AD,market,dso,cfp,100,1.675815,0
1790012511.631870,40,ciclo3_AM_AC_AD,dso,market,propose,1242,21.924491,0
1790012511.857750,40,ciclo3_AM_AC_AD,market,concentrator_alimentador_650,cfp,100,0.569166,0
1790012511.858119,40,ciclo3_AM_AC_AD,market,dso,cfp,100,0.121740,0
1790012511.891040,40,ciclo3_AM_AC_AD,dso,market,propose,1491,24.537861,0
1790012511.893226,40,ciclo3_AM_AC_AD,concentrator_alimentador_650,market,propose,1149,21.339790,0
1790012512.202830,41,ciclo1_AC_AP,concentrator_alimentador_650,prosumer611,cfp,100,2.564571,0
1790012512.204021,41,ciclo1_AC_AP,concentrator_alimentador_650,prosumer632,cfp,100,3.460842,0
1790012512.205064,41,ciclo1_AC_AP,concentrator_alimentador_650,prosumer634,cfp,100,4.011221,0
1790012512.206042,41,ciclo1_AC_AP,concentrator_alimentador_650,prosumer645,cfp,100,3.435783,0
1790012512.206736,41,ciclo1_AC_AP,concentrator_alimentador_650,prosumer646,cfp,100,1.996274,0
1790012512.207508,41,ciclo1_AC_AP,concentrator_alimentador_650,prosumer652,cfp,100,5.678255,0
1790012512.208134,41,ciclo1_AC_AP,concentrator_alimentador_650,prosumer670,cfp,100,3.684844,0
1790012512.208504,41,ciclo1_AC_AP,concentrator_alimentador_650,prosumer671,cfp,100,4.452556,0
1790012512.208840,41,ciclo1_AC_AP,concentrator_alimentador_650,prosumer675,cfp,100,6.106699,0
1790012512.209054,41,ciclo1_AC_AP,concentrator_alimentador_650,prosumer692,cfp,100,2.477470,0
1790012512.231295,41,ciclo1_AC_AP,prosumer646,concentrator_alimentador_650,propose,251,2.915730,0
1790012512.234094,41,ciclo1_AC_AP,prosumer611,concentrator_alimentador_650,propose,383,16.208302,0
1790012512.236093,41,ciclo1_AC_AP,prosumer692,concentrator_alimentador_650,propose,425,9.854888,0
1790012512.241460,41,ciclo1_AC_AP,prosumer632,concentrator_alimentador_650,propose,267,11.764137,0
1790012512.243648,41,ciclo1_AC_AP,prosumer645,concentrator_alimentador_650,propose,194,4.464029,0
1790012512.248361,41,ciclo1_AC_AP,prosumer670,concentrator_alimentador_650,propose,403,8.546125,0
1790012512.249812,41,ciclo1_AC_AP,prosumer634,concentrator_alimentador_650,propose,141,9.235082,0
1790012512.254991,41,ciclo1_AC_AP,prosumer671,concentrator_alimentador_650,propose,152,9.070356,0
1790012512.267133,41,ciclo1_AC_AP,prosumer652,concentrator_alimentador_650,propose,373,13.149318,0
1790012512.273215,41,ciclo1_AC_AP,prosumer675,concentrator_alimentador_650,propose,397,15.863489,0
1790012512.437201,41,ciclo2_AD_AC,dso,concentrator_alimentador_650,cfp,100,1.450487,0
1790012512.456319,41,ciclo2_AD_AC,concentrator_alimentador_650,dso,propose,1157,21.833820,0
1790012512.678433,41,ciclo3_AM_AC_AD,market,dso,cfp,100,0.568464,0
1790012512.687529,41,ciclo3_AM_AC_AD,dso,market,propose,1080,19.337784,0
1790012512.887713,41,ciclo3_AM_AC_AD,market,concentrator_alimentador_650,cfp,100,3.338170,0
1790012512.888129,41,ciclo3_AM_AC_AD,market,dso,cfp,100,2.539330,0
1790012512.942474,41,ciclo3_AM_AC_AD,dso,market,propose,1192,19.613045,0
1790012512.943913,41,ciclo3_AM_AC_AD,concentrator_alimentador_650,market,propose,1459,26.036335,0
1790012513.267231,42,ciclo1_AC_AP,concentrator_alimentador_650,prosumer611,cfp,100,0.965819,0
1790012513.268096,42,ciclo1_AC_AP,concentrator_alimentador_650,prosumer632,cfp,100,3.488540,0
1790012513.268779,42,ciclo1_AC_AP,concentrator_alimentador_650,prosumer634,cfp,100,6.465220,0
1790012513.269416,42,ciclo1_AC_AP,concentrator_alimentador_650,prosumer645,cfp,100,4.761411,0
1790012513.269959,42,ciclo1_AC_AP,concentrator_alimentador_650,prosumer646,cfp,100,3.920476,0
1790012513.270363,42,ciclo1_AC_AP,concentrator_alimentador_650,prosumer652,cfp,100,4.920943,0
1790012513.270691,42,ciclo1_AC_AP,concentrator_alimentador_650,prosumer670,cfp,100,2.392104,0
1790012513.271018,42,ciclo1_AC_AP,concentrator_alimentador_650,prosumer671,cfp,100,2.418856,0
1790012513.271276,42,ciclo1_AC_AP,concentrator_alimentador_650,prosumer675,cfp,100,6.085445,0
1790012513.271500,42,ciclo1_AC_AP,concentrator_alimentador_650,prosumer692,cfp,100,0.387659,0
1790012513.278558,42,ciclo1_AC_AP,prosumer692,concentrator_alimentador_650,propose,175,5.665995,0
1790012513.281308,42,ciclo1_AC_AP,prosumer611,concentrator_alimentador_650,propose,164,7.134241,0
1790012513.296931,42,ciclo1_AC_AP,prosumer670,concentrator_alimentador_650,propose,214,2.868698,0
1790012513.297975,42,ciclo1_AC_AP,prosumer671,concentrator_alimentador_650,propose,261,10.407283,0
1790012513.304309,42,ciclo1_AC_AP,prosumer632,concentrator_alimentador_650,propose,360,12.087684,0
1790012513.310578,42,ciclo1_AC_AP,prosumer646,concentrator_alimentador_650,propose,224,3.027342,0
1790012513.318791,42,ciclo1_AC_AP,prosumer645,concentrator_alimentador_650,propose,221,7.624037,0
1790012513.320894,42,ciclo1_AC_AP,prosumer652,concentrator_alimentador_650,propose,486,16.108755,0
1790012513.333949,42,ciclo1_AC_AP,prosumer675,concentrator_alimentador_650,propose,194,9.390142,0
1790012513.334845,42,ciclo1_AC_AP,prosumer634,concentrator_alimentador_650,propose,249,9.317327,0
1790012513.484793,42,ciclo2_AD_AC,dso,concentrator_alimentador_650,cfp,100,2.501895,0
1790012513.514676,42,ciclo2_AD_AC,concentrator_alimentador_650,dso,propose,1190,21.957940,0
1790012513.741901,42,ciclo3_AM_AC_AD,market,dso,cfp,100,0.614775,0
1790012513.756666,42,ciclo3_AM_AC_AD,dso,market,propose,1214,21.128903,0
1790012513.973629,42,ciclo3_AM_AC_AD,market,concentrator_alimentador_650,cfp,100,0.528171,0
1790012513.974192,42,ciclo3_AM_AC_AD,market,dso,cfp,100,0.868612,0
1790012514.005467,42,ciclo3_AM_AC_AD,concentrator_alimentador_650,market,propose,1339,21.467188,0
1790012514.014261,42,ciclo3_AM_AC_AD,dso,market,propose,1023,19.249503,0
1790012514.286520,43,ciclo1_AC_AP,concentrator_alimentador_650,prosumer611,cfp,100,5.904165,0
1790012514.287115,43,ciclo1_AC_AP,concentrator_alimentador_650,prosumer632,cfp,100,0.781480,0
1790012514.287489,43,ciclo1_AC_AP,concentrator_alimentador_650,prosumer634,cfp,100,1.001353,0
1790012514.287701,43,ciclo1_AC_AP,concentrator_alimentador_650,prosumer645,cfp,100,2.269213,0
1790012514.287990,43,ciclo1_AC_AP,concentrator_alimentador_650,prosumer646,cfp,100,0.335079,0
1790012514.288186,43,ciclo1_AC_AP,concentrator_alimentador_650,prosumer652,cfp,100,2.744465,0
1790012514.288372,43,ciclo1_AC_AP,concentrator_alimentador_650,prosumer670,cfp,100,2.261272,0
1790012514.288542,43,ciclo1_AC_AP,concentrator_alimentador_650,prosumer671,cfp,100,5.157093,0
1790012514.288723,43,ciclo1_AC_AP,concentrator_alimentador_650,prosumer675,cfp,100,2.289777,0
1790012514.288908,43,ciclo1_AC_AP,concentrator_alimentador_650,prosumer692,cfp,100,3.798068,0
1790012514.294317,43,ciclo1_AC_AP,prosumer646,concentrator_alimentador_650,propose,167,3.904109,0
1790012514.297776,43,ciclo1_AC_AP,prosumer632,concentrator_alimentador_650,propose,407,14.869313,0
1790012514.298800,43,ciclo1_AC_AP,prosumer634,concentrator_alimentador_650,propose,110,4.369187,0
1790012514.315949,43,ciclo1_AC_AP,prosumer645,concentrator_alimentador_650,propose,301,14.604728,0
1790012514.317726,43,ciclo1_AC_AP,prosumer670,concentrator_alimentador_650,propose,139,5.756817,0
1790012514.319434,43,ciclo1_AC_AP,prosumer675,concentrator_alimentador_650,propose,459,18.274652,0
1790012514.320995,43,ciclo1_AC_AP,prosumer652,concentrator_alimentador_650,propose,137,6.238058,0
1790012514.329754,43,ciclo1_AC_AP,prosumer692,concentrator_alimentador_650,propose,167,5.133874,0
1790012514.343645,43,ciclo1_AC_AP,prosumer671,concentrator_alimentador_650,propose,315,10.105578,0
1790012514.347764,43,ciclo1_AC_AP,prosumer611,concentrator_alimentador_650,propose,253,6.549048,0
1790012514.505011,43,ciclo2_AD_AC,dso,concentrator_alimentador_650,cfp,100,3.966787,0
1790012514.550065,43,ciclo2_AD_AC,concentrator_alimentador_650,dso,propose,1281,23.760148,0
1790012514.794649,43,ciclo3_AM_AC_AD,market,dso,cfp,100,3.208003,0
1790012514.835601,43,ciclo3_AM_AC_AD,dso,market,propose,1213,19.285705,0
1790012515.035312,43,ciclo3_AM_AC_AD,market,concentrator_alimentador_650,cfp,100,2.069903,0
1790012515.035599,43,ciclo3_AM_AC_AD,market,dso,cfp,100,2.271209,0
1790012515.094310,43,ciclo3_AM_AC_AD,concentrator_alimentador_650,market,propose,1379,20.229052,0
1790012515.096812,43,ciclo3_AM_AC_AD,dso,market,propose,1474,23.363719,0
1790012515.398589,44,ciclo1_AC_AP,concentrator_alimentador_650,prosumer611,cfp,100,4.372565,0
1790012515.399593,44,ciclo1_AC_AP,concentrator_alimentador_650,prosumer632,cfp,100,1.370232,0
1790012515.400466,44,ciclo1_AC_AP,concentrator_alimentador_650,prosumer634,cfp,100,6.201337,0
1790012515.401011,44,ciclo1_AC_AP,concentrator_alimentador_650,prosumer645,cfp,100,3.861840,0
1790012515.401346,44,ciclo1_AC_AP,concentrator_alimentador_650,prosumer646,cfp,100,3.323044,0
1790012515.401513,44,ciclo1_AC_AP,concentrator_alimentador_650,prosumer652,cfp,100,3.831825,0
1790012515.401664,44,ciclo1_AC_AP,concentrator_alimentador_650,prosumer670,cfp,100,1.883321,0
1790012515.401971,44,ciclo1_AC_AP,concentrator_alimentador_650,prosumer671,cfp,100,4.934426,0
1790012515.402266,44,ciclo1_AC_AP,concentrator_alimentador_650,prosumer675,cfp,100,3.993119,0
1790012515.402433,44,ciclo1_AC_AP,concentrator_alimentador_650,prosumer692,cfp,100,3.443355,0
1790012515.417612,44,ciclo1_AC_AP,prosumer632,concentrator_alimentador_650,propose,172,7.597605,0
1790012515.423820,44,ciclo1_AC_AP,prosumer670,concentrator_alimentador_650,propose,402,6.148037,0
1790012515.438306,44,ciclo1_AC_AP,prosumer646,concentrator_alimentador_650,propose,316,6.986221,0
1790012515.440786,44,ciclo1_AC_AP,prosumer692,concentrator_alimentador_650,propose,252,2.880491,0
1790012515.443174,44,ciclo1_AC_AP,prosumer645,concentrator_alimentador_650,propose,426,18.191052,0
1790012515.444412,44,ciclo1_AC_AP,prosumer652,concentrator_alimentador_650,propose,281,9.723575,0
1790012515.446323,44,ciclo1_AC_AP,prosumer675,concentrator_alimentador_650,propose,143,7.812984,0
1790012515.447284,44,ciclo1_AC_AP,prosumer611,concentrator_alimentador_650,propose,227,9.380825,0
1790012515.453174,44,ciclo1_AC_AP,prosumer671,concentrator_alimentador_650,propose,327,12.016636,0
1790012515.466486,44,ciclo1_AC_AP,prosumer634,concentrator_alimentador_650,propose,423,19.482836,0
1790012515.667033,44,ciclo2_AD_AC,dso,concentrator_alimentador_650,cfp,100,3.859695,0
1790012515.711215,44,ciclo2_AD_AC,concentrator_alimentador_650,dso,propose,1189,19.058769,0
1790012515.909554,44,ciclo3_AM_AC_AD,market,dso,cfp,100,3.275712,0
1790012515.952402,44,ciclo3_AM_AC_AD,dso,market,propose,1326,20.386902,0
1790012516.163356,44,ciclo3_AM_AC_AD,market,concentrator_alimentador_650,cfp,100,3.872238,0
1790012516.164421,44,ciclo3_AM_AC_AD,market,dso,cfp,100,3.715151,0
1790012516.237185,44,ciclo3_AM_AC_AD,concentrator_alimentador_650,market,propose,1485,24.429831,0
1790012516.239461,44,ciclo3_AM_AC_AD,dso,market,propose,1270,18.598274,0
1790012516.552358,45,ciclo1_AC_AP,concentrator_alimentador_650,prosumer611,cfp,100,4.521259,0
1790012516.553398,45,ciclo1_AC_AP,concentrator_alimentador_650,prosumer632,cfp,100,3.938954,0
1790012516.554118,45,ciclo1_AC_AP,concentrator_alimentador_650,prosumer634,cfp,100,5.402188,0
1790012516.554373,45,ciclo1_AC_AP,concentrator_alimentador_650,prosumer645,cfp,100,2.473646,0
1790012516.554528,45,ciclo1_AC_AP,concentrator_alimentador_650,prosumer646,cfp,100,1.255357,0
1790012516.554693,45,ciclo1_AC_AP,concentrator_alimentador_650,prosumer652,cfp,100,1.263995,0
1790012516.554835,45,ciclo1_AC_AP,concentrator_alimentador_650,prosumer670,cfp,100,2.689636,0
1790012516.554963,45,ciclo1_AC_AP,concentrator_alimentador_650,prosumer671,cfp,100,4.729791,0
1790012516.555111,45,ciclo1_AC_AP,concentrator_alimentador_650,prosumer675,cfp,100,5.193444,0
1790012516.555240,45,ciclo1_AC_AP,concentrator_alimentador_650,prosumer692,cfp,100,1.697922,0
1790012516.571845,45,ciclo1_AC_AP,prosumer646,concentrator_alimentador_650,propose,129,4.625809,0
1790012516.574105,45,ciclo1_AC_AP,prosumer652,concentrator_alimentador_650,propose,292,13.034093,0
1790012516.576448,45,ciclo1_AC_AP,prosumer692,concentrator_alimentador_650,propose,309,7.703060,0
1790012516.582294,45,ciclo1_AC_AP,prosumer645,concentrator_alimentador_650,propose,104,5.928469,0
1790012516.584404,45,ciclo1_AC_AP,prosumer670,concentrator_alimentador_650,propose,313,5.437380,0
1790012516.597078,45,ciclo1_AC_AP,prosumer632,concentrator_alimentador_650,propose,472,15.581546,0
1790012516.600771,45,ciclo1_AC_AP,prosumer611,concentrator_alimentador_650,propose,264,11.618140,0
1790012516.605216,45,ciclo1_AC_AP,prosumer671,concentrator_alimentador_650,propose,325,12.513720,0
1790012516.610402,45,ciclo1_AC_AP,prosumer675,concentrator_alimentador_650,propose,204,5.427086,0
1790012516.612017,45,ciclo1_AC_AP,prosumer634,concentrator_alimentador_650,propose,290,12.006577,0
1790012516.758070,45,ciclo2_AD_AC,dso,concentrator_alimentador_650,cfp,100,0.488703,0
1790012516.766922,45,ciclo2_AD_AC,concentrator_alimentador_650,dso,propose,1150,21.615128,0
1790012516.989990,45,ciclo3_AM_AC_AD,market,dso,cfp,100,2.525136,0
1790012517.039807,45,ciclo3_AM_AC_AD,dso,market,propose,1487,24.886412,0
1790012517.295869,45,ciclo3_AM_AC_AD,market,concentrator_alimentador_650,cfp,100,0.658612,0
1790012517.296718,45,ciclo3_AM_AC_AD,market,dso,cfp,100,3.762401,0
1790012517.327710,45,ciclo3_AM_AC_AD,concentrator_alimentador_650,market,propose,1241,21.436360,0
1790012517.363178,45,ciclo3_AM_AC_AD,dso,market,propose,1046,19.571114,0
1790012517.621090,46,ciclo1_AC_AP,concentrator_alimentador_650,prosumer611,cfp,100,1.572253,0
1790012517.621197,46,ciclo1_AC_AP,concentrator_alimentador_650,prosumer632,cfp,100,2.106461,0
1790012517.621267,46,ciclo1_AC_AP,concentrator_alimentador_650,prosumer634,cfp,100,3.467690,0
1790012517.621329,46,ciclo1_AC_AP,concentrator_alimentador_650,prosumer645,cfp,100,4.093803,0
1790012517.621390,46,ciclo1_AC_AP,concentrator_alimentador_650,prosumer646,cfp,100,0.263372,0
1790012517.621449,46,ciclo1_AC_AP,concentrator_alimentador_650,prosumer652,cfp,100,6.643879,0
1790012517.621507,46,ciclo1_AC_AP,concentrator_alimentador_650,prosumer670,cfp,100,3.780818,0
1790012517.621564,46,ciclo1_AC_AP,concentrator_alimentador_650,prosumer671,cfp,100,2.821279,0
1790012517.621620,46,ciclo1_AC_AP,concentrator_alimentador_650,prosumer675,cfp,100,3.377355,0
1790012517.621758,46,ciclo1_AC_AP,concentrator_alimentador_650,prosumer692,cfp,100,2.467678,0
1790012517.626023,46,ciclo1_AC_AP,prosumer646,concentrator_alimentador_650,propose,194,5.729034,0
1790012517.638430,46,ciclo1_AC_AP,prosumer611,concentrator_alimentador_650,propose,155,5.722296,0
1790012517.643655,46,ciclo1_AC_AP,prosumer632,concentrator_alimentador_650,propose,241,8.462575,0
1790012517.647859,46,ciclo1_AC_AP,prosumer692,concentrator_alimentador_650,propose,157,3.104732,0
1790012517.650880,46,ciclo1_AC_AP,prosumer671,concentrator_alimentador_650,propose,385,17.771309,0
1790012517.657323,46,ciclo1_AC_AP,prosumer675,concentrator_alimentador_650,propose,410,15.222983,0
1790012517.658033,46,ciclo1_AC_AP,prosumer634,concentrator_alimentador_650,propose,452,16.107481,0
1790012517.661282,46,ciclo1_AC_AP,prosumer670,concentrator_alimentador_650,propose,178,4.863297,0
1790012517.663523,46,ciclo1_AC_AP,prosumer645,concentrator_alimentador_650,propose,459,13.304086,0
1790012517.690397,46,ciclo1_AC_AP,prosumer652,concentrator_alimentador_650,propose,328,12.626627,0
1790012517.832655,46,ciclo2_AD_AC,dso,concentrator_alimentador_650,cfp,100,3.582967,0
1790012517.873446,46,ciclo2_AD_AC,concentrator_alimentador_650,dso,propose,1475,24.106303,0
1790012518.121019,46,ciclo3_AM_AC_AD,market,dso,cfp,100,3.209724,0
1790012518.163316,46,ciclo3_AM_AC_AD,dso,market,propose,1204,20.069445,0
1790012518.371035,46,ciclo3_AM_AC_AD,market,concentrator_alimentador_650,cfp,100,2.830771,0
1790012518.371783,46,ciclo3_AM_AC_AD,market,dso,cfp,100,2.415738,0
1790012518.429178,46,ciclo3_AM_AC_AD,dso,market,propose,1094,20.157525,0
1790012518.431248,46,ciclo3_AM_AC_AD,concentrator_alimentador_650,market,propose,1393,22.916579,0
1790012518.728811,47,ciclo1_AC_AP,concentrator_alimentador_650,prosumer611,cfp,100,2.441746,0
1790012518.729635,47,ciclo1_AC_AP,concentrator_alimentador_650,prosumer632,cfp,100,6.887761,0
1790012518.730523,47,ciclo1_AC_AP,concentrator_alimentador_650,prosumer634,cfp,100,3.858198,0
1790012518.731173,47,ciclo1_AC_AP,concentrator_alimentador_650,prosumer645,cfp,100,2.795606,0
1790012518.731581,47,ciclo1_AC_AP,concentrator_alimentador_650,prosumer646,cfp,100,1.585794,0
1790012518.731950,47,ciclo1_AC_AP,concentrator_alimentador_650,prosumer652,cfp,100,2.757906,0
1790012518.732149,47,ciclo1_AC_AP,concentrator_alimentador_650,prosumer670,cfp,100,2.681022,0
1790012518.732307,47,ciclo1_AC_AP,concentrator_alimentador_650,prosumer671,cfp,100,4.773389,0
1790012518.732453,47,ciclo1_AC_AP,concentrator_alimentador_650,prosumer675,cfp,100,5.956343,0
1790012518.732599,47,ciclo1_AC_AP,concentrator_alimentador_650,prosumer692,cfp,100,0.024520,0
1790012518.735939,47,ciclo1_AC_AP,prosumer692,concentrator_alimentador_650,propose,315,4.203104,0
1790012518.751275,47,ciclo1_AC_AP,prosumer646,concentrator_alimentador_650,propose,321,7.738848,0
1790012518.756043,47,ciclo1_AC_AP,prosumer611,concentrator_alimentador_650,propose,189,6.809964,0
1790012518.762404,47,ciclo1_AC_AP,prosumer670,concentrator_alimentador_650,propose,226,2.101244,0
1790012518.764240,47,ciclo1_AC_AP,prosumer645,concentrator_alimentador_650,propose,332,13.577202,0
1790012518.765660,47,ciclo1_AC_AP,prosumer652,concentrator_alimentador_650,propose,274,9.699319,0
1790012518.771870,47,ciclo1_AC_AP,prosumer634,concentrator_alimentador_650,propose,367,13.504486,0
1790012518.782697,47,ciclo1_AC_AP,prosumer671,concentrator_alimentador_650,propose,172,9.189601,0
1790012518.795426,47,ciclo1_AC_AP,prosumer675,concentrator_alimentador_650,propose,281,13.879880,0
1790012518.801253,47,ciclo1_AC_AP,prosumer632,concentrator_alimentador_650,propose,336,12.699336,0
1790012518.936881,47,ciclo2_AD_AC,dso,concentrator_alimentador_650,cfp,100,3.261151,0
1790012518.974566,47,ciclo2_AD_AC,concentrator_alimentador_650,dso,propose,1323,22.808375,0
1790012519.209615,47,ciclo3_AM_AC_AD,market,dso,cfp,100,1.770801,0
1790012519.258657,47,ciclo3_AM_AC_AD,dso,market,propose,1326,22.568772,0
1790012519.491692,47,ciclo3_AM_AC_AD,market,concentrator_alimentador_650,cfp,100,2.248463,0
1790012519.492682,47,ciclo3_AM_AC_AD,market,dso,cfp,100,3.567133,0
1790012519.546405,47,ciclo3_AM_AC_AD,concentrator_alimentador_650,market,propose,1044,16.979872,0
1790012519.561619,47,ciclo3_AM_AC_AD,dso,market,propose,1247,20.117921,0
1790012519.829255,48,ciclo1_AC_AP,concentrator_alimentador_650,prosumer611,cfp,100,0.776810,0
1790012519.830501,48,ciclo1_AC_AP,concentrator_alimentador_650,prosumer632,cfp,100,4.986294,0
1790012519.831336,48,ciclo1_AC_AP,concentrator_alimentador_650,prosumer634,cfp,100,3.920391,0
1790012519.832095,48,ciclo1_AC_AP,concentrator_alimentador_650,prosumer645,cfp,100,3.488061,0
1790012519.832625,48,ciclo1_AC_AP,concentrator_alimentador_650,prosumer646,cfp,100,1.581499,0
1790012519.833038,48,ciclo1_AC_AP,concentrator_alimentador_650,prosumer652,cfp,100,2.466755,0
1790012519.833391,48,ciclo1_AC_AP,concentrator_alimentador_650,prosumer670,cfp,100,3.136850,0
1790012519.833594,48,ciclo1_AC_AP,concentrator_alimentador_650,prosumer671,cfp,100,2.366131,0
1790012519.833806,48,ciclo1_AC_AP,concentrator_alimentador_650,prosumer675,cfp,100,6.896653,0
1790012519.834001,48,ciclo1_AC_AP,concentrator_alimentador_650,prosumer692,cfp,100,1.646699,0
1790012519.841520,48,ciclo1_AC_AP,prosumer611,concentrator_alimentador_650,propose,486,14.429142,0
1790012519.852569,48,ciclo1_AC_AP,prosumer646,concentrator_alimentador_650,propose,204,4.869617,0
1790012519.855169,48,ciclo1_AC_AP,prosumer692,concentrator_alimentador_650,propose,250,4.643607,0
1790012519.860203,48,ciclo1_AC_AP,prosumer671,concentrator_alimentador_650,propose,100,4.613659,0
1790012519.861806,48,ciclo1_AC_AP,prosumer652,concentrator_alimentador_650,propose,457,16.207649,0
1790012519.867407,48,ciclo1_AC_AP,prosumer670,concentrator_alimentador_650,propose,329,5.045408,0
1790012519.869714,48,ciclo1_AC_AP,prosumer645,concentrator_alimentador_650,propose,416,15.279118,0
1790012519.872985,48,ciclo1_AC_AP,prosumer634,concentrator_alimentador_650,propose,336,13.702036,0
1790012519.884627,48,ciclo1_AC_AP,prosumer632,concentrator_alimentador_650,propose,103,6.803817,0
1790012519.910878,48,ciclo1_AC_AP,prosumer675,concentrator_alimentador_650,propose,211,5.849078,0
1790012520.027584,48,ciclo2_AD_AC,dso,concentrator_alimentador_650,cfp,100,3.802542,0
1790012520.070865,48,ciclo2_AD_AC,concentrator_alimentador_650,dso,propose,1152,20.746317,0
1790012520.285880,48,ciclo3_AM_AC_AD,market,dso,cfp,100,3.790664,0
1790012520.332570,48,ciclo3_AM_AC_AD,dso,market,propose,1058,17.568460,0
1790012520.514986,48,ciclo3_AM_AC_AD,market,concentrator_alimentador_650,cfp,100,2.707540,0
1790012520.516045,48,ciclo3_AM_AC_AD,market,dso,cfp,100,3.933255,0
1790012520.568731,48,ciclo3_AM_AC_AD,concentrator_alimentador_650,market,propose,1393,22.079039,0
1790012520.581696,48,ciclo3_AM_AC_AD,dso,market,propose,1322,22.502467,0
1790012520.873635,49,ciclo1_AC_AP,concentrator_alimentador_650,prosumer611,cfp,100,5.409061,0
1790012520.874710,49,ciclo1_AC_AP,concentrator_alimentador_650,prosumer632,cfp,100,2.759959,0
1790012520.875917,49,ciclo1_AC_AP,concentrator_alimentador_650,prosumer634,cfp,100,5.214303,0
1790012520.876918,49,ciclo1_AC_AP,concentrator_alimentador_650,prosumer645,cfp,100,3.833520,0
1790012520.877404,49,ciclo1_AC_AP,concentrator_alimentador_650,prosumer646,cfp,100,0.542325,0
1790012520.877580,49,ciclo1_AC_AP,concentrator_alimentador_650,prosumer652,cfp,100,6.153894,0
1790012520.877880,49,ciclo1_AC_AP,concentrator_alimentador_650,prosumer670,cfp,100,1.413625,0
1790012520.878024,49,ciclo1_AC_AP,concentrator_alimentador_650,prosumer671,cfp,100,6.114487,0
1790012520.878182,49,ciclo1_AC_AP,concentrator_alimentador_650,prosumer675,cfp,100,0.892650,0
1790012520.878325,49,ciclo1_AC_AP,concentrator_alimentador_650,prosumer692,cfp,100,1.224213,0
1790012520.886106,49,ciclo1_AC_AP,prosumer646,concentrator_alimentador_650,propose,254,2.161716,0
1790012520.889736,49,ciclo1_AC_AP,prosumer675,concentrator_alimentador_650,propose,379,12.188065,0
1790012520.893093,49,ciclo1_AC_AP,prosumer692,concentrator_alimentador_650,propose,411,9.296885,0
1790012520.895027,49,ciclo1_AC_AP,prosumer670,concentrator_alimentador_650,propose,179,4.623227,0
1790012520.907386,49,ciclo1_AC_AP,prosumer632,concentrator_alimentador_650,propose,317,15.173189,0
1790012520.919038,49,ciclo1_AC_AP,prosumer645,concentrator_alimentador_650,propose,461,17.837901,0
1790012520.932898,49,ciclo1_AC_AP,prosumer611,concentrator_alimentador_650,propose,484,18.050114,0
1790012520.935288,49,ciclo1_AC_AP,prosumer634,concentrator_alimentador_650,propose,341,13.522508,0
1790012520.942630,49,ciclo1_AC_AP,prosumer652,concentrator_alimentador_650,propose,147,8.161646,0
1790012520.944478,49,ciclo1_AC_AP,prosumer671,concentrator_alimentador_650,propose,447,17.665497,0
1790012521.125132,49,ciclo2_AD_AC,dso,concentrator_alimentador_650,cfp,100,2.964193,0
1790012521.157866,49,ciclo2_AD_AC,concentrator_alimentador_650,dso,propose,1254,22.146947,0
1790012521.382305,49,ciclo3_AM_AC_AD,market,dso,cfp,100,3.676828,0
1790012521.423076,49,ciclo3_AM_AC_AD,dso,market,propose,1389,22.459272,0
1790012521.652718,49,ciclo3_AM_AC_AD,market,concentrator_alimentador_650,cfp,100,0.242703,0
1790012521.653090,49,ciclo3_AM_AC_AD,market,dso,cfp,100,0.973326,0
1790012521.673129,49,ciclo3_AM_AC_AD,concentrator_alimentador_650,market,propose,1491,24.227271,0
1790012521.683878,49,ciclo3_AM_AC_AD,dso,market,propose,1118,18.162660,0
1790012521.979824,50,ciclo1_AC_AP,concentrator_alimentador_650,prosumer611,cfp,100,3.321258,0
1790012521.980202,50,ciclo1_AC_AP,concentrator_alimentador_650,prosumer632,cfp,100,3.366587,0
1790012521.980427,50,ciclo1_AC_AP,concentrator_alimentador_650,prosumer634,cfp,100,6.195793,0
1790012521.980582,50,ciclo1_AC_AP,concentrator_alimentador_650,prosumer645,cfp,100,5.769319,0
1790012521.980741,50,ciclo1_AC_AP,concentrator_alimentador_650,prosumer646,cfp,100,3.243658,0
1790012521.980893,50,ciclo1_AC_AP,concentrator_alimentador_650,prosumer652,cfp,100,3.064111,0
1790012521.981036,50,ciclo1_AC_AP,concentrator_alimentador_650,prosumer670,cfp,100,0.583560,0
1790012521.981137,50,ciclo1_AC_AP,concentrator_alimentador_650,prosumer671,cfp,100,2.836325,0
1790012521.981388,50,ciclo1_AC_AP,concentrator_alimentador_650,prosumer675,cfp,100,4.624807,0
1790012521.981511,50,ciclo1_AC_AP,concentrator_alimentador_650,prosumer692,cfp,100,1.767582,0
1790012521.989235,50,ciclo1_AC_AP,prosumer670,concentrator_alimentador_650,propose,378,6.741644,0
1790012522.001295,50,ciclo1_AC_AP,prosumer692,concentrator_alimentador_650,propose,490,9.272508,0
1790012522.012205,50,ciclo1_AC_AP,prosumer671,concentrator_alimentador_650,propose,307,10.543235,0
1790012522.013521,50,ciclo1_AC_AP,prosumer652,concentrator_alimentador_650,propose,243,8.207131,0
1790012522.014943,50,ciclo1_AC_AP,prosumer611,concentrator_alimentador_650,propose,423,16.837971,0
1790012522.015661,50,ciclo1_AC_AP,prosumer646,concentrator_alimentador_650,propose,111,2.506259,0
1790012522.016593,50,ciclo1_AC_AP,prosumer632,concentrator_alimentador_650,propose,161,9.608438,0
1790012522.029005,50,ciclo1_AC_AP,prosumer675,concentrator_alimentador_650,propose,238,7.952873,0
1790012522.041182,50,ciclo1_AC_AP,prosumer645,concentrator_alimentador_650,propose,442,16.120727,0
1790012522.044517,50,ciclo1_AC_AP,prosumer634,concentrator_alimentador_650,propose,120,3.413789,0
1790012522.204204,50,ciclo2_AD_AC,dso,concentrator_alimentador_650,cfp,100,1.780311,0
1790012522.226128,50,ciclo2_AD_AC,concentrator_alimentador_650,dso,propose,1000,14.157175,0
1790012522.371981,50,ciclo3_AM_AC_AD,market,dso,cfp,100,2.323942,0
1790012522.423411,50,ciclo3_AM_AC_AD,dso,market,propose,1131,18.566553,0
1790012522.614075,50,ciclo3_AM_AC_AD,market,concentrator_alimentador_650,cfp,100,2.956430,0
1790012522.614354,50,ciclo3_AM_AC_AD,market,dso,cfp,100,3.904241,0
1790012522.662483,50,ciclo3_AM_AC_AD,concentrator_alimentador_650,market,propose,1203,18.650974,0
1790012522.673101,50,ciclo3_AM_AC_AD,dso,market,propose,1269,19.329445,0
1790012522.931556,51,ciclo1_AC_AP,concentrator_alimentador_650,prosumer611,cfp,100,4.638527,0
1790012522.931880,51,ciclo1_AC_AP,concentrator_alimentador_650,prosumer632,cfp,100,4.695625,0
1790012522.932075,51,ciclo1_AC_AP,concentrator_alimentador_650,prosumer634,cfp,100,5.338823,0
1790012522.932250,51,ciclo1_AC_AP,concentrator_alimentador_650,prosumer645,cfp,100,5.997363,0
1790012522.932463,51,ciclo1_AC_AP,concentrator_alimentador_650,prosumer646,cfp,100,0.636722,0
1790012522.932738,51,ciclo1_AC_AP,concentrator_alimentador_650,prosumer652,cfp,100,6.293811,0
1790012522.932989,51,ciclo1_AC_AP,concentrator_alimentador_650,prosumer670,cfp,100,0.806251,0
1790012522.933169,51,ciclo1_AC_AP,concentrator_alimentador_650,prosumer671,cfp,100,6.303719,0
1790012522.933324,51,ciclo1_AC_AP,concentrator_alimentador_650,prosumer675,cfp,100,2.088283,0
1790012522.933476,51,ciclo1_AC_AP,concentrator_alimentador_650,prosumer692,cfp,100,1.406218,0
1790012522.942227,51,ciclo1_AC_AP,prosumer646,concentrator_alimentador_650,propose,397,9.245635,0
1790012522.944003,51,ciclo1_AC_AP,prosumer670,concentrator_alimentador_650,propose,463,6.950722,0
1790012522.950762,51,ciclo1_AC_AP,prosumer692,concentrator_alimentador_650,propose,302,7.663805,0
1790012522.957467,51,ciclo1_AC_AP,prosumer675,concentrator_alimentador_650,propose,327,9.535762,0
1790012522.982162,51,ciclo1_AC_AP,prosumer611,concentrator_alimentador_650,propose,152,8.383322,0
1790012522.983855,51,ciclo1_AC_AP,prosumer632,concentrator_alimentador_650,propose,482,17.064238,0
1790012522.987941,51,ciclo1_AC_AP,prosumer634,concentrator_alimentador_650,propose,229,8.242806,0
1790012522.995476,51,ciclo1_AC_AP,prosumer645,concentrator_alimentador_650,propose,281,12.428254,0
1790012522.998488,51,ciclo1_AC_AP,prosumer652,concentrator_alimentador_650,propose,245,7.883745,0
1790012523.000810,51,ciclo1_AC_AP,prosumer671,concentrator_alimentador_650,propose,486,17.717732,0
1790012523.181263,51,ciclo2_AD_AC,dso,concentrator_alimentador_650,cfp,100,2.170426,0
1790012523.206923,51,ciclo2_AD_AC,concentrator_alimentador_650,dso,propose,1344,21.341337,0
1790012523.425415,51,ciclo3_AM_AC_AD,market,dso,cfp,100,1.628626,0
1790012523.448736,51,ciclo3_AM_AC_AD,dso,market,propose,1465,22.751066,0
1790012523.681773,51,ciclo3_AM_AC_AD,market,concentrator_alimentador_650,cfp,100,2.495038,0
1790012523.682153,51,ciclo3_AM_AC_AD,market,dso,cfp,100,0.333252,0
1790012523.722831,51,ciclo3_AM_AC_AD,dso,market,propose,1100,17.090869,0
1790012523.732784,51,ciclo3_AM_AC_AD,concentrator_alimentador_650,market,propose,1304,23.576994,0
1790012524.034556,52,ciclo1_AC_AP,concentrator_alimentador_650,prosumer611,cfp,100,3.875790,0
1790012524.035073,52,ciclo1_AC_AP,concentrator_alimentador_650,prosumer632,cfp,100,2.657347,0
1790012524.035432,52,ciclo1_AC_AP,concentrator_alimentador_650,prosumer634,cfp,100,2.434143,0
1790012524.035698,52,ciclo1_AC_AP,concentrator_alimentador_650,prosumer645,cfp,100,4.593548,0
1790012524.035965,52,ciclo1_AC_AP,concentrator_alimentador_650,prosumer646,cfp,100,2.813026,0
1790012524.036356,52,ciclo1_AC_AP,concentrator_alimentador_650,prosumer652,cfp,100,2.815510,0
1790012524.036695,52,ciclo1_AC_AP,concentrator_alimentador_650,prosumer670,cfp,100,0.307543,0
1790012524.036952,52,ciclo1_AC_AP,concentrator_alimentador_650,prosumer671,cfp,100,0.555071,0
1790012524.037169,52,ciclo1_AC_AP,concentrator_alimentador_650,prosumer675,cfp,100,1.856645,0
1790012524.037373,52,ciclo1_AC_AP,concentrator_alimentador_650,prosumer692,cfp,100,3.298140,0
1790012524.043088,52,ciclo1_AC_AP,prosumer670,concentrator_alimentador_650,propose,143,3.398356,0
1790012524.045298,52,ciclo1_AC_AP,prosumer671,concentrator_alimentador_650,propose,118,5.948383,0
1790012524.058905,52,ciclo1_AC_AP,prosumer675,concentrator_alimentador_650,propose,136,8.481661,0
1790012524.062000,52,ciclo1_AC_AP,prosumer634,concentrator_alimentador_650,propose,234,6.854836,0
1790012524.064151,52,ciclo1_AC_AP,prosumer632,concentrator_alimentador_650,propose,256,12.625244,0
1790012524.066423,52,ciclo1_AC_AP,prosumer646,concentrator_alimentador_650,propose,373,4.446433,0
1790012524.067831,52,ciclo1_AC_AP,prosumer652,concentrator_alimentador_650,propose,274,13.455765,0
1790012524.073242,52,ciclo1_AC_AP,prosumer692,concentrator_alimentador_650,propose,160,2.116425,0
1790012524.075556,52,ciclo1_AC_AP,prosumer611,concentrator_alimentador_650,propose,371,10.957965,0
1790012524.084766,52,ciclo1_AC_AP,prosumer645,concentrator_alimentador_650,propose,227,4.887718,0
1790012524.205268,52,ciclo2_AD_AC,dso,concentrator_alimentador_650,cfp,100,1.551781,0
1790012524.224498,52,ciclo2_AD_AC,concentrator_alimentador_650,dso,propose,1456,24.947802,0
1790012524.478364,52,ciclo3_AM_AC_AD,market,dso,cfp,100,2.912250,0
1790012524.546930,52,ciclo3_AM_AC_AD,dso,market,propose,1471,24.723471,0
1790012524.797493,52,ciclo3_AM_AC_AD,market,concentrator_alimentador_650,cfp,100,2.460122,0
1790012524.797747,52,ciclo3_AM_AC_AD,market,dso,cfp,100,0.981243,0
1790012524.842433,52,ciclo3_AM_AC_AD,dso,market,propose,1390,23.095861,0
1790012524.847069,52,ciclo3_AM_AC_AD,concentrator_alimentador_650,market,propose,1083,16.569878,0
1790012525.143444,53,ciclo1_AC_AP,concentrator_alimentador_650,prosumer611,cfp,100,4.379947,0
1790012525.143789,53,ciclo1_AC_AP,concentrator_alimentador_650,prosumer632,cfp,100,5.123749,0
1790012525.144012,53,ciclo1_AC_AP,concentrator_alimentador_650,prosumer634,cfp,100,2.085118,0
1790012525.144183,53,ciclo1_AC_AP,concentrator_alimentador_650,prosumer645,cfp,100,6.376659,0
1790012525.144341,53,ciclo1_AC_AP,concentrator_alimentador_650,prosumer646,cfp,100,1.903116,0
1790012525.144501,53,ciclo1_AC_AP,concentrator_alimentador_650,prosumer652,cfp,100,5.247644,0
1790012525.144636,53,ciclo1_AC_AP,concentrator_alimentador_650,prosumer670,cfp,100,3.932830,0
1790012525.144792,53,ciclo1_AC_AP,concentrator_alimentador_650,prosumer671,cfp,100,6.512556,0
1790012525.144926,53,ciclo1_AC_AP,concentrator_alimentador_650,prosumer675,cfp,100,5.036292,0
1790012525.145066,53,ciclo1_AC_AP,concentrator_alimentador_650,prosumer692,cfp,100,1.828903,0
1790012525.169808,53,ciclo1_AC_AP,prosumer692,concentrator_alimentador_650,propose,134,2.744395,0
1790012525.171892,53,ciclo1_AC_AP,prosumer646,concentrator_alimentador_650,propose,312,5.996296,0
1790012525.173800,53,ciclo1_AC_AP,prosumer634,concentrator_alimentador_650,propose,248,7.106110,0
1790012525.186378,53,ciclo1_AC_AP,prosumer670,concentrator_alimentador_650,propose,244,3.410309,0
1790012525.190564,53,ciclo1_AC_AP,prosumer611,concentrator_alimentador_650,propose,366,13.136509,0
1790012525.198603,53,ciclo1_AC_AP,prosumer632,concentrator_alimentador_650,propose,168,8.500402,0
1790012525.200446,53,ciclo1_AC_AP,prosumer675,concentrator_alimentador_650,propose,393,14.947122,0
1790012525.202423,53,ciclo1_AC_AP,prosumer652,concentrator_alimentador_650,propose,367,11.867046,0
1790012525.209413,53,ciclo1_AC_AP,prosumer645,concentrator_alimentador_650,propose,421,15.004684,0
1790012525.211446,53,ciclo1_AC_AP,prosumer671,concentrator_alimentador_650,propose,207,7.394822,0
1790012525.360981,53,ciclo2_AD_AC,dso,concentrator_alimentador_650,cfp,100,2.353578,0
1790012525.387326,53,ciclo2_AD_AC,concentrator_alimentador_650,dso,propose,1272,20.924848,0
1790012525.600626,53,ciclo3_AM_AC_AD,market,dso,cfp,100,0.285254,0
1790012525.607858,53,ciclo3_AM_AC_AD,dso,market,propose,1053,16.516384,0
1790012525.777523,53,ciclo3_AM_AC_AD,market,concentrator_alimentador_650,cfp,100,0.385543,0
1790012525.777809,53,ciclo3_AM_AC_AD,market,dso,cfp,100,2.908208,0
1790012525.805210,53,ciclo3_AM_AC_AD,concentrator_alimentador_650,market,propose,1210,21.881035,0
1790012525.834506,53,ciclo3_AM_AC_AD,dso,market,propose,1489,23.430054,0
1790012526.132592,54,ciclo1_AC_AP,concentrator_alimentador_650,prosumer611,cfp,100,2.791594,0
1790012526.133036,54,ciclo1_AC_AP,concentrator_alimentador_650,prosumer632,cfp,100,4.926265,0
1790012526.133247,54,ciclo1_AC_AP,concentrator_alimentador_650,prosumer634,cfp,100,6.845033,0
1790012526.133384,54,ciclo1_AC_AP,concentrator_alimentador_650,prosumer645,cfp,100,5.734968,0
1790012526.133502,54,ciclo1_AC_AP,concentrator_alimentador_650,prosumer646,cfp,100,0.569727,0
1790012526.133617,54,ciclo1_AC_AP,concentrator_alimentador_650,prosumer652,cfp,100,4.857153,0
1790012526.133741,54,ciclo1_AC_AP,concentrator_alimentador_650,prosumer670,cfp,100,0.852588,0
1790012526.133853,54,ciclo1_AC_AP,concentrator_alimentador_650,prosumer671,cfp,100,3.322833,0
1790012526.133962,54,ciclo1_AC_AP,concentrator_alimentador_650,prosumer675,cfp,100,5.479453,0
1790012526.134069,54,ciclo1_AC_AP,concentrator_alimentador_650,prosumer692,cfp,100,2.815362,0
1790012526.142920,54,ciclo1_AC_AP,prosumer646,concentrator_alimentador_650,propose,424,7.692051,0
1790012526.145254,54,ciclo1_AC_AP,prosumer670,concentrator_alimentador_650,propose,378,7.612351,0
1790012526.162917,54,ciclo1_AC_AP,prosumer611,concentrator_alimentador_650,propose,306,12.110180,0
1790012526.165047,54,ciclo1_AC_AP,prosumer692,concentrator_alimentador_650,propose,479,9.101281,0
1790012526.168978,54,ciclo1_AC_AP,prosumer671,concentrator_alimentador_650,propose,498,15.051301,0
1790012526.185652,54,ciclo1_AC_AP,prosumer652,concentrator_alimentador_650,propose,242,8.795412,0
1790012526.187144,54,ciclo1_AC_AP,prosumer632,concentrator_alimentador_650,propose,249,9.310411,0
1790012526.191987,54,ciclo1_AC_AP,prosumer675,concentrator_alimentador_650,propose,326,11.722667,0
1790012526.194282,54,ciclo1_AC_AP,prosumer645,concentrator_alimentador_650,propose,290,9.168064,0
1790012526.204864,54,ciclo1_AC_AP,prosumer634,concentrator_alimentador_650,propose,390,15.365636,0
1790012526.363772,54,ciclo2_AD_AC,dso,concentrator_alimentador_650,cfp,100,2.545192,0
1790012526.393166,54,ciclo2_AD_AC,concentrator_alimentador_650,dso,propose,1321,21.561013,0
1790012526.611967,54,ciclo3_AM_AC_AD,market,dso,cfp,100,0.536339,0
1790012526.647828,54,ciclo3_AM_AC_AD,dso,market,propose,1070,17.667165,0
1790012526.830609,54,ciclo3_AM_AC_AD,market,concentrator_alimentador_650,cfp,100,3.148997,0
1790012526.831426,54,ciclo3_AM_AC_AD,market,dso,cfp,100,1.002037,0
1790012526.875383,54,ciclo3_AM_AC_AD,dso,market,propose,1080,18.419603,0
1790012526.884790,54,ciclo3_AM_AC_AD,concentrator_alimentador_650,market,propose,1063,16.915710,0
1790012527.125535,55,ciclo1_AC_AP,concentrator_alimentador_650,prosumer611,cfp,100,3.494983,0
1790012527.125941,55,ciclo1_AC_AP,concentrator_alimentador_650,prosumer632,cfp,100,5.311216,0
1790012527.126267,55,ciclo1_AC_AP,concentrator_alimentador_650,prosumer634,cfp,100,4.772418,0
1790012527.126735,55,ciclo1_AC_AP,concentrator_alimentador_650,prosumer645,cfp,100,2.787443,0
1790012527.127068,55,ciclo1_AC_AP,concentrator_alimentador_650,prosumer646,cfp,100,0.557760,0
1790012527.127323,55,ciclo1_AC_AP,concentrator_alimentador_650,prosumer652,cfp,100,3.566287,0
1790012527.127507,55,ciclo1_AC_AP,concentrator_alimentador_650,prosumer670,cfp,100,0.390089,0
1790012527.127659,55,ciclo1_AC_AP,concentrator_alimentador_650,prosumer671,cfp,100,3.559465,0
1790012527.127813,55,ciclo1_AC_AP,concentrator_alimentador_650,prosumer675,cfp,100,2.204381,0
1790012527.127988,55,ciclo1_AC_AP,concentrator_alimentador_650,prosumer692,cfp,100,0.378000,0
1790012527.135318,55,ciclo1_AC_AP,prosumer670,concentrator_alimentador_650,propose,456,6.536290,0
1790012527.136803,55,ciclo1_AC_AP,prosumer692,concentrator_alimentador_650,propose,161,2.931944,0
1790012527.138401,55,ciclo1_AC_AP,prosumer646,concentrator_alimentador_650,propose,295,4.548439,0
1790012527.152989,55,ciclo1_AC_AP,prosumer675,concentrator_alimentador_650,propose,305,11.641108,0
1790012527.157786,55,ciclo1_AC_AP,prosumer645,concentrator_alimentador_650,propose,402,18.244230,0
1790012527.163496,55,ciclo1_AC_AP,prosumer611,concentrator_alimentador_650,propose,339,11.051519,0
1790012527.166031,55,ciclo1_AC_AP,prosumer652,concentrator_alimentador_650,propose,171,9.440270,0
1790012527.167501,55,ciclo1_AC_AP,prosumer671,concentrator_alimentador_650,propose,386,15.298677,0
1790012527.177423,55,ciclo1_AC_AP,prosumer634,concentrator_alimentador_650,propose,442,17.458115,0
1790012527.183172,55,ciclo1_AC_AP,prosumer632,concentrator_alimentador_650,propose,253,10.309966,0
1790012527.354936,55,ciclo2_AD_AC,dso,concentrator_alimentador_650,cfp,100,0.638611,0
1790012527.365104,55,ciclo2_AD_AC,concentrator_alimentador_650,dso,propose,1181,18.666979,0
1790012527.556585,55,ciclo3_AM_AC_AD,market,dso,cfp,100,2.298586,0
1790012527.609332,55,ciclo3_AM_AC_AD,dso,market,propose,1323,22.827951,0
1790012527.844506,55,ciclo3_AM_AC_AD,market,concentrator_alimentador_650,cfp,100,4.027648,0
1790012527.844963,55,ciclo3_AM_AC_AD,market,dso,cfp,100,0.407959,0
1790012527.877831,55,ciclo3_AM_AC_AD,dso,market,propose,1242,19.683258,0
1790012527.907612,55,ciclo3_AM_AC_AD,concentrator_alimentador_650,market,propose,1380,21.233802,0
1790012528.189637,56,ciclo1_AC_AP,concentrator_alimentador_650,prosumer611,cfp,100,4.946921,0
1790012528.190998,56,ciclo1_AC_AP,concentrator_alimentador_650,prosumer632,cfp,100,3.416035,0
1790012528.192008,56,ciclo1_AC_AP,concentrator_alimentador_650,prosumer634,cfp,100,3.108529,0
1790012528.192636,56,ciclo1_AC_AP,concentrator_alimentador_650,prosumer645,cfp,100,2.718975,0
1790012528.193046,56,ciclo1_AC_AP,concentrator_alimentador_650,prosumer646,cfp,100,3.141225,0
1790012528.193326,56,ciclo1_AC_AP,concentrator_alimentador_650,prosumer652,cfp,100,6.343053,0
1790012528.193589,56,ciclo1_AC_AP,concentrator_alimentador_650,prosumer670,cfp,100,0.515563,0
1790012528.193773,56,ciclo1_AC_AP,concentrator_alimentador_650,prosumer671,cfp,100,3.877364,0
1790012528.194048,56,ciclo1_AC_AP,concentrator_alimentador_650,prosumer675,cfp,100,2.838286,0
1790012528.194335,56,ciclo1_AC_AP,concentrator_alimentador_650,prosumer692,cfp,100,1.955718,0
1790012528.202270,56,ciclo1_AC_AP,prosumer670,concentrator_alimentador_650,propose,312,4.328611,0
1790012528.217407,56,ciclo1_AC_AP,prosumer692,concentrator_alimentador_650,propose,211,5.416063,0
1790012528.223480,56,ciclo1_AC_AP,prosumer645,concentrator_alimentador_650,propose,344,12.071772,0
1790012528.226579,56,ciclo1_AC_AP,prosumer675,concentrator_alimentador_650,propose,350,12.479499,0
1790012528.228026,56,ciclo1_AC_AP,prosumer634,concentrator_alimentador_650,propose,455,16.012825,0
1790012528.229785,56,ciclo1_AC_AP,prosumer646,concentrator_alimentador_650,propose,356,7.432310,0
1790012528.231288,56,ciclo1_AC_AP,prosumer632,concentrator_alimentador_650,propose,262,11.053927,0
1790012528.235151,56,ciclo1_AC_AP,prosumer671,concentrator_alimentador_650,propose,352,13.001993,0
1790012528.241971,56,ciclo1_AC_AP,prosumer611,concentrator_alimentador_650,propose,433,18.409265,0
1790012528.260594,56,ciclo1_AC_AP,prosumer652,concentrator_alimentador_650,propose,130,8.175993,0
1790012528.431986,56,ciclo2_AD_AC,dso,concentrator_alimentador_650,cfp,100,3.176682,0
1790012528.469322,56,ciclo2_AD_AC,concentrator_alimentador_650,dso,propose,1227,19.670626,0
1790012528.670866,56,ciclo3_AM_AC_AD,market,dso,cfp,100,1.747459,0
1790012528.713222,56,ciclo3_AM_AC_AD,dso,market,propose,1153,20.297347,0
1790012528.918411,56,ciclo3_AM_AC_AD,market,concentrator_alimentador_650,cfp,100,1.721481,0
1790012528.918887,56,ciclo3_AM_AC_AD,market,dso,cfp,100,1.283794,0
1790012528.949568,56,ciclo3_AM_AC_AD,dso,market,propose,1073,16.697618,0
1790012528.950641,56,ciclo3_AM_AC_AD,concentrator_alimentador_650,market,propose,1381,22.213861,0
1790012529.239555,57,ciclo1_AC_AP,concentrator_alimentador_650,prosumer611,cfp,100,2.182415,0
1790012529.240080,57,ciclo1_AC_AP,concentrator_alimentador_650,prosumer632,cfp,100,6.659355,0
1790012529.240270,57,ciclo1_AC_AP,concentrator_alimentador_650,prosumer634,cfp,100,4.175071,0
1790012529.240433,57,ciclo1_AC_AP,concentrator_alimentador_650,prosumer645,cfp,100,2.665072,0
1790012529.240582,57,ciclo1_AC_AP,concentrator_alimentador_650,prosumer646,cfp,100,0.135688,0
1790012529.240738,57,ciclo1_AC_AP,concentrator_alimentador_650,prosumer652,cfp,100,6.501569,0
1790012529.240885,57,ciclo1_AC_AP,concentrator_alimentador_650,prosumer670,cfp,100,3.709203,0
1790012529.241027,57,ciclo1_AC_AP,concentrator_alimentador_650,prosumer671,cfp,100,2.280597,0
1790012529.241166,57,ciclo1_AC_AP,concentrator_alimentador_650,prosumer675,cfp,100,4.776224,0
1790012529.241303,57,ciclo1_AC_AP,concentrator_alimentador_650,prosumer692,cfp,100,3.524469,0
1790012529.244599,57,ciclo1_AC_AP,prosumer646,concentrator_alimentador_650,propose,353,5.842693,0
1790012529.265144,57,ciclo1_AC_AP,prosumer611,concentrator_alimentador_650,propose,126,5.328615,0
1790012529.267618,57,ciclo1_AC_AP,prosumer671,concentrator_alimentador_650,propose,418,18.098510,0
1790012529.269582,57,ciclo1_AC_AP,prosumer645,concentrator_alimentador_650,propose,210,6.352942,0
1790012529.279722,57,ciclo1_AC_AP,prosumer692,concentrator_alimentador_650,propose,113,0.814274,0
1790012529.282074,57,ciclo1_AC_AP,prosumer670,concentrator_alimentador_650,propose,281,7.134650,0
1790012529.283856,57,ciclo1_AC_AP,prosumer634,concentrator_alimentador_650,propose,341,9.885450,0
1790012529.291337,57,ciclo1_AC_AP,prosumer675,concentrator_alimentador_650,propose,300,12.303862,0
1790012529.309637,57,ciclo1_AC_AP,prosumer652,concentrator_alimentador_650,propose,105,3.728846,0
1790012529.311495,57,ciclo1_AC_AP,prosumer632,concentrator_alimentador_650,propose,369,11.830003,0
1790012529.451457,57,ciclo2_AD_AC,dso,concentrator_alimentador_650,cfp,100,1.766736,0
1790012529.473693,57,ciclo2_AD_AC,concentrator_alimentador_650,dso,propose,1034,16.777068,0
1790012529.645778,57,ciclo3_AM_AC_AD,market,dso,cfp,100,3.648153,0
1790012529.714964,57,ciclo3_AM_AC_AD,dso,market,propose,1351,22.459624,0
1790012529.945695,57,ciclo3_AM_AC_AD,market,concentrator_alimentador_650,cfp,100,2.361130,0
1790012529.946550,57,ciclo3_AM_AC_AD,market,dso,cfp,100,2.336563,0
1790012530.001265,57,ciclo3_AM_AC_AD,concentrator_alimentador_650,market,propose,1443,22.985025,0
1790012530.004216,57,ciclo3_AM_AC_AD,dso,market,propose,1041,18.053988,0
1790012530.292817,58,ciclo1_AC_AP,concentrator_alimentador_650,prosumer611,cfp,100,4.047272,0
1790012530.293152,58,ciclo1_AC_AP,concentrator_alimentador_650,prosumer632,cfp,100,3.568027,0
1790012530.293344,58,ciclo1_AC_AP,concentrator_alimentador_650,prosumer634,cfp,100,3.064512,0
1790012530.293501,58,ciclo1_AC_AP,concentrator_alimentador_650,prosumer645,cfp,100,3.715372,0
1790012530.293839,58,ciclo1_AC_AP,concentrator_alimentador_650,prosumer646,cfp,100,1.471815,0
1790012530.294214,58,ciclo1_AC_AP,concentrator_alimentador_650,prosumer652,cfp,100,5.088579,0
1790012530.294422,58,ciclo1_AC_AP,concentrator_alimentador_650,prosumer670,cfp,100,3.176568,0
1790012530.294604,58,ciclo1_AC_AP,concentrator_alimentador_650,prosumer671,cfp,100,5.947166,0
1790012530.294852,58,ciclo1_AC_AP,concentrator_alimentador_650,prosumer675,cfp,100,3.602771,0
1790012530.295109,58,ciclo1_AC_AP,concentrator_alimentador_650,prosumer692,cfp,100,1.919205,0
1790012530.312848,58,ciclo1_AC_AP,prosumer646,concentrator_alimentador_650,propose,451,9.523952,0
1790012530.317343,58,ciclo1_AC_AP,prosumer692,concentrator_alimentador_650,propose,479,8.061226,0
1790012530.328128,58,ciclo1_AC_AP,prosumer634,concentrator_alimentador_650,propose,442,15.426074,0
1790012530.331385,58,ciclo1_AC_AP,prosumer670,concentrator_alimentador_650,propose,302,5.345058,0
1790012530.333512,58,ciclo1_AC_AP,prosumer632,concentrator_alimentador_650,propose,103,1.856798,0
1790012530.336217,58,ciclo1_AC_AP,prosumer645,concentrator_alimentador_650,propose,284,11.522744,0
1790012530.337749,58,ciclo1_AC_AP,prosumer675,concentrator_alimentador_650,propose,121,1.362544,0
1790012530.339343,58,ciclo1_AC_AP,prosumer611,concentrator_alimentador_650,propose,159,8.467423,0
1790012530.348452,58,ciclo1_AC_AP,prosumer652,concentrator_alimentador_650,propose,417,15.064052,0
1790012530.357300,58,ciclo1_AC_AP,prosumer671,concentrator_alimentador_650,propose,101,4.359958,0
1790012530.502220,58,ciclo2_AD_AC,dso,concentrator_alimentador_650,cfp,100,2.678050,0
1790012530.533005,58,ciclo2_AD_AC,concentrator_alimentador_650,dso,propose,1138,17.579780,0
1790012530.712834,58,ciclo3_AM_AC_AD,market,dso,cfp,100,1.214208,0
1790012530.754323,58,ciclo3_AM_AC_AD,dso,market,propose,1447,24.956033,0
1790012531.009264,58,ciclo3_AM_AC_AD,market,concentrator_alimentador_650,cfp,100,1.597032,0
1790012531.009466,58,ciclo3_AM_AC_AD,market,dso,cfp,100,3.514851,0
1790012531.057548,58,ciclo3_AM_AC_AD,concentrator_alimentador_650,market,propose,1327,23.863159,0
1790012531.068567,58,ciclo3_AM_AC_AD,dso,market,propose,1358,23.500815,0
1790012531.363017,59,ciclo1_AC_AP,concentrator_alimentador_650,prosumer611,cfp,100,1.347640,0
1790012531.363467,59,ciclo1_AC_AP,concentrator_alimentador_650,prosumer632,cfp,100,4.144999,0
1790012531.363841,59,ciclo1_AC_AP,concentrator_alimentador_650,prosumer634,cfp,100,5.812754,0
1790012531.364186,59,ciclo1_AC_AP,concentrator_alimentador_650,prosumer645,cfp,100,3.709959,0
1790012531.364463,59,ciclo1_AC_AP,concentrator_alimentador_650,prosumer646,cfp,100,2.541253,0
1790012531.364652,59,ciclo1_AC_AP,concentrator_alimentador_650,prosumer652,cfp,100,3.389663,0
1790012531.364860,59,ciclo1_AC_AP,concentrator_alimentador_650,prosumer670,cfp,100,0.886698,0
1790012531.365041,59,ciclo1_AC_AP,concentrator_alimentador_650,prosumer671,cfp,100,3.633891,0
1790012531.365218,59,ciclo1_AC_AP,concentrator_alimentador_650,prosumer675,cfp,100,4.680475,0
1790012531.365394,59,ciclo1_AC_AP,concentrator_alimentador_650,prosumer692,cfp,100,1.291161,0
1790012531.376956,59,ciclo1_AC_AP,prosumer670,concentrator_alimentador_650,propose,249,4.251520,0
1790012531.379650,59,ciclo1_AC_AP,prosumer611,concentrator_alimentador_650,propose,472,14.075211,0
1790012531.382296,59,ciclo1_AC_AP,prosumer692,concentrator_alimentador_650,propose,216,4.662835,0
1790012531.392363,59,ciclo1_AC_AP,prosumer646,concentrator_alimentador_650,propose,172,3.209683,0
1790012531.401450,59,ciclo1_AC_AP,prosumer652,concentrator_alimentador_650,propose,484,16.940028,0
1790012531.404371,59,ciclo1_AC_AP,prosumer645,concentrator_alimentador_650,propose,393,16.452860,0
1790012531.405935,59,ciclo1_AC_AP,prosumer671,concentrator_alimentador_650,propose,247,10.211211,0
1790012531.407478,59,ciclo1_AC_AP,prosumer632,concentrator_alimentador_650,propose,197,9.476273,0
1790012531.414532,59,ciclo1_AC_AP,prosumer675,concentrator_alimentador_650,propose,153,7.650705,0
1790012531.423792,59,ciclo1_AC_AP,prosumer634,concentrator_alimentador_650,propose,322,11.376129,0
1790012531.573392,59,ciclo2_AD_AC,dso,concentrator_alimentador_650,cfp,100,3.093651,0
1790012531.608290,59,ciclo2_AD_AC,concentrator_alimentador_650,dso,propose,1235,18.908753,0
1790012531.800711,59,ciclo3_AM_AC_AD,market,dso,cfp,100,3.466708,0
1790012531.864028,59,ciclo3_AM_AC_AD,dso,market,propose,1366,23.930868,0
1790012532.109906,59,ciclo3_AM_AC_AD,market,concentrator_alimentador_650,cfp,100,2.038662,0
1790012532.110458,59,ciclo3_AM_AC_AD,market,dso,cfp,100,3.101335,0
1790012532.155397,59,ciclo3_AM_AC_AD,concentrator_alimentador_650,market,propose,1169,20.991233,0
1790012532.169165,59,ciclo3_AM_AC_AD,dso,market,propose,1196,21.558468,0
1790012532.451013,60,ciclo1_AC_AP,concentrator_alimentador_650,prosumer611,cfp,100,1.910112,0
1790012532.451500,60,ciclo1_AC_AP,concentrator_alimentador_650,prosumer632,cfp,100,3.102998,0
1790012532.451833,60,ciclo1_AC_AP,concentrator_alimentador_650,prosumer634,cfp,100,3.820948,0
1790012532.452043,60,ciclo1_AC_AP,concentrator_alimentador_650,prosumer645,cfp,100,3.746696,0
1790012532.452223,60,ciclo1_AC_AP,concentrator_alimentador_650,prosumer646,cfp,100,0.404883,0
1790012532.452529,60,ciclo1_AC_AP,concentrator_alimentador_650,prosumer652,cfp,100,4.128793,0
1790012532.452744,60,ciclo1_AC_AP,concentrator_alimentador_650,prosumer670,cfp,100,3.907766,0
1790012532.452928,60,ciclo1_AC_AP,concentrator_alimentador_650,prosumer671,cfp,100,4.960568,0
1790012532.453095,60,ciclo1_AC_AP,concentrator_alimentador_650,prosumer675,cfp,100,5.241229,0
1790012532.453280,60,ciclo1_AC_AP,concentrator_alimentador_650,prosumer692,cfp,100,3.828076,0
1790012532.459324,60,ciclo1_AC_AP,prosumer646,concentrator_alimentador_650,propose,186,5.581568,0
1790012532.474323,60,ciclo1_AC_AP,prosumer611,concentrator_alimentador_650,propose,269,9.782235,0
1790012532.484981,60,ciclo1_AC_AP,prosumer632,concentrator_alimentador_650,propose,315,9.124756,0
1790012532.491591,60,ciclo1_AC_AP,prosumer645,concentrator_alimentador_650,propose,431,18.376294,0
1790012532.492321,60,ciclo1_AC_AP,prosumer634,concentrator_alimentador_650,propose,451,16.726921,0
1790012532.493527,60,ciclo1_AC_AP,prosumer692,concentrator_alimentador_650,propose,322,4.346266,0
1790012532.494150,60,ciclo1_AC_AP,prosumer670,concentrator_alimentador_650,propose,175,5.041031,0
1790012532.495118,60,ciclo1_AC_AP,prosumer652,concentrator_alimentador_650,propose,329,12.473952,0
1790012532.504665,60,ciclo1_AC_AP,prosumer671,concentrator_alimentador_650,propose,462,16.112158,0
1790012532.506766,60,ciclo1_AC_AP,prosumer675,concentrator_alimentador_650,propose,175,9.128859,0
1790012532.679059,60,ciclo2_AD_AC,dso,concentrator_alimentador_650,cfp,100,3.875097,0
1790012532.723320,60,ciclo2_AD_AC,concentrator_alimentador_650,dso,propose,1268,20.193601,0
1790012532.931924,60,ciclo3_AM_AC_AD,market,dso,cfp,100,3.474245,0
1790012532.976510,60,ciclo3_AM_AC_AD,dso,market,propose,1161,18.337493,0
1790012533.164749,60,ciclo3_AM_AC_AD,market,concentrator_alimentador_650,cfp,100,3.953116,0
1790012533.165084,60,ciclo3_AM_AC_AD,market,dso,cfp,100,1.660119,0
1790012533.210965,60,ciclo3_AM_AC_AD,dso,market,propose,1066,18.942448,0
1790012533.222141,60,ciclo3_AM_AC_AD,concentrator_alimentador_650,market,propose,1106,17.730196,0
1790012533.467427,61,ciclo1_AC_AP,concentrator_alimentador_650,prosumer611,cfp,100,5.389386,0
1790012533.467669,61,ciclo1_AC_AP,concentrator_alimentador_650,prosumer632,cfp,100,6.050005,0
1790012533.467810,61,ciclo1_AC_AP,concentrator_alimentador_650,prosumer634,cfp,100,1.584073,0
1790012533.467935,61,ciclo1_AC_AP,concentrator_alimentador_650,prosumer645,cfp,100,1.353210,0
1790012533.468055,61,ciclo1_AC_AP,concentrator_alimentador_650,prosumer646,cfp,100,1.863098,0
1790012533.468173,61,ciclo1_AC_AP,concentrator_alimentador_650,prosumer652,cfp,100,4.788707,0
1790012533.468303,61,ciclo1_AC_AP,concentrator_alimentador_650,prosumer670,cfp,100,1.488836,0
1790012533.468576,61,ciclo1_AC_AP,concentrator_alimentador_650,prosumer671,cfp,100,2.247147,0
1790012533.468821,61,ciclo1_AC_AP,concentrator_alimentador_650,prosumer675,cfp,100,4.950419,0
1790012533.469018,61,ciclo1_AC_AP,concentrator_alimentador_650,prosumer692,cfp,100,1.478983,0
1790012533.483685,61,ciclo1_AC_AP,prosumer645,concentrator_alimentador_650,propose,195,8.123381,0
1790012533.485274,61,ciclo1_AC_AP,prosumer670,concentrator_alimentador_650,propose,327,5.068159,0
1790012533.485992,61,ciclo1_AC_AP,prosumer634,concentrator_alimentador_650,propose,278,12.746389,0
1790012533.486662,61,ciclo1_AC_AP,prosumer692,concentrator_alimentador_650,propose,299,6.023966,0
1790012533.487617,61,ciclo1_AC_AP,prosumer646,concentrator_alimentador_650,propose,318,5.909232,0
1790012533.493089,61,ciclo1_AC_AP,prosumer671,concentrator_alimentador_650,propose,351,13.526767,0
1790012533.520725,61,ciclo1_AC_AP,prosumer652,concentrator_alimentador_650,propose,299,12.563106,0
1790012533.524515,61,ciclo1_AC_AP,prosumer675,concentrator_alimentador_650,propose,473,18.930056,0
1790012533.526455,61,ciclo1_AC_AP,prosumer611,concentrator_alimentador_650,propose,212,8.973241,0
1790012533.530566,61,ciclo1_AC_AP,prosumer632,concentrator_alimentador_650,propose,200,7.884345,0
1790012533.720088,61,ciclo2_AD_AC,dso,concentrator_alimentador_650,cfp,100,0.108438,0
1790012533.724826,61,ciclo2_AD_AC,concentrator_alimentador_650,dso,propose,1224,20.848308,0
1790012533.940170,61,ciclo3_AM_AC_AD,market,dso,cfp,100,0.384050,0
1790012533.973122,61,ciclo3_AM_AC_AD,dso,market,propose,1481,22.503095,0
1790012534.205621,61,ciclo3_AM_AC_AD,market,concentrator_alimentador_650,cfp,100,3.008386,0
1790012534.206733,61,ciclo3_AM_AC_AD,market,dso,cfp,100,1.648494,0
1790012534.257861,61,ciclo3_AM_AC_AD,dso,market,propose,1104,16.452704,0
1790012534.260313,61,ciclo3_AM_AC_AD,concentrator_alimentador_650,market,propose,1300,20.734491,0
1790012534.534732,62,ciclo1_AC_AP,concentrator_alimentador_650,prosumer611,cfp,100,4.479577,0
1790012534.535642,62,ciclo1_AC_AP,concentrator_alimentador_650,prosumer632,cfp,100,3.290524,0
1790012534.536622,62,ciclo1_AC_AP,concentrator_alimentador_650,prosumer634,cfp,100,0.923452,0
1790012534.537062,62,ciclo1_AC_AP,concentrator_alimentador_650,prosumer645,cfp,100,6.679296,0
1790012534.537501,62,ciclo1_AC_AP,concentrator_alimentador_650,prosumer646,cfp,100,1.097985,0
1790012534.537984,62,ciclo1_AC_AP,concentrator_alimentador_650,prosumer652,cfp,100,3.535169,0
1790012534.538441,62,ciclo1_AC_AP,concentrator_alimentador_650,prosumer670,cfp,100,3.305177,0
1790012534.538932,62,ciclo1_AC_AP,concentrator_alimentador_650,prosumer671,cfp,100,3.687914,0
1790012534.539302,62,ciclo1_AC_AP,concentrator_alimentador_650,prosumer675,cfp,100,4.081179,0
1790012534.539494,62,ciclo1_AC_AP,concentrator_alimentador_650,prosumer692,cfp,100,1.123819,0
1790012534.549716,62,ciclo1_AC_AP,prosumer634,concentrator_alimentador_650,propose,463,14.738346,0
1790012534.552878,62,ciclo1_AC_AP,prosumer646,concentrator_alimentador_650,propose,125,3.903859,0
1790012534.554816,62,ciclo1_AC_AP,prosumer692,concentrator_alimentador_650,propose,298,6.327530,0
1790012534.571978,62,ciclo1_AC_AP,prosumer632,concentrator_alimentador_650,propose,117,3.841686,0
1790012534.574114,62,ciclo1_AC_AP,prosumer670,concentrator_alimentador_650,propose,219,3.345709,0
1790012534.576162,62,ciclo1_AC_AP,prosumer652,concentrator_alimentador_650,propose,424,16.660215,0
1790012534.578288,62,ciclo1_AC_AP,prosumer671,concentrator_alimentador_650,propose,143,10.756869,0
1790012534.582072,62,ciclo1_AC_AP,prosumer611,concentrator_alimentador_650,propose,195,6.862464,0
1790012534.583763,62,ciclo1_AC_AP,prosumer675,concentrator_alimentador_650,propose,286,12.635343,0
1790012534.608109,62,ciclo1_AC_AP,prosumer645,concentrator_alimentador_650,propose,129,5.981471,0
1790012534.747671,62,ciclo2_AD_AC,dso,concentrator_alimentador_650,cfp,100,0.312160,0
1790012534.754802,62,ciclo2_AD_AC,concentrator_alimentador_650,dso,propose,1380,21.799446,0
1790012534.978066,62,ciclo3_AM_AC_AD,market,dso,cfp,100,1.979796,0
1790012535.027463,62,ciclo3_AM_AC_AD,dso,market,propose,1326,22.547687,0
1790012535.260053,62,ciclo3_AM_AC_AD,market,concentrator_alimentador_650,cfp,100,1.944975,0
1790012535.260420,62,ciclo3_AM_AC_AD,market,dso,cfp,100,3.384764,0
1790012535.308541,62,ciclo3_AM_AC_AD,concentrator_alimentador_650,market,propose,1346,22.638768,0
1790012535.322528,62,ciclo3_AM_AC_AD,dso,market,propose,1088,16.516045,0
1790012535.602236,63,ciclo1_AC_AP,concentrator_alimentador_650,prosumer611,cfp,100,1.511702,0
1790012535.603139,63,ciclo1_AC_AP,concentrator_alimentador_650,prosumer632,cfp,100,5.643986,0
1790012535.604000,63,ciclo1_AC_AP,concentrator_alimentador_650,prosumer634,cfp,100,5.417100,0
1790012535.604709,63,ciclo1_AC_AP,concentrator_alimentador_650,prosumer645,cfp,100,0.594380,0
1790012535.605205,63,ciclo1_AC_AP,concentrator_alimentador_650,prosumer646,cfp,100,3.558306,0
1790012535.605692,63,ciclo1_AC_AP,concentrator_alimentador_650,prosumer652,cfp,100,6.333720,0
1790012535.606042,63,ciclo1_AC_AP,concentrator_alimentador_650,prosumer670,cfp,100,3.557611,0
1790012535.606230,63,ciclo1_AC_AP,concentrator_alimentador_650,prosumer671,cfp,100,4.607947,0
1790012535.606397,63,ciclo1_AC_AP,concentrator_alimentador_650,prosumer675,cfp,100,4.715803,0
1790012535.606557,63,ciclo1_AC_AP,concentrator_alimentador_650,prosumer692,cfp,100,0.621829,0
1790012535.616092,63,ciclo1_AC_AP,prosumer645,concentrator_alimentador_650,propose,219,5.470771,0
1790012535.618306,63,ciclo1_AC_AP,prosumer692,concentrator_alimentador_650,propose,412,9.662609,0
1790012535.620643,63,ciclo1_AC_AP,prosumer611,concentrator_alimentador_650,propose,252,8.242373,0
1790012535.645754,63,ciclo1_AC_AP,prosumer646,concentrator_alimentador_650,propose,413,9.957275,0
1790012535.648461,63,ciclo1_AC_AP,prosumer670,concentrator_alimentador_650,propose,144,5.213650,0
1790012535.656073,63,ciclo1_AC_AP,prosumer671,concentrator_alimentador_650,propose,460,17.151810,0
1790012535.658482,63,ciclo1_AC_AP,prosumer675,concentrator_alimentador_650,propose,362,12.239944,0
1790012535.660776,63,ciclo1_AC_AP,prosumer634,concentrator_alimentador_650,propose,484,14.400944,0
1790012535.662901,63,ciclo1_AC_AP,prosumer632,concentrator_alimentador_650,propose,245,7.835155,0
1790012535.671854,63,ciclo1_AC_AP,prosumer652,concentrator_alimentador_650,propose,494,15.145509,0
1790012535.831696,63,ciclo2_AD_AC,dso,concentrator_alimentador_650,cfp,100,0.377322,0
1790012535.839578,63,ciclo2_AD_AC,concentrator_alimentador_650,dso,propose,1449,23.071450,0
1790012536.077154,63,ciclo3_AM_AC_AD,market,dso,cfp,100,1.662508,0
1790012536.123197,63,ciclo3_AM_AC_AD,dso,market,propose,1452,24.632925,0
1790012536.377019,63,ciclo3_AM_AC_AD,market,concentrator_alimentador_650,cfp,100,1.599530,0
1790012536.377660,63,ciclo3_AM_AC_AD,market,dso,cfp,100,1.645867,0
1790012536.427841,63,ciclo3_AM_AC_AD,concentrator_alimentador_650,market,propose,1180,18.406243,0
1790012536.429917,63,ciclo3_AM_AC_AD,dso,market,propose,1210,21.564360,0
1790012536.711609,64,ciclo1_AC_AP,concentrator_alimentador_650,prosumer611,cfp,100,4.124584,0
1790012536.712010,64,ciclo1_AC_AP,concentrator_alimentador_650,prosumer632,cfp,100,6.384258,0
1790012536.712367,64,ciclo1_AC_AP,concentrator_alimentador_650,prosumer634,cfp,100,4.249866,0
1790012536.712533,64,ciclo1_AC_AP,concentrator_alimentador_650,prosumer645,cfp,100,3.707555,0
1790012536.712702,64,ciclo1_AC_AP,concentrator_alimentador_650,prosumer646,cfp,100,2.767893,0
1790012536.712848,64,ciclo1_AC_AP,concentrator_alimentador_650,prosumer652,cfp,100,6.659027,0
1790012536.713012,64,ciclo1_AC_AP,concentrator_alimentador_650,prosumer670,cfp,100,0.065974,0
1790012536.713219,64,ciclo1_AC_AP,concentrator_alimentador_650,prosumer671,cfp,100,4.429493,0
1790012536.713510,64,ciclo1_AC_AP,concentrator_alimentador_650,prosumer675,cfp,100,4.194935,0
1790012536.713939,64,ciclo1_AC_AP,concentrator_alimentador_650,prosumer692,cfp,100,0.793842,0
1790012536.716920,64,ciclo1_AC_AP,prosumer670,concentrator_alimentador_650,propose,334,4.927442,0
1790012536.724662,64,ciclo1_AC_AP,prosumer692,concentrator_alimentador_650,propose,127,2.589806,0
1790012536.744100,64,ciclo1_AC_AP,prosumer646,concentrator_alimentador_650,propose,423,7.606700,0
1790012536.753134,64,ciclo1_AC_AP,prosumer645,concentrator_alimentador_650,propose,456,17.179533,0
1790012536.756450,64,ciclo1_AC_AP,prosumer611,concentrator_alimentador_650,propose,364,14.797243,0
1790012536.758888,64,ciclo1_AC_AP,prosumer634,concentrator_alimentador_650,propose,440,16.099249,0
1790012536.760471,64,ciclo1_AC_AP,prosumer675,concentrator_alimentador_650,propose,432,16.661597,0
1790012536.762263,64,ciclo1_AC_AP,prosumer671,concentrator_alimentador_650,propose,380,11.206652,0
1790012536.779436,64,ciclo1_AC_AP,prosumer632,concentrator_alimentador_650,propose,476,14.690686,0
1790012536.782554,64,ciclo1_AC_AP,prosumer652,concentrator_alimentador_650,propose,320,13.425956,0
1790012536.931270,64,ciclo2_AD_AC,dso,concentrator_alimentador_650,cfp,100,2.714880,0
1790012536.961267,64,ciclo2_AD_AC,concentrator_alimentador_650,dso,propose,1297,21.279938,0
1790012537.177525,64,ciclo3_AM_AC_AD,market,dso,cfp,100,1.255095,0
1790012537.218290,64,ciclo3_AM_AC_AD,dso,market,propose,1232,20.852137,0
1790012537.430308,64,ciclo3_AM_AC_AD,market,concentrator_alimentador_650,cfp,100,1.569848,0
1790012537.430647,64,ciclo3_AM_AC_AD,market,dso,cfp,100,2.599993,0
1790012537.474915,64,ciclo3_AM_AC_AD,concentrator_alimentador_650,market,propose,1250,21.446862,0
1790012537.489790,64,ciclo3_AM_AC_AD,dso,market,propose,1130,18.586107,0
1790012537.757582,65,ciclo1_AC_AP,concentrator_alimentador_650,prosumer611,cfp,100,3.902213,0
1790012537.758532,65,ciclo1_AC_AP,concentrator_alimentador_650,prosumer632,cfp,100,2.903852,0
1790012537.759046,65,ciclo1_AC_AP,concentrator_alimentador_650,prosumer634,cfp,100,2.749144,0
1790012537.759669,65,ciclo1_AC_AP,concentrator_alimentador_650,prosumer645,cfp,100,2.937434,0
1790012537.760167,65,ciclo1_AC_AP,concentrator_alimentador_650,prosumer646,cfp,100,1.804571,0
1790012537.760523,65,ciclo1_AC_AP,concentrator_alimentador_650,prosumer652,cfp,100,2.671230,0
1790012537.760672,65,ciclo1_AC_AP,concentrator_alimentador_650,prosumer670,cfp,100,3.920302,0
1790012537.760831,65,ciclo1_AC_AP,concentrator_alimentador_650,prosumer671,cfp,100,3.346016,0
1790012537.760972,65,ciclo1_AC_AP,concentrator_alimentador_650,prosumer675,cfp,100,0.473469,0
1790012537.761112,65,ciclo1_AC_AP,concentrator_alimentador_650,prosumer692,cfp,100,1.246045,0
1790012537.769346,65,ciclo1_AC_AP,prosumer675,concentrator_alimentador_650,propose,460,16.774785,0
1790012537.776426,65,ciclo1_AC_AP,prosumer692,concentrator_alimentador_650,propose,343,6.390088,0
1790012537.780749,65,ciclo1_AC_AP,prosumer646,concentrator_alimentador_650,propose,210,3.816723,0
1790012537.791066,65,ciclo1_AC_AP,prosumer634,concentrator_alimentador_650,propose,272,9.171234,0
1790012537.793050,65,ciclo1_AC_AP,prosumer652,concentrator_alimentador_650,propose,236,9.885594,0
1790012537.794822,65,ciclo1_AC_AP,prosumer632,concentrator_alimentador_650,propose,121,4.811128,0
1790012537.796268,65,ciclo1_AC_AP,prosumer645,concentrator_alimentador_650,propose,122,2.901547,0
1790012537.798011,65,ciclo1_AC_AP,prosumer671,concentrator_alimentador_650,propose,126,3.630626,0
1790012537.799174,65,ciclo1_AC_AP,prosumer611,concentrator_alimentador_650,propose,183,8.795352,0
1790012537.801854,65,ciclo1_AC_AP,prosumer670,concentrator_alimentador_650,propose,279,4.651981,0
1790012537.942031,65,ciclo2_AD_AC,dso,concentrator_alimentador_650,cfp,100,1.173789,0
1790012537.958744,65,ciclo2_AD_AC,concentrator_alimentador_650,dso,propose,1001,15.193617,0
1790012538.116523,65,ciclo3_AM_AC_AD,market,dso,cfp,100,3.511428,0
1790012538.160692,65,ciclo3_AM_AC_AD,dso,market,propose,1148,20.076457,0
1790012538.367086,65,ciclo3_AM_AC_AD,market,concentrator_alimentador_650,cfp,100,3.221257,0
1790012538.367756,65,ciclo3_AM_AC_AD,market,dso,cfp,100,3.995623,0
1790012538.427228,65,ciclo3_AM_AC_AD,concentrator_alimentador_650,market,propose,1335,21.032850,0
1790012538.435706,65,ciclo3_AM_AC_AD,dso,market,propose,1003,17.316831,0
1790012538.705437,66,ciclo1_AC_AP,concentrator_alimentador_650,prosumer611,cfp,100,6.151894,0
1790012538.706441,66,ciclo1_AC_AP,concentrator_alimentador_650,prosumer632,cfp,100,1.802552,0
1790012538.707340,66,ciclo1_AC_AP,concentrator_alimentador_650,prosumer634,cfp,100,4.524089,0
1790012538.707930,66,ciclo1_AC_AP,concentrator_alimentador_650,prosumer645,cfp,100,5.514571,0
1790012538.708565,66,ciclo1_AC_AP,concentrator_alimentador_650,prosumer646,cfp,100,3.677365,0
1790012538.709005,66,ciclo1_AC_AP,concentrator_alimentador_650,prosumer652,cfp,100,6.256126,0
1790012538.709307,66,ciclo1_AC_AP,concentrator_alimentador_650,prosumer670,cfp,100,0.457320,0
1790012538.709577,66,ciclo1_AC_AP,concentrator_alimentador_650,prosumer671,cfp,100,2.292100,0
1790012538.709820,66,ciclo1_AC_AP,concentrator_alimentador_650,prosumer675,cfp,100,6.259073,0
1790012538.709968,66,ciclo1_AC_AP,concentrator_alimentador_650,prosumer692,cfp,100,2.113554,0
1790012538.716851,66,ciclo1_AC_AP,prosumer670,concentrator_alimentador_650,propose,171,3.767426,0
1790012538.728249,66,ciclo1_AC_AP,prosumer632,concentrator_alimentador_650,propose,132,7.240619,0
1790012538.734737,66,ciclo1_AC_AP,prosumer692,concentrator_alimentador_650,propose,319,5.971997,0
1790012538.737172,66,ciclo1_AC_AP,prosumer671,concentrator_alimentador_650,propose,448,16.619219,0
1790012538.748497,66,ciclo1_AC_AP,prosumer646,concentrator_alimentador_650,propose,213,5.518479,0
1790012538.755502,66,ciclo1_AC_AP,prosumer634,concentrator_alimentador_650,propose,411,16.224693,0
1790012538.767631,66,ciclo1_AC_AP,prosumer645,concentrator_alimentador_650,propose,303,12.429638,0
1790012538.770563,66,ciclo1_AC_AP,prosumer611,concentrator_alimentador_650,propose,385,19.327604,0
1790012538.774476,66,ciclo1_AC_AP,prosumer652,concentrator_alimentador_650,propose,213,9.681972,0
1790012538.776767,66,ciclo1_AC_AP,prosumer675,concentrator_alimentador_650,propose,332,9.577963,0
1790012538.969758,66,ciclo2_AD_AC,dso,concentrator_alimentador_650,cfp,100,0.693690,0
1790012538.980441,66,ciclo2_AD_AC,concentrator_alimentador_650,dso,propose,1098,20.047780,0
1790012539.186438,66,ciclo3_AM_AC_AD,market,dso,cfp,100,2.083496,0
1790012539.215132,66,ciclo3_AM_AC_AD,dso,market,propose,1173,21.357829,0
1790012539.434920,66,ciclo3_AM_AC_AD,market,concentrator_alimentador_650,cfp,100,1.186568,0
1790012539.435774,66,ciclo3_AM_AC_AD,market,dso,cfp,100,1.837211,0
1790012539.472518,66,ciclo3_AM_AC_AD,concentrator_alimentador_650,market,propose,1311,22.180114,0
1790012539.485190,66,ciclo3_AM_AC_AD,dso,market,propose,1052,17.171961,0
1790012539.762205,67,ciclo1_AC_AP,concentrator_alimentador_650,prosumer611,cfp,100,2.613247,0
1790012539.763610,67,ciclo1_AC_AP,concentrator_alimentador_650,prosumer632,cfp,100,4.686982,0
1790012539.764884,67,ciclo1_AC_AP,concentrator_alimentador_650,prosumer634,cfp,100,2.450766,0
1790012539.766006,67,ciclo1_AC_AP,concentrator_alimentador_650,prosumer645,cfp,100,2.154952,0
1790012539.766601,67,ciclo1_AC_AP,concentrator_alimentador_650,prosumer646,cfp,100,2.956635,0
1790012539.767112,67,ciclo1_AC_AP,concentrator_alimentador_650,prosumer652,cfp,100,2.828698,0
1790012539.767572,67,ciclo1_AC_AP,concentrator_alimentador_650,prosumer670,cfp,100,2.454640,0
1790012539.767854,67,ciclo1_AC_AP,concentrator_alimentador_650,prosumer671,cfp,100,4.041392,0
1790012539.768108,67,ciclo1_AC_AP,concentrator_alimentador_650,prosumer675,cfp,100,3.416468,0
1790012539.768353,67,ciclo1_AC_AP,concentrator_alimentador_650,prosumer692,cfp,100,3.047554,0
1790012539.793671,67,ciclo1_AC_AP,prosumer645,concentrator_alimentador_650,propose,410,16.792083,0
1790012539.795933,67,ciclo1_AC_AP,prosumer611,concentrator_alimentador_650,propose,143,7.488065,0
1790012539.798248,67,ciclo1_AC_AP,prosumer634,concentrator_alimentador_650,propose,263,9.845027,0
1790012539.800746,67,ciclo1_AC_AP,prosumer670,concentrator_alimentador_650,propose,265,8.056857,0
1790012539.801991,67,ciclo1_AC_AP,prosumer652,concentrator_alimentador_650,propose,374,11.443020,0
1790012539.803225,67,ciclo1_AC_AP,prosumer646,concentrator_alimentador_650,propose,333,7.919085,0
1790012539.804734,67,ciclo1_AC_AP,prosumer692,concentrator_alimentador_650,propose,266,7.844992,0
1790012539.806549,67,ciclo1_AC_AP,prosumer675,concentrator_alimentador_650,propose,230,10.744802,0
1790012539.810628,67,ciclo1_AC_AP,prosumer671,concentrator_alimentador_650,propose,114,3.904891,0
1790012539.812538,67,ciclo1_AC_AP,prosumer632,concentrator_alimentador_650,propose,367,12.719830,0
1790012539.966575,67,ciclo2_AD_AC,dso,concentrator_alimentador_650,cfp,100,3.434428,0
1790012540.005627,67,ciclo2_AD_AC,concentrator_alimentador_650,dso,propose,1022,19.498059,0
1790012540.204101,67,ciclo3_AM_AC_AD,market,dso,cfp,100,1.170972,0
1790012540.219746,67,ciclo3_AM_AC_AD,dso,market,propose,1097,17.246206,0
1790012540.396980,67,ciclo3_AM_AC_AD,market,concentrator_alimentador_650,cfp,100,0.290318,0
1790012540.397334,67,ciclo3_AM_AC_AD,market,dso,cfp,100,1.487998,0
1790012540.427266,67,ciclo3_AM_AC_AD,concentrator_alimentador_650,market,propose,1188,19.682697,0
1790012540.440275,67,ciclo3_AM_AC_AD,dso,market,propose,1041,16.870410,0
1790012540.695072,68,ciclo1_AC_AP,concentrator_alimentador_650,prosumer611,cfp,100,3.486963,0
1790012540.696109,68,ciclo1_AC_AP,concentrator_alimentador_650,prosumer632,cfp,100,1.646582,0
1790012540.697053,68,ciclo1_AC_AP,concentrator_alimentador_650,prosumer634,cfp,100,2.154337,0
1790012540.697754,68,ciclo1_AC_AP,concentrator_alimentador_650,prosumer645,cfp,100,3.960914,0
1790012540.698581,68,ciclo1_AC_AP,concentrator_alimentador_650,prosumer646,cfp,100,1.483604,0
1790012540.699087,68,ciclo1_AC_AP,concentrator_alimentador_650,prosumer652,cfp,100,3.476564,0
1790012540.699577,68,ciclo1_AC_AP,concentrator_alimentador_650,prosumer670,cfp,100,3.465363,0
1790012540.699822,68,ciclo1_AC_AP,concentrator_alimentador_650,prosumer671,cfp,100,7.795771,0
1790012540.700048,68,ciclo1_AC_AP,concentrator_alimentador_650,prosumer675,cfp,100,3.164951,0
1790012540.700201,68,ciclo1_AC_AP,concentrator_alimentador_650,prosumer692,cfp,100,2.804428,0
1790012540.716969,68,ciclo1_AC_AP,prosumer632,concentrator_alimentador_650,propose,207,7.861745,0
1790012540.719074,68,ciclo1_AC_AP,prosumer646,concentrator_alimentador_650,propose,368,5.651773,0
1790012540.721286,68,ciclo1_AC_AP,prosumer634,concentrator_alimentador_650,propose,277,12.134757,0
1790012540.731216,68,ciclo1_AC_AP,prosumer692,concentrator_alimentador_650,propose,196,2.824126,0
1790012540.733790,68,ciclo1_AC_AP,prosumer611,concentrator_alimentador_650,propose,203,8.432319,0
1790012540.735286,68,ciclo1_AC_AP,prosumer675,concentrator_alimentador_650,propose,228,9.176779,0
1790012540.737719,68,ciclo1_AC_AP,prosumer652,concentrator_alimentador_650,propose,444,15.338891,0
1790012540.739483,68,ciclo1_AC_AP,prosumer670,concentrator_alimentador_650,propose,473,9.420972,0
1790012540.741327,68,ciclo1_AC_AP,prosumer645,concentrator_alimentador_650,propose,476,15.936352,0
1790012540.781542,68,ciclo1_AC_AP,prosumer671,concentrator_alimentador_650,propose,254,7.949572,0
1790012540.903583,68,ciclo2_AD_AC,dso,concentrator_alimentador_650,cfp,100,0.598259,0
1790012540.911500,68,ciclo2_AD_AC,concentrator_alimentador_650,dso,propose,1159,21.741621,0
1790012541.132822,68,ciclo3_AM_AC_AD,market,dso,cfp,100,3.710606,0
1790012541.188385,68,ciclo3_AM_AC_AD,dso,market,propose,1264,19.004352,0
1790012541.380605,68,ciclo3_AM_AC_AD,market,concentrator_alimentador_650,cfp,100,0.193896,0
1790012541.380826,68,ciclo3_AM_AC_AD,market,dso,cfp,100,1.207590,0
1790012541.402812,68,ciclo3_AM_AC_AD,concentrator_alimentador_650,market,propose,1440,25.135401,0
1790012541.414180,68,ciclo3_AM_AC_AD,dso,market,propose,1196,21.984264,0
1790012541.719376,69,ciclo1_AC_AP,concentrator_alimentador_650,prosumer611,cfp,100,2.916670,0
1790012541.719696,69,ciclo1_AC_AP,concentrator_alimentador_650,prosumer632,cfp,100,4.230303,0
1790012541.719991,69,ciclo1_AC_AP,concentrator_alimentador_650,prosumer634,cfp,100,2.024283,0
1790012541.720147,69,ciclo1_AC_AP,concentrator_alimentador_650,prosumer645,cfp,100,5.062934,0
1790012541.720279,69,ciclo1_AC_AP,concentrator_alimentador_650,prosumer646,cfp,100,0.040193,0
1790012541.720411,69,ciclo1_AC_AP,concentrator_alimentador_650,prosumer652,cfp,100,3.794956,0
1790012541.720539,69,ciclo1_AC_AP,concentrator_alimentador_650,prosumer670,cfp,100,0.605719,0
1790012541.720666,69,ciclo1_AC_AP,concentrator_alimentador_650,prosumer671,cfp,100,3.945801,0
1790012541.720804,69,ciclo1_AC_AP,concentrator_alimentador_650,prosumer675,cfp,100,2.108281,0
1790012541.720928,69,ciclo1_AC_AP,concentrator_alimentador_650,prosumer692,cfp,100,2.225316,0
1790012541.723035,69,ciclo1_AC_AP,prosumer646,concentrator_alimentador_650,propose,230,2.488438,0
1790012541.730201,69,ciclo1_AC_AP,prosumer670,concentrator_alimentador_650,propose,346,5.009911,0
1790012541.744087,69,ciclo1_AC_AP,prosumer634,concentrator_alimentador_650,propose,276,13.860107,0
1790012541.746885,69,ciclo1_AC_AP,prosumer675,concentrator_alimentador_650,propose,464,13.672805,0
1790012541.748631,69,ciclo1_AC_AP,prosumer692,concentrator_alimentador_650,propose,222,4.392296,0
1790012541.751462,69,ciclo1_AC_AP,prosumer611,concentrator_alimentador_650,propose,122,5.479361,0
1790012541.761415,69,ciclo1_AC_AP,prosumer652,concentrator_alimentador_650,propose,256,10.182672,0
1790012541.764092,69,ciclo1_AC_AP,prosumer671,concentrator_alimentador_650,propose,382,16.711105,0
1790012541.765722,69,ciclo1_AC_AP,prosumer632,concentrator_alimentador_650,propose,137,10.652775,0
1790012541.773751,69,ciclo1_AC_AP,prosumer645,concentrator_alimentador_650,propose,104,1.930523,0
1790012541.933911,69,ciclo2_AD_AC,dso,concentrator_alimentador_650,cfp,100,2.053884,0
1790012541.957785,69,ciclo2_AD_AC,concentrator_alimentador_650,dso,propose,1235,20.790908,0
1790012542.169514,69,ciclo3_AM_AC_AD,market,dso,cfp,100,0.672576,0
1790012542.184574,69,ciclo3_AM_AC_AD,dso,market,propose,1253,20.855845,0
1790012542.398673,69,ciclo3_AM_AC_AD,market,concentrator_alimentador_650,cfp,100,2.699165,0
1790012542.399258,69,ciclo3_AM_AC_AD,market,dso,cfp,100,0.281731,0
1790012542.429733,69,ciclo3_AM_AC_AD,dso,market,propose,1370,21.160723,0
1790012542.450004,69,ciclo3_AM_AC_AD,concentrator_alimentador_650,market,propose,1224,20.233788,0
1790012542.717830,70,ciclo1_AC_AP,concentrator_alimentador_650,prosumer611,cfp,100,7.752580,0
1790012542.718196,70,ciclo1_AC_AP,concentrator_alimentador_650,prosumer632,cfp,100,5.908501,0
1790012542.718442,70,ciclo1_AC_AP,concentrator_alimentador_650,prosumer634,cfp,100,4.394368,0
1790012542.718693,70,ciclo1_AC_AP,concentrator_alimentador_650,prosumer645,cfp,100,2.466978,0
1790012542.718924,70,ciclo1_AC_AP,concentrator_alimentador_650,prosumer646,cfp,100,0.559189,0
1790012542.719170,70,ciclo1_AC_AP,concentrator_alimentador_650,prosumer652,cfp,100,4.016171,0
1790012542.719334,70,ciclo1_AC_AP,concentrator_alimentador_650,prosumer670,cfp,100,2.945702,0
1790012542.719490,70,ciclo1_AC_AP,concentrator_alimentador_650,prosumer671,cfp,100,3.503302,0
1790012542.719640,70,ciclo1_AC_AP,concentrator_alimentador_650,prosumer675,cfp,100,2.001853,0
1790012542.719808,70,ciclo1_AC_AP,concentrator_alimentador_650,prosumer692,cfp,100,2.358593,0
1790012542.727289,70,ciclo1_AC_AP,prosumer646,concentrator_alimentador_650,propose,124,3.580848,0
1790012542.743368,70,ciclo1_AC_AP,prosumer675,concentrator_alimentador_650,propose,311,12.170907,0
1790012542.745785,70,ciclo1_AC_AP,prosumer645,concentrator_alimentador_650,propose,352,11.581794,0
1790012542.746942,70,ciclo1_AC_AP,prosumer692,concentrator_alimentador_650,propose,335,6.730928,0
1790012542.750950,70,ciclo1_AC_AP,prosumer670,concentrator_alimentador_650,propose,325,4.705223,0
1790012542.757776,70,ciclo1_AC_AP,prosumer671,concentrator_alimentador_650,propose,160,6.998702,0
1790012542.762508,70,ciclo1_AC_AP,prosumer652,concentrator_alimentador_650,propose,143,8.569421,0
1790012542.765020,70,ciclo1_AC_AP,prosumer634,concentrator_alimentador_650,propose,141,8.591975,0
1790012542.782218,70,ciclo1_AC_AP,prosumer632,concentrator_alimentador_650,propose,223,5.233388,0
1790012542.798135,70,ciclo1_AC_AP,prosumer611,concentrator_alimentador_650,propose,150,9.353423,0
1790012542.895902,70,ciclo2_AD_AC,dso,concentrator_alimentador_650,cfp,100,2.709338,0
1790012542.927162,70,ciclo2_AD_AC,concentrator_alimentador_650,dso,propose,1423,24.691534,0
1790012543.179704,70,ciclo3_AM_AC_AD,market,dso,cfp,100,3.546498,0
1790012543.222227,70,ciclo3_AM_AC_AD,dso,market,propose,1391,20.867811,0
1790012543.434130,70,ciclo3_AM_AC_AD,market,concentrator_alimentador_650,cfp,100,0.334023,0
1790012543.434332,70,ciclo3_AM_AC_AD,market,dso,cfp,100,2.867483,0
1790012543.489552,70,ciclo3_AM_AC_AD,concentrator_alimentador_650,market,propose,1078,18.432260,0
1790012543.494859,70,ciclo3_AM_AC_AD,dso,market,propose,1211,21.110055,0
1790012543.766769,71,ciclo1_AC_AP,concentrator_alimentador_650,prosumer611,cfp,100,3.092398,0
1790012543.766909,71,ciclo1_AC_AP,concentrator_alimentador_650,prosumer632,cfp,100,7.174906,0
1790012543.767009,71,ciclo1_AC_AP,concentrator_alimentador_650,prosumer634,cfp,100,5.178936,0
1790012543.767101,71,ciclo1_AC_AP,concentrator_alimentador_650,prosumer645,cfp,100,3.267115,0
1790012543.767190,71,ciclo1_AC_AP,concentrator_alimentador_650,prosumer646,cfp,100,1.437640,0
1790012543.767277,71,ciclo1_AC_AP,concentrator_alimentador_650,prosumer652,cfp,100,5.149769,0
1790012543.767364,71,ciclo1_AC_AP,concentrator_alimentador_650,prosumer670,cfp,100,3.221177,0
1790012543.767450,71,ciclo1_AC_AP,concentrator_alimentador_650,prosumer671,cfp,100,2.943730,0
1790012543.767537,71,ciclo1_AC_AP,concentrator_alimentador_650,prosumer675,cfp,100,6.089939,0
1790012543.767621,71,ciclo1_AC_AP,concentrator_alimentador_650,prosumer692,cfp,100,1.032049,0
1790012543.780794,71,ciclo1_AC_AP,prosumer692,concentrator_alimentador_650,propose,209,4.754623,0
1790012543.784075,71,ciclo1_AC_AP,prosumer646,concentrator_alimentador_650,propose,325,6.817717,0
1790012543.800493,71,ciclo1_AC_AP,prosumer671,concentrator_alimentador_650,propose,413,14.762290,0
1790012543.802724,71,ciclo1_AC_AP,prosumer611,concentrator_alimentador_650,propose,139,11.068465,0
1790012543.804858,71,ciclo1_AC_AP,prosumer670,concentrator_alimentador_650,propose,318,6.776185,0
1790012543.806184,71,ciclo1_AC_AP,prosumer645,concentrator_alimentador_650,propose,386,13.557324,0
1790012543.822147,71,ciclo1_AC_AP,prosumer652,concentrator_alimentador_650,propose,486,14.635731,0
1790012543.823654,71,ciclo1_AC_AP,prosumer634,concentrator_alimentador_650,propose,301,11.953627,0
1790012543.832357,71,ciclo1_AC_AP,prosumer675,concentrator_alimentador_650,propose,120,1.746597,0
1790012543.841515,71,ciclo1_AC_AP,prosumer632,concentrator_alimentador_650,propose,192,5.636173,0
1790012543.970178,71,ciclo2_AD_AC,dso,concentrator_alimentador_650,cfp,100,3.961488,0
1790012544.011959,71,ciclo2_AD_AC,concentrator_alimentador_650,dso,propose,1127,17.895484,0
1790012544.195158,71,ciclo3_AM_AC_AD,market,dso,cfp,100,1.198862,0
1790012544.214258,71,ciclo3_AM_AC_AD,dso,market,propose,1250,18.703895,0
1790012544.405388,71,ciclo3_AM_AC_AD,market,concentrator_alimentador_650,cfp,100,3.704342,0
1790012544.405624,71,ciclo3_AM_AC_AD,market,dso,cfp,100,2.983890,0
1790012544.462108,71,ciclo3_AM_AC_AD,dso,market,propose,1112,19.025465,0
1790012544.463165,71,ciclo3_AM_AC_AD,concentrator_alimentador_650,market,propose,1065,19.199857,0
1790012544.718462,72,ciclo1_AC_AP,concentrator_alimentador_650,prosumer611,cfp,100,3.782971,0
1790012544.718682,72,ciclo1_AC_AP,concentrator_alimentador_650,prosumer632,cfp,100,4.935982,0
1790012544.718789,72,ciclo1_AC_AP,concentrator_alimentador_650,prosumer634,cfp,100,4.459020,0
1790012544.718858,72,ciclo1_AC_AP,concentrator_alimentador_650,prosumer645,cfp,100,2.525148,0
1790012544.719024,72,ciclo1_AC_AP,concentrator_alimentador_650,prosumer646,cfp,100,3.200298,0
1790012544.719091,72,ciclo1_AC_AP,concentrator_alimentador_650,prosumer652,cfp,100,2.795444,0
1790012544.719148,72,ciclo1_AC_AP,concentrator_alimentador_650,prosumer670,cfp,100,3.216520,0
1790012544.719202,72,ciclo1_AC_AP,concentrator_alimentador_650,prosumer671,cfp,100,4.734386,0
1790012544.719254,72,ciclo1_AC_AP,concentrator_alimentador_650,prosumer675,cfp,100,4.396635,0
1790012544.719310,72,ciclo1_AC_AP,concentrator_alimentador_650,prosumer692,cfp,100,2.585776,0
1790012544.745741,72,ciclo1_AC_AP,prosumer645,concentrator_alimentador_650,propose,242,6.679588,0
1790012544.746715,72,ciclo1_AC_AP,prosumer692,concentrator_alimentador_650,propose,280,6.841719,0
1790012544.748564,72,ciclo1_AC_AP,prosumer652,concentrator_alimentador_650,propose,263,13.893957,0
1790012544.752873,72,ciclo1_AC_AP,prosumer646,concentrator_alimentador_650,propose,322,6.940203,0
1790012544.753569,72,ciclo1_AC_AP,prosumer670,concentrator_alimentador_650,propose,154,3.784584,0
1790012544.757833,72,ciclo1_AC_AP,prosumer611,concentrator_alimentador_650,propose,385,15.514157,0
1790012544.765955,72,ciclo1_AC_AP,prosumer675,concentrator_alimentador_650,propose,246,6.415626,0
1790012544.767205,72,ciclo1_AC_AP,prosumer634,concentrator_alimentador_650,propose,412,15.409916,0
1790012544.770603,72,ciclo1_AC_AP,prosumer671,concentrator_alimentador_650,propose,377,13.509254,0
1790012544.772407,72,ciclo1_AC_AP,prosumer632,concentrator_alimentador_650,propose,203,8.597022,0
1790012544.924351,72,ciclo2_AD_AC,dso,concentrator_alimentador_650,cfp,100,0.634361,0
1790012544.934065,72,ciclo2_AD_AC,concentrator_alimentador_650,dso,propose,1364,23.121531,0
1790012545.170144,72,ciclo3_AM_AC_AD,market,dso,cfp,100,2.046312,0
1790012545.223384,72,ciclo3_AM_AC_AD,dso,market,propose,1151,21.262369,0
1790012545.441778,72,ciclo3_AM_AC_AD,market,concentrator_alimentador_650,cfp,100,0.555180,0
1790012545.442170,72,ciclo3_AM_AC_AD,market,dso,cfp,100,3.009540,0
1790012545.471212,72,ciclo3_AM_AC_AD,concentrator_alimentador_650,market,propose,1398,24.799447,0
1790012545.497690,72,ciclo3_AM_AC_AD,dso,market,propose,1226,19.494003,0
1790012545.785674,73,ciclo1_AC_AP,concentrator_alimentador_650,prosumer611,cfp,100,4.526294,0
1790012545.786178,73,ciclo1_AC_AP,concentrator_alimentador_650,prosumer632,cfp,100,3.960272,0
1790012545.786350,73,ciclo1_AC_AP,concentrator_alimentador_650,prosumer634,cfp,100,2.420734,0
1790012545.786492,73,ciclo1_AC_AP,concentrator_alimentador_650,prosumer645,cfp,100,2.747404,0
1790012545.786625,73,ciclo1_AC_AP,concentrator_alimentador_650,prosumer646,cfp,100,3.293836,0
1790012545.786765,73,ciclo1_AC_AP,concentrator_alimentador_650,prosumer652,cfp,100,2.210415,0
1790012545.786895,73,ciclo1_AC_AP,concentrator_alimentador_650,prosumer670,cfp,100,1.876993,0
1790012545.787022,73,ciclo1_AC_AP,concentrator_alimentador_650,prosumer671,cfp,100,3.857545,0
1790012545.787145,73,ciclo1_AC_AP,concentrator_alimentador_650,prosumer675,cfp,100,7.152122,0
1790012545.787269,73,ciclo1_AC_AP,concentrator_alimentador_650,prosumer692,cfp,100,0.530751,0
1790012545.795524,73,ciclo1_AC_AP,prosumer692,concentrator_alimentador_650,propose,363,7.474142,0
1790012545.808453,73,ciclo1_AC_AP,prosumer670,concentrator_alimentador_650,propose,409,7.213826,0
1790012545.811924,73,ciclo1_AC_AP,prosumer652,concentrator_alimentador_650,propose,336,13.189724,0
1790012545.813629,73,ciclo1_AC_AP,prosumer634,concentrator_alimentador_650,propose,374,14.683605,0
1790012545.816735,73,ciclo1_AC_AP,prosumer645,concentrator_alimentador_650,propose,424,17.579368,0
1790012545.821893,73,ciclo1_AC_AP,prosumer646,concentrator_alimentador_650,propose,233,5.623241,0
1790012545.829099,73,ciclo1_AC_AP,prosumer671,concentrator_alimentador_650,propose,239,9.824427,0
1790012545.830596,73,ciclo1_AC_AP,prosumer632,concentrator_alimentador_650,propose,218,6.853050,0
1790012545.833836,73,ciclo1_AC_AP,prosumer611,concentrator_alimentador_650,propose,108,3.549995,0
1790012545.862585,73,ciclo1_AC_AP,prosumer675,concentrator_alimentador_650,propose,160,7.742934,0
1790012545.996479,73,ciclo2_AD_AC,dso,concentrator_alimentador_650,cfp,100,2.164764,0
1790012546.023639,73,ciclo2_AD_AC,concentrator_alimentador_650,dso,propose,1314,22.902806,0
1790012546.258154,73,ciclo3_AM_AC_AD,market,dso,cfp,100,0.655181,0
1790012546.271924,73,ciclo3_AM_AC_AD,dso,market,propose,1401,25.733631,0
1790012546.534052,73,ciclo3_AM_AC_AD,market,concentrator_alimentador_650,cfp,100,2.430019,0
1790012546.534622,73,ciclo3_AM_AC_AD,market,dso,cfp,100,2.263483,0
1790012546.594170,73,ciclo3_AM_AC_AD,concentrator_alimentador_650,market,propose,1364,22.905273,0
1790012546.597132,73,ciclo3_AM_AC_AD,dso,market,propose,1050,18.814979,0
1790012546.890689,74,ciclo1_AC_AP,concentrator_alimentador_650,prosumer611,cfp,100,7.026231,0
1790012546.891333,74,ciclo1_AC_AP,concentrator_alimentador_650,prosumer632,cfp,100,1.020172,0
1790012546.891875,74,ciclo1_AC_AP,concentrator_alimentador_650,prosumer634,cfp,100,3.056281,0
1790012546.892370,74,ciclo1_AC_AP,concentrator_alimentador_650,prosumer645,cfp,100,5.056338,0
1790012546.892721,74,ciclo1_AC_AP,concentrator_alimentador_650,prosumer646,cfp,100,1.381912,0
1790012546.892990,74,ciclo1_AC_AP,concentrator_alimentador_650,prosumer652,cfp,100,4.769175,0
1790012546.893232,74,ciclo1_AC_AP,concentrator_alimentador_650,prosumer670,cfp,100,2.914647,0
1790012546.893464,74,ciclo1_AC_AP,concentrator_alimentador_650,prosumer671,cfp,100,3.514577,0
1790012546.893795,74,ciclo1_AC_AP,concentrator_alimentador_650,prosumer675,cfp,100,5.260609,0
1790012546.894123,74,ciclo1_AC_AP,concentrator_alimentador_650,prosumer692,cfp,100,1.765054,0
1790012546.905300,74,ciclo1_AC_AP,prosumer632,concentrator_alimentador_650,propose,188,7.951835,0
1790012546.908515,74,ciclo1_AC_AP,prosumer646,concentrator_alimentador_650,propose,475,9.113692,0
1790012546.915138,74,ciclo1_AC_AP,prosumer692,concentrator_alimentador_650,propose,312,4.840650,0
1790012546.925256,74,ciclo1_AC_AP,prosumer670,concentrator_alimentador_650,propose,227,3.326989,0
1790012546.926548,74,ciclo1_AC_AP,prosumer634,concentrator_alimentador_650,propose,211,7.688243,0
1790012546.930766,74,ciclo1_AC_AP,prosumer671,concentrator_alimentador_650,propose,245,10.374571,0
1790012546.943626,74,ciclo1_AC_AP,prosumer652,concentrator_alimentador_650,propose,476,16.024984,0
1790012546.945912,74,ciclo1_AC_AP,prosumer645,concentrator_alimentador_650,propose,437,14.722550,0
1790012546.949809,74,ciclo1_AC_AP,prosumer675,concentrator_alimentador_650,propose,103,5.671890,0
1790012546.963511,74,ciclo1_AC_AP,prosumer611,concentrator_alimentador_650,propose,479,18.721607,0
1790012547.153156,74,ciclo2_AD_AC,dso,concentrator_alimentador_650,cfp,100,3.099271,0
1790012547.185788,74,ciclo2_AD_AC,concentrator_alimentador_650,dso,propose,1274,21.121555,0
1790012547.400849,74,ciclo3_AM_AC_AD,market,dso,cfp,100,0.365664,0
1790012547.409759,74,ciclo3_AM_AC_AD,dso,market,propose,1263,21.473512,0
1790012547.628544,74,ciclo3_AM_AC_AD,market,concentrator_alimentador_650,cfp,100,0.197701,0
1790012547.628935,74,ciclo3_AM_AC_AD,market,dso,cfp,100,0.683912,0
1790012547.653463,74,ciclo3_AM_AC_AD,concentrator_alimentador_650,market,propose,1219,20.665029,0
1790012547.668293,74,ciclo3_AM_AC_AD,dso,market,propose,1439,25.418776,0
1790012547.990672,75,ciclo1_AC_AP,concentrator_alimentador_650,prosumer611,cfp,100,3.431256,0
1790012547.991517,75,ciclo1_AC_AP,concentrator_alimentador_650,prosumer632,cfp,100,3.914640,0
1790012547.992085,75,ciclo1_AC_AP,concentrator_alimentador_650,prosumer634,cfp,100,6.536085,0
1790012547.992528,75,ciclo1_AC_AP,concentrator_alimentador_650,prosumer645,cfp,100,5.576645,0
1790012547.992775,75,ciclo1_AC_AP,concentrator_alimentador_650,prosumer646,cfp,100,0.307609,0
1790012547.992987,75,ciclo1_AC_AP,concentrator_alimentador_650,prosumer652,cfp,100,4.829476,0
1790012547.993188,75,ciclo1_AC_AP,concentrator_alimentador_650,prosumer670,cfp,100,2.999469,0
1790012547.993408,75,ciclo1_AC_AP,concentrator_alimentador_650,prosumer671,cfp,100,2.196635,0
1790012547.993594,75,ciclo1_AC_AP,concentrator_alimentador_650,prosumer675,cfp,100,5.429842,0
1790012547.993809,75,ciclo1_AC_AP,concentrator_alimentador_650,prosumer692,cfp,100,4.005460,0
1790012547.997886,75,ciclo1_AC_AP,prosumer646,concentrator_alimentador_650,propose,125,1.219804,0
1790012548.018592,75,ciclo1_AC_AP,prosumer671,concentrator_alimentador_650,propose,162,9.330630,0
1790012548.026321,75,ciclo1_AC_AP,prosumer670,concentrator_alimentador_650,propose,296,7.920107,0
1790012548.028788,75,ciclo1_AC_AP,prosumer611,concentrator_alimentador_650,propose,430,17.763639,0
1790012548.033422,75,ciclo1_AC_AP,prosumer632,concentrator_alimentador_650,propose,239,10.339102,0
1790012548.036783,75,ciclo1_AC_AP,prosumer692,concentrator_alimentador_650,propose,160,4.046285,0
1790012548.044440,75,ciclo1_AC_AP,prosumer652,concentrator_alimentador_650,propose,477,14.684792,0
1790012548.051730,75,ciclo1_AC_AP,prosumer675,concentrator_alimentador_650,propose,389,14.937424,0
1790012548.053599,75,ciclo1_AC_AP,prosumer645,concentrator_alimentador_650,propose,283,10.899600,0
1790012548.059804,75,ciclo1_AC_AP,prosumer634,concentrator_alimentador_650,propose,217,9.137305,0
1790012548.210171,75,ciclo2_AD_AC,dso,concentrator_alimentador_650,cfp,100,2.106673,0
1790012548.234013,75,ciclo2_AD_AC,concentrator_alimentador_650,dso,propose,1345,22.133981,0
1790012548.460839,75,ciclo3_AM_AC_AD,market,dso,cfp,100,0.109131,0
1790012548.470832,75,ciclo3_AM_AC_AD,dso,market,propose,1366,22.324496,0
1790012548.699384,75,ciclo3_AM_AC_AD,market,concentrator_alimentador_650,cfp,100,3.806192,0
1790012548.700040,75,ciclo3_AM_AC_AD,market,dso,cfp,100,0.641465,0
1790012548.738084,75,ciclo3_AM_AC_AD,dso,market,propose,1360,21.314493,0
1790012548.754935,75,ciclo3_AM_AC_AD,concentrator_alimentador_650,market,propose,1279,22.168329,0
1790012549.041756,76,ciclo1_AC_AP,concentrator_alimentador_650,prosumer611,cfp,100,2.207615,0
1790012549.042217,76,ciclo1_AC_AP,concentrator_alimentador_650,prosumer632,cfp,100,4.359371,0
1790012549.042432,76,ciclo1_AC_AP,concentrator_alimentador_650,prosumer634,cfp,100,5.571084,0
1790012549.042655,76,ciclo1_AC_AP,concentrator_alimentador_650,prosumer645,cfp,100,6.469249,0
1790012549.042901,76,ciclo1_AC_AP,concentrator_alimentador_650,prosumer646,cfp,100,2.727025,0
1790012549.043214,76,ciclo1_AC_AP,concentrator_alimentador_650,prosumer652,cfp,100,6.429292,0
1790012549.043528,76,ciclo1_AC_AP,concentrator_alimentador_650,prosumer670,cfp,100,2.411578,0
1790012549.043798,76,ciclo1_AC_AP,concentrator_alimentador_650,prosumer671,cfp,100,2.455291,0
1790012549.043991,76,ciclo1_AC_AP,concentrator_alimentador_650,prosumer675,cfp,100,3.940957,0
1790012549.044156,76,ciclo1_AC_AP,concentrator_alimentador_650,prosumer692,cfp,100,4.034832,0
1790012549.067295,76,ciclo1_AC_AP,prosumer611,concentrator_alimentador_650,propose,438,16.208388,0
1790012549.070062,76,ciclo1_AC_AP,prosumer670,concentrator_alimentador_650,propose,244,4.913179,0
1790012549.072161,76,ciclo1_AC_AP,prosumer671,concentrator_alimentador_650,propose,213,9.504783,0
1790012549.073656,76,ciclo1_AC_AP,prosumer646,concentrator_alimentador_650,propose,478,10.083659,0
1790012549.086998,76,ciclo1_AC_AP,prosumer675,concentrator_alimentador_650,propose,222,11.173220,0
1790012549.088706,76,ciclo1_AC_AP,prosumer692,concentrator_alimentador_650,propose,133,5.588513,0
1790012549.090371,76,ciclo1_AC_AP,prosumer632,concentrator_alimentador_650,propose,365,11.961149,0
1790012549.101173,76,ciclo1_AC_AP,prosumer634,concentrator_alimentador_650,propose,257,11.939132,0
1790012549.109771,76,ciclo1_AC_AP,prosumer645,concentrator_alimentador_650,propose,445,15.346744,0
1790012549.111056,76,ciclo1_AC_AP,prosumer652,concentrator_alimentador_650,propose,267,12.080578,0
1790012549.266215,76,ciclo2_AD_AC,dso,concentrator_alimentador_650,cfp,100,1.515753,0
1790012549.284104,76,ciclo2_AD_AC,concentrator_alimentador_650,dso,propose,1119,16.253023,0
1790012549.453277,76,ciclo3_AM_AC_AD,market,dso,cfp,100,2.362005,0
1790012549.484593,76,ciclo3_AM_AC_AD,dso,market,propose,1191,19.836023,0
1790012549.689515,76,ciclo3_AM_AC_AD,market,concentrator_alimentador_650,cfp,100,2.070825,0
1790012549.689954,76,ciclo3_AM_AC_AD,market,dso,cfp,100,2.723919,0
1790012549.734529,76,ciclo3_AM_AC_AD,concentrator_alimentador_650,market,propose,1321,23.329677,0
1790012549.747086,76,ciclo3_AM_AC_AD,dso,market,propose,1245,19.574811,0
1790012550.032819,77,ciclo1_AC_AP,concentrator_alimentador_650,prosumer611,cfp,100,2.103779,0
1790012550.033390,77,ciclo1_AC_AP,concentrator_alimentador_650,prosumer632,cfp,100,6.684565,0
1790012550.033625,77,ciclo1_AC_AP,concentrator_alimentador_650,prosumer634,cfp,100,6.796603,0
1790012550.033881,77,ciclo1_AC_AP,concentrator_alimentador_650,prosumer645,cfp,100,7.232994,0
1790012550.034089,77,ciclo1_AC_AP,concentrator_alimentador_650,prosumer646,cfp,100,0.252712,0
1790012550.034350,77,ciclo1_AC_AP,concentrator_alimentador_650,prosumer652,cfp,100,0.564087,0
1790012550.034553,77,ciclo1_AC_AP,concentrator_alimentador_650,prosumer670,cfp,100,0.381401,0
1790012550.034702,77,ciclo1_AC_AP,concentrator_alimentador_650,prosumer671,cfp,100,2.122630,0
1790012550.034830,77,ciclo1_AC_AP,concentrator_alimentador_650,prosumer675,cfp,100,5.037645,0
1790012550.034957,77,ciclo1_AC_AP,concentrator_alimentador_650,prosumer692,cfp,100,0.054081,0
1790012550.038511,77,ciclo1_AC_AP,prosumer692,concentrator_alimentador_650,propose,246,4.078841,0
1790012550.040284,77,ciclo1_AC_AP,prosumer646,concentrator_alimentador_650,propose,398,7.004007,0
1790012550.042389,77,ciclo1_AC_AP,prosumer670,concentrator_alimentador_650,propose,187,3.619970,0
1790012550.043868,77,ciclo1_AC_AP,prosumer652,concentrator_alimentador_650,propose,170,4.491008,0
1790012550.057820,77,ciclo1_AC_AP,prosumer611,concentrator_alimentador_650,propose,107,6.633082,0
1790012550.060696,77,ciclo1_AC_AP,prosumer671,concentrator_alimentador_650,propose,383,13.599471,0
1790012550.088507,77,ciclo1_AC_AP,prosumer675,concentrator_alimentador_650,propose,358,13.437603,0
1790012550.103948,77,ciclo1_AC_AP,prosumer632,concentrator_alimentador_650,propose,267,9.948006,0
1790012550.105507,77,ciclo1_AC_AP,prosumer634,concentrator_alimentador_650,propose,287,10.332272,0
1790012550.108969,77,ciclo1_AC_AP,prosumer645,concentrator_alimentador_650,propose,399,16.919562,0
1790012550.281615,77,ciclo2_AD_AC,dso,concentrator_alimentador_650,cfp,100,0.157709,0
1790012550.286051,77,ciclo2_AD_AC,concentrator_alimentador_650,dso,propose,1325,20.716918,0
1790012550.496285,77,ciclo3_AM_AC_AD,market,dso,cfp,100,1.999121,0
1790012550.523467,77,ciclo3_AM_AC_AD,dso,market,propose,1012,17.980244,0
1790012550.707719,77,ciclo3_AM_AC_AD,market,concentrator_alimentador_650,cfp,100,3.251153,0
1790012550.708327,77,ciclo3_AM_AC_AD,market,dso,cfp,100,2.845514,0
1790012550.772069,77,ciclo3_AM_AC_AD,dso,market,propose,1415,25.666789,0
1790012550.774593,77,ciclo3_AM_AC_AD,concentrator_alimentador_650,market,propose,1066,18.580183,0
1790012551.093692,78,ciclo1_AC_AP,concentrator_alimentador_650,prosumer611,cfp,100,5.555125,0
1790012551.094281,78,ciclo1_AC_AP,concentrator_alimentador_650,prosumer632,cfp,100,4.002256,0
1790012551.094690,78,ciclo1_AC_AP,concentrator_alimentador_650,prosumer634,cfp,100,3.217003,0
1790012551.095064,78,ciclo1_AC_AP,concentrator_alimentador_650,prosumer645,cfp,100,2.147301,0
1790012551.095466,78,ciclo1_AC_AP,concentrator_alimentador_650,prosumer646,cfp,100,0.295580,0
1790012551.095794,78,ciclo1_AC_AP,concentrator_alimentador_650,prosumer652,cfp,100,4.872476,0
1790012551.096288,78,ciclo1_AC_AP,concentrator_alimentador_650,prosumer670,cfp,100,0.950377,0
1790012551.096796,78,ciclo1_AC_AP,concentrator_alimentador_650,prosumer671,cfp,100,5.805046,0
1790012551.097127,78,ciclo1_AC_AP,concentrator_alimentador_650,prosumer675,cfp,100,4.908629,0
1790012551.097430,78,ciclo1_AC_AP,concentrator_alimentador_650,prosumer692,cfp,100,2.004747,0
1790012551.100881,78,ciclo1_AC_AP,prosumer646,concentrator_alimentador_650,propose,302,6.893811,0
1790012551.108213,78,ciclo1_AC_AP,prosumer670,concentrator_alimentador_650,propose,179,5.068944,0
1790012551.121278,78,ciclo1_AC_AP,prosumer645,concentrator_alimentador_650,propose,190,10.800075,0
1790012551.123454,78,ciclo1_AC_AP,prosumer692,concentrator_alimentador_650,propose,361,5.814905,0
1790012551.129693,78,ciclo1_AC_AP,prosumer634,concentrator_alimentador_650,propose,139,8.642371,0
1790012551.136967,78,ciclo1_AC_AP,prosumer632,concentrator_alimentador_650,propose,169,8.149858,0
1790012551.149199,78,ciclo1_AC_AP,prosumer652,concentrator_alimentador_650,propose,491,17.622941,0
1790012551.152381,78,ciclo1_AC_AP,prosumer675,concentrator_alimentador_650,propose,205,10.929741,0
1790012551.154190,78,ciclo1_AC_AP,prosumer611,concentrator_alimentador_650,propose,500,16.770450,0
1790012551.157441,78,ciclo1_AC_AP,prosumer671,concentrator_alimentador_650,propose,496,15.772997,0
1790012551.328347,78,ciclo2_AD_AC,dso,concentrator_alimentador_650,cfp,100,3.948848,0
1790012551.371336,78,ciclo2_AD_AC,concentrator_alimentador_650,dso,propose,1254,18.776537,0
1790012551.561363,78,ciclo3_AM_AC_AD,market,dso,cfp,100,0.311472,0
1790012551.567688,78,ciclo3_AM_AC_AD,dso,market,propose,1291,22.280607,0
1790012551.794821,78,ciclo3_AM_AC_AD,market,concentrator_alimentador_650,cfp,100,2.735714,0
1790012551.795212,78,ciclo3_AM_AC_AD,market,dso,cfp,100,3.910348,0
1790012551.850324,78,ciclo3_AM_AC_AD,concentrator_alimentador_650,market,propose,1392,22.705252,0
1790012551.865537,78,ciclo3_AM_AC_AD,dso,market,propose,1356,21.351684,0
1790012552.161067,79,ciclo1_AC_AP,concentrator_alimentador_650,prosumer611,cfp,100,5.306164,0
1790012552.161698,79,ciclo1_AC_AP,concentrator_alimentador_650,prosumer632,cfp,100,7.810056,0
1790012552.162220,79,ciclo1_AC_AP,concentrator_alimentador_650,prosumer634,cfp,100,7.796911,0
1790012552.162598,79,ciclo1_AC_AP,concentrator_alimentador_650,prosumer645,cfp,100,6.713761,0
1790012552.162874,79,ciclo1_AC_AP,concentrator_alimentador_650,prosumer646,cfp,100,0.630983,0
1790012552.163095,79,ciclo1_AC_AP,concentrator_alimentador_650,prosumer652,cfp,100,6.615439,0
1790012552.163349,79,ciclo1_AC_AP,concentrator_alimentador_650,prosumer670,cfp,100,0.986931,0
1790012552.163536,79,ciclo1_AC_AP,concentrator_alimentador_650,prosumer671,cfp,100,3.276543,0
1790012552.163730,79,ciclo1_AC_AP,concentrator_alimentador_650,prosumer675,cfp,100,5.728887,0
1790012552.163906,79,ciclo1_AC_AP,concentrator_alimentador_650,prosumer692,cfp,100,1.416748,0
1790012552.174093,79,ciclo1_AC_AP,prosumer646,concentrator_alimentador_650,propose,209,2.854626,0
1790012552.177110,79,ciclo1_AC_AP,prosumer670,concentrator_alimentador_650,propose,220,4.331241,0
1790012552.180623,79,ciclo1_AC_AP,prosumer692,concentrator_alimentador_650,propose,475,8.384358,0
1790012552.200182,79,ciclo1_AC_AP,prosumer671,concentrator_alimentador_650,propose,167,8.181622,0
1790012552.216773,79,ciclo1_AC_AP,prosumer611,concentrator_alimentador_650,propose,219,8.336848,0
1790012552.224237,79,ciclo1_AC_AP,prosumer675,concentrator_alimentador_650,propose,489,17.074827,0
1790012552.232109,79,ciclo1_AC_AP,prosumer652,concentrator_alimentador_650,propose,296,11.226893,0
1790012552.233813,79,ciclo1_AC_AP,prosumer645,concentrator_alimentador_650,propose,280,11.856492,0
1790012552.242769,79,ciclo1_AC_AP,prosumer632,concentrator_alimentador_650,propose,411,13.379744,0
1790012552.244029,79,ciclo1_AC_AP,prosumer634,concentrator_alimentador_650,propose,402,17.016613,0
1790012552.417800,79,ciclo2_AD_AC,dso,concentrator_alimentador_650,cfp,100,2.287776,0
1790012552.443888,79,ciclo2_AD_AC,concentrator_alimentador_650,dso,propose,1067,18.080287,0
1790012552.628899,79,ciclo3_AM_AC_AD,market,dso,cfp,100,1.051985,0
1790012552.646028,79,ciclo3_AM_AC_AD,dso,market,propose,1322,21.996974,0
1790012552.871875,79,ciclo3_AM_AC_AD,market,concentrator_alimentador_650,cfp,100,1.080153,0
1790012552.872376,79,ciclo3_AM_AC_AD,market,dso,cfp,100,3.514647,0
1790012552.908803,79,ciclo3_AM_AC_AD,concentrator_alimentador_650,market,propose,1255,21.207214,0
1790012552.936303,79,ciclo3_AM_AC_AD,dso,market,propose,1461,23.338840,0
1790012553.234445,80,ciclo1_AC_AP,concentrator_alimentador_650,prosumer611,cfp,100,2.583096,0
1790012553.234950,80,ciclo1_AC_AP,concentrator_alimentador_650,prosumer632,cfp,100,3.485848,0
1790012553.235165,80,ciclo1_AC_AP,concentrator_alimentador_650,prosumer634,cfp,100,3.427345,0
1790012553.235332,80,ciclo1_AC_AP,concentrator_alimentador_650,prosumer645,cfp,100,3.516916,0
1790012553.235640,80,ciclo1_AC_AP,concentrator_alimentador_650,prosumer646,cfp,100,1.344979,0
1790012553.236125,80,ciclo1_AC_AP,concentrator_alimentador_650,prosumer652,cfp,100,0.995344,0
1790012553.236717,80,ciclo1_AC_AP,concentrator_alimentador_650,prosumer670,cfp,100,1.656724,0
1790012553.237026,80,ciclo1_AC_AP,concentrator_alimentador_650,prosumer671,cfp,100,5.877740,0
1790012553.237188,80,ciclo1_AC_AP,concentrator_alimentador_650,prosumer675,cfp,100,7.258374,0
1790012553.237314,80,ciclo1_AC_AP,concentrator_alimentador_650,prosumer692,cfp,100,1.785956,0
1790012553.249009,80,ciclo1_AC_AP,prosumer652,concentrator_alimentador_650,propose,155,6.383340,0
1790012553.251495,80,ciclo1_AC_AP,prosumer646,concentrator_alimentador_650,propose,415,9.237585,0
1790012553.256217,80,ciclo1_AC_AP,prosumer670,concentrator_alimentador_650,propose,113,0.479370,0
1790012553.258351,80,ciclo1_AC_AP,prosumer692,concentrator_alimentador_650,propose,369,7.361717,0
1790012553.262714,80,ciclo1_AC_AP,prosumer611,concentrator_alimentador_650,propose,405,13.531511,0
1790012553.273067,80,ciclo1_AC_AP,prosumer634,concentrator_alimentador_650,propose,283,9.563687,0
1790012553.274953,80,ciclo1_AC_AP,prosumer632,concentrator_alimentador_650,propose,350,11.891187,0
1790012553.276390,80,ciclo1_AC_AP,prosumer645,concentrator_alimentador_650,propose,333,12.091954,0
1790012553.300269,80,ciclo1_AC_AP,prosumer671,concentrator_alimentador_650,propose,258,13.677312,0
1790012553.312023,80,ciclo1_AC_AP,prosumer675,concentrator_alimentador_650,propose,106,2.901111,0
1790012553.439903,80,ciclo2_AD_AC,dso,concentrator_alimentador_650,cfp,100,3.410891,0
1790012553.478639,80,ciclo2_AD_AC,concentrator_alimentador_650,dso,propose,1490,25.326161,0
1790012553.738299,80,ciclo3_AM_AC_AD,market,dso,cfp,100,3.859589,0
1790012553.785885,80,ciclo3_AM_AC_AD,dso,market,propose,1112,18.236777,0
1790012553.972877,80,ciclo3_AM_AC_AD,market,concentrator_alimentador_650,cfp,100,3.428131,0
1790012553.973310,80,ciclo3_AM_AC_AD,market,dso,cfp,100,0.173704,0
1790012554.006859,80,ciclo3_AM_AC_AD,dso,market,propose,1284,22.123616,0
1790012554.029336,80,ciclo3_AM_AC_AD,concentrator_alimentador_650,market,propose,1334,22.662900,0
1790012554.320753,81,ciclo1_AC_AP,concentrator_alimentador_650,prosumer611,cfp,100,3.282033,0
1790012554.321226,81,ciclo1_AC_AP,concentrator_alimentador_650,prosumer632,cfp,100,6.920685,0
1790012554.321457,81,ciclo1_AC_AP,concentrator_alimentador_650,prosumer634,cfp,100,2.380864,0
1790012554.321657,81,ciclo1_AC_AP,concentrator_alimentador_650,prosumer645,cfp,100,3.812818,0
1790012554.321867,81,ciclo1_AC_AP,concentrator_alimentador_650,prosumer646,cfp,100,2.937431,0
1790012554.322044,81,ciclo1_AC_AP,concentrator_alimentador_650,prosumer652,cfp,100,3.948569,0
1790012554.322222,81,ciclo1_AC_AP,concentrator_alimentador_650,prosumer670,cfp,100,2.671157,0
1790012554.322398,81,ciclo1_AC_AP,concentrator_alimentador_650,prosumer671,cfp,100,2.446283,0
1790012554.322569,81,ciclo1_AC_AP,concentrator_alimentador_650,prosumer675,cfp,100,3.884618,0
1790012554.322778,81,ciclo1_AC_AP,concentrator_alimentador_650,prosumer692,cfp,100,2.024180,0
1790012554.346753,81,ciclo1_AC_AP,prosumer692,concentrator_alimentador_650,propose,183,4.493424,0
1790012554.349625,81,ciclo1_AC_AP,prosumer634,concentrator_alimentador_650,propose,438,17.987426,0
1790012554.351011,81,ciclo1_AC_AP,prosumer671,concentrator_alimentador_650,propose,353,9.419645,0
1790012554.353240,81,ciclo1_AC_AP,prosumer670,concentrator_alimentador_650,propose,477,6.286631,0
1790012554.354605,81,ciclo1_AC_AP,prosumer646,concentrator_alimentador_650,propose,346,7.065630,0
1790012554.356376,81,ciclo1_AC_AP,prosumer611,concentrator_alimentador_650,propose,379,12.637161,0
1790012554.362729,81,ciclo1_AC_AP,prosumer645,concentrator_alimentador_650,propose,260,11.788376,0
1790012554.365549,81,ciclo1_AC_AP,prosumer675,concentrator_alimentador_650,propose,460,15.331840,0
1790012554.367122,81,ciclo1_AC_AP,prosumer652,concentrator_alimentador_650,propose,140,8.301200,0
1790012554.394578,81,ciclo1_AC_AP,prosumer632,concentrator_alimentador_650,propose,232,10.832167,0
1790012554.533236,81,ciclo2_AD_AC,dso,concentrator_alimentador_650,cfp,100,0.279208,0
1790012554.539040,81,ciclo2_AD_AC,concentrator_alimentador_650,dso,propose,1070,16.941934,0
1790012554.712485,81,ciclo3_AM_AC_AD,market,dso,cfp,100,2.301436,0
1790012554.742289,81,ciclo3_AM_AC_AD,dso,market,propose,1309,21.239897,0
1790012554.958503,81,ciclo3_AM_AC_AD,market,concentrator_alimentador_650,cfp,100,0.363657,0
1790012554.958853,81,ciclo3_AM_AC_AD,market,dso,cfp,100,0.585368,0
1790012554.985556,81,ciclo3_AM_AC_AD,concentrator_alimentador_650,market,propose,1205,19.807529,0
1790012554.993427,81,ciclo3_AM_AC_AD,dso,market,propose,1360,20.703786,0
1790012555.266141,82,ciclo1_AC_AP,concentrator_alimentador_650,prosumer611,cfp,100,3.946239,0
1790012555.266703,82,ciclo1_AC_AP,concentrator_alimentador_650,prosumer632,cfp,100,7.756537,0
1790012555.267012,82,ciclo1_AC_AP,concentrator_alimentador_650,prosumer634,cfp,100,4.645644,0
1790012555.267184,82,ciclo1_AC_AP,concentrator_alimentador_650,prosumer645,cfp,100,4.831651,0
1790012555.267341,82,ciclo1_AC_AP,concentrator_alimentador_650,prosumer646,cfp,100,3.475571,0
1790012555.267452,82,ciclo1_AC_AP,concentrator_alimentador_650,prosumer652,cfp,100,2.465231,0
1790012555.267555,82,ciclo1_AC_AP,concentrator_alimentador_650,prosumer670,cfp,100,1.537484,0
1790012555.267655,82,ciclo1_AC_AP,concentrator_alimentador_650,prosumer671,cfp,100,2.985625,0
1790012555.267868,82,ciclo1_AC_AP,concentrator_alimentador_650,prosumer675,cfp,100,3.676736,0
1790012555.268071,82,ciclo1_AC_AP,concentrator_alimentador_650,prosumer692,cfp,100,0.820246,0
1790012555.279835,82,ciclo1_AC_AP,prosumer692,concentrator_alimentador_650,propose,197,2.116757,0
1790012555.285515,82,ciclo1_AC_AP,prosumer670,concentrator_alimentador_650,propose,262,6.418856,0
1790012555.296439,82,ciclo1_AC_AP,prosumer652,concentrator_alimentador_650,propose,249,4.517144,0
1790012555.300416,82,ciclo1_AC_AP,prosumer671,concentrator_alimentador_650,propose,296,9.727855,0
1790012555.304840,82,ciclo1_AC_AP,prosumer646,concentrator_alimentador_650,propose,130,3.505528,0
1790012555.306705,82,ciclo1_AC_AP,prosumer675,concentrator_alimentador_650,propose,206,5.930949,0
1790012555.308485,82,ciclo1_AC_AP,prosumer611,concentrator_alimentador_650,propose,119,5.028340,0
1790012555.315982,82,ciclo1_AC_AP,prosumer634,concentrator_alimentador_650,propose,261,11.807878,0
1790012555.318285,82,ciclo1_AC_AP,prosumer645,concentrator_alimentador_650,propose,471,15.294378,0
1790012555.346408,82,ciclo1_AC_AP,prosumer632,concentrator_alimentador_650,propose,482,16.346853,0
1790012555.515769,82,ciclo2_AD_AC,dso,concentrator_alimentador_650,cfp,100,0.618865,0
1790012555.524660,82,ciclo2_AD_AC,concentrator_alimentador_650,dso,propose,1492,23.485627,0
1790012555.763166,82,ciclo3_AM_AC_AD,market,dso,cfp,100,2.735131,0
1790012555.798164,82,ciclo3_AM_AC_AD,dso,market,propose,1127,19.409975,0
1790012555.994917,82,ciclo3_AM_AC_AD,market,concentrator_alimentador_650,cfp,100,2.854266,0
1790012555.995074,82,ciclo3_AM_AC_AD,market,dso,cfp,100,1.746950,0
1790012556.035689,82,ciclo3_AM_AC_AD,dso,market,propose,1175,19.747580,0
1790012556.045443,82,ciclo3_AM_AC_AD,concentrator_alimentador_650,market,propose,1441,23.919924,0
1790012556.351536,83,ciclo1_AC_AP,concentrator_alimentador_650,prosumer611,cfp,100,7.141206,0
1790012556.352231,83,ciclo1_AC_AP,concentrator_alimentador_650,prosumer632,cfp,100,2.093322,0
1790012556.352560,83,ciclo1_AC_AP,concentrator_alimentador_650,prosumer634,cfp,100,5.611391,0
1790012556.352808,83,ciclo1_AC_AP,concentrator_alimentador_650,prosumer645,cfp,100,5.555117,0
1790012556.352999,83,ciclo1_AC_AP,concentrator_alimentador_650,prosumer646,cfp,100,1.933798,0
1790012556.353182,83,ciclo1_AC_AP,concentrator_alimentador_650,prosumer652,cfp,100,5.035728,0
1790012556.353355,83,ciclo1_AC_AP,concentrator_alimentador_650,prosumer670,cfp,100,2.485003,0
1790012556.353528,83,ciclo1_AC_AP,concentrator_alimentador_650,prosumer671,cfp,100,4.212677,0
1790012556.353719,83,ciclo1_AC_AP,concentrator_alimentador_650,prosumer675,cfp,100,5.642900,0
1790012556.354107,83,ciclo1_AC_AP,concentrator_alimentador_650,prosumer692,cfp,100,0.874770,0
1790012556.366000,83,ciclo1_AC_AP,prosumer692,concentrator_alimentador_650,propose,325,4.430203,0
1790012556.376243,83,ciclo1_AC_AP,prosumer646,concentrator_alimentador_650,propose,442,9.898767,0
1790012556.377667,83,ciclo1_AC_AP,prosumer632,concentrator_alimentador_650,propose,471,16.555038,0
1790012556.380756,83,ciclo1_AC_AP,prosumer670,concentrator_alimentador_650,propose,437,9.596505,0
1790012556.398662,83,ciclo1_AC_AP,prosumer671,concentrator_alimentador_650,propose,436,15.508031,0
1790012556.406309,83,ciclo1_AC_AP,prosumer652,concentrator_alimentador_650,propose,215,10.700406,0
1790012556.410985,83,ciclo1_AC_AP,prosumer645,concentrator_alimentador_650,propose,233,7.950087,0
1790012556.413034,83,ciclo1_AC_AP,prosumer634,concentrator_alimentador_650,propose,276,9.992910,0
1790012556.415339,83,ciclo1_AC_AP,prosumer675,concentrator_alimentador_650,propose,443,16.755661,0
1790012556.425732,83,ciclo1_AC_AP,prosumer611,concentrator_alimentador_650,propose,183,9.795010,0
1790012556.586692,83,ciclo2_AD_AC,dso,concentrator_alimentador_650,cfp,100,1.607894,0
1790012556.605574,83,ciclo2_AD_AC,concentrator_alimentador_650,dso,propose,1156,20.660352,0
1790012556.817937,83,ciclo3_AM_AC_AD,market,dso,cfp,100,1.383732,0
1790012556.837225,83,ciclo3_AM_AC_AD,dso,market,propose,1008,15.293071,0
1790012556.993617,83,ciclo3_AM_AC_AD,market,concentrator_alimentador_650,cfp,100,3.000138,0
1790012556.993920,83,ciclo3_AM_AC_AD,market,dso,cfp,100,3.124552,0
1790012557.061931,83,ciclo3_AM_AC_AD,concentrator_alimentador_650,market,propose,1182,19.478585,0
1790012557.067571,83,ciclo3_AM_AC_AD,dso,market,propose,1293,20.518900,0
1790012557.337930,84,ciclo1_AC_AP,concentrator_alimentador_650,prosumer611,cfp,100,1.337612,0
1790012557.338190,84,ciclo1_AC_AP,concentrator_alimentador_650,prosumer632,cfp,100,5.616577,0
1790012557.338386,84,ciclo1_AC_AP,concentrator_alimentador_650,prosumer634,cfp,100,2.283956,0
1790012557.338514,84,ciclo1_AC_AP,concentrator_alimentador_650,prosumer645,cfp,100,1.860751,0
1790012557.338836,84,ciclo1_AC_AP,concentrator_alimentador_650,prosumer646,cfp,100,2.744306,0
1790012557.339152,84,ciclo1_AC_AP,concentrator_alimentador_650,prosumer652,cfp,100,2.394547,0
1790012557.339381,84,ciclo1_AC_AP,concentrator_alimentador_650,prosumer670,cfp,100,2.940170,0
1790012557.339559,84,ciclo1_AC_AP,concentrator_alimentador_650,prosumer671,cfp,100,5.702137,0
1790012557.339719,84,ciclo1_AC_AP,concentrator_alimentador_650,prosumer675,cfp,100,0.572465,0
1790012557.339917,84,ciclo1_AC_AP,concentrator_alimentador_650,prosumer692,cfp,100,1.181994,0
1790012557.349193,84,ciclo1_AC_AP,prosumer675,concentrator_alimentador_650,propose,376,10.372198,0
1790012557.353936,84,ciclo1_AC_AP,prosumer611,concentrator_alimentador_650,propose,129,7.834607,0
1790012557.355392,84,ciclo1_AC_AP,prosumer692,concentrator_alimentador_650,propose,474,8.121362,0
1790012557.359365,84,ciclo1_AC_AP,prosumer645,concentrator_alimentador_650,propose,422,14.186027,0
1790012557.363579,84,ciclo1_AC_AP,prosumer634,concentrator_alimentador_650,propose,177,4.821145,0
1790012557.365647,84,ciclo1_AC_AP,prosumer652,concentrator_alimentador_650,propose,280,12.600986,0
1790012557.368729,84,ciclo1_AC_AP,prosumer646,concentrator_alimentador_650,propose,111,3.598196,0
1790012557.370728,84,ciclo1_AC_AP,prosumer670,concentrator_alimentador_650,propose,351,6.963487,0
1790012557.398050,84,ciclo1_AC_AP,prosumer632,concentrator_alimentador_650,propose,421,18.827091,0
1790012557.400638,84,ciclo1_AC_AP,prosumer671,concentrator_alimentador_650,propose,131,10.030809,0
1790012557.591310,84,ciclo2_AD_AC,dso,concentrator_alimentador_650,cfp,100,2.344928,0
1790012557.618171,84,ciclo2_AD_AC,concentrator_alimentador_650,dso,propose,1012,14.995000,0
1790012557.773643,84,ciclo3_AM_AC_AD,market,dso,cfp,100,3.378085,0
1790012557.837919,84,ciclo3_AM_AC_AD,dso,market,propose,1123,18.536711,0
1790012558.028505,84,ciclo3_AM_AC_AD,market,concentrator_alimentador_650,cfp,100,3.686542,0
1790012558.028835,84,ciclo3_AM_AC_AD,market,dso,cfp,100,2.870048,0
1790012558.088481,84,ciclo3_AM_AC_AD,dso,market,propose,1023,18.595299,0
1790012558.089826,84,ciclo3_AM_AC_AD,concentrator_alimentador_650,market,propose,1006,15.485683,0
1790012558.339171,85,ciclo1_AC_AP,concentrator_alimentador_650,prosumer611,cfp,100,1.594039,0
1790012558.339636,85,ciclo1_AC_AP,concentrator_alimentador_650,prosumer632,cfp,100,4.151464,0
1790012558.339913,85,ciclo1_AC_AP,concentrator_alimentador_650,prosumer634,cfp,100,1.022014,0
1790012558.340119,85,ciclo1_AC_AP,concentrator_alimentador_650,prosumer645,cfp,100,4.400229,0
1790012558.340283,85,ciclo1_AC_AP,concentrator_alimentador_650,prosumer646,cfp,100,3.618472,0
1790012558.340438,85,ciclo1_AC_AP,concentrator_alimentador_650,prosumer652,cfp,100,3.366254,0
1790012558.340626,85,ciclo1_AC_AP,concentrator_alimentador_650,prosumer670,cfp,100,0.309630,0
1790012558.340923,85,ciclo1_AC_AP,concentrator_alimentador_650,prosumer671,cfp,100,1.842676,0
1790012558.341372,85,ciclo1_AC_AP,concentrator_alimentador_650,prosumer675,cfp,100,7.032163,0
1790012558.341805,85,ciclo1_AC_AP,concentrator_alimentador_650,prosumer692,cfp,100,2.939378,0
1790012558.346176,85,ciclo1_AC_AP,prosumer670,concentrator_alimentador_650,propose,215,4.215345,0
1790012558.352760,85,ciclo1_AC_AP,prosumer634,concentrator_alimentador_650,propose,434,14.673656,0
1790012558.358599,85,ciclo1_AC_AP,prosumer611,concentrator_alimentador_650,propose,267,14.152957,0
1790012558.362476,85,ciclo1_AC_AP,prosumer671,concentrator_alimentador_650,propose,134,9.666858,0
1790012558.374453,85,ciclo1_AC_AP,prosumer692,concentrator_alimentador_650,propose,131,4.146612,0
1790012558.376825,85,ciclo1_AC_AP,prosumer652,concentrator_alimentador_650,propose,276,12.458190,0
1790012558.379425,85,ciclo1_AC_AP,prosumer646,concentrator_alimentador_650,propose,439,9.125999,0
1790012558.384081,85,ciclo1_AC_AP,prosumer632,concentrator_alimentador_650,propose,316,15.533818,0
1790012558.386777,85,ciclo1_AC_AP,prosumer645,concentrator_alimentador_650,propose,169,7.309202,0
1790012558.415253,85,ciclo1_AC_AP,prosumer675,concentrator_alimentador_650,propose,210,8.568437,0
1790012558.545471,85,ciclo2_AD_AC,dso,concentrator_alimentador_650,cfp,100,0.457302,0
1790012558.554563,85,ciclo2_AD_AC,concentrator_alimentador_650,dso,propose,1229,21.285167,0
1790012558.772142,85,ciclo3_AM_AC_AD,market,dso,cfp,100,2.566734,0
1790012558.807304,85,ciclo3_AM_AC_AD,dso,market,propose,1222,19.224546,0
1790012559.004791,85,ciclo3_AM_AC_AD,market,concentrator_alimentador_650,cfp,100,2.252766,0
1790012559.005175,85,ciclo3_AM_AC_AD,market,dso,cfp,100,3.692575,0
1790012559.059697,85,ciclo3_AM_AC_AD,concentrator_alimentador_650,market,propose,1072,19.135098,0
1790012559.072344,85,ciclo3_AM_AC_AD,dso,market,propose,1183,20.176589,0
1790012559.337843,86,ciclo1_AC_AP,concentrator_alimentador_650,prosumer611,cfp,100,3.068873,0
1790012559.338174,86,ciclo1_AC_AP,concentrator_alimentador_650,prosumer632,cfp,100,5.138531,0
1790012559.338367,86,ciclo1_AC_AP,concentrator_alimentador_650,prosumer634,cfp,100,6.473662,0
1790012559.338531,86,ciclo1_AC_AP,concentrator_alimentador_650,prosumer645,cfp,100,1.706959,0
1790012559.338691,86,ciclo1_AC_AP,concentrator_alimentador_650,prosumer646,cfp,100,3.138650,0
1790012559.338852,86,ciclo1_AC_AP,concentrator_alimentador_650,prosumer652,cfp,100,5.535666,0
1790012559.339002,86,ciclo1_AC_AP,concentrator_alimentador_650,prosumer670,cfp,100,0.612267,0
1790012559.339173,86,ciclo1_AC_AP,concentrator_alimentador_650,prosumer671,cfp,100,5.130398,0
1790012559.339636,86,ciclo1_AC_AP,concentrator_alimentador_650,prosumer675,cfp,100,3.389548,0
1790012559.340259,86,ciclo1_AC_AP,concentrator_alimentador_650,prosumer692,cfp,100,3.937908,0
1790012559.348166,86,ciclo1_AC_AP,prosumer670,concentrator_alimentador_650,propose,259,6.077514,0
1790012559.358820,86,ciclo1_AC_AP,prosumer645,concentrator_alimentador_650,propose,190,5.595648,0
1790012559.373126,86,ciclo1_AC_AP,prosumer611,concentrator_alimentador_650,propose,432,16.172607,0
1790012559.375899,86,ciclo1_AC_AP,prosumer646,concentrator_alimentador_650,propose,268,5.032477,0
1790012559.378069,86,ciclo1_AC_AP,prosumer675,concentrator_alimentador_650,propose,472,12.907235,0
1790012559.382188,86,ciclo1_AC_AP,prosumer692,concentrator_alimentador_650,propose,482,6.517255,0
1790012559.392926,86,ciclo1_AC_AP,prosumer632,concentrator_alimentador_650,propose,309,9.351971,0
1790012559.394208,86,ciclo1_AC_AP,prosumer671,concentrator_alimentador_650,propose,295,12.026443,0
1790012559.396062,86,ciclo1_AC_AP,prosumer652,concentrator_alimentador_650,propose,104,2.796376,0
1790012559.405424,86,ciclo1_AC_AP,prosumer634,concentrator_alimentador_650,propose,309,10.940591,0
1790012559.538165,86,ciclo2_AD_AC,dso,concentrator_alimentador_650,cfp,100,0.664370,0
1790012559.547968,86,ciclo2_AD_AC,concentrator_alimentador_650,dso,propose,1456,22.325374,0
1790012559.779094,86,ciclo3_AM_AC_AD,market,dso,cfp,100,0.586782,0
1790012559.793200,86,ciclo3_AM_AC_AD,dso,market,propose,1135,19.034942,0
1790012559.986611,86,ciclo3_AM_AC_AD,market,concentrator_alimentador_650,cfp,100,2.184483,0
1790012559.986752,86,ciclo3_AM_AC_AD,market,dso,cfp,100,1.021590,0
1790012560.017040,86,ciclo3_AM_AC_AD,dso,market,propose,1273,22.776340,0
1790012560.022972,86,ciclo3_AM_AC_AD,concentrator_alimentador_650,market,propose,1272,20.290221,0
1790012560.304552,87,ciclo1_AC_AP,concentrator_alimentador_650,prosumer611,cfp,100,4.963842,0
1790012560.304740,87,ciclo1_AC_AP,concentrator_alimentador_650,prosumer632,cfp,100,3.930763,0
1790012560.304860,87,ciclo1_AC_AP,concentrator_alimentador_650,prosumer634,cfp,100,3.963332,0
1790012560.304968,87,ciclo1_AC_AP,concentrator_alimentador_650,prosumer645,cfp,100,3.724975,0
1790012560.305072,87,ciclo1_AC_AP,concentrator_alimentador_650,prosumer646,cfp,100,1.854322,0
1790012560.305176,87,ciclo1_AC_AP,concentrator_alimentador_650,prosumer652,cfp,100,4.654614,0
1790012560.305277,87,ciclo1_AC_AP,concentrator_alimentador_650,prosumer670,cfp,100,3.767311,0
1790012560.305375,87,ciclo1_AC_AP,concentrator_alimentador_650,prosumer671,cfp,100,4.756368,0
1790012560.305473,87,ciclo1_AC_AP,concentrator_alimentador_650,prosumer675,cfp,100,0.838884,0
1790012560.305571,87,ciclo1_AC_AP,concentrator_alimentador_650,prosumer692,cfp,100,1.873734,0
1790012560.318187,87,ciclo1_AC_AP,prosumer675,concentrator_alimentador_650,propose,476,15.604673,0
1790012560.327714,87,ciclo1_AC_AP,prosumer646,concentrator_alimentador_650,propose,451,9.583040,0
1790012560.329220,87,ciclo1_AC_AP,prosumer692,concentrator_alimentador_650,propose,460,9.334957,0
1790012560.346735,87,ciclo1_AC_AP,prosumer645,concentrator_alimentador_650,propose,336,10.406925,0
1790012560.349648,87,ciclo1_AC_AP,prosumer670,concentrator_alimentador_650,propose,488,7.817880,0
1790012560.351502,87,ciclo1_AC_AP,prosumer632,concentrator_alimentador_650,propose,121,4.537428,0
1790012560.352875,87,ciclo1_AC_AP,prosumer634,concentrator_alimentador_650,propose,389,18.897586,0
1790012560.355134,87,ciclo1_AC_AP,prosumer652,concentrator_alimentador_650,propose,162,8.978104,0
1790012560.356546,87,ciclo1_AC_AP,prosumer671,concentrator_alimentador_650,propose,309,12.772740,0
1790012560.358245,87,ciclo1_AC_AP,prosumer611,concentrator_alimentador_650,propose,299,12.121215,0
1790012560.547732,87,ciclo2_AD_AC,dso,concentrator_alimentador_650,cfp,100,1.380454,0
1790012560.565984,87,ciclo2_AD_AC,concentrator_alimentador_650,dso,propose,1087,16.662571,0
1790012560.735201,87,ciclo3_AM_AC_AD,market,dso,cfp,100,0.307875,0
1790012560.741062,87,ciclo3_AM_AC_AD,dso,market,propose,1001,17.936877,0
1790012560.923705,87,ciclo3_AM_AC_AD,market,concentrator_alimentador_650,cfp,100,1.107857,0
1790012560.924035,87,ciclo3_AM_AC_AD,market,dso,cfp,100,3.648874,0
1790012560.959491,87,ciclo3_AM_AC_AD,concentrator_alimentador_650,market,propose,1256,21.846248,0
1790012560.986743,87,ciclo3_AM_AC_AD,dso,market,propose,1070,18.048012,0
1790012561.235225,88,ciclo1_AC_AP,concentrator_alimentador_650,prosumer611,cfp,100,3.000901,0
1790012561.235462,88,ciclo1_AC_AP,concentrator_alimentador_650,prosumer632,cfp,100,3.200442,0
1790012561.235593,88,ciclo1_AC_AP,concentrator_alimentador_650,prosumer634,cfp,100,4.892888,0
1790012561.235644,88,ciclo1_AC_AP,concentrator_alimentador_650,prosumer645,cfp,100,2.646665,0
1790012561.235691,88,ciclo1_AC_AP,concentrator_alimentador_650,prosumer646,cfp,100,4.033058,0
1790012561.235739,88,ciclo1_AC_AP,concentrator_alimentador_650,prosumer652,cfp,100,2.639820,0
1790012561.235783,88,ciclo1_AC_AP,concentrator_alimentador_650,prosumer670,cfp,100,0.503683,0
1790012561.235829,88,ciclo1_AC_AP,concentrator_alimentador_650,prosumer671,cfp,100,7.124797,0
1790012561.235873,88,ciclo1_AC_AP,concentrator_alimentador_650,prosumer675,cfp,100,3.277890,0
1790012561.235915,88,ciclo1_AC_AP,concentrator_alimentador_650,prosumer692,cfp,100,2.061805,0
1790012561.241994,88,ciclo1_AC_AP,prosumer670,concentrator_alimentador_650,propose,418,7.085246,0
1790012561.258197,88,ciclo1_AC_AP,prosumer692,concentrator_alimentador_650,propose,438,7.576168,0
1790012561.263380,88,ciclo1_AC_AP,prosumer645,concentrator_alimentador_650,propose,363,9.080852,0
1790012561.264025,88,ciclo1_AC_AP,prosumer652,concentrator_alimentador_650,propose,475,15.301857,0
1790012561.266872,88,ciclo1_AC_AP,prosumer611,concentrator_alimentador_650,propose,458,19.325636,0
1790012561.268800,88,ciclo1_AC_AP,prosumer632,concentrator_alimentador_650,propose,175,8.602140,0
1790012561.269570,88,ciclo1_AC_AP,prosumer675,concentrator_alimentador_650,propose,140,8.727015,0
1790012561.277598,88,ciclo1_AC_AP,prosumer646,concentrator_alimentador_650,propose,268,6.242748,0
1790012561.285548,88,ciclo1_AC_AP,prosumer634,concentrator_alimentador_650,propose,221,7.703592,0
1790012561.310842,88,ciclo1_AC_AP,prosumer671,concentrator_alimentador_650,propose,190,6.631217,0
1790012561.463146,88,ciclo2_AD_AC,dso,concentrator_alimentador_650,cfp,100,2.049539,0
1790012561.489249,88,ciclo2_AD_AC,concentrator_alimentador_650,dso,propose,1126,16.290915,0
1790012561.655734,88,ciclo3_AM_AC_AD,market,dso,cfp,100,0.511625,0
1790012561.665066,88,ciclo3_AM_AC_AD,dso,market,propose,1484,25.178448,0
1790012561.919531,88,ciclo3_AM_AC_AD,market,concentrator_alimentador_650,cfp,100,2.894115,0
1790012561.919702,88,ciclo3_AM_AC_AD,market,dso,cfp,100,2.317551,0
1790012561.963264,88,ciclo3_AM_AC_AD,dso,market,propose,1011,15.713042,0
1790012561.964324,88,ciclo3_AM_AC_AD,concentrator_alimentador_650,market,propose,1489,23.861032,0
1790012562.269323,89,ciclo1_AC_AP,concentrator_alimentador_650,prosumer611,cfp,100,3.324342,0
1790012562.269708,89,ciclo1_AC_AP,concentrator_alimentador_650,prosumer632,cfp,100,4.490651,0
1790012562.269914,89,ciclo1_AC_AP,concentrator_alimentador_650,prosumer634,cfp,100,4.831687,0
1790012562.270097,89,ciclo1_AC_AP,concentrator_alimentador_650,prosumer645,cfp,100,1.250776,0
1790012562.270421,89,ciclo1_AC_AP,concentrator_alimentador_650,prosumer646,cfp,100,3.310372,0
1790012562.270607,89,ciclo1_AC_AP,concentrator_alimentador_650,prosumer652,cfp,100,6.799692,0
1790012562.270778,89,ciclo1_AC_AP,concentrator_alimentador_650,prosumer670,cfp,100,0.536372,0
1790012562.270942,89,ciclo1_AC_AP,concentrator_alimentador_650,prosumer671,cfp,100,5.529375,0
1790012562.271098,89,ciclo1_AC_AP,concentrator_alimentador_650,prosumer675,cfp,100,2.396528,0
1790012562.271348,89,ciclo1_AC_AP,concentrator_alimentador_650,prosumer692,cfp,100,2.624890,0
1790012562.278833,89,ciclo1_AC_AP,prosumer670,concentrator_alimentador_650,propose,186,3.611945,0
1790012562.285694,89,ciclo1_AC_AP,prosumer645,concentrator_alimentador_650,propose,480,14.002499,0
1790012562.297397,89,ciclo1_AC_AP,prosumer675,concentrator_alimentador_650,propose,450,15.338854,0
1790012562.300156,89,ciclo1_AC_AP,prosumer692,concentrator_alimentador_650,propose,387,9.438231,0
1790012562.305807,89,ciclo1_AC_AP,prosumer611,concentrator_alimentador_650,propose,186,8.923271,0
1790012562.307182,89,ciclo1_AC_AP,prosumer646,concentrator_alimentador_650,propose,467,8.359223,0
1790012562.317949,89,ciclo1_AC_AP,prosumer632,concentrator_alimentador_650,propose,140,7.674172,0
1790012562.321068,89,ciclo1_AC_AP,prosumer634,concentrator_alimentador_650,propose,318,9.815782,0
1790012562.327900,89,ciclo1_AC_AP,prosumer671,concentrator_alimentador_650,propose,406,13.516293,0
1790012562.340746,89,ciclo1_AC_AP,prosumer652,concentrator_alimentador_650,propose,153,7.600290,0
1790012562.465202,89,ciclo2_AD_AC,dso,concentrator_alimentador_650,cfp,100,3.952455,0
1790012562.507091,89,ciclo2_AD_AC,concentrator_alimentador_650,dso,propose,1317,22.693357,0
1790012562.738306,89,ciclo3_AM_AC_AD,market,dso,cfp,100,0.732856,0
1790012562.754720,89,ciclo3_AM_AC_AD,dso,market,propose,1321,22.284678,0
1790012562.980962,89,ciclo3_AM_AC_AD,market,concentrator_alimentador_650,cfp,100,3.931914,0
1790012562.981305,89,ciclo3_AM_AC_AD,market,dso,cfp,100,3.267677,0
1790012563.029552,89,ciclo3_AM_AC_AD,dso,market,propose,1234,20.484548,0
1790012563.032572,89,ciclo3_AM_AC_AD,concentrator_alimentador_650,market,propose,1363,21.637863,0
1790012563.316770,90,ciclo1_AC_AP,concentrator_alimentador_650,prosumer611,cfp,100,1.995673,0
1790012563.317237,90,ciclo1_AC_AP,concentrator_alimentador_650,prosumer632,cfp,100,3.441846,0
1790012563.317551,90,ciclo1_AC_AP,concentrator_alimentador_650,prosumer634,cfp,100,2.801082,0
1790012563.317881,90,ciclo1_AC_AP,concentrator_alimentador_650,prosumer645,cfp,100,3.660691,0
1790012563.318126,90,ciclo1_AC_AP,concentrator_alimentador_650,prosumer646,cfp,100,2.772884,0
1790012563.318340,90,ciclo1_AC_AP,concentrator_alimentador_650,prosumer652,cfp,100,3.888679,0
1790012563.318540,90,ciclo1_AC_AP,concentrator_alimentador_650,prosumer670,cfp,100,1.397948,0
1790012563.318971,90,ciclo1_AC_AP,concentrator_alimentador_650,prosumer671,cfp,100,6.662734,0
1790012563.319340,90,ciclo1_AC_AP,concentrator_alimentador_650,prosumer675,cfp,100,3.390353,0
1790012563.319658,90,ciclo1_AC_AP,concentrator_alimentador_650,prosumer692,cfp,100,2.761719,0
1790012563.336116,90,ciclo1_AC_AP,prosumer670,concentrator_alimentador_650,propose,176,2.140909,0
1790012563.339936,90,ciclo1_AC_AP,prosumer611,concentrator_alimentador_650,propose,414,14.285012,0
1790012563.350747,90,ciclo1_AC_AP,prosumer634,concentrator_alimentador_650,propose,408,14.572929,0
1790012563.352709,90,ciclo1_AC_AP,prosumer646,concentrator_alimentador_650,propose,120,0.359080,0
1790012563.354833,90,ciclo1_AC_AP,prosumer692,concentrator_alimentador_650,propose,229,2.408371,0
1790012563.357753,90,ciclo1_AC_AP,prosumer632,concentrator_alimentador_650,propose,274,9.884476,0
1790012563.359662,90,ciclo1_AC_AP,prosumer675,concentrator_alimentador_650,propose,477,16.104588,0
1790012563.361268,90,ciclo1_AC_AP,prosumer645,concentrator_alimentador_650,propose,475,14.431045,0
1790012563.363791,90,ciclo1_AC_AP,prosumer652,concentrator_alimentador_650,propose,292,11.325603,0
1790012563.388861,90,ciclo1_AC_AP,prosumer671,concentrator_alimentador_650,propose,113,4.512786,0
1790012563.524848,90,ciclo2_AD_AC,dso,concentrator_alimentador_650,cfp,100,3.311779,0
1790012563.561705,90,ciclo2_AD_AC,concentrator_alimentador_650,dso,propose,1320,21.272372,0
1790012563.780106,90,ciclo3_AM_AC_AD,market,dso,cfp,100,3.156483,0
1790012563.820363,90,ciclo3_AM_AC_AD,dso,market,propose,1477,25.019231,0
1790012564.076719,90,ciclo3_AM_AC_AD,market,concentrator_alimentador_650,cfp,100,2.671656,0
1790012564.077522,90,ciclo3_AM_AC_AD,market,dso,cfp,100,1.043788,0
1790012564.116420,90,ciclo3_AM_AC_AD,dso,market,propose,1455,22.265700,0
1790012564.122051,90,ciclo3_AM_AC_AD,concentrator_alimentador_650,market,propose,1018,19.052259,0
1790012564.404141,91,ciclo1_AC_AP,concentrator_alimentador_650,prosumer611,cfp,100,4.514750,0
1790012564.404882,91,ciclo1_AC_AP,concentrator_alimentador_650,prosumer632,cfp,100,3.486044,0
1790012564.405433,91,ciclo1_AC_AP,concentrator_alimentador_650,prosumer634,cfp,100,6.408044,0
1790012564.405775,91,ciclo1_AC_AP,concentrator_alimentador_650,prosumer645,cfp,100,4.903752,0
1790012564.406098,91,ciclo1_AC_AP,concentrator_alimentador_650,prosumer646,cfp,100,1.162150,0
1790012564.406357,91,ciclo1_AC_AP,concentrator_alimentador_650,prosumer652,cfp,100,2.865254,0
1790012564.406526,91,ciclo1_AC_AP,concentrator_alimentador_650,prosumer670,cfp,100,3.867449,0
1790012564.406692,91,ciclo1_AC_AP,concentrator_alimentador_650,prosumer671,cfp,100,4.744643,0
1790012564.406862,91,ciclo1_AC_AP,concentrator_alimentador_650,prosumer675,cfp,100,4.469524,0
1790012564.407022,91,ciclo1_AC_AP,concentrator_alimentador_650,prosumer692,cfp,100,1.517265,0
1790012564.421875,91,ciclo1_AC_AP,prosumer646,concentrator_alimentador_650,propose,354,7.385304,0
1790012564.424764,91,ciclo1_AC_AP,prosumer692,concentrator_alimentador_650,propose,145,3.060541,0
1790012564.438266,91,ciclo1_AC_AP,prosumer652,concentrator_alimentador_650,propose,283,8.664025,0
1790012564.443325,91,ciclo1_AC_AP,prosumer632,concentrator_alimentador_650,propose,249,9.742861,0
1790012564.448016,91,ciclo1_AC_AP,prosumer670,concentrator_alimentador_650,propose,443,7.674370,0
1790012564.452432,91,ciclo1_AC_AP,prosumer611,concentrator_alimentador_650,propose,177,9.853557,0
1790012564.454612,91,ciclo1_AC_AP,prosumer675,concentrator_alimentador_650,propose,334,11.809161,0
1790012564.457244,91,ciclo1_AC_AP,prosumer671,concentrator_alimentador_650,propose,220,5.129380,0
1790012564.458579,91,ciclo1_AC_AP,prosumer645,concentrator_alimentador_650,propose,359,13.704009,0
1790012564.473628,91,ciclo1_AC_AP,prosumer634,concentrator_alimentador_650,propose,282,10.569609,0
1790012564.600370,91,ciclo2_AD_AC,dso,concentrator_alimentador_650,cfp,100,3.455843,0
1790012564.639394,91,ciclo2_AD_AC,concentrator_alimentador_650,dso,propose,1083,16.854069,0
1790012564.812660,91,ciclo3_AM_AC_AD,market,dso,cfp,100,3.476211,0
1790012564.879515,91,ciclo3_AM_AC_AD,dso,market,propose,1376,23.949743,0
1790012565.123590,91,ciclo3_AM_AC_AD,market,concentrator_alimentador_650,cfp,100,1.389967,0
1790012565.123861,91,ciclo3_AM_AC_AD,market,dso,cfp,100,3.864905,0
1790012565.162059,91,ciclo3_AM_AC_AD,concentrator_alimentador_650,market,propose,1385,22.921276,0
1790012565.191274,91,ciclo3_AM_AC_AD,dso,market,propose,1207,19.139926,0
1790012565.455177,92,ciclo1_AC_AP,concentrator_alimentador_650,prosumer611,cfp,100,6.564779,0
1790012565.455848,92,ciclo1_AC_AP,concentrator_alimentador_650,prosumer632,cfp,100,4.735510,0
1790012565.456304,92,ciclo1_AC_AP,concentrator_alimentador_650,prosumer634,cfp,100,3.075399,0
1790012565.456577,92,ciclo1_AC_AP,concentrator_alimentador_650,prosumer645,cfp,100,3.178159,0
1790012565.456781,92,ciclo1_AC_AP,concentrator_alimentador_650,prosumer646,cfp,100,1.472258,0
1790012565.456952,92,ciclo1_AC_AP,concentrator_alimentador_650,prosumer652,cfp,100,3.624517,0
1790012565.457198,92,ciclo1_AC_AP,concentrator_alimentador_650,prosumer670,cfp,100,3.738221,0
1790012565.457394,92,ciclo1_AC_AP,concentrator_alimentador_650,prosumer671,cfp,100,1.333182,0
1790012565.457587,92,ciclo1_AC_AP,concentrator_alimentador_650,prosumer675,cfp,100,3.849391,0
1790012565.457767,92,ciclo1_AC_AP,concentrator_alimentador_650,prosumer692,cfp,100,1.561933,0
1790012565.475749,92,ciclo1_AC_AP,prosumer671,concentrator_alimentador_650,propose,272,13.032143,0
1790012565.478421,92,ciclo1_AC_AP,prosumer646,concentrator_alimentador_650,propose,238,4.094199,0
1790012565.480494,92,ciclo1_AC_AP,prosumer692,concentrator_alimentador_650,propose,352,4.110796,0
1790012565.490846,92,ciclo1_AC_AP,prosumer634,concentrator_alimentador_650,propose,301,12.761424,0
1790012565.492805,92,ciclo1_AC_AP,prosumer645,concentrator_alimentador_650,propose,107,4.480157,0
1790012565.496699,92,ciclo1_AC_AP,prosumer652,concentrator_alimentador_650,propose,259,12.043669,0
1790012565.498343,92,ciclo1_AC_AP,prosumer670,concentrator_alimentador_650,propose,371,7.048442,0
1790012565.500332,92,ciclo1_AC_AP,prosumer675,concentrator_alimentador_650,propose,247,7.800850,0
1790012565.506293,92,ciclo1_AC_AP,prosumer632,concentrator_alimentador_650,propose,381,12.378256,0
1790012565.523795,92,ciclo1_AC_AP,prosumer611,concentrator_alimentador_650,propose,340,11.706203,0
1790012565.643302,92,ciclo2_AD_AC,dso,concentrator_alimentador_650,cfp,100,2.744374,0
1790012565.672991,92,ciclo2_AD_AC,concentrator_alimentador_650,dso,propose,1500,23.278254,0
1790012565.908246,92,ciclo3_AM_AC_AD,market,dso,cfp,100,0.833343,0
1790012565.921588,92,ciclo3_AM_AC_AD,dso,market,propose,1017,16.555576,0
1790012566.090542,92,ciclo3_AM_AC_AD,market,concentrator_alimentador_650,cfp,100,2.442716,0
1790012566.090880,92,ciclo3_AM_AC_AD,market,dso,cfp,100,0.793741,0
1790012566.116601,92,ciclo3_AM_AC_AD,dso,market,propose,1395,21.616122,0
1790012566.128086,92,ciclo3_AM_AC_AD,concentrator_alimentador_650,market,propose,1272,21.773319,0
1790012566.409488,93,ciclo1_AC_AP,concentrator_alimentador_650,prosumer611,cfp,100,2.913867,0
1790012566.409602,93,ciclo1_AC_AP,concentrator_alimentador_650,prosumer632,cfp,100,3.875154,0
1790012566.409726,93,ciclo1_AC_AP,concentrator_alimentador_650,prosumer634,cfp,100,4.960490,0
1790012566.409824,93,ciclo1_AC_AP,concentrator_alimentador_650,prosumer645,cfp,100,2.321676,0
1790012566.409891,93,ciclo1_AC_AP,concentrator_alimentador_650,prosumer646,cfp,100,3.712543,0
1790012566.409949,93,ciclo1_AC_AP,concentrator_alimentador_650,prosumer652,cfp,100,4.885284,0
1790012566.410003,93,ciclo1_AC_AP,concentrator_alimentador_650,prosumer670,cfp,100,3.557181,0
1790012566.410058,93,ciclo1_AC_AP,concentrator_alimentador_650,prosumer671,cfp,100,5.734247,0
1790012566.410109,93,ciclo1_AC_AP,concentrator_alimentador_650,prosumer675,cfp,100,5.639917,0
1790012566.410159,93,ciclo1_AC_AP,concentrator_alimentador_650,prosumer692,cfp,100,1.703903,0
1790012566.429507,93,ciclo1_AC_AP,prosumer692,concentrator_alimentador_650,propose,392,9.003311,0
1790012566.434671,93,ciclo1_AC_AP,prosumer645,concentrator_alimentador_650,propose,382,15.006957,0
1790012566.440146,93,ciclo1_AC_AP,prosumer611,concentrator_alimentador_650,propose,234,11.596721,0
1790012566.447772,93,ciclo1_AC_AP,prosumer670,concentrator_alimentador_650,propose,451,9.173118,0
1790012566.448868,93,ciclo1_AC_AP,prosumer646,concentrator_alimentador_650,propose,119,1.228826,0
1790012566.449870,93,ciclo1_AC_AP,prosumer632,concentrator_alimentador_650,propose,333,11.871379,0
1790012566.460574,93,ciclo1_AC_AP,prosumer652,concentrator_alimentador_650,propose,302,11.702537,0
1790012566.461314,93,ciclo1_AC_AP,prosumer634,concentrator_alimentador_650,propose,469,17.489274,0
1790012566.469103,93,ciclo1_AC_AP,prosumer675,concentrator_alimentador_650,propose,161,9.468119,0
1790012566.470739,93,ciclo1_AC_AP,prosumer671,concentrator_alimentador_650,propose,306,11.536544,0
1790012566.639544,93,ciclo2_AD_AC,dso,concentrator_alimentador_650,cfp,100,2.023682,0
1790012566.662309,93,ciclo2_AD_AC,concentrator_alimentador_650,dso,propose,1177,20.066462,0
1790012566.866688,93,ciclo3_AM_AC_AD,market,dso,cfp,100,3.269441,0
1790012566.902911,93,ciclo3_AM_AC_AD,dso,market,propose,1253,21.145610,0
1790012567.120735,93,ciclo3_AM_AC_AD,market,concentrator_alimentador_650,cfp,100,2.655995,0
1790012567.121394,93,ciclo3_AM_AC_AD,market,dso,cfp,100,1.369292,0
1790012567.162171,93,ciclo3_AM_AC_AD,dso,market,propose,1026,16.225199,0
1790012567.169495,93,ciclo3_AM_AC_AD,concentrator_alimentador_650,market,propose,1010,16.634095,0
1790012567.401185,94,ciclo1_AC_AP,concentrator_alimentador_650,prosumer611,cfp,100,1.117962,0
1790012567.401593,94,ciclo1_AC_AP,concentrator_alimentador_650,prosumer632,cfp,100,3.005601,0
1790012567.401839,94,ciclo1_AC_AP,concentrator_alimentador_650,prosumer634,cfp,100,3.524944,0
1790012567.401957,94,ciclo1_AC_AP,concentrator_alimentador_650,prosumer645,cfp,100,5.281085,0
1790012567.402081,94,ciclo1_AC_AP,concentrator_alimentador_650,prosumer646,cfp,100,2.115760,0
1790012567.402186,94,ciclo1_AC_AP,concentrator_alimentador_650,prosumer652,cfp,100,5.141773,0
1790012567.402288,94,ciclo1_AC_AP,concentrator_alimentador_650,prosumer670,cfp,100,0.854765,0
1790012567.402387,94,ciclo1_AC_AP,concentrator_alimentador_650,prosumer671,cfp,100,4.241327,0
1790012567.402485,94,ciclo1_AC_AP,concentrator_alimentador_650,prosumer675,cfp,100,2.859474,0
1790012567.402588,94,ciclo1_AC_AP,concentrator_alimentador_650,prosumer692,cfp,100,3.032471,0
1790012567.414958,94,ciclo1_AC_AP,prosumer670,concentrator_alimentador_650,propose,239,4.578354,0
1790012567.416756,94,ciclo1_AC_AP,prosumer611,concentrator_alimentador_650,propose,478,16.073249,0
1790012567.426868,94,ciclo1_AC_AP,prosumer646,concentrator_alimentador_650,propose,117,3.326862,0
1790012567.433746,94,ciclo1_AC_AP,prosumer675,concentrator_alimentador_650,propose,230,6.183690,0
1790012567.435832,94,ciclo1_AC_AP,prosumer632,concentrator_alimentador_650,propose,448,19.026041,0
1790012567.437502,94,ciclo1_AC_AP,prosumer692,concentrator_alimentador_650,propose,448,9.731303,0
1790012567.439292,94,ciclo1_AC_AP,prosumer634,concentrator_alimentador_650,propose,397,18.344077,0
1790012567.447845,94,ciclo1_AC_AP,prosumer671,concentrator_alimentador_650,propose,459,16.010054,0
1790012567.456522,94,ciclo1_AC_AP,prosumer652,concentrator_alimentador_650,propose,497,19.052574,0
1790012567.458300,94,ciclo1_AC_AP,prosumer645,concentrator_alimentador_650,propose,248,9.750604,0
1790012567.650823,94,ciclo2_AD_AC,dso,concentrator_alimentador_650,cfp,100,1.958692,0
1790012567.673878,94,ciclo2_AD_AC,concentrator_alimentador_650,dso,propose,1351,22.314953,0
1790012567.902578,94,ciclo3_AM_AC_AD,market,dso,cfp,100,0.809271,0
1790012567.920106,94,ciclo3_AM_AC_AD,dso,market,propose,1390,22.096575,0
1790012568.148017,94,ciclo3_AM_AC_AD,market,concentrator_alimentador_650,cfp,100,3.072119,0
1790012568.148858,94,ciclo3_AM_AC_AD,market,dso,cfp,100,3.971256,0
1790012568.201806,94,ciclo3_AM_AC_AD,concentrator_alimentador_650,market,propose,1106,18.248726,0
1790012568.211746,94,ciclo3_AM_AC_AD,dso,market,propose,1390,21.725794,0
1790012568.497149,95,ciclo1_AC_AP,concentrator_alimentador_650,prosumer611,cfp,100,5.194790,0
1790012568.497560,95,ciclo1_AC_AP,concentrator_alimentador_650,prosumer632,cfp,100,6.430718,0
1790012568.497880,95,ciclo1_AC_AP,concentrator_alimentador_650,prosumer634,cfp,100,2.487627,0
1790012568.498162,95,ciclo1_AC_AP,concentrator_alimentador_650,prosumer645,cfp,100,2.793650,0
1790012568.498438,95,ciclo1_AC_AP,concentrator_alimentador_650,prosumer646,cfp,100,0.588683,0
1790012568.498753,95,ciclo1_AC_AP,concentrator_alimentador_650,prosumer652,cfp,100,5.350649,0
1790012568.499005,95,ciclo1_AC_AP,concentrator_alimentador_650,prosumer670,cfp,100,0.479860,0
1790012568.499254,95,ciclo1_AC_AP,concentrator_alimentador_650,prosumer671,cfp,100,5.339600,0
1790012568.499490,95,ciclo1_AC_AP,concentrator_alimentador_650,prosumer675,cfp,100,5.175526,0
1790012568.499805,95,ciclo1_AC_AP,concentrator_alimentador_650,prosumer692,cfp,100,2.061880,0
1790012568.506753,95,ciclo1_AC_AP,prosumer670,concentrator_alimentador_650,propose,370,6.067779,0
1790012568.508904,95,ciclo1_AC_AP,prosumer646,concentrator_alimentador_650,propose,364,6.804702,0
1790012568.523405,95,ciclo1_AC_AP,prosumer692,concentrator_alimentador_650,propose,274,4.669673,0
1790012568.525371,95,ciclo1_AC_AP,prosumer634,concentrator_alimentador_650,propose,297,14.022890,0
1790012568.528782,95,ciclo1_AC_AP,prosumer645,concentrator_alimentador_650,propose,228,4.884711,0
1790012568.552315,95,ciclo1_AC_AP,prosumer611,concentrator_alimentador_650,propose,206,10.337633,0
1790012568.554902,95,ciclo1_AC_AP,prosumer675,concentrator_alimentador_650,propose,159,5.149939,0
1790012568.556334,95,ciclo1_AC_AP,prosumer652,concentrator_alimentador_650,propose,389,17.205087,0
1790012568.557767,95,ciclo1_AC_AP,prosumer671,concentrator_alimentador_650,propose,268,10.343199,0
1790012568.564363,95,ciclo1_AC_AP,prosumer632,concentrator_alimentador_650,propose,224,11.438816,0
1790012568.733434,95,ciclo2_AD_AC,dso,concentrator_alimentador_650,cfp,100,0.527722,0
1790012568.741095,95,ciclo2_AD_AC,concentrator_alimentador_650,dso,propose,1300,22.895792,0
1790012568.974301,95,ciclo3_AM_AC_AD,market,dso,cfp,100,3.475598,0
1790012569.015563,95,ciclo3_AM_AC_AD,dso,market,propose,1345,20.601590,0
1790012569.228998,95,ciclo3_AM_AC_AD,market,concentrator_alimentador_650,cfp,100,1.802272,0
1790012569.229676,95,ciclo3_AM_AC_AD,market,dso,cfp,100,3.030195,0
1790012569.274278,95,ciclo3_AM_AC_AD,concentrator_alimentador_650,market,propose,1368,23.609311,0
1790012569.290733,95,ciclo3_AM_AC_AD,dso,market,propose,1272,22.476380,0
