wall_time,t,ciclo,sender,receiver,performative,bytes,delay_s,dropped
1789091489.512635,,,concentrator_trafo_1_5,dso,subscribe,100,1.682034,0
1789091489.513968,,,concentrator_trafo_2_12,dso,subscribe,100,3.408170,0
1789091489.514983,,,concentrator_trafo_3_22,dso,subscribe,100,5.762847,0
1789091489.515799,,,concentrator_trafo_4_34,dso,subscribe,100,1.628649,0
1789091489.516454,,,prosumer5,concentrator_trafo_1_5,subscribe,100,2.186822,0
1789091489.516924,,,prosumer6,concentrator_trafo_1_5,subscribe,100,1.101703,0
1789091489.517277,,,prosumer7,concentrator_trafo_1_5,subscribe,100,4.012804,0
1789091489.517622,,,prosumer8,concentrator_trafo_1_5,subscribe,100,0.107577,0
1789091489.517951,,,prosumer9,concentrator_trafo_1_5,subscribe,100,0.448118,0
1789091489.518247,,,prosumer10,concentrator_trafo_1_5,subscribe,100,2.725239,0
1789091489.518573,,,prosumer11,concentrator_trafo_1_5,subscribe,100,3.231097,0
1789091489.518901,,,prosumer12,concentrator_trafo_2_12,subscribe,100,0.325339,0
1789091489.519184,,,prosumer13,concentrator_trafo_2_12,subscribe,100,0.936077,0
1789091489.519456,,,prosumer14,concentrator_trafo_2_12,subscribe,100,0.838808,0
1789091489.519741,,,prosumer15,concentrator_trafo_2_12,subscribe,100,6.579738,0
1789091489.520032,,,prosumer16,concentrator_trafo_2_12,subscribe,100,2.237694,0
1789091489.520306,,,prosumer17,concentrator_trafo_2_12,subscribe,100,1.230253,0
1789091489.520577,,,prosumer18,concentrator_trafo_2_12,subscribe,100,3.372810,0
1789091489.520868,,,prosumer19,concentrator_trafo_2_12,subscribe,100,1.758636,0
1789091489.521135,,,prosumer20,concentrator_trafo_2_12,subscribe,100,3.730763,0
1789091489.521398,,,prosumer21,concentrator_trafo_2_12,subscribe,100,4.872449,0
1789091489.521670,,,prosumer22,concentrator_trafo_3_22,subscribe,100,0.274593,0
1789091489.521935,,,prosumer23,concentrator_trafo_3_22,subscribe,100,1.518568,0
1789091489.522195,,,prosumer24,concentrator_trafo_3_22,subscribe,100,3.122251,0
1789091489.522458,,,prosumer25,concentrator_trafo_3_22,subscribe,100,5.422024,0
1789091489.522736,,,prosumer26,concentrator_trafo_3_22,subscribe,100,3.955514,0
1789091489.523000,,,prosumer27,concentrator_trafo_3_22,subscribe,100,2.718453,0
1789091489.523255,,,prosumer28,concentrator_trafo_3_22,subscribe,100,2.004129,0
1789091489.523493,,,prosumer29,concentrator_trafo_3_22,subscribe,100,7.210025,0
1789091489.523745,,,prosumer30,concentrator_trafo_3_22,subscribe,100,3.284341,0
1789091489.524010,,,prosumer31,concentrator_trafo_3_22,subscribe,100,3.879320,0
1789091489.524256,,,prosumer32,concentrator_trafo_3_22,subscribe,100,4.988663,0
1789091489.524498,,,prosumer33,concentrator_trafo_3_22,subscribe,100,0.181508,0
1789091489.524774,,,prosumer34,concentrator_trafo_4_34,subscribe,100,1.454936,0
1789091489.525020,,,prosumer35,concentrator_trafo_4_34,subscribe,100,4.045833,0
1789091489.525305,,,prosumer36,concentrator_trafo_4_34,subscribe,100,4.561174,0
1789091489.525562,,,prosumer37,concentrator_trafo_4_34,subscribe,100,4.908409,0
1789091489.525815,,,prosumer38,concentrator_trafo_4_34,subscribe,100,0.332597,0
1789091489.526057,,,prosumer39,concentrator_trafo_4_34,subscribe,100,1.115582,0
1789091489.526294,,,prosumer40,concentrator_trafo_4_34,subscribe,100,3.605554,0
1789091489.526533,,,prosumer41,concentrator_trafo_4_34,subscribe,100,2.912724,0
1789091489.526792,,,prosumer42,concentrator_trafo_4_34,subscribe,100,4.137509,0
1789091489.527037,,,prosumer43,concentrator_trafo_4_34,subscribe,100,0.813925,0
1789091489.527272,,,prosumer44,concentrator_trafo_4_34,subscribe,100,6.334162,0
1789091489.527518,,,prosumer45,concentrator_trafo_4_34,subscribe,100,4.746984,0
1789091489.527792,,,prosumer46,concentrator_trafo_4_34,subscribe,100,3.637103,0
1789091489.531604,,,concentrator_trafo_1_5,prosumer8,agree,100,3.608998,0
1789091489.532400,,,concentrator_trafo_2_12,prosumer12,agree,100,2.425535,0
1789091489.533088,,,concentrator_trafo_1_5,prosumer9,agree,100,3.167460,0
1789091489.533653,,,concentrator_trafo_3_22,prosumer22,agree,100,3.184880,0
1789091489.534632,,,concentrator_trafo_3_22,prosumer33,agree,100,3.962265,0
1789091489.535177,,,concentrator_trafo_2_12,prosumer14,agree,100,2.773715,0
1789091489.535648,,,concentrator_trafo_1_5,prosumer6,agree,100,3.716587,0
1789091489.536365,,,concentrator_trafo_2_12,prosumer13,agree,100,2.300360,0
1789091489.536997,,,concentrator_trafo_4_34,prosumer38,agree,100,2.132732,0
1789091489.537862,,,dso,concentrator_trafo_1_5,agree,100,3.595636,0
1789091489.538870,,,dso,concentrator_trafo_4_34,agree,100,6.168678,0
1789091489.539475,,,concentrator_trafo_2_12,prosumer17,agree,100,2.920577,0
1789091489.540514,,,concentrator_trafo_4_34,prosumer43,agree,100,0.713258,0
1789091489.541428,,,concentrator_trafo_3_22,prosumer23,agree,100,3.482345,0
1789091489.542053,,,concentrator_trafo_4_34,prosumer39,agree,100,3.555249,0
1789091489.543342,,,concentrator_trafo_1_5,prosumer5,agree,100,2.257971,0
1789091489.544414,,,concentrator_trafo_2_12,prosumer19,agree,100,1.629011,0
1789091489.545187,,,concentrator_trafo_4_34,prosumer34,agree,100,3.065338,0
1789091489.546415,,,concentrator_trafo_2_12,prosumer16,agree,100,2.896393,0
1789091489.547585,,,concentrator_trafo_3_22,prosumer28,agree,100,5.112261,0
1789091489.548605,,,concentrator_trafo_1_5,prosumer10,agree,100,0.015326,0
1789091489.550684,,,dso,concentrator_trafo_2_12,agree,100,3.772967,0
1789091489.552321,,,concentrator_trafo_3_22,prosumer27,agree,100,6.410462,0
1789091489.552909,,,concentrator_trafo_1_5,prosumer11,agree,100,2.087423,0
1789091489.555171,,,concentrator_trafo_3_22,prosumer24,agree,100,2.856103,0
1789091489.555817,,,concentrator_trafo_2_12,prosumer18,agree,100,3.153339,0
1789091489.556689,,,concentrator_trafo_4_34,prosumer41,agree,100,1.514499,0
1789091489.557669,,,concentrator_trafo_3_22,prosumer30,agree,100,3.112103,0
1789091489.558668,,,concentrator_trafo_1_5,prosumer7,agree,100,3.032522,0
1789091489.559645,,,concentrator_trafo_2_12,prosumer20,agree,100,2.477373,0
1789091489.563689,,,concentrator_trafo_3_22,prosumer26,agree,100,4.440663,0
1789091489.564192,,,concentrator_trafo_4_34,prosumer40,agree,100,0.012576,0
1789091489.564765,,,concentrator_trafo_3_22,prosumer31,agree,100,3.130582,0
1789091489.565831,,,concentrator_trafo_4_34,prosumer46,agree,100,3.621523,0
1789091489.567285,,,concentrator_trafo_4_34,prosumer35,agree,100,1.454735,0
1789091489.568712,,,concentrator_trafo_4_34,prosumer42,agree,100,2.110418,0
1789091489.570942,,,concentrator_trafo_2_12,prosumer21,agree,100,3.567435,0
1789091489.571672,,,concentrator_trafo_4_34,prosumer36,agree,100,3.352707,0
1789091489.573864,,,dso,concentrator_trafo_3_22,agree,100,1.731137,0
1789091489.575710,,,concentrator_trafo_3_22,prosumer32,agree,100,3.789559,0
1789091489.576985,,,concentrator_trafo_4_34,prosumer37,agree,100,3.641968,0
1789091489.577633,,,concentrator_trafo_4_34,prosumer45,agree,100,5.068113,0
1789091489.579071,,,concentrator_trafo_3_22,prosumer25,agree,100,4.123509,0
1789091489.586834,,,concentrator_trafo_2_12,prosumer15,agree,100,2.782461,0
1789091489.592312,,,concentrator_trafo_4_34,prosumer44,agree,100,3.804150,0
1789091489.596383,,,concentrator_trafo_3_22,prosumer29,agree,100,5.353200,0
1789091490.868834,,ciclo1_AC_AP,concentrator_trafo_1_5,prosumer5,cfp,100,3.169208,0
1789091490.869249,,ciclo1_AC_AP,concentrator_trafo_1_5,prosumer6,cfp,100,1.846141,0
1789091490.869785,,ciclo1_AC_AP,concentrator_trafo_1_5,prosumer7,cfp,100,2.651166,0
1789091490.870362,,ciclo1_AC_AP,concentrator_trafo_1_5,prosumer8,cfp,100,0.532638,0
1789091490.870789,,ciclo1_AC_AP,concentrator_trafo_1_5,prosumer9,cfp,100,1.749245,0
1789091490.871297,,ciclo1_AC_AP,concentrator_trafo_1_5,prosumer10,cfp,100,3.673620,0
1789091490.871523,,ciclo1_AC_AP,concentrator_trafo_1_5,prosumer11,cfp,100,2.446135,0
1789091490.872441,,ciclo1_AC_AP,concentrator_trafo_2_12,prosumer12,cfp,100,3.097769,0
1789091490.872730,,ciclo1_AC_AP,concentrator_trafo_2_12,prosumer13,cfp,100,2.038990,0
1789091490.873010,,ciclo1_AC_AP,concentrator_trafo_2_12,prosumer14,cfp,100,2.012145,0
1789091490.873231,,ciclo1_AC_AP,concentrator_trafo_2_12,prosumer15,cfp,100,3.679255,0
1789091490.873437,,ciclo1_AC_AP,concentrator_trafo_2_12,prosumer16,cfp,100,2.316020,0
1789091490.873631,,ciclo1_AC_AP,concentrator_trafo_2_12,prosumer17,cfp,100,3.808761,0
1789091490.873817,,ciclo1_AC_AP,concentrator_trafo_2_12,prosumer18,cfp,100,2.092155,0
1789091490.874123,,ciclo1_AC_AP,concentrator_trafo_2_12,prosumer19,cfp,100,0.785642,0
1789091490.874429,,ciclo1_AC_AP,concentrator_trafo_2_12,prosumer20,cfp,100,3.425675,0
1789091490.874745,,ciclo1_AC_AP,concentrator_trafo_2_12,prosumer21,cfp,100,1.016622,0
1789091490.875766,,ciclo1_AC_AP,concentrator_trafo_3_22,prosumer22,cfp,100,2.830933,0
1789091490.875991,,ciclo1_AC_AP,concentrator_trafo_3_22,prosumer23,cfp,100,2.182654,0
1789091490.876183,,ciclo1_AC_AP,concentrator_trafo_3_22,prosumer24,cfp,100,3.833299,0
1789091490.876370,,ciclo1_AC_AP,concentrator_trafo_3_22,prosumer25,cfp,100,5.907751,0
1789091490.876564,,ciclo1_AC_AP,concentrator_trafo_3_22,prosumer26,cfp,100,4.028983,0
1789091490.876757,,ciclo1_AC_AP,concentrator_trafo_3_22,prosumer27,cfp,100,1.615370,0
1789091490.876942,,ciclo1_AC_AP,concentrator_trafo_3_22,prosumer28,cfp,100,3.858570,0
1789091490.877142,,ciclo1_AC_AP,concentrator_trafo_3_22,prosumer29,cfp,100,6.803124,0
1789091490.877322,,ciclo1_AC_AP,concentrator_trafo_3_22,prosumer30,cfp,100,1.776916,0
1789091490.877516,,ciclo1_AC_AP,concentrator_trafo_3_22,prosumer31,cfp,100,1.033211,0
1789091490.877718,,ciclo1_AC_AP,concentrator_trafo_3_22,prosumer32,cfp,100,5.173428,0
1789091490.877900,,ciclo1_AC_AP,concentrator_trafo_3_22,prosumer33,cfp,100,0.542728,0
1789091490.878683,,ciclo1_AC_AP,concentrator_trafo_4_34,prosumer34,cfp,100,3.748510,0
1789091490.878870,,ciclo1_AC_AP,concentrator_trafo_4_34,prosumer35,cfp,100,5.605561,0
1789091490.879044,,ciclo1_AC_AP,concentrator_trafo_4_34,prosumer36,cfp,100,5.152133,0
1789091490.879215,,ciclo1_AC_AP,concentrator_trafo_4_34,prosumer37,cfp,100,4.369080,0
1789091490.879401,,ciclo1_AC_AP,concentrator_trafo_4_34,prosumer38,cfp,100,2.043198,0
1789091490.879618,,ciclo1_AC_AP,concentrator_trafo_4_34,prosumer39,cfp,100,4.664344,0
1789091490.879802,,ciclo1_AC_AP,concentrator_trafo_4_34,prosumer40,cfp,100,1.188631,0
1789091490.879972,,ciclo1_AC_AP,concentrator_trafo_4_34,prosumer41,cfp,100,0.417977,0
1789091490.880153,,ciclo1_AC_AP,concentrator_trafo_4_34,prosumer42,cfp,100,0.639967,0
1789091490.880322,,ciclo1_AC_AP,concentrator_trafo_4_34,prosumer43,cfp,100,2.892421,0
1789091490.880486,,ciclo1_AC_AP,concentrator_trafo_4_34,prosumer44,cfp,100,5.490670,0
1789091490.880690,,ciclo1_AC_AP,concentrator_trafo_4_34,prosumer45,cfp,100,5.247560,0
1789091490.880905,,ciclo1_AC_AP,concentrator_trafo_4_34,prosumer46,cfp,100,2.810887,0
1789091491.415117,,ciclo1_AC_AP,prosumer8,concentrator_trafo_1_5,propose,1432,25.362508,0
1789091491.421285,,ciclo1_AC_AP,prosumer19,concentrator_trafo_2_12,propose,1197,21.886720,0
1789091491.494546,,ciclo1_AC_AP,prosumer33,concentrator_trafo_3_22,propose,1388,22.770677,0
1789091491.498612,,ciclo1_AC_AP,prosumer41,concentrator_trafo_4_34,propose,1455,23.969072,0
1789091491.503856,,ciclo1_AC_AP,prosumer21,concentrator_trafo_2_12,propose,1215,18.536355,0
1789091491.692770,,ciclo1_AC_AP,prosumer31,concentrator_trafo_3_22,propose,1020,18.524808,0
1789091491.703507,,ciclo1_AC_AP,prosumer42,concentrator_trafo_4_34,propose,1132,38.571145,0
1789091491.708731,,ciclo1_AC_AP,prosumer6,concentrator_trafo_1_5,propose,1494,22.804175,0
1789091491.711683,,ciclo1_AC_AP,prosumer9,concentrator_trafo_1_5,propose,1261,20.287772,0
1789091491.712296,,ciclo1_AC_AP,prosumer40,concentrator_trafo_4_34,propose,1248,21.037559,0
1789091491.712818,,ciclo1_AC_AP,prosumer27,concentrator_trafo_3_22,propose,1207,37.563338,0
1789091491.714665,,ciclo1_AC_AP,prosumer13,concentrator_trafo_2_12,propose,1470,38.374274,0
1789091491.715242,,ciclo1_AC_AP,prosumer14,concentrator_trafo_2_12,propose,1401,26.190496,0
1789091491.715759,,ciclo1_AC_AP,prosumer18,concentrator_trafo_2_12,propose,1424,23.949271,0
1789091491.717821,,ciclo1_AC_AP,prosumer30,concentrator_trafo_3_22,propose,1155,20.152661,0
1789091491.719751,,ciclo1_AC_AP,prosumer11,concentrator_trafo_1_5,propose,1495,24.739628,0
1789091491.721645,,ciclo1_AC_AP,prosumer7,concentrator_trafo_1_5,propose,1244,38.747591,1
1789091491.722182,,ciclo1_AC_AP,prosumer16,concentrator_trafo_2_12,propose,1183,18.217649,0
1789091491.724058,,ciclo1_AC_AP,prosumer23,concentrator_trafo_3_22,propose,1298,23.328617,0
1789091491.725984,,ciclo1_AC_AP,prosumer38,concentrator_trafo_4_34,propose,1456,30.475878,0
1789091491.726513,,ciclo1_AC_AP,prosumer5,concentrator_trafo_1_5,propose,1464,22.229279,0
1789091491.728448,,ciclo1_AC_AP,prosumer12,concentrator_trafo_2_12,propose,1111,19.300974,0
1789091491.730343,,ciclo1_AC_AP,prosumer22,concentrator_trafo_3_22,propose,1258,18.754574,0
1789091491.732293,,ciclo1_AC_AP,prosumer10,concentrator_trafo_1_5,propose,1071,19.674021,0
1789091491.734118,,ciclo1_AC_AP,prosumer46,concentrator_trafo_4_34,propose,1144,21.802666,0
1789091491.736018,,ciclo1_AC_AP,prosumer20,concentrator_trafo_2_12,propose,1071,18.179727,0
1789091491.803270,,ciclo1_AC_AP,prosumer15,concentrator_trafo_2_12,propose,1386,45.230310,0
1789091491.808630,,ciclo1_AC_AP,prosumer43,concentrator_trafo_4_34,propose,1048,16.619737,0
1789091491.815134,,ciclo1_AC_AP,prosumer17,concentrator_trafo_2_12,propose,1316,24.213580,0
1789091491.820160,,ciclo1_AC_AP,prosumer24,concentrator_trafo_3_22,propose,1409,24.134985,0
1789091491.823855,,ciclo1_AC_AP,prosumer28,concentrator_trafo_3_22,propose,1128,33.990793,0
1789091491.829674,,ciclo1_AC_AP,prosumer34,concentrator_trafo_4_34,propose,1465,22.624155,0
1789091491.832911,,ciclo1_AC_AP,prosumer26,concentrator_trafo_3_22,propose,1272,48.179178,0
1789091491.833994,,ciclo1_AC_AP,prosumer39,concentrator_trafo_4_34,propose,1361,45.295091,0
1789091491.837331,,ciclo1_AC_AP,prosumer37,concentrator_trafo_4_34,propose,1414,48.437347,0
1789091491.840789,,ciclo1_AC_AP,prosumer32,concentrator_trafo_3_22,propose,1308,44.183103,0
1789091491.844249,,ciclo1_AC_AP,prosumer36,concentrator_trafo_4_34,propose,1461,51.509905,0
1789091491.850130,,ciclo1_AC_AP,prosumer45,concentrator_trafo_4_34,propose,1075,38.564850,0
1789091491.852954,,ciclo1_AC_AP,prosumer35,concentrator_trafo_4_34,propose,1158,38.717615,0
1789091491.855464,,ciclo1_AC_AP,prosumer25,concentrator_trafo_3_22,propose,1050,35.271819,0
1789091491.858461,,ciclo1_AC_AP,prosumer29,concentrator_trafo_3_22,propose,1373,43.347334,0
1789091491.860438,,ciclo1_AC_AP,prosumer44,concentrator_trafo_4_34,propose,1037,36.900004,0
1789091510.947402,,ciclo1_AC_AP,concentrator_trafo_1_5,prosumer7,cfp,100,5.727130,0
1789091511.069180,,ciclo1_AC_AP,prosumer7,concentrator_trafo_1_5,propose,1460,38.987761,0
1789091511.470000,,ciclo2_AD_AC,dso,concentrator_trafo_1_5,cfp,100,4.865520,0
1789091511.470446,,ciclo2_AD_AC,dso,concentrator_trafo_2_12,cfp,100,3.437693,0
1789091511.470758,,ciclo2_AD_AC,dso,concentrator_trafo_3_22,cfp,100,5.261512,0
1789091511.471154,,ciclo2_AD_AC,dso,concentrator_trafo_4_34,cfp,100,8.987013,0
1789091511.514272,,ciclo2_AD_AC,concentrator_trafo_2_12,dso,propose,1435,22.432961,0
1789091511.524728,,ciclo2_AD_AC,concentrator_trafo_1_5,dso,propose,1350,45.556541,0
1789091511.530003,,ciclo2_AD_AC,concentrator_trafo_3_22,dso,propose,1169,40.615779,0
1789091511.566667,,ciclo2_AD_AC,concentrator_trafo_4_34,dso,propose,1241,57.571088,0
1789091512.149162,,ciclo3_AM_AC_AD,market,concentrator_trafo_1_5,cfp,100,1.880010,0
1789091512.150225,,ciclo3_AM_AC_AD,market,concentrator_trafo_2_12,cfp,100,3.544489,0
1789091512.151297,,ciclo3_AM_AC_AD,market,concentrator_trafo_3_22,cfp,100,1.956271,0
1789091512.152293,,ciclo3_AM_AC_AD,market,concentrator_trafo_4_34,cfp,100,6.743854,0
1789091512.157223,,ciclo3_AM_AC_AD,market,dso,cfp,100,2.208345,0
1789091512.607897,,ciclo3_AM_AC_AD,concentrator_trafo_1_5,market,propose,1286,44.884887,0
1789091512.654239,,ciclo3_AM_AC_AD,concentrator_trafo_2_12,market,propose,1051,36.086801,0
1789091512.672042,,ciclo3_AM_AC_AD,concentrator_trafo_3_22,market,propose,1181,18.393948,0
1789091512.733478,,ciclo3_AM_AC_AD,concentrator_trafo_4_34,market,propose,1222,47.427628,0
1789091513.129381,,ciclo3_AM_AC_AD,dso,market,propose,1161,21.562485,0
1789091513.356350,,,market,concentrator_trafo_1_5,reject-proposal,1312,46.870001,0
1789091513.356961,,,market,concentrator_trafo_2_12,reject-proposal,1327,41.745213,0
1789091513.360556,,,market,concentrator_trafo_3_22,reject-proposal,1467,25.561629,0
1789091513.364390,,,market,concentrator_trafo_4_34,reject-proposal,1104,35.137808,0
1789091513.367837,,,market,dso,reject-proposal,1494,23.201282,0
1789091513.424915,,ciclo3_AM_AC_AD,market,concentrator_trafo_1_5,cfp,100,4.537545,0
1789091513.426379,,ciclo3_AM_AC_AD,market,concentrator_trafo_2_12,cfp,100,7.434633,0
1789091513.427657,,ciclo3_AM_AC_AD,market,concentrator_trafo_3_22,cfp,100,0.805622,0
1789091513.428875,,ciclo3_AM_AC_AD,market,concentrator_trafo_4_34,cfp,100,3.452391,0
1789091513.431710,,ciclo3_AM_AC_AD,market,dso,cfp,100,0.320540,0
1789091513.995990,,ciclo3_AM_AC_AD,concentrator_trafo_3_22,market,propose,1282,23.443548,0
1789091514.038361,,ciclo3_AM_AC_AD,concentrator_trafo_4_34,market,propose,1244,40.286383,0
1789091514.044290,,ciclo3_AM_AC_AD,concentrator_trafo_1_5,market,propose,1226,40.259605,0
1789091514.079852,,ciclo3_AM_AC_AD,concentrator_trafo_2_12,market,propose,1443,45.753372,0
1789091514.522208,,ciclo3_AM_AC_AD,dso,market,propose,1266,19.779229,0
1789091514.731407,,,market,concentrator_trafo_1_5,reject-proposal,1133,38.305249,0
1789091514.732084,,,market,concentrator_trafo_2_12,reject-proposal,1031,37.342542,0
1789091514.735449,,,market,concentrator_trafo_3_22,reject-proposal,1412,26.651430,0
1789091514.735930,,,market,concentrator_trafo_4_34,reject-proposal,1470,51.624757,0
1789091514.739239,,,market,dso,reject-proposal,1280,23.565191,0
1789091514.797062,,ciclo3_AM_AC_AD,market,concentrator_trafo_1_5,cfp,100,0.356370,0
1789091514.799128,,ciclo3_AM_AC_AD,market,concentrator_trafo_2_12,cfp,100,4.309011,0
1789091514.800833,,ciclo3_AM_AC_AD,market,concentrator_trafo_3_22,cfp,100,3.400617,0
1789091514.802318,,ciclo3_AM_AC_AD,market,concentrator_trafo_4_34,cfp,100,4.737830,0
1789091514.805925,,ciclo3_AM_AC_AD,market,dso,cfp,100,1.400647,0
1789091515.273014,,ciclo3_AM_AC_AD,concentrator_trafo_1_5,market,propose,1468,48.629672,0
1789091515.416091,,ciclo3_AM_AC_AD,concentrator_trafo_3_22,market,propose,1007,15.383845,0
1789091515.450030,,ciclo3_AM_AC_AD,concentrator_trafo_2_12,market,propose,1047,34.856562,0
1789091515.469089,,ciclo3_AM_AC_AD,concentrator_trafo_4_34,market,propose,1368,51.938824,0
1789091515.871417,,ciclo3_AM_AC_AD,dso,market,propose,1430,22.445022,0
1789091516.105784,,,market,concentrator_trafo_1_5,reject-proposal,1204,41.783469,0
1789091516.109042,,,market,concentrator_trafo_2_12,reject-proposal,1363,44.107870,0
1789091516.112097,,,market,concentrator_trafo_3_22,reject-proposal,1422,26.132508,0
1789091516.112411,,,market,concentrator_trafo_4_34,reject-proposal,1401,53.235668,0
1789091516.115454,,,market,dso,reject-proposal,1342,21.323064,0
1789091516.173288,,ciclo3_AM_AC_AD,market,concentrator_trafo_1_5,cfp,100,1.404691,0
1789091516.175126,,ciclo3_AM_AC_AD,market,concentrator_trafo_2_12,cfp,100,1.819039,0
1789091516.176976,,ciclo3_AM_AC_AD,market,concentrator_trafo_3_22,cfp,100,0.812374,0
1789091516.178766,,ciclo3_AM_AC_AD,market,concentrator_trafo_4_34,cfp,100,6.168245,0
1789091516.182481,,ciclo3_AM_AC_AD,market,dso,cfp,100,3.368051,0
1789091516.711789,,ciclo3_AM_AC_AD,concentrator_trafo_3_22,market,propose,1320,21.639210,0
1789091516.746578,,ciclo3_AM_AC_AD,concentrator_trafo_1_5,market,propose,1000,33.368553,0
1789091516.773556,,ciclo3_AM_AC_AD,concentrator_trafo_2_12,market,propose,1313,40.956349,0
1789091516.783427,,ciclo3_AM_AC_AD,concentrator_trafo_4_34,market,propose,1252,41.236654,0
1789091517.232887,,ciclo3_AM_AC_AD,dso,market,propose,1423,25.636181,0
1789091517.497909,,,market,concentrator_trafo_1_5,reject-proposal,1444,49.502852,0
1789091517.502040,,,market,concentrator_trafo_2_12,reject-proposal,1170,38.987480,0
1789091517.505596,,,market,concentrator_trafo_3_22,reject-proposal,1124,17.993473,0
1789091517.509194,,,market,concentrator_trafo_4_34,reject-proposal,1373,46.161223,0
1789091517.512335,,,market,dso,reject-proposal,1166,20.127718,0
1789091517.567328,,ciclo3_AM_AC_AD,market,concentrator_trafo_1_5,cfp,100,0.776072,0
1789091517.568648,,ciclo3_AM_AC_AD,market,concentrator_trafo_2_12,cfp,100,4.180803,0
1789091517.569967,,ciclo3_AM_AC_AD,market,concentrator_trafo_3_22,cfp,100,0.352500,0
1789091517.571278,,ciclo3_AM_AC_AD,market,concentrator_trafo_4_34,cfp,100,4.214562,0
1789091517.574510,,ciclo3_AM_AC_AD,market,dso,cfp,100,0.765933,0
1789091518.144835,,ciclo3_AM_AC_AD,concentrator_trafo_3_22,market,propose,1360,23.818746,0
1789091518.159485,,ciclo3_AM_AC_AD,concentrator_trafo_1_5,market,propose,1445,48.017597,0
1789091518.168469,,ciclo3_AM_AC_AD,concentrator_trafo_2_12,market,propose,1032,39.743782,0
1789091518.175232,,ciclo3_AM_AC_AD,concentrator_trafo_4_34,market,propose,1097,37.907440,0
1789091518.640520,,ciclo3_AM_AC_AD,dso,market,propose,1469,24.720134,0
1789091518.897426,,,market,concentrator_trafo_1_5,reject-proposal,1290,43.015796,0
1789091518.901579,,,market,concentrator_trafo_2_12,reject-proposal,1113,37.572882,0
1789091518.902387,,,market,concentrator_trafo_3_22,reject-proposal,1122,20.146177,0
1789091518.905886,,,market,concentrator_trafo_4_34,reject-proposal,1411,48.369294,0
1789091518.906409,,,market,dso,reject-proposal,1495,22.605123,0
1789091518.964645,,ciclo3_AM_AC_AD,market,concentrator_trafo_1_5,cfp,100,2.738432,0
1789091518.967001,,ciclo3_AM_AC_AD,market,concentrator_trafo_2_12,cfp,100,0.946324,0
1789091518.969009,,ciclo3_AM_AC_AD,market,concentrator_trafo_3_22,cfp,100,0.697819,0
1789091518.970608,,ciclo3_AM_AC_AD,market,concentrator_trafo_4_34,cfp,100,3.655116,0
1789091518.973556,,ciclo3_AM_AC_AD,market,dso,cfp,100,0.159223,0
1789091519.571433,,ciclo3_AM_AC_AD,concentrator_trafo_3_22,market,propose,1072,17.135896,0
1789091519.588939,,ciclo3_AM_AC_AD,concentrator_trafo_2_12,market,propose,1411,44.663585,0
1789091519.606507,,ciclo3_AM_AC_AD,concentrator_trafo_1_5,market,propose,1278,44.215516,0
1789091519.629675,,ciclo3_AM_AC_AD,concentrator_trafo_4_34,market,propose,1229,41.316402,0
1789091520.047364,,ciclo3_AM_AC_AD,dso,market,propose,1046,19.404961,0
1789091520.250187,,,market,concentrator_trafo_1_5,reject-proposal,1041,35.673979,0
1789091520.254752,,,market,concentrator_trafo_2_12,reject-proposal,1163,40.613079,0
1789091520.258709,,,market,concentrator_trafo_3_22,reject-proposal,1448,23.434554,0
1789091520.262531,,,market,concentrator_trafo_4_34,reject-proposal,1260,42.731246,0
1789091520.266256,,,market,dso,reject-proposal,1477,24.890044,0
1789091520.322565,,ciclo3_AM_AC_AD,market,concentrator_trafo_1_5,cfp,100,5.726448,0
1789091520.324569,,ciclo3_AM_AC_AD,market,concentrator_trafo_2_12,cfp,100,5.419728,0
1789091520.326630,,ciclo3_AM_AC_AD,market,concentrator_trafo_3_22,cfp,100,2.240255,0
1789091520.328786,,ciclo3_AM_AC_AD,market,concentrator_trafo_4_34,cfp,100,7.371660,0
1789091520.332344,,ciclo3_AM_AC_AD,market,dso,cfp,100,2.582306,0
1789091520.894029,,ciclo3_AM_AC_AD,concentrator_trafo_3_22,market,propose,1250,21.204022,0
1789091520.931098,,ciclo3_AM_AC_AD,concentrator_trafo_2_12,market,propose,1055,35.965106,0
1789091520.948278,,ciclo3_AM_AC_AD,concentrator_trafo_1_5,market,propose,1154,41.163749,0
1789091520.993949,,ciclo3_AM_AC_AD,concentrator_trafo_4_34,market,propose,1282,47.046006,0
1789091521.410728,,ciclo3_AM_AC_AD,dso,market,propose,1149,20.789588,0
1789091521.629749,,,market,concentrator_trafo_1_5,reject-proposal,1361,46.135180,0
1789091521.633759,,,market,concentrator_trafo_2_12,reject-proposal,1063,35.570653,0
1789091521.637523,,,market,concentrator_trafo_3_22,reject-proposal,1280,23.513618,0
1789091521.641032,,,market,concentrator_trafo_4_34,reject-proposal,1170,45.266489,0
1789091521.644391,,,market,dso,reject-proposal,1417,24.108902,0
1789091521.701493,,ciclo3_AM_AC_AD,market,concentrator_trafo_1_5,cfp,100,4.864659,0
1789091521.703205,,ciclo3_AM_AC_AD,market,concentrator_trafo_2_12,cfp,100,6.092141,0
1789091521.704852,,ciclo3_AM_AC_AD,market,concentrator_trafo_3_22,cfp,100,3.253041,0
1789091521.706303,,ciclo3_AM_AC_AD,market,concentrator_trafo_4_34,cfp,100,6.624738,0
1789091521.709513,,ciclo3_AM_AC_AD,market,dso,cfp,100,3.681774,0
1789091522.322131,,ciclo3_AM_AC_AD,concentrator_trafo_1_5,market,propose,1472,47.654641,0
1789091522.328790,,ciclo3_AM_AC_AD,concentrator_trafo_3_22,market,propose,1276,22.716308,0
1789091522.335141,,ciclo3_AM_AC_AD,concentrator_trafo_2_12,market,propose,1104,36.728795,0
1789091522.341577,,ciclo3_AM_AC_AD,concentrator_trafo_4_34,market,propose,1493,50.188420,0
1789091522.790749,,ciclo3_AM_AC_AD,dso,market,propose,1409,25.480724,0
1789091523.054221,,,market,concentrator_trafo_1_5,reject-proposal,1308,42.561520,0
1789091523.054471,,,market,concentrator_trafo_2_12,reject-proposal,1280,44.975768,0
1789091523.054648,,,market,concentrator_trafo_3_22,reject-proposal,1300,24.811477,0
1789091523.057633,,,market,concentrator_trafo_4_34,reject-proposal,1147,47.517452,0
1789091523.057790,,,market,dso,reject-proposal,1227,18.840969,0
1789091523.115732,,ciclo3_AM_AC_AD,market,concentrator_trafo_1_5,cfp,100,2.730771,0
1789091523.117491,,ciclo3_AM_AC_AD,market,concentrator_trafo_2_12,cfp,100,4.048945,0
1789091523.119102,,ciclo3_AM_AC_AD,market,concentrator_trafo_3_22,cfp,100,3.047099,0
1789091523.120566,,ciclo3_AM_AC_AD,market,concentrator_trafo_4_34,cfp,100,1.929818,0
1789091523.123760,,ciclo3_AM_AC_AD,market,dso,cfp,100,3.345999,0
1789091523.716684,,ciclo3_AM_AC_AD,concentrator_trafo_4_34,market,propose,1046,38.265977,0
1789091523.730273,,ciclo3_AM_AC_AD,concentrator_trafo_1_5,market,propose,1305,42.805609,0
1789091523.737800,,ciclo3_AM_AC_AD,concentrator_trafo_3_22,market,propose,1408,23.022539,0
1789091523.743856,,ciclo3_AM_AC_AD,concentrator_trafo_2_12,market,propose,1197,40.443719,0
1789091524.220711,,ciclo3_AM_AC_AD,dso,market,propose,1162,21.142218,0
1789091524.444381,,,market,concentrator_trafo_1_5,reject-proposal,1294,40.812259,0
1789091524.448273,,,market,concentrator_trafo_2_12,reject-proposal,1123,36.728393,0
1789091524.451932,,,market,concentrator_trafo_3_22,reject-proposal,1148,18.340532,0
1789091524.455294,,,market,concentrator_trafo_4_34,reject-proposal,1094,39.793938,0
1789091524.455940,,,market,dso,reject-proposal,1096,16.714312,0
1789091524.513608,,ciclo3_AM_AC_AD,market,concentrator_trafo_1_5,cfp,100,2.859810,0
1789091524.515529,,ciclo3_AM_AC_AD,market,concentrator_trafo_2_12,cfp,100,3.267048,0
1789091524.517070,,ciclo3_AM_AC_AD,market,concentrator_trafo_3_22,cfp,100,2.846169,0
1789091524.518430,,ciclo3_AM_AC_AD,market,concentrator_trafo_4_34,cfp,100,4.327177,0
1789091524.521203,,ciclo3_AM_AC_AD,market,dso,cfp,100,2.125968,0
1789091525.141097,,ciclo3_AM_AC_AD,concentrator_trafo_1_5,market,propose,1420,49.104046,0
1789091525.181455,,ciclo3_AM_AC_AD,concentrator_trafo_3_22,market,propose,1095,21.086129,0
1789091525.190524,,ciclo3_AM_AC_AD,concentrator_trafo_2_12,market,propose,1016,34.082296,0
1789091525.239211,,ciclo3_AM_AC_AD,concentrator_trafo_4_34,market,propose,1313,48.189653,0
1789091525.647508,,ciclo3_AM_AC_AD,dso,market,propose,1336,22.587238,0
1789091525.885227,,,market,concentrator_trafo_1_5,reject-proposal,1133,37.296883,0
1789091525.888892,,,market,concentrator_trafo_2_12,reject-proposal,1243,38.190965,0
1789091525.892755,,,market,concentrator_trafo_3_22,reject-proposal,1035,18.203759,0
1789091525.893641,,,market,concentrator_trafo_4_34,reject-proposal,1045,39.071811,0
1789091525.897478,,,market,dso,reject-proposal,1347,22.907165,0
1789091525.955823,,ciclo3_AM_AC_AD,market,concentrator_trafo_1_5,cfp,100,3.322985,0
1789091525.957893,,ciclo3_AM_AC_AD,market,concentrator_trafo_2_12,cfp,100,5.298542,0
1789091525.959876,,ciclo3_AM_AC_AD,market,concentrator_trafo_3_22,cfp,100,1.587558,0
1789091525.961649,,ciclo3_AM_AC_AD,market,concentrator_trafo_4_34,cfp,100,6.078854,0
1789091525.965319,,ciclo3_AM_AC_AD,market,dso,cfp,100,1.934447,0
1789091526.512068,,ciclo3_AM_AC_AD,concentrator_trafo_3_22,market,propose,1387,23.227748,0
1789091526.565404,,ciclo3_AM_AC_AD,concentrator_trafo_1_5,market,propose,1066,34.683596,0
1789091526.578623,,ciclo3_AM_AC_AD,concentrator_trafo_2_12,market,propose,1448,48.070211,0
1789091526.617886,,ciclo3_AM_AC_AD,concentrator_trafo_4_34,market,propose,1076,45.799417,0
1789091527.043280,,ciclo3_AM_AC_AD,dso,market,propose,1472,23.367292,0
1789091527.287144,,,market,concentrator_trafo_1_5,reject-proposal,1019,34.145447,0
1789091527.291306,,,market,concentrator_trafo_2_12,reject-proposal,1431,50.408553,0
1789091527.295416,,,market,concentrator_trafo_3_22,reject-proposal,1041,16.370977,0
1789091527.299416,,,market,concentrator_trafo_4_34,reject-proposal,1459,48.981292,0
1789091527.303158,,,market,dso,reject-proposal,1358,23.600782,0
1789091527.361749,,ciclo3_AM_AC_AD,market,concentrator_trafo_1_5,cfp,100,3.386429,0
1789091527.364020,,ciclo3_AM_AC_AD,market,concentrator_trafo_2_12,cfp,100,5.969524,0
1789091527.366404,,ciclo3_AM_AC_AD,market,concentrator_trafo_3_22,cfp,100,0.539557,0
1789091527.368736,,ciclo3_AM_AC_AD,market,concentrator_trafo_4_34,cfp,100,1.919152,0
1789091527.373118,,ciclo3_AM_AC_AD,market,dso,cfp,100,3.889244,0
1789091527.624982,,ciclo3_AM_AC_AD,concentrator_trafo_3_22,market,propose,1472,23.344078,0
1789091527.932691,,ciclo3_AM_AC_AD,concentrator_trafo_1_5,market,propose,1424,46.294553,0
1789091527.940421,,ciclo3_AM_AC_AD,concentrator_trafo_4_34,market,propose,1276,44.626545,0
1789091527.966611,,ciclo3_AM_AC_AD,concentrator_trafo_2_12,market,propose,1349,44.201731,0
1789091528.493721,,ciclo3_AM_AC_AD,dso,market,propose,1200,22.115475,0
1789091528.725628,,,market,concentrator_trafo_1_5,reject-proposal,1428,45.677772,0
1789091528.730457,,,market,concentrator_trafo_2_12,reject-proposal,1361,44.682563,0
1789091528.733891,,,market,concentrator_trafo_3_22,reject-proposal,1268,21.619000,0
1789091528.737515,,,market,concentrator_trafo_4_34,reject-proposal,1141,46.089079,0
1789091528.740692,,,market,dso,reject-proposal,1267,22.159584,0
1789091528.799857,,ciclo3_AM_AC_AD,market,concentrator_trafo_1_5,cfp,100,4.234742,0
1789091528.801459,,ciclo3_AM_AC_AD,market,concentrator_trafo_2_12,cfp,100,3.310252,0
1789091528.803071,,ciclo3_AM_AC_AD,market,concentrator_trafo_3_22,cfp,100,1.169662,0
1789091528.804803,,ciclo3_AM_AC_AD,market,concentrator_trafo_4_34,cfp,100,5.936260,0
1789091528.807902,,ciclo3_AM_AC_AD,market,dso,cfp,100,1.863762,0
1789091529.380473,,ciclo3_AM_AC_AD,concentrator_trafo_3_22,market,propose,1415,28.576598,0
1789091529.399403,,ciclo3_AM_AC_AD,concentrator_trafo_2_12,market,propose,1120,36.413709,0
1789091529.431869,,ciclo3_AM_AC_AD,concentrator_trafo_1_5,market,propose,1434,49.471268,0
1789091529.495410,,ciclo3_AM_AC_AD,concentrator_trafo_4_34,market,propose,1110,45.106314,0
1789091529.916813,,ciclo3_AM_AC_AD,dso,market,propose,1458,25.712702,0
1789091530.182722,,,market,concentrator_trafo_1_5,reject-proposal,1347,46.649390,0
1789091530.182947,,,market,concentrator_trafo_2_12,reject-proposal,1301,44.381787,0
1789091530.186179,,,market,concentrator_trafo_3_22,reject-proposal,1422,25.718953,0
1789091530.186332,,,market,concentrator_trafo_4_34,reject-proposal,1486,51.829604,0
1789091530.189423,,,market,dso,reject-proposal,1214,18.455245,0
1789091530.247843,,ciclo3_AM_AC_AD,market,concentrator_trafo_1_5,cfp,100,7.857441,0
1789091530.249908,,ciclo3_AM_AC_AD,market,concentrator_trafo_2_12,cfp,100,1.781229,0
1789091530.251643,,ciclo3_AM_AC_AD,market,concentrator_trafo_3_22,cfp,100,0.384638,0
1789091530.253171,,ciclo3_AM_AC_AD,market,concentrator_trafo_4_34,cfp,100,4.820204,0
1789091530.256375,,ciclo3_AM_AC_AD,market,dso,cfp,100,3.591251,0
1789091530.776673,,ciclo3_AM_AC_AD,concentrator_trafo_3_22,market,propose,1296,23.023975,0
1789091530.802567,,ciclo3_AM_AC_AD,concentrator_trafo_2_12,market,propose,1140,38.300898,0
1789091530.863696,,ciclo3_AM_AC_AD,concentrator_trafo_4_34,market,propose,1230,39.495933,0
1789091530.888305,,ciclo3_AM_AC_AD,concentrator_trafo_1_5,market,propose,1252,41.083967,0
1789091531.323390,,ciclo3_AM_AC_AD,dso,market,propose,1338,22.115626,0
1789091531.552345,,,market,concentrator_trafo_1_5,reject-proposal,1328,42.058459,0
1789091531.553251,,,market,concentrator_trafo_2_12,reject-proposal,1358,46.726432,0
1789091531.557329,,,market,concentrator_trafo_3_22,reject-proposal,1469,25.021216,0
1789091531.558092,,,market,concentrator_trafo_4_34,reject-proposal,1406,55.143195,0
1789091531.561865,,,market,dso,reject-proposal,1182,19.281434,0
1789091531.619828,,ciclo3_AM_AC_AD,market,concentrator_trafo_1_5,cfp,100,3.529217,0
1789091531.621342,,ciclo3_AM_AC_AD,market,concentrator_trafo_2_12,cfp,100,2.017169,0
1789091531.622811,,ciclo3_AM_AC_AD,market,concentrator_trafo_3_22,cfp,100,1.214157,0
1789091531.624232,,ciclo3_AM_AC_AD,market,concentrator_trafo_4_34,cfp,100,4.372617,0
1789091531.627739,,ciclo3_AM_AC_AD,market,dso,cfp,100,2.835999,0
1789091532.149901,,ciclo3_AM_AC_AD,concentrator_trafo_3_22,market,propose,1042,17.842611,0
1789091532.173587,,ciclo3_AM_AC_AD,concentrator_trafo_2_12,market,propose,1166,38.108120,0
1789091532.185940,,ciclo3_AM_AC_AD,concentrator_trafo_1_5,market,propose,1313,44.512566,0
1789091532.197913,,ciclo3_AM_AC_AD,concentrator_trafo_4_34,market,propose,1059,36.459616,0
1789091532.672405,,ciclo3_AM_AC_AD,dso,market,propose,1249,18.306277,0
1789091532.866068,,,market,concentrator_trafo_1_5,reject-proposal,1300,44.324915,0
1789091532.866500,,,market,concentrator_trafo_2_12,reject-proposal,1322,45.293691,0
1789091532.869819,,,market,concentrator_trafo_3_22,reject-proposal,1171,20.325825,0
1789091532.874397,,,market,concentrator_trafo_4_34,reject-proposal,1432,52.867950,0
1789091532.879003,,,market,dso,reject-proposal,1097,18.580994,0
1789091532.937252,,ciclo3_AM_AC_AD,market,concentrator_trafo_1_5,cfp,100,5.204488,0
1789091532.938749,,ciclo3_AM_AC_AD,market,concentrator_trafo_2_12,cfp,100,4.530550,0
1789091532.940191,,ciclo3_AM_AC_AD,market,concentrator_trafo_3_22,cfp,100,2.976055,0
1789091532.941489,,ciclo3_AM_AC_AD,market,concentrator_trafo_4_34,cfp,100,4.870613,0
1789091532.944439,,ciclo3_AM_AC_AD,market,dso,cfp,100,1.809702,0
1789091533.580573,,ciclo3_AM_AC_AD,concentrator_trafo_3_22,market,propose,1124,19.461799,0
1789091533.676401,,ciclo3_AM_AC_AD,concentrator_trafo_1_5,market,propose,1008,29.720932,0
1789091533.684251,,ciclo3_AM_AC_AD,concentrator_trafo_4_34,market,propose,1374,48.806436,0
1789091533.690520,,ciclo3_AM_AC_AD,concentrator_trafo_2_12,market,propose,1138,37.274734,0
1789091534.099062,,ciclo3_AM_AC_AD,dso,market,propose,1059,18.169424,0
1789091534.290708,,,market,concentrator_trafo_1_5,reject-proposal,1361,46.726598,0
1789091534.294101,,,market,concentrator_trafo_2_12,reject-proposal,1112,36.207668,0
1789091534.297819,,,market,concentrator_trafo_3_22,reject-proposal,1190,21.298443,0
1789091534.301452,,,market,concentrator_trafo_4_34,reject-proposal,1406,47.519898,0
1789091534.304886,,,market,dso,reject-proposal,1087,20.129436,0
1789091534.359771,,ciclo3_AM_AC_AD,market,concentrator_trafo_1_5,cfp,100,6.885598,0
1789091534.361147,,ciclo3_AM_AC_AD,market,concentrator_trafo_2_12,cfp,100,7.636631,0
1789091534.362268,,ciclo3_AM_AC_AD,market,concentrator_trafo_3_22,cfp,100,3.062694,0
1789091534.362891,,ciclo3_AM_AC_AD,market,concentrator_trafo_4_34,cfp,100,4.594629,0
1789091534.364482,,ciclo3_AM_AC_AD,market,dso,cfp,100,1.493087,0
1789091535.004286,,ciclo3_AM_AC_AD,concentrator_trafo_3_22,market,propose,1170,19.632848,0
1789091535.033489,,ciclo3_AM_AC_AD,concentrator_trafo_1_5,market,propose,1218,37.515206,0
1789091535.041026,,ciclo3_AM_AC_AD,concentrator_trafo_2_12,market,propose,1417,49.832332,0
1789091535.048719,,ciclo3_AM_AC_AD,concentrator_trafo_4_34,market,propose,1031,38.543141,0
1789091535.471883,,ciclo3_AM_AC_AD,dso,market,propose,1051,17.781718,0
1789091535.658103,,,market,concentrator_trafo_1_5,reject-proposal,1400,47.523543,0
1789091535.661628,,,market,concentrator_trafo_2_12,reject-proposal,1074,33.909555,0
1789091535.664720,,,market,concentrator_trafo_3_22,reject-proposal,1437,25.754128,0
1789091535.667787,,,market,concentrator_trafo_4_34,reject-proposal,1357,45.289274,0
1789091535.670732,,,market,dso,reject-proposal,1112,19.568974,0
1789091535.729371,,ciclo3_AM_AC_AD,market,concentrator_trafo_1_5,cfp,100,5.003034,0
1789091535.731204,,ciclo3_AM_AC_AD,market,concentrator_trafo_2_12,cfp,100,4.259295,0
1789091535.732761,,ciclo3_AM_AC_AD,market,concentrator_trafo_3_22,cfp,100,0.527544,0
1789091535.734332,,ciclo3_AM_AC_AD,market,concentrator_trafo_4_34,cfp,100,5.614656,0
1789091535.737751,,ciclo3_AM_AC_AD,market,dso,cfp,100,3.306754,0
1789091536.324023,,ciclo3_AM_AC_AD,concentrator_trafo_3_22,market,propose,1023,20.009713,0
1789091536.345896,,ciclo3_AM_AC_AD,concentrator_trafo_2_12,market,propose,1418,50.626065,0
1789091536.365944,,ciclo3_AM_AC_AD,concentrator_trafo_1_5,market,propose,1293,43.482184,0
1789091536.451032,,ciclo3_AM_AC_AD,concentrator_trafo_4_34,market,propose,1324,50.706495,0
1789091536.863615,,ciclo3_AM_AC_AD,dso,market,propose,1465,22.307609,0
1789091537.094424,,,market,concentrator_trafo_1_5,reject-proposal,1479,45.690843,0
1789091537.098686,,,market,concentrator_trafo_2_12,reject-proposal,1273,44.108663,0
1789091537.099493,,,market,concentrator_trafo_3_22,reject-proposal,1308,20.363343,0
1789091537.100140,,,market,concentrator_trafo_4_34,reject-proposal,1348,50.635576,0
1789091537.103876,,,market,dso,reject-proposal,1037,19.538152,0
1789091537.161788,,ciclo3_AM_AC_AD,market,concentrator_trafo_1_5,cfp,100,3.350630,0
1789091537.163576,,ciclo3_AM_AC_AD,market,concentrator_trafo_2_12,cfp,100,4.722010,0
1789091537.165114,,ciclo3_AM_AC_AD,market,concentrator_trafo_3_22,cfp,100,3.881621,0
1789091537.166535,,ciclo3_AM_AC_AD,market,concentrator_trafo_4_34,cfp,100,4.858837,0
1789091537.169888,,ciclo3_AM_AC_AD,market,dso,cfp,100,1.099256,0
1789091537.860314,,ciclo3_AM_AC_AD,concentrator_trafo_1_5,market,propose,1013,33.335729,0
1789091537.882835,,ciclo3_AM_AC_AD,concentrator_trafo_3_22,market,propose,1063,21.083851,0
1789091537.931078,,ciclo3_AM_AC_AD,concentrator_trafo_2_12,market,propose,1325,44.256738,0
1789091537.949286,,ciclo3_AM_AC_AD,concentrator_trafo_4_34,market,propose,1096,38.962772,0
1789091538.338134,,ciclo3_AM_AC_AD,dso,market,propose,1310,21.839514,0
1789091538.564924,,,market,concentrator_trafo_1_5,reject-proposal,1425,49.174360,0
1789091538.568353,,,market,concentrator_trafo_2_12,reject-proposal,1294,43.282709,0
1789091538.571872,,,market,concentrator_trafo_3_22,reject-proposal,1061,20.102515,0
1789091538.575247,,,market,concentrator_trafo_4_34,reject-proposal,1200,40.823983,0
1789091538.578815,,,market,dso,reject-proposal,1046,16.420930,0
1789091538.635391,,ciclo3_AM_AC_AD,market,concentrator_trafo_1_5,cfp,100,2.688601,0
1789091538.636877,,ciclo3_AM_AC_AD,market,concentrator_trafo_2_12,cfp,100,4.635146,0
1789091538.638346,,ciclo3_AM_AC_AD,market,concentrator_trafo_3_22,cfp,100,0.303958,0
1789091538.639685,,ciclo3_AM_AC_AD,market,concentrator_trafo_4_34,cfp,100,1.965293,0
1789091538.642784,,ciclo3_AM_AC_AD,market,dso,cfp,100,1.958073,0
1789091539.290341,,ciclo3_AM_AC_AD,concentrator_trafo_3_22,market,propose,1189,20.571988,0
1789091539.305105,,ciclo3_AM_AC_AD,concentrator_trafo_4_34,market,propose,1426,50.397241,0
1789091539.311450,,ciclo3_AM_AC_AD,concentrator_trafo_1_5,market,propose,1059,35.281511,0
1789091539.316890,,ciclo3_AM_AC_AD,concentrator_trafo_2_12,market,propose,1018,34.858118,0
1789091539.778289,,ciclo3_AM_AC_AD,dso,market,propose,1310,22.658959,0
1789091540.013338,,,market,concentrator_trafo_1_5,reject-proposal,1011,31.426819,0
1789091540.017043,,,market,concentrator_trafo_2_12,reject-proposal,1099,34.305662,0
1789091540.020343,,,market,concentrator_trafo_3_22,reject-proposal,1492,23.909852,0
1789091540.020507,,,market,concentrator_trafo_4_34,reject-proposal,1496,53.438807,0
1789091540.023437,,,market,dso,reject-proposal,1094,16.804380,0
1789091540.080852,,ciclo3_AM_AC_AD,market,concentrator_trafo_1_5,cfp,100,1.522701,0
1789091540.082479,,ciclo3_AM_AC_AD,market,concentrator_trafo_2_12,cfp,100,6.767834,0
1789091540.084014,,ciclo3_AM_AC_AD,market,concentrator_trafo_3_22,cfp,100,2.105498,0
1789091540.085570,,ciclo3_AM_AC_AD,market,concentrator_trafo_4_34,cfp,100,2.943466,0
1789091540.088994,,ciclo3_AM_AC_AD,market,dso,cfp,100,3.728781,0
1789091540.610430,,ciclo3_AM_AC_AD,concentrator_trafo_1_5,market,propose,1367,47.167807,0
1789091540.692532,,ciclo3_AM_AC_AD,concentrator_trafo_3_22,market,propose,1063,17.757524,0
1789091540.736206,,ciclo3_AM_AC_AD,concentrator_trafo_4_34,market,propose,1245,44.586918,0
1789091540.748791,,ciclo3_AM_AC_AD,concentrator_trafo_2_12,market,propose,1107,33.448760,0
1789091541.228899,,ciclo3_AM_AC_AD,dso,market,propose,1372,20.487248,0
1789091541.443841,,,market,concentrator_trafo_1_5,reject-proposal,1409,47.477433,0
1789091541.447960,,,market,concentrator_trafo_2_12,reject-proposal,1031,39.576124,0
1789091541.451532,,,market,concentrator_trafo_3_22,reject-proposal,1479,24.528891,0
1789091541.455092,,,market,concentrator_trafo_4_34,reject-proposal,1347,50.275655,0
1789091541.458354,,,market,dso,reject-proposal,1011,16.412363,0
1789091541.516287,,ciclo3_AM_AC_AD,market,concentrator_trafo_1_5,cfp,100,2.879050,0
1789091541.518132,,ciclo3_AM_AC_AD,market,concentrator_trafo_2_12,cfp,100,0.891755,0
1789091541.519936,,ciclo3_AM_AC_AD,market,concentrator_trafo_3_22,cfp,100,1.096899,0
1789091541.521735,,ciclo3_AM_AC_AD,market,concentrator_trafo_4_34,cfp,100,4.885192,0
1789091541.524904,,ciclo3_AM_AC_AD,market,dso,cfp,100,3.193514,0
1789091542.045527,,ciclo3_AM_AC_AD,concentrator_trafo_2_12,market,propose,1278,47.391492,0
1789091542.112807,,ciclo3_AM_AC_AD,concentrator_trafo_3_22,market,propose,1217,22.475911,0
1789091542.122494,,ciclo3_AM_AC_AD,concentrator_trafo_1_5,market,propose,1317,42.358164,0
1789091542.160729,,ciclo3_AM_AC_AD,concentrator_trafo_4_34,market,propose,1051,35.176071,0
1789091542.620448,,ciclo3_AM_AC_AD,dso,market,propose,1427,23.513377,0
1789091542.865267,,,market,concentrator_trafo_1_5,reject-proposal,1133,38.395786,0
1789091542.865815,,,market,concentrator_trafo_2_12,reject-proposal,1035,32.759931,0
1789091542.866250,,,market,concentrator_trafo_3_22,reject-proposal,1113,16.168081,0
1789091542.866715,,,market,concentrator_trafo_4_34,reject-proposal,1036,37.581979,0
1789091542.870094,,,market,dso,reject-proposal,1331,22.995346,0
1789091542.926127,,ciclo3_AM_AC_AD,market,concentrator_trafo_1_5,cfp,100,3.443094,0
1789091542.927732,,ciclo3_AM_AC_AD,market,concentrator_trafo_2_12,cfp,100,7.333620,0
1789091542.929372,,ciclo3_AM_AC_AD,market,concentrator_trafo_3_22,cfp,100,3.446465,0
1789091542.930578,,ciclo3_AM_AC_AD,market,concentrator_trafo_4_34,cfp,100,2.757506,0
1789091542.933482,,ciclo3_AM_AC_AD,market,dso,cfp,100,2.858542,0
1789091543.555646,,ciclo3_AM_AC_AD,concentrator_trafo_4_34,market,propose,1154,51.002155,0
1789091543.613515,,ciclo3_AM_AC_AD,concentrator_trafo_1_5,market,propose,1179,42.711497,0
1789091543.624038,,ciclo3_AM_AC_AD,concentrator_trafo_3_22,market,propose,1223,19.267663,0
1789091543.641615,,ciclo3_AM_AC_AD,concentrator_trafo_2_12,market,propose,1092,38.457913,0
1789091544.084791,,ciclo3_AM_AC_AD,dso,market,propose,1031,16.985628,0
1789091544.266737,,,market,concentrator_trafo_1_5,reject-proposal,1257,38.829863,0
1789091544.267311,,,market,concentrator_trafo_2_12,reject-proposal,1239,40.476006,0
1789091544.270894,,,market,concentrator_trafo_3_22,reject-proposal,1020,17.396573,0
1789091544.274850,,,market,concentrator_trafo_4_34,reject-proposal,1305,53.142361,0
1789091544.278489,,,market,dso,reject-proposal,1051,17.777189,0
1789091544.335370,,ciclo3_AM_AC_AD,market,concentrator_trafo_1_5,cfp,100,5.643833,0
1789091544.337402,,ciclo3_AM_AC_AD,market,concentrator_trafo_2_12,cfp,100,3.989350,0
1789091544.339504,,ciclo3_AM_AC_AD,market,concentrator_trafo_3_22,cfp,100,0.648771,0
1789091544.341510,,ciclo3_AM_AC_AD,market,concentrator_trafo_4_34,cfp,100,7.349769,0
1789091544.345159,,ciclo3_AM_AC_AD,market,dso,cfp,100,0.394554,0
1789091544.919592,,ciclo3_AM_AC_AD,concentrator_trafo_3_22,market,propose,1358,22.605734,0
1789091544.981450,,ciclo3_AM_AC_AD,concentrator_trafo_2_12,market,propose,1200,39.548775,0
1789091545.024255,,ciclo3_AM_AC_AD,concentrator_trafo_1_5,market,propose,1102,37.700739,0
1789091545.041347,,ciclo3_AM_AC_AD,concentrator_trafo_4_34,market,propose,1133,41.692800,0
1789091545.449602,,ciclo3_AM_AC_AD,dso,market,propose,1183,19.021393,0
1789091545.648220,,,market,concentrator_trafo_1_5,reject-proposal,1463,50.871990,0
1789091545.652145,,,market,concentrator_trafo_2_12,reject-proposal,1374,44.963299,0
1789091545.655878,,,market,concentrator_trafo_3_22,reject-proposal,1240,21.329097,0
1789091545.658823,,,market,concentrator_trafo_4_34,reject-proposal,1429,53.330697,0
1789091545.658968,,,market,dso,reject-proposal,1461,26.019089,0
1789091545.717603,,ciclo3_AM_AC_AD,market,concentrator_trafo_1_5,cfp,100,6.425974,0
1789091545.719330,,ciclo3_AM_AC_AD,market,concentrator_trafo_2_12,cfp,100,4.249799,0
1789091545.721000,,ciclo3_AM_AC_AD,market,concentrator_trafo_3_22,cfp,100,3.783571,0
1789091545.722613,,ciclo3_AM_AC_AD,market,concentrator_trafo_4_34,cfp,100,0.039042,0
1789091545.725960,,ciclo3_AM_AC_AD,market,dso,cfp,100,1.017884,0
1789091546.292702,,ciclo3_AM_AC_AD,concentrator_trafo_4_34,market,propose,1470,52.446575,0
1789091546.354434,,ciclo3_AM_AC_AD,concentrator_trafo_2_12,market,propose,1291,45.876189,0
1789091546.360850,,ciclo3_AM_AC_AD,concentrator_trafo_3_22,market,propose,1086,18.622778,0
1789091546.404533,,ciclo3_AM_AC_AD,concentrator_trafo_1_5,market,propose,1357,42.893152,0
1789091546.821816,,ciclo3_AM_AC_AD,dso,market,propose,1344,21.896213,0
1789091547.051942,,,market,concentrator_trafo_1_5,reject-proposal,1104,37.852028,0
1789091547.056086,,,market,concentrator_trafo_2_12,reject-proposal,1494,44.790457,0
1789091547.059830,,,market,concentrator_trafo_3_22,reject-proposal,1392,23.389235,0
1789091547.063437,,,market,concentrator_trafo_4_34,reject-proposal,1029,44.532567,0
1789091547.066789,,,market,dso,reject-proposal,1403,25.183915,0
1789091547.124560,,ciclo3_AM_AC_AD,market,concentrator_trafo_1_5,cfp,100,2.370454,0
1789091547.126091,,ciclo3_AM_AC_AD,market,concentrator_trafo_2_12,cfp,100,1.761643,0
1789091547.127437,,ciclo3_AM_AC_AD,market,concentrator_trafo_3_22,cfp,100,1.135570,0
1789091547.128733,,ciclo3_AM_AC_AD,market,concentrator_trafo_4_34,cfp,100,3.171321,0
1789091547.131793,,ciclo3_AM_AC_AD,market,dso,cfp,100,1.538693,0
1789091547.759718,,ciclo3_AM_AC_AD,concentrator_trafo_3_22,market,propose,1346,22.417435,0
1789091547.793337,,ciclo3_AM_AC_AD,concentrator_trafo_2_12,market,propose,1081,34.144945,0
1789091547.803372,,ciclo3_AM_AC_AD,concentrator_trafo_1_5,market,propose,1432,50.436933,0
1789091547.811861,,ciclo3_AM_AC_AD,concentrator_trafo_4_34,market,propose,1082,40.589349,0
1789091548.264637,,ciclo3_AM_AC_AD,dso,market,propose,1175,19.010260,0
1789091548.463140,,,market,concentrator_trafo_1_5,reject-proposal,1271,44.442608,0
1789091548.466787,,,market,concentrator_trafo_2_12,reject-proposal,1128,32.434652,0
1789091548.467094,,,market,concentrator_trafo_3_22,reject-proposal,1060,16.425040,0
1789091548.470293,,,market,concentrator_trafo_4_34,reject-proposal,1305,47.286516,0
1789091548.473047,,,market,dso,reject-proposal,1471,24.845432,0
1789091548.528669,,ciclo3_AM_AC_AD,market,concentrator_trafo_1_5,cfp,100,6.281176,0
1789091548.530078,,ciclo3_AM_AC_AD,market,concentrator_trafo_2_12,cfp,100,4.243824,0
1789091548.531617,,ciclo3_AM_AC_AD,market,concentrator_trafo_3_22,cfp,100,2.440520,0
1789091548.532871,,ciclo3_AM_AC_AD,market,concentrator_trafo_4_34,cfp,100,3.067343,0
1789091548.535998,,ciclo3_AM_AC_AD,market,dso,cfp,100,3.766948,0
1789091549.145720,,ciclo3_AM_AC_AD,concentrator_trafo_3_22,market,propose,1226,18.550344,0
1789091549.159785,,ciclo3_AM_AC_AD,concentrator_trafo_4_34,market,propose,1340,48.916596,0
1789091549.166872,,ciclo3_AM_AC_AD,concentrator_trafo_1_5,market,propose,1089,38.333502,0
1789091549.175066,,ciclo3_AM_AC_AD,concentrator_trafo_2_12,market,propose,1006,35.200429,0
1789091549.653121,,ciclo3_AM_AC_AD,dso,market,propose,1241,20.607343,0
1789091549.871339,,,market,concentrator_trafo_1_5,reject-proposal,1348,45.217197,0
1789091549.874885,,,market,concentrator_trafo_2_12,reject-proposal,1209,41.725714,0
1789091549.878062,,,market,concentrator_trafo_3_22,reject-proposal,1460,26.483947,0
1789091549.880983,,,market,concentrator_trafo_4_34,reject-proposal,1291,50.641844,0
1789091549.883823,,,market,dso,reject-proposal,1447,25.483140,0
1789091549.942057,,ciclo3_AM_AC_AD,market,concentrator_trafo_1_5,cfp,100,2.659511,0
1789091549.944156,,ciclo3_AM_AC_AD,market,concentrator_trafo_2_12,cfp,100,6.045509,0
1789091549.946084,,ciclo3_AM_AC_AD,market,concentrator_trafo_3_22,cfp,100,0.138609,0
1789091549.947856,,ciclo3_AM_AC_AD,market,concentrator_trafo_4_34,cfp,100,3.123830,0
1789091549.951566,,ciclo3_AM_AC_AD,market,dso,cfp,100,2.361147,0
1789091550.584823,,ciclo3_AM_AC_AD,concentrator_trafo_3_22,market,propose,1260,21.106539,0
1789091550.590513,,ciclo3_AM_AC_AD,concentrator_trafo_1_5,market,propose,1469,49.713955,0
1789091550.601820,,ciclo3_AM_AC_AD,concentrator_trafo_4_34,market,propose,1159,41.378390,0
1789091550.608592,,ciclo3_AM_AC_AD,concentrator_trafo_2_12,market,propose,1332,42.818945,0
1789091551.072312,,ciclo3_AM_AC_AD,dso,market,propose,1182,18.863109,0
1789091551.268082,,,market,concentrator_trafo_1_5,reject-proposal,1198,41.635584,0
1789091551.270893,,,market,concentrator_trafo_2_12,reject-proposal,1428,46.005315,0
1789091551.272634,,,market,concentrator_trafo_3_22,reject-proposal,1336,21.500016,0
1789091551.274305,,,market,concentrator_trafo_4_34,reject-proposal,1128,41.099105,0
1789091551.274535,,,market,dso,reject-proposal,1078,17.476671,0
1789091551.332857,,ciclo3_AM_AC_AD,market,concentrator_trafo_1_5,cfp,100,4.930185,0
1789091551.334687,,ciclo3_AM_AC_AD,market,concentrator_trafo_2_12,cfp,100,3.857395,0
1789091551.336357,,ciclo3_AM_AC_AD,market,concentrator_trafo_3_22,cfp,100,1.535223,0
1789091551.338045,,ciclo3_AM_AC_AD,market,concentrator_trafo_4_34,cfp,100,4.952062,0
1789091551.341678,,ciclo3_AM_AC_AD,market,dso,cfp,100,1.956483,0
1789091551.954942,,ciclo3_AM_AC_AD,concentrator_trafo_3_22,market,propose,1287,22.022318,0
1789091551.976326,,ciclo3_AM_AC_AD,concentrator_trafo_2_12,market,propose,1353,43.484206,0
1789091551.984518,,ciclo3_AM_AC_AD,concentrator_trafo_1_5,market,propose,1006,33.176483,0
1789091551.992005,,ciclo3_AM_AC_AD,concentrator_trafo_4_34,market,propose,1234,43.487707,0
1789091552.451272,,ciclo3_AM_AC_AD,dso,market,propose,1379,23.412793,0
1789091552.696986,,,market,concentrator_trafo_1_5,reject-proposal,1040,35.917125,0
1789091552.700848,,,market,concentrator_trafo_2_12,reject-proposal,1171,38.321875,0
1789091552.704284,,,market,concentrator_trafo_3_22,reject-proposal,1378,21.862596,0
1789091552.707614,,,market,concentrator_trafo_4_34,reject-proposal,1023,38.055090,0
1789091552.710752,,,market,dso,reject-proposal,1278,22.041217,0
1789091552.768061,,ciclo3_AM_AC_AD,market,concentrator_trafo_1_5,cfp,100,4.904010,0
1789091552.769659,,ciclo3_AM_AC_AD,market,concentrator_trafo_2_12,cfp,100,4.830213,0
1789091552.771142,,ciclo3_AM_AC_AD,market,concentrator_trafo_3_22,cfp,100,0.186844,0
1789091552.772538,,ciclo3_AM_AC_AD,market,concentrator_trafo_4_34,cfp,100,1.202364,0
1789091552.775583,,ciclo3_AM_AC_AD,market,dso,cfp,100,2.177885,0
1789091553.252581,,ciclo3_AM_AC_AD,concentrator_trafo_3_22,market,propose,1143,19.083354,0
1789091553.420569,,ciclo3_AM_AC_AD,concentrator_trafo_4_34,market,propose,1069,41.612811,0
1789091553.456650,,ciclo3_AM_AC_AD,concentrator_trafo_2_12,market,propose,1122,33.485836,0
1789091553.462141,,ciclo3_AM_AC_AD,concentrator_trafo_1_5,market,propose,1390,45.465325,0
1789091553.949850,,ciclo3_AM_AC_AD,dso,market,propose,1488,24.893406,0
1789091554.210109,,,market,concentrator_trafo_1_5,reject-proposal,1246,37.662039,0
1789091554.210901,,,market,concentrator_trafo_2_12,reject-proposal,1180,39.589299,0
1789091554.214442,,,market,concentrator_trafo_3_22,reject-proposal,1312,24.224330,0
1789091554.218081,,,market,concentrator_trafo_4_34,reject-proposal,1147,41.472893,0
1789091554.221477,,,market,dso,reject-proposal,1344,23.338854,0
1789091554.277053,,ciclo3_AM_AC_AD,market,concentrator_trafo_1_5,cfp,100,4.618138,0
1789091554.278458,,ciclo3_AM_AC_AD,market,concentrator_trafo_2_12,cfp,100,2.069497,0
1789091554.279820,,ciclo3_AM_AC_AD,market,concentrator_trafo_3_22,cfp,100,3.150750,0
1789091554.281159,,ciclo3_AM_AC_AD,market,concentrator_trafo_4_34,cfp,100,9.425533,0
1789091554.284358,,ciclo3_AM_AC_AD,market,dso,cfp,100,1.929484,0
1789091554.892020,,ciclo3_AM_AC_AD,concentrator_trafo_2_12,market,propose,1183,42.505321,0
1789091554.940815,,ciclo3_AM_AC_AD,concentrator_trafo_1_5,market,propose,1302,42.551164,0
1789091554.948529,,ciclo3_AM_AC_AD,concentrator_trafo_3_22,market,propose,1484,24.814701,0
1789091555.003449,,ciclo3_AM_AC_AD,concentrator_trafo_4_34,market,propose,1456,56.893506,0
1789091555.417095,,ciclo3_AM_AC_AD,dso,market,propose,1324,23.035523,0
1789091555.656957,,,market,concentrator_trafo_1_5,reject-proposal,1437,45.791837,0
1789091555.660721,,,market,concentrator_trafo_2_12,reject-proposal,1317,43.526027,0
1789091555.663950,,,market,concentrator_trafo_3_22,reject-proposal,1067,19.111519,0
1789091555.667755,,,market,concentrator_trafo_4_34,reject-proposal,1366,47.131098,0
1789091555.670480,,,market,dso,reject-proposal,1158,20.321201,0
1789091555.725604,,ciclo3_AM_AC_AD,market,concentrator_trafo_1_5,cfp,100,4.014764,0
1789091555.726928,,ciclo3_AM_AC_AD,market,concentrator_trafo_2_12,cfp,100,3.203479,0
1789091555.728238,,ciclo3_AM_AC_AD,market,concentrator_trafo_3_22,cfp,100,2.686911,0
1789091555.729439,,ciclo3_AM_AC_AD,market,concentrator_trafo_4_34,cfp,100,3.026383,0
1789091555.732338,,ciclo3_AM_AC_AD,market,dso,cfp,100,2.633357,0
1789091556.329640,,ciclo3_AM_AC_AD,concentrator_trafo_3_22,market,propose,1198,22.712403,0
1789091556.348804,,ciclo3_AM_AC_AD,concentrator_trafo_2_12,market,propose,1383,42.010375,0
1789091556.359937,,ciclo3_AM_AC_AD,concentrator_trafo_4_34,market,propose,1212,42.033544,0
1789091556.369479,,ciclo3_AM_AC_AD,concentrator_trafo_1_5,market,propose,1424,49.288420,0
1789091556.833809,,ciclo3_AM_AC_AD,dso,market,propose,1333,24.144027,0
1789091557.087207,,,market,concentrator_trafo_1_5,accept-proposal,1041,36.502592,0
1789091557.091082,,,market,concentrator_trafo_2_12,accept-proposal,1000,30.498559,0
1789091557.094729,,,market,concentrator_trafo_3_22,accept-proposal,1304,22.363698,0
1789091557.098302,,,market,concentrator_trafo_4_34,accept-proposal,1098,39.500230,0
1789091557.101617,,,market,dso,accept-proposal,1357,23.128238,0
1789091557.106593,,,dso,concentrator_trafo_3_22,inform,1171,42.106364,0
1789091557.109326,,,dso,concentrator_trafo_1_5,inform,1081,37.036200,0
1789091557.109483,,,dso,concentrator_trafo_4_34,inform,1122,53.117273,0
1789091557.109593,,,dso,concentrator_trafo_2_12,inform,1114,18.094957,0
1789091557.301072,,,concentrator_trafo_2_12,prosumer14,inform,1326,22.318398,0
1789091557.304434,,,concentrator_trafo_2_12,prosumer16,inform,1229,18.330561,0
1789091557.304827,,,concentrator_trafo_2_12,prosumer20,inform,1193,18.854818,0
1789091557.307977,,,concentrator_trafo_2_12,prosumer17,inform,1363,20.455321,0
1789091557.310712,,,concentrator_trafo_2_12,prosumer18,inform,1448,24.607022,0
1789091557.312973,,,concentrator_trafo_2_12,prosumer21,inform,1344,24.006070,0
1789091557.313286,,,concentrator_trafo_2_12,prosumer15,inform,1290,45.080659,0
1789091557.315084,,,concentrator_trafo_2_12,prosumer12,inform,1447,25.517156,0
1789091557.316667,,,concentrator_trafo_2_12,prosumer13,inform,1212,32.780311,0
1789091557.318302,,,concentrator_trafo_2_12,prosumer19,inform,1016,17.678520,0
1789091557.490710,,,concentrator_trafo_1_5,prosumer11,inform,1205,19.493881,0
1789091557.494066,,,concentrator_trafo_1_5,prosumer5,inform,1446,23.460992,0
1789091557.497583,,,concentrator_trafo_1_5,prosumer6,inform,1359,20.387459,0
1789091557.498002,,,concentrator_trafo_1_5,prosumer10,inform,1290,21.990972,0
1789091557.501216,,,concentrator_trafo_1_5,prosumer7,inform,1214,32.664508,1
1789091557.504260,,,concentrator_trafo_1_5,prosumer9,inform,1395,21.272818,0
1789091557.504373,,,concentrator_trafo_1_5,prosumer8,inform,1339,23.956194,0
1789091557.509568,,,prosumer16,concentrator_trafo_2_12,inform,100,0.521831,0
1789091557.511067,,,prosumer20,concentrator_trafo_2_12,inform,100,2.080733,0
1789091557.512087,,,prosumer19,concentrator_trafo_2_12,inform,100,0.526445,0
1789091557.515069,,,prosumer17,concentrator_trafo_2_12,inform,100,3.335828,0
1789091557.527102,,,prosumer14,concentrator_trafo_2_12,inform,100,2.115524,0
1789091557.536100,,,concentrator_trafo_3_22,prosumer27,inform,1363,43.672116,0
1789091557.539277,,,concentrator_trafo_3_22,prosumer28,inform,1023,35.179986,0
1789091557.539424,,,concentrator_trafo_3_22,prosumer23,inform,1084,20.025939,0
1789091557.542281,,,concentrator_trafo_3_22,prosumer26,inform,1228,40.277548,0
1789091557.545038,,,concentrator_trafo_3_22,prosumer31,inform,1032,19.704220,0
1789091557.545145,,,concentrator_trafo_3_22,prosumer33,inform,1132,18.949537,0
1789091557.547468,,,concentrator_trafo_3_22,prosumer32,inform,1359,42.878707,0
1789091557.549353,,,concentrator_trafo_3_22,prosumer30,inform,1080,16.709284,0
1789091557.550922,,,concentrator_trafo_3_22,prosumer22,inform,1228,19.874116,0
1789091557.550977,,,concentrator_trafo_3_22,prosumer25,inform,1270,40.295134,0
1789091557.552370,,,concentrator_trafo_3_22,prosumer29,inform,1453,47.671319,0
1789091557.553723,,,concentrator_trafo_3_22,prosumer24,inform,1249,21.533634,0
1789091557.556962,,,prosumer21,concentrator_trafo_2_12,inform,100,1.209385,0
1789091557.557739,,,prosumer18,concentrator_trafo_2_12,inform,100,2.993878,0
1789091557.573004,,,prosumer12,concentrator_trafo_2_12,inform,100,3.705023,0
1789091557.651447,,,concentrator_trafo_4_34,prosumer40,inform,1464,24.010129,0
1789091557.654727,,,concentrator_trafo_4_34,prosumer43,inform,1287,20.854382,0
1789091557.655185,,,concentrator_trafo_4_34,prosumer45,inform,1309,42.771192,0
1789091557.655429,,,concentrator_trafo_4_34,prosumer34,inform,1386,20.405029,0
1789091557.658633,,,concentrator_trafo_4_34,prosumer44,inform,1000,32.645671,0
1789091557.661481,,,concentrator_trafo_4_34,prosumer38,inform,1452,29.980620,0
1789091557.664210,,,concentrator_trafo_4_34,prosumer35,inform,1019,37.383805,0
1789091557.666885,,,concentrator_trafo_4_34,prosumer42,inform,1253,40.479977,0
1789091557.666979,,,concentrator_trafo_4_34,prosumer36,inform,1166,42.294503,0
1789091557.667064,,,concentrator_trafo_4_34,prosumer41,inform,1159,22.157992,0
1789091557.669244,,,concentrator_trafo_4_34,prosumer37,inform,1428,48.198345,0
1789091557.671045,,,concentrator_trafo_4_34,prosumer39,inform,1239,38.112539,0
1789091557.672568,,,concentrator_trafo_4_34,prosumer46,inform,1025,16.850266,0
1789091557.674829,,,prosumer13,concentrator_trafo_2_12,inform,100,3.193576,0
1789091557.687910,,,prosumer11,concentrator_trafo_1_5,inform,100,3.834008,0
1789091557.704493,,,prosumer6,concentrator_trafo_1_5,inform,100,0.820869,0
1789091557.720279,,,prosumer30,concentrator_trafo_3_22,inform,100,2.151964,0
1789091557.722094,,,prosumer9,concentrator_trafo_1_5,inform,100,3.119375,0
1789091557.723437,,,prosumer10,concentrator_trafo_1_5,inform,100,2.086049,0
1789091557.731193,,,prosumer5,concentrator_trafo_1_5,inform,100,0.924297,0
1789091557.738527,,,prosumer33,concentrator_trafo_3_22,inform,100,4.020973,0
1789091557.742416,,,prosumer23,concentrator_trafo_3_22,inform,100,3.592852,0
1789091557.746143,,,prosumer31,concentrator_trafo_3_22,inform,100,2.331659,0
1789091557.747338,,,prosumer8,concentrator_trafo_1_5,inform,100,2.173713,0
1789091557.751097,,,prosumer22,concentrator_trafo_3_22,inform,100,3.393504,0
1789091557.766989,,,prosumer15,concentrator_trafo_2_12,inform,100,7.006246,0
1789091557.772177,,,prosumer24,concentrator_trafo_3_22,inform,100,1.748551,0
1789091557.840796,,,concentrator_trafo_2_12,dso,inform,100,3.456717,0
1789091557.843213,,,prosumer46,concentrator_trafo_4_34,inform,100,0.911446,0
1789091557.862983,,,prosumer34,concentrator_trafo_4_34,inform,100,2.183685,0
1789091557.865711,,,prosumer43,concentrator_trafo_4_34,inform,100,1.273207,0
1789091557.891395,,,prosumer41,concentrator_trafo_4_34,inform,100,0.483323,0
1789091557.894404,,,prosumer28,concentrator_trafo_3_22,inform,100,4.371752,0
1789091557.895851,,,prosumer40,concentrator_trafo_4_34,inform,100,0.787769,0
1789091557.949258,,,prosumer26,concentrator_trafo_3_22,inform,100,3.591686,0
1789091557.957873,,,prosumer25,concentrator_trafo_3_22,inform,100,2.650659,0
1789091557.963993,,,prosumer38,concentrator_trafo_4_34,inform,100,1.169743,0
1789091557.976831,,,prosumer27,concentrator_trafo_3_22,inform,100,4.473101,0
1789091557.980997,,,prosumer32,concentrator_trafo_3_22,inform,100,5.371774,0
1789091557.989233,,,prosumer44,concentrator_trafo_4_34,inform,100,3.445750,0
1789091558.032727,,,prosumer29,concentrator_trafo_3_22,inform,100,2.216686,0
1789091558.040822,,,prosumer35,concentrator_trafo_4_34,inform,100,4.008171,0
1789091558.054604,,,prosumer39,concentrator_trafo_4_34,inform,100,4.288624,0
1789091558.057827,,,concentrator_trafo_3_22,dso,inform,100,2.411079,0
1789091558.075683,,,prosumer42,concentrator_trafo_4_34,inform,100,2.864727,0
1789091558.087036,,,prosumer45,concentrator_trafo_4_34,inform,100,6.918011,0
1789091558.092865,,,prosumer36,concentrator_trafo_4_34,inform,100,4.675821,0
1789091558.154080,,,prosumer37,concentrator_trafo_4_34,inform,100,2.455990,0
1789091558.181680,,,concentrator_trafo_4_34,dso,inform,100,6.142287,0
1789091577.267844,1,ciclo1_AC_AP,concentrator_trafo_1_5,prosumer5,cfp,100,0.860174,0
1789091577.269181,1,ciclo1_AC_AP,concentrator_trafo_1_5,prosumer6,cfp,100,2.856503,0
1789091577.270126,1,ciclo1_AC_AP,concentrator_trafo_1_5,prosumer7,cfp,100,3.365354,0
1789091577.270905,1,ciclo1_AC_AP,concentrator_trafo_1_5,prosumer8,cfp,100,3.504267,0
1789091577.271507,1,ciclo1_AC_AP,concentrator_trafo_1_5,prosumer9,cfp,100,3.680405,0
1789091577.272135,1,ciclo1_AC_AP,concentrator_trafo_1_5,prosumer10,cfp,100,3.839820,0
1789091577.272733,1,ciclo1_AC_AP,concentrator_trafo_1_5,prosumer11,cfp,100,0.786841,0
1789091577.274050,1,ciclo1_AC_AP,concentrator_trafo_2_12,prosumer12,cfp,100,1.325390,0
1789091577.274618,1,ciclo1_AC_AP,concentrator_trafo_2_12,prosumer13,cfp,100,4.950003,0
1789091577.274992,1,ciclo1_AC_AP,concentrator_trafo_2_12,prosumer14,cfp,100,2.599745,0
1789091577.275424,1,ciclo1_AC_AP,concentrator_trafo_2_12,prosumer15,cfp,100,3.698823,0
1789091577.275658,1,ciclo1_AC_AP,concentrator_trafo_2_12,prosumer16,cfp,100,1.931763,0
1789091577.275853,1,ciclo1_AC_AP,concentrator_trafo_2_12,prosumer17,cfp,100,3.205955,0
1789091577.276043,1,ciclo1_AC_AP,concentrator_trafo_2_12,prosumer18,cfp,100,0.915613,0
1789091577.276285,1,ciclo1_AC_AP,concentrator_trafo_2_12,prosumer19,cfp,100,1.353294,0
1789091577.276638,1,ciclo1_AC_AP,concentrator_trafo_2_12,prosumer20,cfp,100,3.085651,0
1789091577.276918,1,ciclo1_AC_AP,concentrator_trafo_2_12,prosumer21,cfp,100,3.447829,0
1789091577.278067,1,ciclo1_AC_AP,concentrator_trafo_3_22,prosumer22,cfp,100,1.765980,0
1789091577.278336,1,ciclo1_AC_AP,concentrator_trafo_3_22,prosumer23,cfp,100,3.758543,0
1789091577.278528,1,ciclo1_AC_AP,concentrator_trafo_3_22,prosumer24,cfp,100,2.341642,0
1789091577.278742,1,ciclo1_AC_AP,concentrator_trafo_3_22,prosumer25,cfp,100,2.027914,0
1789091577.278919,1,ciclo1_AC_AP,concentrator_trafo_3_22,prosumer26,cfp,100,3.608627,0
1789091577.279093,1,ciclo1_AC_AP,concentrator_trafo_3_22,prosumer27,cfp,100,2.216062,0
1789091577.279431,1,ciclo1_AC_AP,concentrator_trafo_3_22,prosumer28,cfp,100,6.708761,0
1789091577.279725,1,ciclo1_AC_AP,concentrator_trafo_3_22,prosumer29,cfp,100,3.018969,0
1789091577.279922,1,ciclo1_AC_AP,concentrator_trafo_3_22,prosumer30,cfp,100,0.244823,0
1789091577.280111,1,ciclo1_AC_AP,concentrator_trafo_3_22,prosumer31,cfp,100,0.722694,0
1789091577.280298,1,ciclo1_AC_AP,concentrator_trafo_3_22,prosumer32,cfp,100,5.260279,0
1789091577.280480,1,ciclo1_AC_AP,concentrator_trafo_3_22,prosumer33,cfp,100,3.325877,0
1789091577.281595,1,ciclo1_AC_AP,concentrator_trafo_4_34,prosumer34,cfp,100,2.024646,0
1789091577.281770,1,ciclo1_AC_AP,concentrator_trafo_4_34,prosumer35,cfp,100,5.162233,0
1789091577.281919,1,ciclo1_AC_AP,concentrator_trafo_4_34,prosumer36,cfp,100,3.040855,0
1789091577.282075,1,ciclo1_AC_AP,concentrator_trafo_4_34,prosumer37,cfp,100,3.011554,0
1789091577.282208,1,ciclo1_AC_AP,concentrator_trafo_4_34,prosumer38,cfp,100,2.247125,0
1789091577.282340,1,ciclo1_AC_AP,concentrator_trafo_4_34,prosumer39,cfp,100,1.322903,0
1789091577.282471,1,ciclo1_AC_AP,concentrator_trafo_4_34,prosumer40,cfp,100,3.089727,0
1789091577.282655,1,ciclo1_AC_AP,concentrator_trafo_4_34,prosumer41,cfp,100,0.286381,0
1789091577.282830,1,ciclo1_AC_AP,concentrator_trafo_4_34,prosumer42,cfp,100,5.038654,0
1789091577.282977,1,ciclo1_AC_AP,concentrator_trafo_4_34,prosumer43,cfp,100,0.421523,0
1789091577.283120,1,ciclo1_AC_AP,concentrator_trafo_4_34,prosumer44,cfp,100,1.911379,0
1789091577.283262,1,ciclo1_AC_AP,concentrator_trafo_4_34,prosumer45,cfp,100,4.051223,0
1789091577.283398,1,ciclo1_AC_AP,concentrator_trafo_4_34,prosumer46,cfp,100,1.028404,0
1789091577.289322,1,ciclo1_AC_AP,prosumer5,concentrator_trafo_1_5,propose,312,5.744502,0
1789091577.293133,1,ciclo1_AC_AP,prosumer11,concentrator_trafo_1_5,propose,196,3.412609,0
1789091577.295792,1,ciclo1_AC_AP,prosumer30,concentrator_trafo_3_22,propose,380,5.818983,0
1789091577.299243,1,ciclo1_AC_AP,prosumer18,concentrator_trafo_2_12,propose,424,9.921735,0
1789091577.301251,1,ciclo1_AC_AP,prosumer41,concentrator_trafo_4_34,propose,142,3.483301,0
1789091577.303174,1,ciclo1_AC_AP,prosumer43,concentrator_trafo_4_34,propose,471,6.792702,0
1789091577.305096,1,ciclo1_AC_AP,prosumer12,concentrator_trafo_2_12,propose,166,6.038619,0
1789091577.307037,1,ciclo1_AC_AP,prosumer31,concentrator_trafo_3_22,propose,107,2.766348,0
1789091577.309031,1,ciclo1_AC_AP,prosumer19,concentrator_trafo_2_12,propose,305,7.481645,0
1789091577.311354,1,ciclo1_AC_AP,prosumer46,concentrator_trafo_4_34,propose,447,9.041005,0
1789091577.314025,1,ciclo1_AC_AP,prosumer16,concentrator_trafo_2_12,propose,313,8.060869,0
1789091577.314806,1,ciclo1_AC_AP,prosumer39,concentrator_trafo_4_34,propose,261,12.016052,0
1789091577.316841,1,ciclo1_AC_AP,prosumer22,concentrator_trafo_3_22,propose,101,3.734734,0
1789091577.321948,1,ciclo1_AC_AP,prosumer6,concentrator_trafo_1_5,propose,209,2.576008,0
1789091577.323887,1,ciclo1_AC_AP,prosumer25,concentrator_trafo_3_22,propose,107,4.293654,0
1789091577.325723,1,ciclo1_AC_AP,prosumer14,concentrator_trafo_2_12,propose,467,7.556772,0
1789091577.326255,1,ciclo1_AC_AP,prosumer27,concentrator_trafo_3_22,propose,486,14.318242,0
1789091577.328230,1,ciclo1_AC_AP,prosumer34,concentrator_trafo_4_34,propose,101,0.694322,0
1789091577.330230,1,ciclo1_AC_AP,prosumer24,concentrator_trafo_3_22,propose,445,10.021633,0
1789091577.332206,1,ciclo1_AC_AP,prosumer44,concentrator_trafo_4_34,propose,370,11.428146,0
1789091577.334277,1,ciclo1_AC_AP,prosumer7,concentrator_trafo_1_5,propose,413,14.583153,0
1789091577.336463,1,ciclo1_AC_AP,prosumer38,concentrator_trafo_4_34,propose,150,4.149767,0
1789091577.337179,1,ciclo1_AC_AP,prosumer8,concentrator_trafo_1_5,propose,197,3.971855,0
1789091577.337903,1,ciclo1_AC_AP,prosumer20,concentrator_trafo_2_12,propose,160,5.146462,0
1789091577.340769,1,ciclo1_AC_AP,prosumer17,concentrator_trafo_2_12,propose,411,7.014218,0
1789091577.341456,1,ciclo1_AC_AP,prosumer9,concentrator_trafo_1_5,propose,432,8.394598,0
1789091577.343690,1,ciclo1_AC_AP,prosumer29,concentrator_trafo_3_22,propose,201,6.871455,0
1789091577.344271,1,ciclo1_AC_AP,prosumer10,concentrator_trafo_1_5,propose,254,3.013053,0
1789091577.344801,1,ciclo1_AC_AP,prosumer21,concentrator_trafo_2_12,propose,243,2.283064,0
1789091577.346707,1,ciclo1_AC_AP,prosumer37,concentrator_trafo_4_34,propose,452,15.651267,0
1789091577.348630,1,ciclo1_AC_AP,prosumer36,concentrator_trafo_4_34,propose,193,10.376826,0
1789091577.349193,1,ciclo1_AC_AP,prosumer15,concentrator_trafo_2_12,propose,151,10.787482,0
1789091577.351082,1,ciclo1_AC_AP,prosumer40,concentrator_trafo_4_34,propose,343,5.668535,0
1789091577.351615,1,ciclo1_AC_AP,prosumer33,concentrator_trafo_3_22,propose,303,7.742595,0
1789091577.353537,1,ciclo1_AC_AP,prosumer26,concentrator_trafo_3_22,propose,421,15.808911,0
1789091577.355664,1,ciclo1_AC_AP,prosumer23,concentrator_trafo_3_22,propose,141,2.020571,0
1789091577.359276,1,ciclo1_AC_AP,prosumer45,concentrator_trafo_4_34,propose,111,3.642080,0
1789091577.361215,1,ciclo1_AC_AP,prosumer13,concentrator_trafo_2_12,propose,240,7.541516,0
1789091577.363394,1,ciclo1_AC_AP,prosumer32,concentrator_trafo_3_22,propose,331,11.675457,0
1789091577.365284,1,ciclo1_AC_AP,prosumer42,concentrator_trafo_4_34,propose,159,7.485795,0
1789091577.365841,1,ciclo1_AC_AP,prosumer35,concentrator_trafo_4_34,propose,231,7.742020,0
1789091577.367061,1,ciclo1_AC_AP,prosumer28,concentrator_trafo_3_22,propose,168,7.792782,0
1789091577.518465,1,ciclo2_AD_AC,dso,concentrator_trafo_1_5,cfp,100,2.625326,0
1789091577.519088,1,ciclo2_AD_AC,dso,concentrator_trafo_2_12,cfp,100,0.171444,0
1789091577.519661,1,ciclo2_AD_AC,dso,concentrator_trafo_3_22,cfp,100,5.490702,0
1789091577.520074,1,ciclo2_AD_AC,dso,concentrator_trafo_4_34,cfp,100,5.232925,0
1789091577.526988,1,ciclo2_AD_AC,concentrator_trafo_2_12,dso,propose,1334,22.204657,0
1789091577.553462,1,ciclo2_AD_AC,concentrator_trafo_1_5,dso,propose,1266,37.667937,0
1789091577.580792,1,ciclo2_AD_AC,concentrator_trafo_4_34,dso,propose,1418,72.494609,0
1789091577.585870,1,ciclo2_AD_AC,concentrator_trafo_3_22,dso,propose,1333,43.404596,0
1789091578.315226,1,ciclo3_AM_AC_AD,market,dso,cfp,100,0.926524,0
1789091578.340128,1,ciclo3_AM_AC_AD,dso,market,propose,1330,21.247148,0
1789091578.563594,1,ciclo3_AM_AC_AD,market,concentrator_trafo_1_5,cfp,100,2.851379,0
1789091578.564039,1,ciclo3_AM_AC_AD,market,concentrator_trafo_2_12,cfp,100,6.218234,0
1789091578.564387,1,ciclo3_AM_AC_AD,market,concentrator_trafo_3_22,cfp,100,1.347644,0
1789091578.564758,1,ciclo3_AM_AC_AD,market,concentrator_trafo_4_34,cfp,100,1.578091,0
1789091578.564907,1,ciclo3_AM_AC_AD,market,dso,cfp,100,3.927610,0
1789091578.614196,1,ciclo3_AM_AC_AD,concentrator_trafo_3_22,market,propose,1177,22.337560,0
1789091578.627834,1,ciclo3_AM_AC_AD,concentrator_trafo_4_34,market,propose,1058,35.855288,0
1789091578.631365,1,ciclo3_AM_AC_AD,concentrator_trafo_1_5,market,propose,1446,45.336051,0
1789091578.638900,1,ciclo3_AM_AC_AD,dso,market,propose,1079,17.882932,0
1789091578.642323,1,ciclo3_AM_AC_AD,concentrator_trafo_2_12,market,propose,1142,36.429516,0
1789091579.162349,2,ciclo1_AC_AP,concentrator_trafo_1_5,prosumer5,cfp,100,1.817668,0
1789091579.163017,2,ciclo1_AC_AP,concentrator_trafo_1_5,prosumer6,cfp,100,2.469332,0
1789091579.163574,2,ciclo1_AC_AP,concentrator_trafo_1_5,prosumer7,cfp,100,2.453244,0
1789091579.164031,2,ciclo1_AC_AP,concentrator_trafo_1_5,prosumer8,cfp,100,0.805155,0
1789091579.164466,2,ciclo1_AC_AP,concentrator_trafo_1_5,prosumer9,cfp,100,3.477020,0
1789091579.164819,2,ciclo1_AC_AP,concentrator_trafo_1_5,prosumer10,cfp,100,3.968240,0
1789091579.165039,2,ciclo1_AC_AP,concentrator_trafo_1_5,prosumer11,cfp,100,3.071100,0
1789091579.165834,2,ciclo1_AC_AP,concentrator_trafo_2_12,prosumer12,cfp,100,0.520295,0
1789091579.166028,2,ciclo1_AC_AP,concentrator_trafo_2_12,prosumer13,cfp,100,4.541790,0
1789091579.166185,2,ciclo1_AC_AP,concentrator_trafo_2_12,prosumer14,cfp,100,0.061598,0
1789091579.166322,2,ciclo1_AC_AP,concentrator_trafo_2_12,prosumer15,cfp,100,3.896685,0
1789091579.166448,2,ciclo1_AC_AP,concentrator_trafo_2_12,prosumer16,cfp,100,2.590247,0
1789091579.166592,2,ciclo1_AC_AP,concentrator_trafo_2_12,prosumer17,cfp,100,2.950286,0
1789091579.166739,2,ciclo1_AC_AP,concentrator_trafo_2_12,prosumer18,cfp,100,2.037621,0
1789091579.166875,2,ciclo1_AC_AP,concentrator_trafo_2_12,prosumer19,cfp,100,2.252601,0
1789091579.167004,2,ciclo1_AC_AP,concentrator_trafo_2_12,prosumer20,cfp,100,1.470134,0
1789091579.167133,2,ciclo1_AC_AP,concentrator_trafo_2_12,prosumer21,cfp,100,3.161848,0
1789091579.167958,2,ciclo1_AC_AP,concentrator_trafo_3_22,prosumer22,cfp,100,3.057736,0
1789091579.168278,2,ciclo1_AC_AP,concentrator_trafo_3_22,prosumer23,cfp,100,2.828025,0
1789091579.168538,2,ciclo1_AC_AP,concentrator_trafo_3_22,prosumer24,cfp,100,3.886045,0
1789091579.168808,2,ciclo1_AC_AP,concentrator_trafo_3_22,prosumer25,cfp,100,7.056914,0
1789091579.169086,2,ciclo1_AC_AP,concentrator_trafo_3_22,prosumer26,cfp,100,4.886524,0
1789091579.169342,2,ciclo1_AC_AP,concentrator_trafo_3_22,prosumer27,cfp,100,3.900315,0
1789091579.169666,2,ciclo1_AC_AP,concentrator_trafo_3_22,prosumer28,cfp,100,3.317670,0
1789091579.169965,2,ciclo1_AC_AP,concentrator_trafo_3_22,prosumer29,cfp,100,3.188447,0
1789091579.170264,2,ciclo1_AC_AP,concentrator_trafo_3_22,prosumer30,cfp,100,0.600271,0
1789091579.170535,2,ciclo1_AC_AP,concentrator_trafo_3_22,prosumer31,cfp,100,2.772815,0
1789091579.170832,2,ciclo1_AC_AP,concentrator_trafo_3_22,prosumer32,cfp,100,2.934057,0
1789091579.171110,2,ciclo1_AC_AP,concentrator_trafo_3_22,prosumer33,cfp,100,0.226052,0
1789091579.172118,2,ciclo1_AC_AP,concentrator_trafo_4_34,prosumer34,cfp,100,2.470106,0
1789091579.172348,2,ciclo1_AC_AP,concentrator_trafo_4_34,prosumer35,cfp,100,1.079435,0
1789091579.172557,2,ciclo1_AC_AP,concentrator_trafo_4_34,prosumer36,cfp,100,2.410643,0
1789091579.172756,2,ciclo1_AC_AP,concentrator_trafo_4_34,prosumer37,cfp,100,1.733249,0
1789091579.172940,2,ciclo1_AC_AP,concentrator_trafo_4_34,prosumer38,cfp,100,0.482634,0
1789091579.173122,2,ciclo1_AC_AP,concentrator_trafo_4_34,prosumer39,cfp,100,6.055651,0
1789091579.173298,2,ciclo1_AC_AP,concentrator_trafo_4_34,prosumer40,cfp,100,2.773304,0
1789091579.173481,2,ciclo1_AC_AP,concentrator_trafo_4_34,prosumer41,cfp,100,1.526192,0
1789091579.173685,2,ciclo1_AC_AP,concentrator_trafo_4_34,prosumer42,cfp,100,6.704422,0
1789091579.173880,2,ciclo1_AC_AP,concentrator_trafo_4_34,prosumer43,cfp,100,3.677176,0
1789091579.174069,2,ciclo1_AC_AP,concentrator_trafo_4_34,prosumer44,cfp,100,5.086749,0
1789091579.174258,2,ciclo1_AC_AP,concentrator_trafo_4_34,prosumer45,cfp,100,6.707446,0
1789091579.174443,2,ciclo1_AC_AP,concentrator_trafo_4_34,prosumer46,cfp,100,0.975880,0
1789091579.178725,2,ciclo1_AC_AP,prosumer14,concentrator_trafo_2_12,propose,109,2.267812,0
1789091579.180335,2,ciclo1_AC_AP,prosumer12,concentrator_trafo_2_12,propose,121,0.176844,0
1789091579.182047,2,ciclo1_AC_AP,prosumer8,concentrator_trafo_1_5,propose,120,3.729639,0
1789091579.186741,2,ciclo1_AC_AP,prosumer33,concentrator_trafo_3_22,propose,205,5.838837,0
1789091579.191725,2,ciclo1_AC_AP,prosumer30,concentrator_trafo_3_22,propose,448,8.289505,0
1789091579.199072,2,ciclo1_AC_AP,prosumer38,concentrator_trafo_4_34,propose,232,5.047298,0
1789091579.203126,2,ciclo1_AC_AP,prosumer5,concentrator_trafo_1_5,propose,385,7.225967,0
1789091579.206507,2,ciclo1_AC_AP,prosumer20,concentrator_trafo_2_12,propose,261,7.524150,0
1789091579.207688,2,ciclo1_AC_AP,prosumer35,concentrator_trafo_4_34,propose,287,12.140262,0
1789091579.209921,2,ciclo1_AC_AP,prosumer46,concentrator_trafo_4_34,propose,390,9.670127,0
1789091579.211884,2,ciclo1_AC_AP,prosumer18,concentrator_trafo_2_12,propose,121,0.690219,0
1789091579.214714,2,ciclo1_AC_AP,prosumer6,concentrator_trafo_1_5,propose,483,8.827938,0
1789091579.215709,2,ciclo1_AC_AP,prosumer7,concentrator_trafo_1_5,propose,459,15.831614,1
1789091579.216348,2,ciclo1_AC_AP,prosumer41,concentrator_trafo_4_34,propose,411,9.551862,0
1789091579.216913,2,ciclo1_AC_AP,prosumer19,concentrator_trafo_2_12,propose,435,6.083505,0
1789091579.220209,2,ciclo1_AC_AP,prosumer37,concentrator_trafo_4_34,propose,353,14.272758,0
1789091579.223492,2,ciclo1_AC_AP,prosumer16,concentrator_trafo_2_12,propose,464,7.282627,0
1789091579.227359,2,ciclo1_AC_AP,prosumer11,concentrator_trafo_1_5,propose,429,6.118175,0
1789091579.231351,2,ciclo1_AC_AP,prosumer17,concentrator_trafo_2_12,propose,334,5.712258,0
1789091579.235722,2,ciclo1_AC_AP,prosumer23,concentrator_trafo_3_22,propose,427,7.670001,0
1789091579.239597,2,ciclo1_AC_AP,prosumer36,concentrator_trafo_4_34,propose,322,10.944377,0
1789091579.240823,2,ciclo1_AC_AP,prosumer34,concentrator_trafo_4_34,propose,290,5.293641,0
1789091579.242068,2,ciclo1_AC_AP,prosumer31,concentrator_trafo_3_22,propose,375,6.059902,0
1789091579.245589,2,ciclo1_AC_AP,prosumer22,concentrator_trafo_3_22,propose,191,2.102260,0
1789091579.246693,2,ciclo1_AC_AP,prosumer21,concentrator_trafo_2_12,propose,206,3.773453,0
1789091579.250124,2,ciclo1_AC_AP,prosumer9,concentrator_trafo_1_5,propose,292,6.135374,0
1789091579.253073,2,ciclo1_AC_AP,prosumer32,concentrator_trafo_3_22,propose,400,17.582845,0
1789091579.255427,2,ciclo1_AC_AP,prosumer40,concentrator_trafo_4_34,propose,249,4.303390,0
1789091579.257675,2,ciclo1_AC_AP,prosumer29,concentrator_trafo_3_22,propose,104,4.794937,0
1789091579.259600,2,ciclo1_AC_AP,prosumer28,concentrator_trafo_3_22,propose,170,9.917751,0
1789091579.260330,2,ciclo1_AC_AP,prosumer10,concentrator_trafo_1_5,propose,177,5.907408,0
1789091579.260947,2,ciclo1_AC_AP,prosumer15,concentrator_trafo_2_12,propose,238,9.469498,0
1789091579.262921,2,ciclo1_AC_AP,prosumer24,concentrator_trafo_3_22,propose,270,6.426328,0
1789091579.263452,2,ciclo1_AC_AP,prosumer27,concentrator_trafo_3_22,propose,272,9.749251,0
1789091579.263984,2,ciclo1_AC_AP,prosumer43,concentrator_trafo_4_34,propose,288,7.821183,0
1789091579.265896,2,ciclo1_AC_AP,prosumer13,concentrator_trafo_2_12,propose,467,12.142029,0
1789091579.268246,2,ciclo1_AC_AP,prosumer26,concentrator_trafo_3_22,propose,147,8.559416,0
1789091579.270817,2,ciclo1_AC_AP,prosumer44,concentrator_trafo_4_34,propose,273,12.988613,0
1789091579.273529,2,ciclo1_AC_AP,prosumer39,concentrator_trafo_4_34,propose,499,16.962542,0
1789091579.274094,2,ciclo1_AC_AP,prosumer25,concentrator_trafo_3_22,propose,417,17.488896,0
1789091579.276028,2,ciclo1_AC_AP,prosumer42,concentrator_trafo_4_34,propose,118,2.065115,0
1789091579.276793,2,ciclo1_AC_AP,prosumer45,concentrator_trafo_4_34,propose,121,4.733993,0
1789091599.220894,2,ciclo1_AC_AP,concentrator_trafo_1_5,prosumer7,cfp,100,0.617380,0
1789091599.235927,2,ciclo1_AC_AP,prosumer7,concentrator_trafo_1_5,propose,238,4.080464,0
1789091599.283984,2,ciclo2_AD_AC,dso,concentrator_trafo_1_5,cfp,100,5.973503,0
1789091599.284622,2,ciclo2_AD_AC,dso,concentrator_trafo_2_12,cfp,100,0.980016,0
1789091599.285231,2,ciclo2_AD_AC,dso,concentrator_trafo_3_22,cfp,100,4.187053,0
1789091599.285981,2,ciclo2_AD_AC,dso,concentrator_trafo_4_34,cfp,100,6.825950,0
1789091599.302338,2,ciclo2_AD_AC,concentrator_trafo_2_12,dso,propose,1083,16.458122,0
1789091599.331066,2,ciclo2_AD_AC,concentrator_trafo_3_22,dso,propose,1076,33.881583,0
1789091599.352237,2,ciclo2_AD_AC,concentrator_trafo_1_5,dso,propose,1298,46.511576,0
1789091599.359738,2,ciclo2_AD_AC,concentrator_trafo_4_34,dso,propose,1148,58.443108,0
1789091599.954794,2,ciclo3_AM_AC_AD,market,dso,cfp,100,3.350192,0
1789091600.001533,2,ciclo3_AM_AC_AD,dso,market,propose,1184,19.998052,0
1789091600.212183,2,ciclo3_AM_AC_AD,market,concentrator_trafo_1_5,cfp,100,4.173294,0
1789091600.212731,2,ciclo3_AM_AC_AD,market,concentrator_trafo_2_12,cfp,100,1.104045,0
1789091600.213171,2,ciclo3_AM_AC_AD,market,concentrator_trafo_3_22,cfp,100,2.704894,0
1789091600.213386,2,ciclo3_AM_AC_AD,market,concentrator_trafo_4_34,cfp,100,4.940687,0
1789091600.213507,2,ciclo3_AM_AC_AD,market,dso,cfp,100,3.381639,0
1789091600.253128,2,ciclo3_AM_AC_AD,concentrator_trafo_2_12,market,propose,1202,40.783150,0
1789091600.341310,2,ciclo3_AM_AC_AD,concentrator_trafo_3_22,market,propose,1280,23.418216,0
1789091600.350657,2,ciclo3_AM_AC_AD,concentrator_trafo_1_5,market,propose,1066,35.235259,0
1789091600.352288,2,ciclo3_AM_AC_AD,dso,market,propose,1150,21.679663,0
1789091600.354305,2,ciclo3_AM_AC_AD,concentrator_trafo_4_34,market,propose,1058,38.463019,0
1789091600.813000,3,ciclo1_AC_AP,concentrator_trafo_1_5,prosumer5,cfp,100,0.655442,0
1789091600.813938,3,ciclo1_AC_AP,concentrator_trafo_1_5,prosumer6,cfp,100,5.995837,0
1789091600.814767,3,ciclo1_AC_AP,concentrator_trafo_1_5,prosumer7,cfp,100,10.827353,1
1789091600.815301,3,ciclo1_AC_AP,concentrator_trafo_1_5,prosumer8,cfp,100,0.569166,0
1789091600.815555,3,ciclo1_AC_AP,concentrator_trafo_1_5,prosumer9,cfp,100,0.121740,0
1789091600.815784,3,ciclo1_AC_AP,concentrator_trafo_1_5,prosumer10,cfp,100,2.317861,0
1789091600.815899,3,ciclo1_AC_AP,concentrator_trafo_1_5,prosumer11,cfp,100,0.867657,0
1789091600.816712,3,ciclo1_AC_AP,concentrator_trafo_2_12,prosumer12,cfp,100,2.632398,0
1789091600.816860,3,ciclo1_AC_AP,concentrator_trafo_2_12,prosumer13,cfp,100,5.480631,0
1789091600.816990,3,ciclo1_AC_AP,concentrator_trafo_2_12,prosumer14,cfp,100,2.338740,0
1789091600.817103,3,ciclo1_AC_AP,concentrator_trafo_2_12,prosumer15,cfp,100,1.720929,0
1789091600.817225,3,ciclo1_AC_AP,concentrator_trafo_2_12,prosumer16,cfp,100,1.848468,0
1789091600.817334,3,ciclo1_AC_AP,concentrator_trafo_2_12,prosumer17,cfp,100,0.375148,0
1789091600.817439,3,ciclo1_AC_AP,concentrator_trafo_2_12,prosumer18,cfp,100,2.920233,0
1789091600.817554,3,ciclo1_AC_AP,concentrator_trafo_2_12,prosumer19,cfp,100,1.751330,0
1789091600.817658,3,ciclo1_AC_AP,concentrator_trafo_2_12,prosumer20,cfp,100,0.332491,0
1789091600.817757,3,ciclo1_AC_AP,concentrator_trafo_2_12,prosumer21,cfp,100,2.232080,0
1789091600.818417,3,ciclo1_AC_AP,concentrator_trafo_3_22,prosumer22,cfp,100,0.339866,0
1789091600.818558,3,ciclo1_AC_AP,concentrator_trafo_3_22,prosumer23,cfp,100,3.120977,0
1789091600.818668,3,ciclo1_AC_AP,concentrator_trafo_3_22,prosumer24,cfp,100,3.032327,0
1789091600.818776,3,ciclo1_AC_AP,concentrator_trafo_3_22,prosumer25,cfp,100,2.223358,0
1789091600.818879,3,ciclo1_AC_AP,concentrator_trafo_3_22,prosumer26,cfp,100,4.187593,0
1789091600.818978,3,ciclo1_AC_AP,concentrator_trafo_3_22,prosumer27,cfp,100,5.678255,0
1789091600.819078,3,ciclo1_AC_AP,concentrator_trafo_3_22,prosumer28,cfp,100,5.578471,0
1789091600.819175,3,ciclo1_AC_AP,concentrator_trafo_3_22,prosumer29,cfp,100,6.415752,0
1789091600.819274,3,ciclo1_AC_AP,concentrator_trafo_3_22,prosumer30,cfp,100,2.249877,0
1789091600.819372,3,ciclo1_AC_AP,concentrator_trafo_3_22,prosumer31,cfp,100,2.477470,0
1789091600.819469,3,ciclo1_AC_AP,concentrator_trafo_3_22,prosumer32,cfp,100,3.707628,0
1789091600.819572,3,ciclo1_AC_AP,concentrator_trafo_3_22,prosumer33,cfp,100,3.920059,0
1789091600.820227,3,ciclo1_AC_AP,concentrator_trafo_4_34,prosumer34,cfp,100,2.050652,0
1789091600.820359,3,ciclo1_AC_AP,concentrator_trafo_4_34,prosumer35,cfp,100,3.337573,0
1789091600.820465,3,ciclo1_AC_AP,concentrator_trafo_4_34,prosumer36,cfp,100,3.337248,0
1789091600.820632,3,ciclo1_AC_AP,concentrator_trafo_4_34,prosumer37,cfp,100,5.338304,0
1789091600.820958,3,ciclo1_AC_AP,concentrator_trafo_4_34,prosumer38,cfp,100,3.473889,0
1789091600.821181,3,ciclo1_AC_AP,concentrator_trafo_4_34,prosumer39,cfp,100,2.091480,0
1789091600.821380,3,ciclo1_AC_AP,concentrator_trafo_4_34,prosumer40,cfp,100,0.255811,0
1789091600.821581,3,ciclo1_AC_AP,concentrator_trafo_4_34,prosumer41,cfp,100,1.632377,0
1789091600.821770,3,ciclo1_AC_AP,concentrator_trafo_4_34,prosumer42,cfp,100,2.818920,0
1789091600.821958,3,ciclo1_AC_AP,concentrator_trafo_4_34,prosumer43,cfp,100,3.977237,0
1789091600.822051,3,ciclo1_AC_AP,concentrator_trafo_4_34,prosumer44,cfp,100,4.190284,0
1789091600.822140,3,ciclo1_AC_AP,concentrator_trafo_4_34,prosumer45,cfp,100,6.565001,0
1789091600.822230,3,ciclo1_AC_AP,concentrator_trafo_4_34,prosumer46,cfp,100,0.840824,0
1789091600.828041,3,ciclo1_AC_AP,prosumer9,concentrator_trafo_1_5,propose,344,9.161553,0
1789091600.831716,3,ciclo1_AC_AP,prosumer5,concentrator_trafo_1_5,propose,474,7.320317,0
1789091600.834729,3,ciclo1_AC_AP,prosumer20,concentrator_trafo_2_12,propose,222,3.159964,0
1789091600.836998,3,ciclo1_AC_AP,prosumer8,concentrator_trafo_1_5,propose,124,1.011101,0
1789091600.838930,3,ciclo1_AC_AP,prosumer17,concentrator_trafo_2_12,propose,257,6.378425,0
1789091600.840858,3,ciclo1_AC_AP,prosumer22,concentrator_trafo_3_22,propose,191,2.987245,0
1789091600.844127,3,ciclo1_AC_AP,prosumer40,concentrator_trafo_4_34,propose,367,4.493548,0
1789091600.846692,3,ciclo1_AC_AP,prosumer11,concentrator_trafo_1_5,propose,473,7.516347,0
1789091600.848627,3,ciclo1_AC_AP,prosumer46,concentrator_trafo_4_34,propose,136,5.253365,0
1789091600.849144,3,ciclo1_AC_AP,prosumer15,concentrator_trafo_2_12,propose,254,7.983366,0
1789091600.850969,3,ciclo1_AC_AP,prosumer19,concentrator_trafo_2_12,propose,306,7.401190,0
1789091600.851452,3,ciclo1_AC_AP,prosumer16,concentrator_trafo_2_12,propose,268,6.608084,0
1789091600.853456,3,ciclo1_AC_AP,prosumer41,concentrator_trafo_4_34,propose,253,4.559330,0
1789091600.855271,3,ciclo1_AC_AP,prosumer10,concentrator_trafo_1_5,propose,312,7.213257,0
1789091600.857099,3,ciclo1_AC_AP,prosumer21,concentrator_trafo_2_12,propose,155,6.732791,0
1789091600.857577,3,ciclo1_AC_AP,prosumer14,concentrator_trafo_2_12,propose,150,4.637077,0
1789091600.859359,3,ciclo1_AC_AP,prosumer34,concentrator_trafo_4_34,propose,387,7.341723,0
1789091600.861357,3,ciclo1_AC_AP,prosumer25,concentrator_trafo_3_22,propose,346,13.772816,0
1789091600.862735,3,ciclo1_AC_AP,prosumer30,concentrator_trafo_3_22,propose,342,4.551244,0
1789091600.863335,3,ciclo1_AC_AP,prosumer39,concentrator_trafo_4_34,propose,272,14.233630,0
1789091600.864878,3,ciclo1_AC_AP,prosumer12,concentrator_trafo_2_12,propose,275,4.691687,0
1789091600.867086,3,ciclo1_AC_AP,prosumer31,concentrator_trafo_3_22,propose,163,3.599554,0
1789091600.869761,3,ciclo1_AC_AP,prosumer18,concentrator_trafo_2_12,propose,345,5.485765,0
1789091600.871993,3,ciclo1_AC_AP,prosumer24,concentrator_trafo_3_22,propose,159,4.108822,0
1789091600.873940,3,ciclo1_AC_AP,prosumer23,concentrator_trafo_3_22,propose,458,8.467402,0
1789091600.875831,3,ciclo1_AC_AP,prosumer42,concentrator_trafo_4_34,propose,354,9.938679,0
1789091600.876374,3,ciclo1_AC_AP,prosumer35,concentrator_trafo_4_34,propose,318,10.498900,0
1789091600.878259,3,ciclo1_AC_AP,prosumer36,concentrator_trafo_4_34,propose,119,3.941384,0
1789091600.880167,3,ciclo1_AC_AP,prosumer38,concentrator_trafo_4_34,propose,254,6.502302,0
1789091600.882102,3,ciclo1_AC_AP,prosumer32,concentrator_trafo_3_22,propose,271,13.425418,0
1789091600.884073,3,ciclo1_AC_AP,prosumer33,concentrator_trafo_3_22,propose,476,6.917115,0
1789091600.884633,3,ciclo1_AC_AP,prosumer26,concentrator_trafo_3_22,propose,451,13.530780,0
1789091600.886528,3,ciclo1_AC_AP,prosumer43,concentrator_trafo_4_34,propose,179,5.367930,0
1789091600.887730,3,ciclo1_AC_AP,prosumer44,concentrator_trafo_4_34,propose,185,4.691476,0
1789091600.891082,3,ciclo1_AC_AP,prosumer13,concentrator_trafo_2_12,propose,420,14.115914,0
1789091600.891637,3,ciclo1_AC_AP,prosumer6,concentrator_trafo_1_5,propose,389,9.837940,0
1789091600.893533,3,ciclo1_AC_AP,prosumer37,concentrator_trafo_4_34,propose,292,9.205856,0
1789091600.895484,3,ciclo1_AC_AP,prosumer28,concentrator_trafo_3_22,propose,427,15.709222,0
1789091600.897440,3,ciclo1_AC_AP,prosumer27,concentrator_trafo_3_22,propose,144,8.628703,0
1789091600.897993,3,ciclo1_AC_AP,prosumer29,concentrator_trafo_3_22,propose,133,9.867336,0
1789091600.898628,3,ciclo1_AC_AP,prosumer45,concentrator_trafo_4_34,propose,143,6.657517,0
1789091620.922185,3,ciclo1_AC_AP,concentrator_trafo_1_5,prosumer7,cfp,100,5.025401,0
1789091620.979731,3,ciclo1_AC_AP,prosumer7,concentrator_trafo_1_5,propose,201,8.055911,0
1789091621.068510,3,ciclo2_AD_AC,dso,concentrator_trafo_1_5,cfp,100,4.880861,0
1789091621.069151,3,ciclo2_AD_AC,dso,concentrator_trafo_2_12,cfp,100,2.232419,0
1789091621.069507,3,ciclo2_AD_AC,dso,concentrator_trafo_3_22,cfp,100,0.781480,0
1789091621.069778,3,ciclo2_AD_AC,dso,concentrator_trafo_4_34,cfp,100,1.209065,0
1789091621.081023,3,ciclo2_AD_AC,concentrator_trafo_3_22,dso,propose,1383,45.845164,0
1789091621.086409,3,ciclo2_AD_AC,concentrator_trafo_4_34,dso,propose,1113,54.059356,0
1789091621.094212,3,ciclo2_AD_AC,concentrator_trafo_2_12,dso,propose,1031,18.383978,0
1789091621.123439,3,ciclo2_AD_AC,concentrator_trafo_1_5,dso,propose,1197,40.437739,0
1789091621.636576,3,ciclo3_AM_AC_AD,market,dso,cfp,100,3.220870,0
1789091621.680959,3,ciclo3_AM_AC_AD,dso,market,propose,1004,16.301781,0
1789091621.851939,3,ciclo3_AM_AC_AD,market,concentrator_trafo_1_5,cfp,100,3.466567,0
1789091621.852479,3,ciclo3_AM_AC_AD,market,concentrator_trafo_2_12,cfp,100,3.313701,0
1789091621.852896,3,ciclo3_AM_AC_AD,market,concentrator_trafo_3_22,cfp,100,0.995905,0
1789091621.853495,3,ciclo3_AM_AC_AD,market,concentrator_trafo_4_34,cfp,100,5.204376,0
1789091621.853844,3,ciclo3_AM_AC_AD,market,dso,cfp,100,2.014163,0
1789091621.912983,3,ciclo3_AM_AC_AD,concentrator_trafo_3_22,market,propose,1050,19.121783,0
1789091621.927903,3,ciclo3_AM_AC_AD,dso,market,propose,1201,20.716549,0
1789091621.930372,3,ciclo3_AM_AC_AD,concentrator_trafo_2_12,market,propose,1284,41.808023,0
1789091621.932515,3,ciclo3_AM_AC_AD,concentrator_trafo_1_5,market,propose,1265,41.902267,0
1789091621.933474,3,ciclo3_AM_AC_AD,concentrator_trafo_4_34,market,propose,1148,44.116855,0
1789091622.450940,4,ciclo1_AC_AP,concentrator_trafo_1_5,prosumer5,cfp,100,3.575705,0
1789091622.451606,4,ciclo1_AC_AP,concentrator_trafo_1_5,prosumer6,cfp,100,2.437448,0
1789091622.452033,4,ciclo1_AC_AP,concentrator_trafo_1_5,prosumer7,cfp,100,6.370343,0
1789091622.452289,4,ciclo1_AC_AP,concentrator_trafo_1_5,prosumer8,cfp,100,1.420174,0
1789091622.452456,4,ciclo1_AC_AP,concentrator_trafo_1_5,prosumer9,cfp,100,1.504427,0
1789091622.452630,4,ciclo1_AC_AP,concentrator_trafo_1_5,prosumer10,cfp,100,2.311334,0
1789091622.452787,4,ciclo1_AC_AP,concentrator_trafo_1_5,prosumer11,cfp,100,0.664003,0
1789091622.453577,4,ciclo1_AC_AP,concentrator_trafo_2_12,prosumer12,cfp,100,1.392359,0
1789091622.453761,4,ciclo1_AC_AP,concentrator_trafo_2_12,prosumer13,cfp,100,3.272633,0
1789091622.453918,4,ciclo1_AC_AP,concentrator_trafo_2_12,prosumer14,cfp,100,1.322173,0
1789091622.454074,4,ciclo1_AC_AP,concentrator_trafo_2_12,prosumer15,cfp,100,3.454924,0
1789091622.454222,4,ciclo1_AC_AP,concentrator_trafo_2_12,prosumer16,cfp,100,3.723601,0
1789091622.454376,4,ciclo1_AC_AP,concentrator_trafo_2_12,prosumer17,cfp,100,2.047171,0
1789091622.454523,4,ciclo1_AC_AP,concentrator_trafo_2_12,prosumer18,cfp,100,2.556787,0
1789091622.454700,4,ciclo1_AC_AP,concentrator_trafo_2_12,prosumer19,cfp,100,3.859695,0
1789091622.454852,4,ciclo1_AC_AP,concentrator_trafo_2_12,prosumer20,cfp,100,0.878769,0
1789091622.454999,4,ciclo1_AC_AP,concentrator_trafo_2_12,prosumer21,cfp,100,3.833613,0
1789091622.455677,4,ciclo1_AC_AP,concentrator_trafo_3_22,prosumer22,cfp,100,2.965355,0
1789091622.455853,4,ciclo1_AC_AP,concentrator_trafo_3_22,prosumer23,cfp,100,3.190353,0
1789091622.456010,4,ciclo1_AC_AP,concentrator_trafo_3_22,prosumer24,cfp,100,0.238607,0
1789091622.456161,4,ciclo1_AC_AP,concentrator_trafo_3_22,prosumer25,cfp,100,6.911800,0
1789091622.456308,4,ciclo1_AC_AP,concentrator_trafo_3_22,prosumer26,cfp,100,3.485338,0
1789091622.456460,4,ciclo1_AC_AP,concentrator_trafo_3_22,prosumer27,cfp,100,2.360036,0
1789091622.456898,4,ciclo1_AC_AP,concentrator_trafo_3_22,prosumer28,cfp,100,4.964534,0
1789091622.457360,4,ciclo1_AC_AP,concentrator_trafo_3_22,prosumer29,cfp,100,3.633130,0
1789091622.457660,4,ciclo1_AC_AP,concentrator_trafo_3_22,prosumer30,cfp,100,3.168187,0
1789091622.457952,4,ciclo1_AC_AP,concentrator_trafo_3_22,prosumer31,cfp,100,0.425110,0
1789091622.458256,4,ciclo1_AC_AP,concentrator_trafo_3_22,prosumer32,cfp,100,4.686118,0
1789091622.458575,4,ciclo1_AC_AP,concentrator_trafo_3_22,prosumer33,cfp,100,2.552323,0
1789091622.459440,4,ciclo1_AC_AP,concentrator_trafo_4_34,prosumer34,cfp,100,1.122832,0
1789091622.459609,4,ciclo1_AC_AP,concentrator_trafo_4_34,prosumer35,cfp,100,4.422273,0
1789091622.459736,4,ciclo1_AC_AP,concentrator_trafo_4_34,prosumer36,cfp,100,4.739466,0
1789091622.459858,4,ciclo1_AC_AP,concentrator_trafo_4_34,prosumer37,cfp,100,2.606307,0
1789091622.459974,4,ciclo1_AC_AP,concentrator_trafo_4_34,prosumer38,cfp,100,1.046242,0
1789091622.460089,4,ciclo1_AC_AP,concentrator_trafo_4_34,prosumer39,cfp,100,5.108457,0
1789091622.460202,4,ciclo1_AC_AP,concentrator_trafo_4_34,prosumer40,cfp,100,2.189843,0
1789091622.460320,4,ciclo1_AC_AP,concentrator_trafo_4_34,prosumer41,cfp,100,2.300681,0
1789091622.460434,4,ciclo1_AC_AP,concentrator_trafo_4_34,prosumer42,cfp,100,3.508900,0
1789091622.460556,4,ciclo1_AC_AP,concentrator_trafo_4_34,prosumer43,cfp,100,0.599040,0
1789091622.460664,4,ciclo1_AC_AP,concentrator_trafo_4_34,prosumer44,cfp,100,6.422162,0
1789091622.460769,4,ciclo1_AC_AP,concentrator_trafo_4_34,prosumer45,cfp,100,5.845297,0
1789091622.460885,4,ciclo1_AC_AP,concentrator_trafo_4_34,prosumer46,cfp,100,2.233573,0
1789091622.466159,4,ciclo1_AC_AP,prosumer24,concentrator_trafo_3_22,propose,329,4.965778,0
1789091622.467259,4,ciclo1_AC_AP,prosumer11,concentrator_trafo_1_5,propose,350,5.997846,0
1789091622.473656,4,ciclo1_AC_AP,prosumer31,concentrator_trafo_3_22,propose,399,9.941992,0
1789091622.474723,4,ciclo1_AC_AP,prosumer20,concentrator_trafo_2_12,propose,465,7.444718,0
1789091622.475665,4,ciclo1_AC_AP,prosumer8,concentrator_trafo_1_5,propose,447,9.723060,0
1789091622.478608,4,ciclo1_AC_AP,prosumer43,concentrator_trafo_4_34,propose,211,2.888088,0
1789091622.480852,4,ciclo1_AC_AP,prosumer14,concentrator_trafo_2_12,propose,316,5.437380,0
1789091622.483019,4,ciclo1_AC_AP,prosumer9,concentrator_trafo_1_5,propose,142,3.614090,0
1789091622.484970,4,ciclo1_AC_AP,prosumer12,concentrator_trafo_2_12,propose,288,6.842696,0
1789091622.488359,4,ciclo1_AC_AP,prosumer38,concentrator_trafo_4_34,propose,212,2.687402,0
1789091622.488914,4,ciclo1_AC_AP,prosumer34,concentrator_trafo_4_34,propose,233,4.236738,0
1789091622.490777,4,ciclo1_AC_AP,prosumer17,concentrator_trafo_2_12,propose,399,9.312836,0
1789091622.491351,4,ciclo1_AC_AP,prosumer10,concentrator_trafo_1_5,propose,497,7.771263,0
1789091622.493260,4,ciclo1_AC_AP,prosumer6,concentrator_trafo_1_5,propose,185,5.883887,0
1789091622.495522,4,ciclo1_AC_AP,prosumer27,concentrator_trafo_3_22,propose,320,10.127590,0
1789091622.497393,4,ciclo1_AC_AP,prosumer18,concentrator_trafo_2_12,propose,198,4.964843,0
1789091622.499792,4,ciclo1_AC_AP,prosumer40,concentrator_trafo_4_34,propose,283,4.763633,0
1789091622.501799,4,ciclo1_AC_AP,prosumer46,concentrator_trafo_4_34,propose,158,2.029792,0
1789091622.502314,4,ciclo1_AC_AP,prosumer41,concentrator_trafo_4_34,propose,132,3.500488,0
1789091622.504138,4,ciclo1_AC_AP,prosumer33,concentrator_trafo_3_22,propose,459,9.444698,0
1789091622.506468,4,ciclo1_AC_AP,prosumer22,concentrator_trafo_3_22,propose,114,0.092619,0
1789091622.509243,4,ciclo1_AC_AP,prosumer37,concentrator_trafo_4_34,propose,369,12.102083,0
1789091622.510244,4,ciclo1_AC_AP,prosumer13,concentrator_trafo_2_12,propose,331,8.593659,0
1789091622.512558,4,ciclo1_AC_AP,prosumer5,concentrator_trafo_1_5,propose,485,7.070432,0
1789091622.513094,4,ciclo1_AC_AP,prosumer23,concentrator_trafo_3_22,propose,446,9.316360,0
1789091622.514964,4,ciclo1_AC_AP,prosumer15,concentrator_trafo_2_12,propose,203,9.954995,0
1789091622.515419,4,ciclo1_AC_AP,prosumer30,concentrator_trafo_3_22,propose,160,5.431114,0
1789091622.517196,4,ciclo1_AC_AP,prosumer26,concentrator_trafo_3_22,propose,354,11.901343,0
1789091622.517654,4,ciclo1_AC_AP,prosumer16,concentrator_trafo_2_12,propose,303,4.498697,0
1789091622.519436,4,ciclo1_AC_AP,prosumer19,concentrator_trafo_2_12,propose,231,4.542177,0
1789091622.519963,4,ciclo1_AC_AP,prosumer21,concentrator_trafo_2_12,propose,206,3.962151,0
1789091622.521748,4,ciclo1_AC_AP,prosumer29,concentrator_trafo_3_22,propose,428,12.525930,0
1789091622.523510,4,ciclo1_AC_AP,prosumer42,concentrator_trafo_4_34,propose,121,3.606424,0
1789091622.525737,4,ciclo1_AC_AP,prosumer35,concentrator_trafo_4_34,propose,210,7.010701,0
1789091622.527805,4,ciclo1_AC_AP,prosumer32,concentrator_trafo_3_22,propose,419,15.142350,0
1789091622.529617,4,ciclo1_AC_AP,prosumer28,concentrator_trafo_3_22,propose,174,10.232844,0
1789091622.530261,4,ciclo1_AC_AP,prosumer36,concentrator_trafo_4_34,propose,153,8.268418,0
1789091622.532508,4,ciclo1_AC_AP,prosumer39,concentrator_trafo_4_34,propose,201,5.699411,0
1789091622.534768,4,ciclo1_AC_AP,prosumer7,concentrator_trafo_1_5,propose,334,13.643525,0
1789091622.535786,4,ciclo1_AC_AP,prosumer45,concentrator_trafo_4_34,propose,293,11.468559,0
1789091622.536839,4,ciclo1_AC_AP,prosumer44,concentrator_trafo_4_34,propose,285,14.291021,0
1789091622.537441,4,ciclo1_AC_AP,prosumer25,concentrator_trafo_3_22,propose,379,12.820050,0
1789091622.685907,4,ciclo2_AD_AC,dso,concentrator_trafo_1_5,cfp,100,2.248021,0
1789091622.686104,4,ciclo2_AD_AC,dso,concentrator_trafo_2_12,cfp,100,0.537177,0
1789091622.686247,4,ciclo2_AD_AC,dso,concentrator_trafo_3_22,cfp,100,2.186449,0
1789091622.686359,4,ciclo2_AD_AC,dso,concentrator_trafo_4_34,cfp,100,6.858878,0
1789091622.697579,4,ciclo2_AD_AC,concentrator_trafo_2_12,dso,propose,1423,25.217927,0
1789091622.716977,4,ciclo2_AD_AC,concentrator_trafo_3_22,dso,propose,1077,34.775273,0
1789091622.718531,4,ciclo2_AD_AC,concentrator_trafo_1_5,dso,propose,1053,38.627008,0
1789091622.761393,4,ciclo2_AD_AC,concentrator_trafo_4_34,dso,propose,1305,64.522867,0
1789091623.415040,4,ciclo3_AM_AC_AD,market,dso,cfp,100,3.698848,0
1789091623.462077,4,ciclo3_AM_AC_AD,dso,market,propose,1249,20.782112,0
1789091623.679586,4,ciclo3_AM_AC_AD,market,concentrator_trafo_1_5,cfp,100,3.981202,0
1789091623.679891,4,ciclo3_AM_AC_AD,market,concentrator_trafo_2_12,cfp,100,3.824364,0
1789091623.680073,4,ciclo3_AM_AC_AD,market,concentrator_trafo_3_22,cfp,100,0.771114,0
1789091623.680304,4,ciclo3_AM_AC_AD,market,concentrator_trafo_4_34,cfp,100,3.140955,0
1789091623.680527,4,ciclo3_AM_AC_AD,market,dso,cfp,100,3.555170,0
1789091623.713012,4,ciclo3_AM_AC_AD,concentrator_trafo_3_22,market,propose,1075,18.496546,0
1789091623.744086,4,ciclo3_AM_AC_AD,concentrator_trafo_4_34,market,propose,1288,49.481637,0
1789091623.749214,4,ciclo3_AM_AC_AD,concentrator_trafo_2_12,market,propose,1207,42.636796,0
1789091623.753525,4,ciclo3_AM_AC_AD,concentrator_trafo_1_5,market,propose,1326,42.791820,0
1789091623.754113,4,ciclo3_AM_AC_AD,dso,market,propose,1348,20.686814,0
1789091624.315407,5,ciclo1_AC_AP,concentrator_trafo_1_5,prosumer5,cfp,100,3.308451,0
1789091624.315909,5,ciclo1_AC_AP,concentrator_trafo_1_5,prosumer6,cfp,100,0.179610,0
1789091624.316340,5,ciclo1_AC_AP,concentrator_trafo_1_5,prosumer7,cfp,100,1.581499,0
1789091624.316740,5,ciclo1_AC_AP,concentrator_trafo_1_5,prosumer8,cfp,100,0.969917,0
1789091624.316917,5,ciclo1_AC_AP,concentrator_trafo_1_5,prosumer9,cfp,100,1.496838,0
1789091624.317044,5,ciclo1_AC_AP,concentrator_trafo_1_5,prosumer10,cfp,100,3.136850,0
1789091624.317165,5,ciclo1_AC_AP,concentrator_trafo_1_5,prosumer11,cfp,100,0.633453,0
1789091624.318038,5,ciclo1_AC_AP,concentrator_trafo_2_12,prosumer12,cfp,100,1.732678,0
1789091624.318240,5,ciclo1_AC_AP,concentrator_trafo_2_12,prosumer13,cfp,100,2.999254,0
1789091624.318372,5,ciclo1_AC_AP,concentrator_trafo_2_12,prosumer14,cfp,100,3.897399,0
1789091624.318486,5,ciclo1_AC_AP,concentrator_trafo_2_12,prosumer15,cfp,100,3.462609,0
1789091624.318607,5,ciclo1_AC_AP,concentrator_trafo_2_12,prosumer16,cfp,100,3.544280,0
1789091624.318721,5,ciclo1_AC_AP,concentrator_trafo_2_12,prosumer17,cfp,100,0.562157,0
1789091624.318829,5,ciclo1_AC_AP,concentrator_trafo_2_12,prosumer18,cfp,100,2.128315,0
1789091624.318936,5,ciclo1_AC_AP,concentrator_trafo_2_12,prosumer19,cfp,100,0.166261,0
1789091624.319044,5,ciclo1_AC_AP,concentrator_trafo_2_12,prosumer20,cfp,100,2.849617,0
1789091624.319152,5,ciclo1_AC_AP,concentrator_trafo_2_12,prosumer21,cfp,100,0.338946,0
1789091624.319785,5,ciclo1_AC_AP,concentrator_trafo_3_22,prosumer22,cfp,100,0.447949,0
1789091624.319924,5,ciclo1_AC_AP,concentrator_trafo_3_22,prosumer23,cfp,100,0.799325,0
1789091624.320042,5,ciclo1_AC_AP,concentrator_trafo_3_22,prosumer24,cfp,100,3.814333,0
1789091624.320155,5,ciclo1_AC_AP,concentrator_trafo_3_22,prosumer25,cfp,100,3.079314,0
1789091624.320264,5,ciclo1_AC_AP,concentrator_trafo_3_22,prosumer26,cfp,100,1.748623,0
1789091624.320372,5,ciclo1_AC_AP,concentrator_trafo_3_22,prosumer27,cfp,100,3.732777,0
1789091624.320481,5,ciclo1_AC_AP,concentrator_trafo_3_22,prosumer28,cfp,100,5.578657,0
1789091624.320594,5,ciclo1_AC_AP,concentrator_trafo_3_22,prosumer29,cfp,100,5.468420,0
1789091624.320702,5,ciclo1_AC_AP,concentrator_trafo_3_22,prosumer30,cfp,100,0.500532,0
1789091624.320807,5,ciclo1_AC_AP,concentrator_trafo_3_22,prosumer31,cfp,100,2.126919,0
1789091624.320913,5,ciclo1_AC_AP,concentrator_trafo_3_22,prosumer32,cfp,100,3.737843,0
1789091624.321018,5,ciclo1_AC_AP,concentrator_trafo_3_22,prosumer33,cfp,100,2.879842,0
1789091624.321666,5,ciclo1_AC_AP,concentrator_trafo_4_34,prosumer34,cfp,100,3.613994,0
1789091624.321807,5,ciclo1_AC_AP,concentrator_trafo_4_34,prosumer35,cfp,100,6.803817,0
1789091624.321922,5,ciclo1_AC_AP,concentrator_trafo_4_34,prosumer36,cfp,100,3.525470,0
1789091624.322031,5,ciclo1_AC_AP,concentrator_trafo_4_34,prosumer37,cfp,100,7.126300,0
1789091624.322140,5,ciclo1_AC_AP,concentrator_trafo_4_34,prosumer38,cfp,100,2.566317,0
1789091624.322248,5,ciclo1_AC_AP,concentrator_trafo_4_34,prosumer39,cfp,100,2.860368,0
1789091624.322349,5,ciclo1_AC_AP,concentrator_trafo_4_34,prosumer40,cfp,100,2.785484,0
1789091624.322459,5,ciclo1_AC_AP,concentrator_trafo_4_34,prosumer41,cfp,100,0.027126,0
1789091624.322625,5,ciclo1_AC_AP,concentrator_trafo_4_34,prosumer42,cfp,100,4.377684,0
1789091624.322815,5,ciclo1_AC_AP,concentrator_trafo_4_34,prosumer43,cfp,100,1.841113,0
1789091624.322928,5,ciclo1_AC_AP,concentrator_trafo_4_34,prosumer44,cfp,100,2.678323,0
1789091624.323194,5,ciclo1_AC_AP,concentrator_trafo_4_34,prosumer45,cfp,100,2.157485,0
1789091624.323329,5,ciclo1_AC_AP,concentrator_trafo_4_34,prosumer46,cfp,100,1.301959,0
1789091624.329602,5,ciclo1_AC_AP,prosumer6,concentrator_trafo_1_5,propose,316,6.207216,0
1789091624.330586,5,ciclo1_AC_AP,prosumer19,concentrator_trafo_2_12,propose,366,6.839508,0
1789091624.331503,5,ciclo1_AC_AP,prosumer21,concentrator_trafo_2_12,propose,353,6.478867,0
1789091624.335038,5,ciclo1_AC_AP,prosumer41,concentrator_trafo_4_34,propose,447,8.362467,0
1789091624.338861,5,ciclo1_AC_AP,prosumer11,concentrator_trafo_1_5,propose,265,5.160096,0
1789091624.340309,5,ciclo1_AC_AP,prosumer22,concentrator_trafo_3_22,propose,355,5.207170,0
1789091624.341204,5,ciclo1_AC_AP,prosumer17,concentrator_trafo_2_12,propose,355,5.252611,0
1789091624.346395,5,ciclo1_AC_AP,prosumer30,concentrator_trafo_3_22,propose,425,8.090394,0
1789091624.348104,5,ciclo1_AC_AP,prosumer8,concentrator_trafo_1_5,propose,443,9.538160,0
1789091624.351444,5,ciclo1_AC_AP,prosumer23,concentrator_trafo_3_22,propose,203,4.040203,0
1789091624.354913,5,ciclo1_AC_AP,prosumer9,concentrator_trafo_1_5,propose,377,6.227020,0
1789091624.358381,5,ciclo1_AC_AP,prosumer7,concentrator_trafo_1_5,propose,412,9.493625,0
1789091624.361564,5,ciclo1_AC_AP,prosumer12,concentrator_trafo_2_12,propose,212,2.788963,0
1789091624.365510,5,ciclo1_AC_AP,prosumer46,concentrator_trafo_4_34,propose,104,1.157459,0
1789091624.368160,5,ciclo1_AC_AP,prosumer26,concentrator_trafo_3_22,propose,274,12.309075,0
1789091624.371255,5,ciclo1_AC_AP,prosumer18,concentrator_trafo_2_12,propose,461,8.554998,0
1789091624.372000,5,ciclo1_AC_AP,prosumer43,concentrator_trafo_4_34,propose,482,8.650934,0
1789091624.374269,5,ciclo1_AC_AP,prosumer31,concentrator_trafo_3_22,propose,262,7.529796,0
1789091624.376882,5,ciclo1_AC_AP,prosumer45,concentrator_trafo_4_34,propose,264,12.390765,0
1789091624.379941,5,ciclo1_AC_AP,prosumer20,concentrator_trafo_2_12,propose,118,1.387153,0
1789091624.382440,5,ciclo1_AC_AP,prosumer38,concentrator_trafo_4_34,propose,368,6.982011,0
1789091624.384724,5,ciclo1_AC_AP,prosumer13,concentrator_trafo_2_12,propose,175,5.646469,0
1789091624.385435,5,ciclo1_AC_AP,prosumer10,concentrator_trafo_1_5,propose,231,3.491623,0
1789091624.387498,5,ciclo1_AC_AP,prosumer5,concentrator_trafo_1_5,propose,408,9.796125,0
1789091624.389532,5,ciclo1_AC_AP,prosumer44,concentrator_trafo_4_34,propose,179,5.384966,0
1789091624.391601,5,ciclo1_AC_AP,prosumer33,concentrator_trafo_3_22,propose,294,5.573393,0
1789091624.393603,5,ciclo1_AC_AP,prosumer40,concentrator_trafo_4_34,propose,398,6.476729,0
1789091624.395622,5,ciclo1_AC_AP,prosumer39,concentrator_trafo_4_34,propose,250,8.577725,0
1789091624.397599,5,ciclo1_AC_AP,prosumer25,concentrator_trafo_3_22,propose,467,16.593318,0
1789091624.398101,5,ciclo1_AC_AP,prosumer15,concentrator_trafo_2_12,propose,461,15.064522,0
1789091624.399970,5,ciclo1_AC_AP,prosumer16,concentrator_trafo_2_12,propose,340,5.537246,0
1789091624.401828,5,ciclo1_AC_AP,prosumer36,concentrator_trafo_4_34,propose,133,4.652357,0
1789091624.402315,5,ciclo1_AC_AP,prosumer14,concentrator_trafo_2_12,propose,143,2.427256,0
1789091624.404170,5,ciclo1_AC_AP,prosumer27,concentrator_trafo_3_22,propose,364,10.925963,0
1789091624.405993,5,ciclo1_AC_AP,prosumer34,concentrator_trafo_4_34,propose,120,2.242641,0
1789091624.407896,5,ciclo1_AC_AP,prosumer24,concentrator_trafo_3_22,propose,133,2.938434,0
1789091624.408417,5,ciclo1_AC_AP,prosumer32,concentrator_trafo_3_22,propose,215,7.095648,0
1789091624.410447,5,ciclo1_AC_AP,prosumer42,concentrator_trafo_4_34,propose,166,8.419865,0
1789091624.412713,5,ciclo1_AC_AP,prosumer29,concentrator_trafo_3_22,propose,120,3.321258,0
1789091624.415490,5,ciclo1_AC_AP,prosumer28,concentrator_trafo_3_22,propose,253,7.634464,0
1789091624.417957,5,ciclo1_AC_AP,prosumer35,concentrator_trafo_4_34,propose,107,4.476769,0
1789091624.420831,5,ciclo1_AC_AP,prosumer37,concentrator_trafo_4_34,propose,488,19.962801,0
1789091624.630708,5,ciclo2_AD_AC,dso,concentrator_trafo_1_5,cfp,100,2.836325,0
1789091624.631610,5,ciclo2_AD_AC,dso,concentrator_trafo_2_12,cfp,100,3.583891,0
1789091624.632495,5,ciclo2_AD_AC,dso,concentrator_trafo_3_22,cfp,100,2.808497,0
1789091624.633373,5,ciclo2_AD_AC,dso,concentrator_trafo_4_34,cfp,100,6.912396,0
1789091624.665124,5,ciclo2_AD_AC,concentrator_trafo_1_5,dso,propose,1432,49.971823,0
1789091624.670180,5,ciclo2_AD_AC,concentrator_trafo_3_22,dso,propose,1229,42.206012,0
1789091624.672035,5,ciclo2_AD_AC,concentrator_trafo_2_12,dso,propose,1169,19.134059,0
1789091624.710912,5,ciclo2_AD_AC,concentrator_trafo_4_34,dso,propose,1441,75.858899,0
1789091625.480843,5,ciclo3_AM_AC_AD,market,dso,cfp,100,0.657191,0
1789091625.499301,5,ciclo3_AM_AC_AD,dso,market,propose,1082,19.076349,0
1789091625.699847,5,ciclo3_AM_AC_AD,market,concentrator_trafo_1_5,cfp,100,4.541010,0
1789091625.700100,5,ciclo3_AM_AC_AD,market,concentrator_trafo_2_12,cfp,100,5.926291,0
1789091625.700249,5,ciclo3_AM_AC_AD,market,concentrator_trafo_3_22,cfp,100,3.669966,0
1789091625.700370,5,ciclo3_AM_AC_AD,market,concentrator_trafo_4_34,cfp,100,4.608326,0
1789091625.700488,5,ciclo3_AM_AC_AD,market,dso,cfp,100,2.322207,0
1789091625.794001,5,ciclo3_AM_AC_AD,concentrator_trafo_4_34,market,propose,1409,54.109815,1
1789091625.796684,5,ciclo3_AM_AC_AD,dso,market,propose,1076,16.817294,0
1789091625.799948,5,ciclo3_AM_AC_AD,concentrator_trafo_3_22,market,propose,1444,24.521922,0
1789091625.803013,5,ciclo3_AM_AC_AD,concentrator_trafo_1_5,market,propose,1335,45.350334,0
1789091625.806469,5,ciclo3_AM_AC_AD,concentrator_trafo_2_12,market,propose,1235,39.893079,0
1789091645.795368,5,ciclo3_AM_AC_AD,market,concentrator_trafo_4_34,cfp,100,2.485200,0
1789091645.847885,5,ciclo3_AM_AC_AD,concentrator_trafo_4_34,market,propose,1495,54.451838,0
1789091646.470878,6,ciclo1_AC_AP,concentrator_trafo_1_5,prosumer5,cfp,100,3.329121,0
1789091646.471281,6,ciclo1_AC_AP,concentrator_trafo_1_5,prosumer6,cfp,100,2.417095,0
1789091646.471516,6,ciclo1_AC_AP,concentrator_trafo_1_5,prosumer7,cfp,100,4.564151,0
1789091646.471760,6,ciclo1_AC_AP,concentrator_trafo_1_5,prosumer8,cfp,100,2.045364,0
1789091646.471977,6,ciclo1_AC_AP,concentrator_trafo_1_5,prosumer9,cfp,100,3.484299,0
1789091646.472179,6,ciclo1_AC_AP,concentrator_trafo_1_5,prosumer10,cfp,100,1.450098,0
1789091646.472388,6,ciclo1_AC_AP,concentrator_trafo_1_5,prosumer11,cfp,100,2.952634,0
1789091646.473295,6,ciclo1_AC_AP,concentrator_trafo_2_12,prosumer12,cfp,100,2.374863,0
1789091646.473448,6,ciclo1_AC_AP,concentrator_trafo_2_12,prosumer13,cfp,100,2.611280,0
1789091646.473581,6,ciclo1_AC_AP,concentrator_trafo_2_12,prosumer14,cfp,100,1.864929,0
1789091646.473697,6,ciclo1_AC_AP,concentrator_trafo_2_12,prosumer15,cfp,100,0.480520,0
1789091646.473804,6,ciclo1_AC_AP,concentrator_trafo_2_12,prosumer16,cfp,100,3.629582,0
1789091646.473908,6,ciclo1_AC_AP,concentrator_trafo_2_12,prosumer17,cfp,100,3.219318,0
1789091646.474009,6,ciclo1_AC_AP,concentrator_trafo_2_12,prosumer18,cfp,100,2.449618,0
1789091646.474110,6,ciclo1_AC_AP,concentrator_trafo_2_12,prosumer19,cfp,100,2.096632,0
1789091646.474210,6,ciclo1_AC_AP,concentrator_trafo_2_12,prosumer20,cfp,100,2.878711,0
1789091646.474330,6,ciclo1_AC_AP,concentrator_trafo_2_12,prosumer21,cfp,100,1.660074,0
1789091646.474995,6,ciclo1_AC_AP,concentrator_trafo_3_22,prosumer22,cfp,100,0.516078,0
1789091646.475137,6,ciclo1_AC_AP,concentrator_trafo_3_22,prosumer23,cfp,100,0.764062,0
1789091646.475248,6,ciclo1_AC_AP,concentrator_trafo_3_22,prosumer24,cfp,100,2.352014,0
1789091646.475358,6,ciclo1_AC_AP,concentrator_trafo_3_22,prosumer25,cfp,100,5.535596,0
1789091646.475462,6,ciclo1_AC_AP,concentrator_trafo_3_22,prosumer26,cfp,100,2.253347,0
1789091646.475571,6,ciclo1_AC_AP,concentrator_trafo_3_22,prosumer27,cfp,100,1.835749,0
1789091646.475680,6,ciclo1_AC_AP,concentrator_trafo_3_22,prosumer28,cfp,100,2.467514,0
1789091646.475784,6,ciclo1_AC_AP,concentrator_trafo_3_22,prosumer29,cfp,100,6.267199,0
1789091646.475884,6,ciclo1_AC_AP,concentrator_trafo_3_22,prosumer30,cfp,100,1.572093,0
1789091646.475987,6,ciclo1_AC_AP,concentrator_trafo_3_22,prosumer31,cfp,100,0.406433,0
1789091646.476089,6,ciclo1_AC_AP,concentrator_trafo_3_22,prosumer32,cfp,100,4.593075,0
1789091646.476190,6,ciclo1_AC_AP,concentrator_trafo_3_22,prosumer33,cfp,100,1.490306,0
1789091646.476857,6,ciclo1_AC_AP,concentrator_trafo_4_34,prosumer34,cfp,100,2.135756,0
1789091646.476996,6,ciclo1_AC_AP,concentrator_trafo_4_34,prosumer35,cfp,100,3.472646,0
1789091646.477109,6,ciclo1_AC_AP,concentrator_trafo_4_34,prosumer36,cfp,100,5.637965,0
1789091646.477218,6,ciclo1_AC_AP,concentrator_trafo_4_34,prosumer37,cfp,100,4.084329,0
1789091646.477323,6,ciclo1_AC_AP,concentrator_trafo_4_34,prosumer38,cfp,100,2.620025,0
1789091646.477421,6,ciclo1_AC_AP,concentrator_trafo_4_34,prosumer39,cfp,100,2.441942,0
1789091646.477517,6,ciclo1_AC_AP,concentrator_trafo_4_34,prosumer40,cfp,100,1.551781,0
1789091646.477631,6,ciclo1_AC_AP,concentrator_trafo_4_34,prosumer41,cfp,100,2.727802,0
1789091646.477729,6,ciclo1_AC_AP,concentrator_trafo_4_34,prosumer42,cfp,100,1.039086,0
1789091646.477824,6,ciclo1_AC_AP,concentrator_trafo_4_34,prosumer43,cfp,100,3.915341,0
1789091646.477918,6,ciclo1_AC_AP,concentrator_trafo_4_34,prosumer44,cfp,100,5.415774,0
1789091646.478012,6,ciclo1_AC_AP,concentrator_trafo_4_34,prosumer45,cfp,100,4.916248,0
1789091646.478107,6,ciclo1_AC_AP,concentrator_trafo_4_34,prosumer46,cfp,100,0.511013,0
1789091646.483985,6,ciclo1_AC_AP,prosumer15,concentrator_trafo_2_12,propose,290,13.198475,0
1789091646.486588,6,ciclo1_AC_AP,prosumer31,concentrator_trafo_3_22,propose,358,4.747590,0
1789091646.487661,6,ciclo1_AC_AP,prosumer22,concentrator_trafo_3_22,propose,295,5.021243,0
1789091646.488649,6,ciclo1_AC_AP,prosumer23,concentrator_trafo_3_22,propose,371,5.955228,0
1789091646.489651,6,ciclo1_AC_AP,prosumer46,concentrator_trafo_4_34,propose,357,5.901147,0
1789091646.494044,6,ciclo1_AC_AP,prosumer10,concentrator_trafo_1_5,propose,117,0.392410,0
1789091646.497678,6,ciclo1_AC_AP,prosumer42,concentrator_trafo_4_34,propose,393,16.237983,0
1789091646.504377,6,ciclo1_AC_AP,prosumer21,concentrator_trafo_2_12,propose,146,2.615779,0
1789091646.507331,6,ciclo1_AC_AP,prosumer33,concentrator_trafo_3_22,propose,447,7.854385,0
1789091646.510575,6,ciclo1_AC_AP,prosumer30,concentrator_trafo_3_22,propose,365,4.691628,0
1789091646.513827,6,ciclo1_AC_AP,prosumer8,concentrator_trafo_1_5,propose,488,9.836724,0
1789091646.514698,6,ciclo1_AC_AP,prosumer14,concentrator_trafo_2_12,propose,407,7.368213,0
1789091646.518670,6,ciclo1_AC_AP,prosumer40,concentrator_trafo_4_34,propose,139,5.952830,0
1789091646.521701,6,ciclo1_AC_AP,prosumer27,concentrator_trafo_3_22,propose,482,17.484760,0
1789091646.524346,6,ciclo1_AC_AP,prosumer19,concentrator_trafo_2_12,propose,318,7.036613,0
1789091646.526738,6,ciclo1_AC_AP,prosumer6,concentrator_trafo_1_5,propose,486,6.930000,0
1789091646.528830,6,ciclo1_AC_AP,prosumer12,concentrator_trafo_2_12,propose,205,4.865432,0
1789091646.530205,6,ciclo1_AC_AP,prosumer26,concentrator_trafo_3_22,propose,248,7.752988,0
1789091646.532321,6,ciclo1_AC_AP,prosumer34,concentrator_trafo_4_34,propose,374,4.393236,0
1789091646.534728,6,ciclo1_AC_AP,prosumer18,concentrator_trafo_2_12,propose,406,6.580580,0
1789091646.536748,6,ciclo1_AC_AP,prosumer24,concentrator_trafo_3_22,propose,313,5.200368,0
1789091646.537357,6,ciclo1_AC_AP,prosumer13,concentrator_trafo_2_12,propose,346,11.566595,0
1789091646.539052,6,ciclo1_AC_AP,prosumer28,concentrator_trafo_3_22,propose,298,11.408522,0
1789091646.542423,6,ciclo1_AC_AP,prosumer39,concentrator_trafo_4_34,propose,411,14.963263,0
1789091646.543106,6,ciclo1_AC_AP,prosumer11,concentrator_trafo_1_5,propose,400,6.609824,0
1789091646.545292,6,ciclo1_AC_AP,prosumer20,concentrator_trafo_2_12,propose,219,2.715445,0
1789091646.547305,6,ciclo1_AC_AP,prosumer38,concentrator_trafo_4_34,propose,110,2.353578,0
1789091646.549243,6,ciclo1_AC_AP,prosumer5,concentrator_trafo_1_5,propose,436,6.784848,0
1789091646.551259,6,ciclo1_AC_AP,prosumer41,concentrator_trafo_4_34,propose,100,2.560510,0
1789091646.553293,6,ciclo1_AC_AP,prosumer17,concentrator_trafo_2_12,propose,479,8.583835,0
1789091646.555666,6,ciclo1_AC_AP,prosumer9,concentrator_trafo_1_5,propose,193,2.305254,0
1789091646.556415,6,ciclo1_AC_AP,prosumer16,concentrator_trafo_2_12,propose,254,3.858290,0
1789091646.558596,6,ciclo1_AC_AP,prosumer35,concentrator_trafo_4_34,propose,359,11.470858,0
1789091646.560743,6,ciclo1_AC_AP,prosumer43,concentrator_trafo_4_34,propose,391,8.968208,0
1789091646.563168,6,ciclo1_AC_AP,prosumer7,concentrator_trafo_1_5,propose,230,5.592589,0
1789091646.565415,6,ciclo1_AC_AP,prosumer37,concentrator_trafo_4_34,propose,270,11.482299,0
1789091646.567415,6,ciclo1_AC_AP,prosumer32,concentrator_trafo_3_22,propose,133,8.275972,0
1789091646.569339,6,ciclo1_AC_AP,prosumer45,concentrator_trafo_4_34,propose,352,10.226299,0
1789091646.571946,6,ciclo1_AC_AP,prosumer25,concentrator_trafo_3_22,propose,234,7.936566,0
1789091646.573922,6,ciclo1_AC_AP,prosumer44,concentrator_trafo_4_34,propose,255,13.030463,0
1789091646.576087,6,ciclo1_AC_AP,prosumer36,concentrator_trafo_4_34,propose,495,14.045999,0
1789091646.578914,6,ciclo1_AC_AP,prosumer29,concentrator_trafo_3_22,propose,308,14.721391,0
1789091646.733729,6,ciclo2_AD_AC,dso,concentrator_trafo_1_5,cfp,100,1.950452,0
1789091646.733976,6,ciclo2_AD_AC,dso,concentrator_trafo_2_12,cfp,100,0.080447,0
1789091646.734150,6,ciclo2_AD_AC,dso,concentrator_trafo_3_22,cfp,100,2.278201,0
1789091646.734296,6,ciclo2_AD_AC,dso,concentrator_trafo_4_34,cfp,100,4.060777,0
1789091646.740388,6,ciclo2_AD_AC,concentrator_trafo_2_12,dso,propose,1196,18.305501,0
1789091646.758682,6,ciclo2_AD_AC,concentrator_trafo_1_5,dso,propose,1414,47.476022,0
1789091646.763172,6,ciclo2_AD_AC,concentrator_trafo_3_22,dso,propose,1196,41.676690,0
1789091646.782400,6,ciclo2_AD_AC,concentrator_trafo_4_34,dso,propose,1031,56.163684,0
1789091647.352850,6,ciclo3_AM_AC_AD,market,dso,cfp,100,2.913107,0
1789091647.394825,6,ciclo3_AM_AC_AD,dso,market,propose,1083,19.915560,0
1789091647.604474,6,ciclo3_AM_AC_AD,market,concentrator_trafo_1_5,cfp,100,5.968696,0
1789091647.605326,6,ciclo3_AM_AC_AD,market,concentrator_trafo_2_12,cfp,100,4.198431,0
1789091647.606035,6,ciclo3_AM_AC_AD,market,concentrator_trafo_3_22,cfp,100,0.185460,0
1789091647.606464,6,ciclo3_AM_AC_AD,market,concentrator_trafo_4_34,cfp,100,0.171306,0
1789091647.606639,6,ciclo3_AM_AC_AD,market,dso,cfp,100,2.692087,0
1789091647.641016,6,ciclo3_AM_AC_AD,concentrator_trafo_3_22,market,propose,1328,23.611857,0
1789091647.646538,6,ciclo3_AM_AC_AD,concentrator_trafo_4_34,market,propose,1478,54.245500,0
1789091647.695534,6,ciclo3_AM_AC_AD,concentrator_trafo_2_12,market,propose,1065,33.783348,0
1789091647.698289,6,ciclo3_AM_AC_AD,concentrator_trafo_1_5,market,propose,1122,38.253668,0
1789091647.702500,6,ciclo3_AM_AC_AD,dso,market,propose,1146,21.924837,0
1789091648.264340,7,ciclo1_AC_AP,concentrator_trafo_1_5,prosumer5,cfp,100,0.930321,0
1789091648.264966,7,ciclo1_AC_AP,concentrator_trafo_1_5,prosumer6,cfp,100,1.710384,0
1789091648.265450,7,ciclo1_AC_AP,concentrator_trafo_1_5,prosumer7,cfp,100,2.709877,0
1789091648.265920,7,ciclo1_AC_AP,concentrator_trafo_1_5,prosumer8,cfp,100,1.359950,0
1789091648.266415,7,ciclo1_AC_AP,concentrator_trafo_1_5,prosumer9,cfp,100,2.099808,0
1789091648.266644,7,ciclo1_AC_AP,concentrator_trafo_1_5,prosumer10,cfp,100,3.317326,0
1789091648.266854,7,ciclo1_AC_AP,concentrator_trafo_1_5,prosumer11,cfp,100,3.573751,0
1789091648.267742,7,ciclo1_AC_AP,concentrator_trafo_2_12,prosumer12,cfp,100,2.846155,0
1789091648.267963,7,ciclo1_AC_AP,concentrator_trafo_2_12,prosumer13,cfp,100,3.371342,0
1789091648.268199,7,ciclo1_AC_AP,concentrator_trafo_2_12,prosumer14,cfp,100,1.248664,0
1789091648.268446,7,ciclo1_AC_AP,concentrator_trafo_2_12,prosumer15,cfp,100,6.897410,0
1789091648.268618,7,ciclo1_AC_AP,concentrator_trafo_2_12,prosumer16,cfp,100,0.155158,0
1789091648.268730,7,ciclo1_AC_AP,concentrator_trafo_2_12,prosumer17,cfp,100,1.800340,0
1789091648.268873,7,ciclo1_AC_AP,concentrator_trafo_2_12,prosumer18,cfp,100,0.969314,0
1789091648.269033,7,ciclo1_AC_AP,concentrator_trafo_2_12,prosumer19,cfp,100,1.995822,0
1789091648.269152,7,ciclo1_AC_AP,concentrator_trafo_2_12,prosumer20,cfp,100,2.494602,0
1789091648.269261,7,ciclo1_AC_AP,concentrator_trafo_2_12,prosumer21,cfp,100,0.844555,0
1789091648.269957,7,ciclo1_AC_AP,concentrator_trafo_3_22,prosumer22,cfp,100,3.532686,0
1789091648.270096,7,ciclo1_AC_AP,concentrator_trafo_3_22,prosumer23,cfp,100,1.033802,0
1789091648.270220,7,ciclo1_AC_AP,concentrator_trafo_3_22,prosumer24,cfp,100,2.882981,0
1789091648.270345,7,ciclo1_AC_AP,concentrator_trafo_3_22,prosumer25,cfp,100,7.209952,0
1789091648.270468,7,ciclo1_AC_AP,concentrator_trafo_3_22,prosumer26,cfp,100,6.609157,0
1789091648.270582,7,ciclo1_AC_AP,concentrator_trafo_3_22,prosumer27,cfp,100,4.946921,0
1789091648.270690,7,ciclo1_AC_AP,concentrator_trafo_3_22,prosumer28,cfp,100,3.416035,0
1789091648.270794,7,ciclo1_AC_AP,concentrator_trafo_3_22,prosumer29,cfp,100,3.108529,0
1789091648.270898,7,ciclo1_AC_AP,concentrator_trafo_3_22,prosumer30,cfp,100,1.590448,0
1789091648.271003,7,ciclo1_AC_AP,concentrator_trafo_3_22,prosumer31,cfp,100,1.128527,0
1789091648.271105,7,ciclo1_AC_AP,concentrator_trafo_3_22,prosumer32,cfp,100,5.808700,0
1789091648.271209,7,ciclo1_AC_AP,concentrator_trafo_3_22,prosumer33,cfp,100,3.675578,0
1789091648.271885,7,ciclo1_AC_AP,concentrator_trafo_4_34,prosumer34,cfp,100,0.515563,0
1789091648.272020,7,ciclo1_AC_AP,concentrator_trafo_4_34,prosumer35,cfp,100,3.877364,0
1789091648.272140,7,ciclo1_AC_AP,concentrator_trafo_4_34,prosumer36,cfp,100,2.838286,0
1789091648.272246,7,ciclo1_AC_AP,concentrator_trafo_4_34,prosumer37,cfp,100,2.244330,0
1789091648.272355,7,ciclo1_AC_AP,concentrator_trafo_4_34,prosumer38,cfp,100,0.156290,0
1789091648.272459,7,ciclo1_AC_AP,concentrator_trafo_4_34,prosumer39,cfp,100,3.425833,0
1789091648.272572,7,ciclo1_AC_AP,concentrator_trafo_4_34,prosumer40,cfp,100,2.843182,0
1789091648.272679,7,ciclo1_AC_AP,concentrator_trafo_4_34,prosumer41,cfp,100,1.800075,0
1789091648.272785,7,ciclo1_AC_AP,concentrator_trafo_4_34,prosumer42,cfp,100,7.188903,0
1789091648.272890,7,ciclo1_AC_AP,concentrator_trafo_4_34,prosumer43,cfp,100,1.614432,0
1789091648.272996,7,ciclo1_AC_AP,concentrator_trafo_4_34,prosumer44,cfp,100,2.110592,0
1789091648.273102,7,ciclo1_AC_AP,concentrator_trafo_4_34,prosumer45,cfp,100,2.297841,0
1789091648.273258,7,ciclo1_AC_AP,concentrator_trafo_4_34,prosumer46,cfp,100,1.276929,0
1789091648.278601,7,ciclo1_AC_AP,prosumer16,concentrator_trafo_2_12,propose,473,8.331756,0
1789091648.282787,7,ciclo1_AC_AP,prosumer5,concentrator_trafo_1_5,propose,271,7.432310,0
1789091648.286463,7,ciclo1_AC_AP,prosumer38,concentrator_trafo_4_34,propose,128,3.032715,0
1789091648.292715,7,ciclo1_AC_AP,prosumer34,concentrator_trafo_4_34,propose,118,0.811424,0
1789091648.296215,7,ciclo1_AC_AP,prosumer21,concentrator_trafo_2_12,propose,346,9.164478,0
1789091648.297190,7,ciclo1_AC_AP,prosumer18,concentrator_trafo_2_12,propose,313,5.553517,0
1789091648.302607,7,ciclo1_AC_AP,prosumer8,concentrator_trafo_1_5,propose,172,5.838988,0
1789091648.306458,7,ciclo1_AC_AP,prosumer23,concentrator_trafo_3_22,propose,351,4.688638,0
1789091648.309739,7,ciclo1_AC_AP,prosumer14,concentrator_trafo_2_12,propose,408,10.088356,0
1789091648.310769,7,ciclo1_AC_AP,prosumer6,concentrator_trafo_1_5,propose,467,8.533255,0
1789091648.313349,7,ciclo1_AC_AP,prosumer31,concentrator_trafo_3_22,propose,141,3.717850,0
1789091648.315419,7,ciclo1_AC_AP,prosumer46,concentrator_trafo_4_34,propose,444,7.550626,0
1789091648.316008,7,ciclo1_AC_AP,prosumer17,concentrator_trafo_2_12,propose,457,7.037499,0
1789091648.318269,7,ciclo1_AC_AP,prosumer30,concentrator_trafo_3_22,propose,177,5.553255,0
1789091648.321331,7,ciclo1_AC_AP,prosumer9,concentrator_trafo_1_5,propose,280,8.177347,0
1789091648.322310,7,ciclo1_AC_AP,prosumer19,concentrator_trafo_2_12,propose,310,7.584209,0
1789091648.324212,7,ciclo1_AC_AP,prosumer43,concentrator_trafo_4_34,propose,118,3.403477,0
1789091648.327189,7,ciclo1_AC_AP,prosumer41,concentrator_trafo_4_34,propose,413,7.781481,0
1789091648.329119,7,ciclo1_AC_AP,prosumer7,concentrator_trafo_1_5,propose,338,6.912069,0
1789091648.329678,7,ciclo1_AC_AP,prosumer20,concentrator_trafo_2_12,propose,297,6.961821,0
1789091648.330207,7,ciclo1_AC_AP,prosumer44,concentrator_trafo_4_34,propose,334,12.947132,0
1789091648.332079,7,ciclo1_AC_AP,prosumer37,concentrator_trafo_4_34,propose,124,1.374644,0
1789091648.334044,7,ciclo1_AC_AP,prosumer45,concentrator_trafo_4_34,propose,151,7.707962,0
1789091648.336190,7,ciclo1_AC_AP,prosumer12,concentrator_trafo_2_12,propose,341,6.521022,0
1789091648.338816,7,ciclo1_AC_AP,prosumer24,concentrator_trafo_3_22,propose,498,7.076589,0
1789091648.340810,7,ciclo1_AC_AP,prosumer10,concentrator_trafo_1_5,propose,177,3.568952,0
1789091648.342725,7,ciclo1_AC_AP,prosumer36,concentrator_trafo_4_34,propose,110,3.928656,0
1789091648.343497,7,ciclo1_AC_AP,prosumer40,concentrator_trafo_4_34,propose,116,0.509877,0
1789091648.345434,7,ciclo1_AC_AP,prosumer13,concentrator_trafo_2_12,propose,406,24.107145,0
1789091648.346011,7,ciclo1_AC_AP,prosumer29,concentrator_trafo_3_22,propose,416,16.681080,0
1789091648.347962,7,ciclo1_AC_AP,prosumer11,concentrator_trafo_1_5,propose,167,5.362882,0
1789091648.349946,7,ciclo1_AC_AP,prosumer28,concentrator_trafo_3_22,propose,422,17.410274,0
1789091648.351861,7,ciclo1_AC_AP,prosumer22,concentrator_trafo_3_22,propose,265,4.854274,0
1789091648.353792,7,ciclo1_AC_AP,prosumer39,concentrator_trafo_4_34,propose,153,7.519328,0
1789091648.355700,7,ciclo1_AC_AP,prosumer33,concentrator_trafo_3_22,propose,458,6.859344,0
1789091648.357610,7,ciclo1_AC_AP,prosumer35,concentrator_trafo_4_34,propose,381,12.206305,0
1789091648.360558,7,ciclo1_AC_AP,prosumer27,concentrator_trafo_3_22,propose,432,16.293146,0
1789091648.363446,7,ciclo1_AC_AP,prosumer32,concentrator_trafo_3_22,propose,277,11.846037,0
1789091648.365361,7,ciclo1_AC_AP,prosumer26,concentrator_trafo_3_22,propose,199,5.269400,0
1789091648.367916,7,ciclo1_AC_AP,prosumer15,concentrator_trafo_2_12,propose,296,10.213819,0
1789091648.369903,7,ciclo1_AC_AP,prosumer25,concentrator_trafo_3_22,propose,497,18.466788,0
1789091648.370417,7,ciclo1_AC_AP,prosumer42,concentrator_trafo_4_34,propose,498,16.416067,0
1789091648.595269,7,ciclo2_AD_AC,dso,concentrator_trafo_1_5,cfp,100,4.760857,0
1789091648.595853,7,ciclo2_AD_AC,dso,concentrator_trafo_2_12,cfp,100,0.368896,0
1789091648.596472,7,ciclo2_AD_AC,dso,concentrator_trafo_3_22,cfp,100,6.966378,0
1789091648.597097,7,ciclo2_AD_AC,dso,concentrator_trafo_4_34,cfp,100,5.791230,0
1789091648.605868,7,ciclo2_AD_AC,concentrator_trafo_2_12,dso,propose,1251,19.709121,0
1789091648.648875,7,ciclo2_AD_AC,concentrator_trafo_1_5,dso,propose,1056,37.847233,0
1789091648.660394,7,ciclo2_AD_AC,concentrator_trafo_4_34,dso,propose,1451,71.006545,0
1789091648.673190,7,ciclo2_AD_AC,concentrator_trafo_3_22,dso,propose,1030,34.774077,0
1789091649.378503,7,ciclo3_AM_AC_AD,market,dso,cfp,100,2.678050,0
1789091649.419549,7,ciclo3_AM_AC_AD,dso,market,propose,1312,21.619780,0
1789091649.646340,7,ciclo3_AM_AC_AD,market,concentrator_trafo_1_5,cfp,100,4.403163,0
1789091649.647056,7,ciclo3_AM_AC_AD,market,concentrator_trafo_2_12,cfp,100,4.588474,0
1789091649.647414,7,ciclo3_AM_AC_AD,market,concentrator_trafo_3_22,cfp,100,0.749030,0
1789091649.647610,7,ciclo3_AM_AC_AD,market,concentrator_trafo_4_34,cfp,100,4.202950,0
1789091649.647763,7,ciclo3_AM_AC_AD,market,dso,cfp,100,1.297650,0
1789091649.724229,7,ciclo3_AM_AC_AD,concentrator_trafo_3_22,market,propose,1358,23.053242,0
1789091649.728143,7,ciclo3_AM_AC_AD,dso,market,propose,1239,20.729069,0
1789091649.734044,7,ciclo3_AM_AC_AD,concentrator_trafo_4_34,market,propose,1314,48.327877,0
1789091649.734801,7,ciclo3_AM_AC_AD,concentrator_trafo_1_5,market,propose,1323,47.558019,0
1789091649.737455,7,ciclo3_AM_AC_AD,concentrator_trafo_2_12,market,propose,1478,50.486931,0
1789091650.319264,8,ciclo1_AC_AP,concentrator_trafo_1_5,prosumer5,cfp,100,2.912545,0
1789091650.320049,8,ciclo1_AC_AP,concentrator_trafo_1_5,prosumer6,cfp,100,1.120475,0
1789091650.320705,8,ciclo1_AC_AP,concentrator_trafo_1_5,prosumer7,cfp,100,1.701704,0
1789091650.321290,8,ciclo1_AC_AP,concentrator_trafo_1_5,prosumer8,cfp,100,2.381782,0
1789091650.321859,8,ciclo1_AC_AP,concentrator_trafo_1_5,prosumer9,cfp,100,1.572116,0
1789091650.322339,8,ciclo1_AC_AP,concentrator_trafo_1_5,prosumer10,cfp,100,2.044140,0
1789091650.322522,8,ciclo1_AC_AP,concentrator_trafo_1_5,prosumer11,cfp,100,2.183012,0
1789091650.323371,8,ciclo1_AC_AP,concentrator_trafo_2_12,prosumer12,cfp,100,3.330051,0
1789091650.323519,8,ciclo1_AC_AP,concentrator_trafo_2_12,prosumer13,cfp,100,2.928911,0
1789091650.323692,8,ciclo1_AC_AP,concentrator_trafo_2_12,prosumer14,cfp,100,2.668373,0
1789091650.323838,8,ciclo1_AC_AP,concentrator_trafo_2_12,prosumer15,cfp,100,0.772727,0
1789091650.323961,8,ciclo1_AC_AP,concentrator_trafo_2_12,prosumer16,cfp,100,3.581568,0
1789091650.324082,8,ciclo1_AC_AP,concentrator_trafo_2_12,prosumer17,cfp,100,3.093651,0
1789091650.324200,8,ciclo1_AC_AP,concentrator_trafo_2_12,prosumer18,cfp,100,0.728753,0
1789091650.324317,8,ciclo1_AC_AP,concentrator_trafo_2_12,prosumer19,cfp,100,0.263230,0
1789091650.324432,8,ciclo1_AC_AP,concentrator_trafo_2_12,prosumer20,cfp,100,0.657436,0
1789091650.324564,8,ciclo1_AC_AP,concentrator_trafo_2_12,prosumer21,cfp,100,3.383119,0
1789091650.325275,8,ciclo1_AC_AP,concentrator_trafo_3_22,prosumer22,cfp,100,3.931350,0
1789091650.325417,8,ciclo1_AC_AP,concentrator_trafo_3_22,prosumer23,cfp,100,3.050624,0
1789091650.325553,8,ciclo1_AC_AP,concentrator_trafo_3_22,prosumer24,cfp,100,3.169803,0
1789091650.325672,8,ciclo1_AC_AP,concentrator_trafo_3_22,prosumer25,cfp,100,3.652251,0
1789091650.325783,8,ciclo1_AC_AP,concentrator_trafo_3_22,prosumer26,cfp,100,4.161993,0
1789091650.325891,8,ciclo1_AC_AP,concentrator_trafo_3_22,prosumer27,cfp,100,5.856539,0
1789091650.325998,8,ciclo1_AC_AP,concentrator_trafo_3_22,prosumer28,cfp,100,0.992981,0
1789091650.326104,8,ciclo1_AC_AP,concentrator_trafo_3_22,prosumer29,cfp,100,2.781127,0
1789091650.326210,8,ciclo1_AC_AP,concentrator_trafo_3_22,prosumer30,cfp,100,0.951930,0
1789091650.326317,8,ciclo1_AC_AP,concentrator_trafo_3_22,prosumer31,cfp,100,0.310005,0
1789091650.326421,8,ciclo1_AC_AP,concentrator_trafo_3_22,prosumer32,cfp,100,5.459065,0
1789091650.326527,8,ciclo1_AC_AP,concentrator_trafo_3_22,prosumer33,cfp,100,2.755064,0
1789091650.327200,8,ciclo1_AC_AP,concentrator_trafo_4_34,prosumer34,cfp,100,0.148364,0
1789091650.327339,8,ciclo1_AC_AP,concentrator_trafo_4_34,prosumer35,cfp,100,2.356755,0
1789091650.327460,8,ciclo1_AC_AP,concentrator_trafo_4_34,prosumer36,cfp,100,3.428544,0
1789091650.327572,8,ciclo1_AC_AP,concentrator_trafo_4_34,prosumer37,cfp,100,2.777120,0
1789091650.327680,8,ciclo1_AC_AP,concentrator_trafo_4_34,prosumer38,cfp,100,2.505974,0
1789091650.327782,8,ciclo1_AC_AP,concentrator_trafo_4_34,prosumer39,cfp,100,4.725763,0
1789091650.327890,8,ciclo1_AC_AP,concentrator_trafo_4_34,prosumer40,cfp,100,3.683830,0
1789091650.327993,8,ciclo1_AC_AP,concentrator_trafo_4_34,prosumer41,cfp,100,1.417131,0
1789091650.328097,8,ciclo1_AC_AP,concentrator_trafo_4_34,prosumer42,cfp,100,2.354462,0
1789091650.328200,8,ciclo1_AC_AP,concentrator_trafo_4_34,prosumer43,cfp,100,3.399575,0
1789091650.328317,8,ciclo1_AC_AP,concentrator_trafo_4_34,prosumer44,cfp,100,0.730260,0
1789091650.328420,8,ciclo1_AC_AP,concentrator_trafo_4_34,prosumer45,cfp,100,4.034021,0
1789091650.328522,8,ciclo1_AC_AP,concentrator_trafo_4_34,prosumer46,cfp,100,1.932244,0
1789091650.333713,8,ciclo1_AC_AP,prosumer19,concentrator_trafo_2_12,propose,272,7.361098,0
1789091650.337377,8,ciclo1_AC_AP,prosumer34,concentrator_trafo_4_34,propose,433,7.360971,0
1789091650.340404,8,ciclo1_AC_AP,prosumer31,concentrator_trafo_3_22,propose,163,2.929486,0
1789091650.343011,8,ciclo1_AC_AP,prosumer20,concentrator_trafo_2_12,propose,449,6.918792,0
1789091650.343567,8,ciclo1_AC_AP,prosumer6,concentrator_trafo_1_5,propose,465,6.364842,0
1789091650.344085,8,ciclo1_AC_AP,prosumer18,concentrator_trafo_2_12,propose,418,9.540851,0
1789091650.346036,8,ciclo1_AC_AP,prosumer15,concentrator_trafo_2_12,propose,251,5.218898,0
1789091650.346742,8,ciclo1_AC_AP,prosumer44,concentrator_trafo_4_34,propose,165,7.714575,0
1789091650.348620,8,ciclo1_AC_AP,prosumer30,concentrator_trafo_3_22,propose,298,7.964047,0
1789091650.350612,8,ciclo1_AC_AP,prosumer28,concentrator_trafo_3_22,propose,250,5.544321,0
1789091650.352556,8,ciclo1_AC_AP,prosumer9,concentrator_trafo_1_5,propose,481,8.343951,0
1789091650.353329,8,ciclo1_AC_AP,prosumer7,concentrator_trafo_1_5,propose,448,6.921219,0
1789091650.356628,8,ciclo1_AC_AP,prosumer41,concentrator_trafo_4_34,propose,162,5.479218,0
1789091650.358584,8,ciclo1_AC_AP,prosumer10,concentrator_trafo_1_5,propose,365,6.761162,0
1789091650.360511,8,ciclo1_AC_AP,prosumer11,concentrator_trafo_1_5,propose,196,5.810079,0
1789091650.362439,8,ciclo1_AC_AP,prosumer8,concentrator_trafo_1_5,propose,119,3.324997,0
1789091650.365308,8,ciclo1_AC_AP,prosumer46,concentrator_trafo_4_34,propose,500,9.935097,0
1789091650.367272,8,ciclo1_AC_AP,prosumer5,concentrator_trafo_1_5,propose,300,5.554215,0
1789091650.367786,8,ciclo1_AC_AP,prosumer14,concentrator_trafo_2_12,propose,327,4.324642,0
1789091650.368246,8,ciclo1_AC_AP,prosumer35,concentrator_trafo_4_34,propose,290,12.424727,0
1789091650.370122,8,ciclo1_AC_AP,prosumer42,concentrator_trafo_4_34,propose,487,18.691682,0
1789091650.372478,8,ciclo1_AC_AP,prosumer38,concentrator_trafo_4_34,propose,197,3.987084,0
1789091650.374397,8,ciclo1_AC_AP,prosumer13,concentrator_trafo_2_12,propose,333,13.314034,1
1789091650.375770,8,ciclo1_AC_AP,prosumer29,concentrator_trafo_3_22,propose,282,13.174169,0
1789091650.377670,8,ciclo1_AC_AP,prosumer33,concentrator_trafo_3_22,propose,423,6.612534,0
1789091650.380491,8,ciclo1_AC_AP,prosumer17,concentrator_trafo_2_12,propose,138,4.938101,0
1789091650.382421,8,ciclo1_AC_AP,prosumer37,concentrator_trafo_4_34,propose,122,3.475995,0
1789091650.383005,8,ciclo1_AC_AP,prosumer23,concentrator_trafo_3_22,propose,120,0.956229,0
1789091650.384965,8,ciclo1_AC_AP,prosumer12,concentrator_trafo_2_12,propose,348,5.275583,0
1789091650.386944,8,ciclo1_AC_AP,prosumer24,concentrator_trafo_3_22,propose,230,3.883098,0
1789091650.388848,8,ciclo1_AC_AP,prosumer21,concentrator_trafo_2_12,propose,113,1.688021,0
1789091650.390702,8,ciclo1_AC_AP,prosumer16,concentrator_trafo_2_12,propose,366,6.543146,0
1789091650.392658,8,ciclo1_AC_AP,prosumer36,concentrator_trafo_4_34,propose,441,14.946532,0
1789091650.393434,8,ciclo1_AC_AP,prosumer25,concentrator_trafo_3_22,propose,391,14.028842,0
1789091650.394312,8,ciclo1_AC_AP,prosumer43,concentrator_trafo_4_34,propose,392,7.890387,0
1789091650.396688,8,ciclo1_AC_AP,prosumer22,concentrator_trafo_3_22,propose,210,5.634780,0
1789091650.397516,8,ciclo1_AC_AP,prosumer40,concentrator_trafo_4_34,propose,217,5.530334,0
1789091650.398322,8,ciclo1_AC_AP,prosumer26,concentrator_trafo_3_22,propose,147,7.160149,0
1789091650.402054,8,ciclo1_AC_AP,prosumer45,concentrator_trafo_4_34,propose,497,16.475678,0
1789091650.403293,8,ciclo1_AC_AP,prosumer39,concentrator_trafo_4_34,propose,421,19.544298,0
1789091650.404556,8,ciclo1_AC_AP,prosumer32,concentrator_trafo_3_22,propose,499,18.527934,0
1789091650.406622,8,ciclo1_AC_AP,prosumer27,concentrator_trafo_3_22,propose,357,11.591160,0
1789091670.429044,8,ciclo1_AC_AP,concentrator_trafo_2_12,prosumer13,cfp,100,2.668308,0
1789091670.464079,8,ciclo1_AC_AP,prosumer13,concentrator_trafo_2_12,propose,457,10.578699,0
1789091670.579125,8,ciclo2_AD_AC,dso,concentrator_trafo_1_5,cfp,100,1.248578,0
1789091670.579788,8,ciclo2_AD_AC,dso,concentrator_trafo_2_12,cfp,100,0.843495,0
1789091670.580336,8,ciclo2_AD_AC,dso,concentrator_trafo_3_22,cfp,100,5.659476,0
1789091670.580882,8,ciclo2_AD_AC,dso,concentrator_trafo_4_34,cfp,100,6.320119,0
1789091670.596977,8,ciclo2_AD_AC,concentrator_trafo_2_12,dso,propose,1268,20.720592,0
1789091670.599332,8,ciclo2_AD_AC,concentrator_trafo_1_5,dso,propose,1215,41.193272,0
1789091670.641932,8,ciclo2_AD_AC,concentrator_trafo_3_22,dso,propose,1259,38.689468,0
1789091670.647273,8,ciclo2_AD_AC,concentrator_trafo_4_34,dso,propose,1156,57.764697,0
1789091671.236491,8,ciclo3_AM_AC_AD,market,dso,cfp,100,1.174715,0
1789091671.260796,8,ciclo3_AM_AC_AD,dso,market,propose,1484,24.974652,0
1789091671.521246,8,ciclo3_AM_AC_AD,market,concentrator_trafo_1_5,cfp,100,4.388350,0
1789091671.521920,8,ciclo3_AM_AC_AD,market,concentrator_trafo_2_12,cfp,100,5.717483,0
1789091671.522330,8,ciclo3_AM_AC_AD,market,concentrator_trafo_3_22,cfp,100,2.305151,0
1789091671.522478,8,ciclo3_AM_AC_AD,market,concentrator_trafo_4_34,cfp,100,4.512186,0
1789091671.522660,8,ciclo3_AM_AC_AD,market,dso,cfp,100,3.207679,0
1789091671.612712,8,ciclo3_AM_AC_AD,concentrator_trafo_3_22,market,propose,1058,16.297144,0
1789091671.616135,8,ciclo3_AM_AC_AD,dso,market,propose,1074,19.309921,0
1789091671.618370,8,ciclo3_AM_AC_AD,concentrator_trafo_1_5,market,propose,1218,42.398346,0
1789091671.620753,8,ciclo3_AM_AC_AD,concentrator_trafo_4_34,market,propose,1456,51.726911,0
1789091671.623621,8,ciclo3_AM_AC_AD,concentrator_trafo_2_12,market,propose,1289,43.260108,0
1789091672.215704,9,ciclo1_AC_AP,concentrator_trafo_1_5,prosumer5,cfp,100,1.033173,0
1789091672.216698,9,ciclo1_AC_AP,concentrator_trafo_1_5,prosumer6,cfp,100,3.602609,0
1789091672.217630,9,ciclo1_AC_AP,concentrator_trafo_1_5,prosumer7,cfp,100,4.366231,0
1789091672.218517,9,ciclo1_AC_AP,concentrator_trafo_1_5,prosumer8,cfp,100,0.580260,0
1789091672.219165,9,ciclo1_AC_AP,concentrator_trafo_1_5,prosumer9,cfp,100,3.722702,0
1789091672.219713,9,ciclo1_AC_AP,concentrator_trafo_1_5,prosumer10,cfp,100,3.161858,0
1789091672.220032,9,ciclo1_AC_AP,concentrator_trafo_1_5,prosumer11,cfp,100,3.897275,0
1789091672.220887,9,ciclo1_AC_AP,concentrator_trafo_2_12,prosumer12,cfp,100,0.207704,0
1789091672.221286,9,ciclo1_AC_AP,concentrator_trafo_2_12,prosumer13,cfp,100,0.056623,0
1789091672.221527,9,ciclo1_AC_AP,concentrator_trafo_2_12,prosumer14,cfp,100,1.074247,0
1789091672.221693,9,ciclo1_AC_AP,concentrator_trafo_2_12,prosumer15,cfp,100,6.227184,0
1789091672.221825,9,ciclo1_AC_AP,concentrator_trafo_2_12,prosumer16,cfp,100,1.713378,0
1789091672.221949,9,ciclo1_AC_AP,concentrator_trafo_2_12,prosumer17,cfp,100,3.489691,0
1789091672.222069,9,ciclo1_AC_AP,concentrator_trafo_2_12,prosumer18,cfp,100,0.499023,0
1789091672.222186,9,ciclo1_AC_AP,concentrator_trafo_2_12,prosumer19,cfp,100,3.734267,0
1789091672.222302,9,ciclo1_AC_AP,concentrator_trafo_2_12,prosumer20,cfp,100,3.534107,0
1789091672.222421,9,ciclo1_AC_AP,concentrator_trafo_2_12,prosumer21,cfp,100,0.425677,0
1789091672.223190,9,ciclo1_AC_AP,concentrator_trafo_3_22,prosumer22,cfp,100,3.743242,0
1789091672.223327,9,ciclo1_AC_AP,concentrator_trafo_3_22,prosumer23,cfp,100,1.999963,0
1789091672.223450,9,ciclo1_AC_AP,concentrator_trafo_3_22,prosumer24,cfp,100,2.405516,0
1789091672.223567,9,ciclo1_AC_AP,concentrator_trafo_3_22,prosumer25,cfp,100,2.144756,0
1789091672.223673,9,ciclo1_AC_AP,concentrator_trafo_3_22,prosumer26,cfp,100,5.165509,0
1789091672.223777,9,ciclo1_AC_AP,concentrator_trafo_3_22,prosumer27,cfp,100,2.210627,0
1789091672.223881,9,ciclo1_AC_AP,concentrator_trafo_3_22,prosumer28,cfp,100,4.021408,0
1789091672.223984,9,ciclo1_AC_AP,concentrator_trafo_3_22,prosumer29,cfp,100,5.038820,0
1789091672.224086,9,ciclo1_AC_AP,concentrator_trafo_3_22,prosumer30,cfp,100,1.494184,0
1789091672.224200,9,ciclo1_AC_AP,concentrator_trafo_3_22,prosumer31,cfp,100,0.377322,0
1789091672.224303,9,ciclo1_AC_AP,concentrator_trafo_3_22,prosumer32,cfp,100,2.034371,0
1789091672.224406,9,ciclo1_AC_AP,concentrator_trafo_3_22,prosumer33,cfp,100,2.217750,0
1789091672.225024,9,ciclo1_AC_AP,concentrator_trafo_4_34,prosumer34,cfp,100,0.721355,0
1789091672.225138,9,ciclo1_AC_AP,concentrator_trafo_4_34,prosumer35,cfp,100,3.710651,0
1789091672.225243,9,ciclo1_AC_AP,concentrator_trafo_4_34,prosumer36,cfp,100,0.665368,0
1789091672.225342,9,ciclo1_AC_AP,concentrator_trafo_4_34,prosumer37,cfp,100,4.037369,0
1789091672.225440,9,ciclo1_AC_AP,concentrator_trafo_4_34,prosumer38,cfp,100,0.023740,0
1789091672.225536,9,ciclo1_AC_AP,concentrator_trafo_4_34,prosumer39,cfp,100,5.661684,0
1789091672.225641,9,ciclo1_AC_AP,concentrator_trafo_4_34,prosumer40,cfp,100,1.438321,0
1789091672.225736,9,ciclo1_AC_AP,concentrator_trafo_4_34,prosumer41,cfp,100,1.599530,0
1789091672.225831,9,ciclo1_AC_AP,concentrator_trafo_4_34,prosumer42,cfp,100,1.872110,0
1789091672.225927,9,ciclo1_AC_AP,concentrator_trafo_4_34,prosumer43,cfp,100,2.170161,0
1789091672.226024,9,ciclo1_AC_AP,concentrator_trafo_4_34,prosumer44,cfp,100,4.280276,0
1789091672.226120,9,ciclo1_AC_AP,concentrator_trafo_4_34,prosumer45,cfp,100,4.634819,0
1789091672.226215,9,ciclo1_AC_AP,concentrator_trafo_4_34,prosumer46,cfp,100,0.886571,0
1789091672.231682,9,ciclo1_AC_AP,prosumer13,concentrator_trafo_2_12,propose,316,9.109225,0
1789091672.235267,9,ciclo1_AC_AP,prosumer12,concentrator_trafo_2_12,propose,143,2.757653,0
1789091672.236338,9,ciclo1_AC_AP,prosumer8,concentrator_trafo_1_5,propose,153,3.955201,0
1789091672.241235,9,ciclo1_AC_AP,prosumer38,concentrator_trafo_4_34,propose,312,4.308532,0
1789091672.245082,9,ciclo1_AC_AP,prosumer5,concentrator_trafo_1_5,propose,132,4.022512,0
1789091672.247535,9,ciclo1_AC_AP,prosumer21,concentrator_trafo_2_12,propose,150,2.364761,0
1789091672.251408,9,ciclo1_AC_AP,prosumer18,concentrator_trafo_2_12,propose,312,4.923504,0
1789091672.258143,9,ciclo1_AC_AP,prosumer31,concentrator_trafo_3_22,propose,496,7.066925,0
1789091672.262813,9,ciclo1_AC_AP,prosumer36,concentrator_trafo_4_34,propose,179,6.399128,0
1789091672.266913,9,ciclo1_AC_AP,prosumer34,concentrator_trafo_4_34,propose,475,7.644416,0
1789091672.270095,9,ciclo1_AC_AP,prosumer14,concentrator_trafo_2_12,propose,115,2.033193,0
1789091672.272745,9,ciclo1_AC_AP,prosumer46,concentrator_trafo_4_34,propose,328,4.675443,0
1789091672.273386,9,ciclo1_AC_AP,prosumer16,concentrator_trafo_2_12,propose,320,7.602851,0
1789091672.275586,9,ciclo1_AC_AP,prosumer30,concentrator_trafo_3_22,propose,451,9.934253,0
1789091672.277574,9,ciclo1_AC_AP,prosumer40,concentrator_trafo_4_34,propose,313,7.445160,0
1789091672.279399,9,ciclo1_AC_AP,prosumer41,concentrator_trafo_4_34,propose,115,0.045989,0
1789091672.281195,9,ciclo1_AC_AP,prosumer23,concentrator_trafo_3_22,propose,354,4.862961,0
1789091672.281633,9,ciclo1_AC_AP,prosumer42,concentrator_trafo_4_34,propose,266,10.515785,0
1789091672.283515,9,ciclo1_AC_AP,prosumer32,concentrator_trafo_3_22,propose,469,13.485503,0
1789091672.285649,9,ciclo1_AC_AP,prosumer25,concentrator_trafo_3_22,propose,229,10.693829,0
1789091672.286782,9,ciclo1_AC_AP,prosumer27,concentrator_trafo_3_22,propose,140,10.115094,0
1789091672.289381,9,ciclo1_AC_AP,prosumer33,concentrator_trafo_3_22,propose,280,6.508409,0
1789091672.291560,9,ciclo1_AC_AP,prosumer24,concentrator_trafo_3_22,propose,136,4.369393,0
1789091672.292248,9,ciclo1_AC_AP,prosumer43,concentrator_trafo_4_34,propose,162,3.357876,0
1789091672.294367,9,ciclo1_AC_AP,prosumer10,concentrator_trafo_1_5,propose,283,4.324220,0
1789091672.296445,9,ciclo1_AC_AP,prosumer6,concentrator_trafo_1_5,propose,454,7.061091,0
1789091672.300285,9,ciclo1_AC_AP,prosumer9,concentrator_trafo_1_5,propose,115,3.346657,0
1789091672.302393,9,ciclo1_AC_AP,prosumer17,concentrator_trafo_2_12,propose,276,6.754880,0
1789091672.303058,9,ciclo1_AC_AP,prosumer20,concentrator_trafo_2_12,propose,278,4.578390,0
1789091672.305101,9,ciclo1_AC_AP,prosumer11,concentrator_trafo_1_5,propose,191,2.665673,0
1789091672.307171,9,ciclo1_AC_AP,prosumer19,concentrator_trafo_2_12,propose,105,3.852290,0
1789091672.309119,9,ciclo1_AC_AP,prosumer22,concentrator_trafo_3_22,propose,218,4.392485,0
1789091672.311001,9,ciclo1_AC_AP,prosumer7,concentrator_trafo_1_5,propose,287,8.732137,0
1789091672.312809,9,ciclo1_AC_AP,prosumer35,concentrator_trafo_4_34,propose,136,9.930748,0
1789091672.314976,9,ciclo1_AC_AP,prosumer28,concentrator_trafo_3_22,propose,405,17.653737,0
1789091672.316811,9,ciclo1_AC_AP,prosumer37,concentrator_trafo_4_34,propose,173,8.743937,0
1789091672.317304,9,ciclo1_AC_AP,prosumer44,concentrator_trafo_4_34,propose,206,7.609766,0
1789091672.319413,9,ciclo1_AC_AP,prosumer45,concentrator_trafo_4_34,propose,101,5.365175,0
1789091672.321306,9,ciclo1_AC_AP,prosumer29,concentrator_trafo_3_22,propose,204,7.473914,0
1789091672.323189,9,ciclo1_AC_AP,prosumer26,concentrator_trafo_3_22,propose,437,15.519050,0
1789091672.324372,9,ciclo1_AC_AP,prosumer39,concentrator_trafo_4_34,propose,444,17.900218,0
1789091672.325172,9,ciclo1_AC_AP,prosumer15,concentrator_trafo_2_12,propose,474,15.083438,0
1789091672.512320,9,ciclo2_AD_AC,dso,concentrator_trafo_1_5,cfp,100,4.172779,0
1789091672.513157,9,ciclo2_AD_AC,dso,concentrator_trafo_2_12,cfp,100,3.337618,0
1789091672.513713,9,ciclo2_AD_AC,dso,concentrator_trafo_3_22,cfp,100,1.445447,0
1789091672.514137,9,ciclo2_AD_AC,dso,concentrator_trafo_4_34,cfp,100,2.521073,0
1789091672.534497,9,ciclo2_AD_AC,concentrator_trafo_3_22,dso,propose,1480,50.834661,0
1789091672.542376,9,ciclo2_AD_AC,concentrator_trafo_4_34,dso,propose,1461,71.422063,0
1789091672.553787,9,ciclo2_AD_AC,concentrator_trafo_2_12,dso,propose,1063,16.827313,0
1789091672.559452,9,ciclo2_AD_AC,concentrator_trafo_1_5,dso,propose,1382,44.462846,0
1789091673.264464,9,ciclo3_AM_AC_AD,market,dso,cfp,100,3.677365,0
1789091673.312222,9,ciclo3_AM_AC_AD,dso,market,propose,1003,16.435839,0
1789091673.484839,9,ciclo3_AM_AC_AD,market,concentrator_trafo_1_5,cfp,100,3.983678,0
1789091673.485331,9,ciclo3_AM_AC_AD,market,concentrator_trafo_2_12,cfp,100,4.555305,0
1789091673.485892,9,ciclo3_AM_AC_AD,market,concentrator_trafo_3_22,cfp,100,2.760149,0
1789091673.486191,9,ciclo3_AM_AC_AD,market,concentrator_trafo_4_34,cfp,100,5.520243,0
1789091673.486309,9,ciclo3_AM_AC_AD,market,dso,cfp,100,2.423233,0
1789091673.562870,9,ciclo3_AM_AC_AD,concentrator_trafo_3_22,market,propose,1150,20.111997,0
1789091673.564270,9,ciclo3_AM_AC_AD,dso,market,propose,1188,18.557564,0
1789091673.566997,9,ciclo3_AM_AC_AD,concentrator_trafo_1_5,market,propose,1353,42.223040,0
1789091673.569630,9,ciclo3_AM_AC_AD,concentrator_trafo_2_12,market,propose,1012,31.520216,0
1789091673.571712,9,ciclo3_AM_AC_AD,concentrator_trafo_4_34,market,propose,1477,54.074202,0
1789091674.187065,10,ciclo1_AC_AP,concentrator_trafo_1_5,prosumer5,cfp,100,2.801899,0
1789091674.187623,10,ciclo1_AC_AP,concentrator_trafo_1_5,prosumer6,cfp,100,0.706462,0
1789091674.188038,10,ciclo1_AC_AP,concentrator_trafo_1_5,prosumer7,cfp,100,5.651851,0
1789091674.188413,10,ciclo1_AC_AP,concentrator_trafo_1_5,prosumer8,cfp,100,1.270198,0
1789091674.188607,10,ciclo1_AC_AP,concentrator_trafo_1_5,prosumer9,cfp,100,3.363426,0
1789091674.188823,10,ciclo1_AC_AP,concentrator_trafo_1_5,prosumer10,cfp,100,2.070176,0
1789091674.188967,10,ciclo1_AC_AP,concentrator_trafo_1_5,prosumer11,cfp,100,1.557987,0
1789091674.189750,10,ciclo1_AC_AP,concentrator_trafo_2_12,prosumer12,cfp,100,0.737317,0
1789091674.189904,10,ciclo1_AC_AP,concentrator_trafo_2_12,prosumer13,cfp,100,5.963111,0
1789091674.190047,10,ciclo1_AC_AP,concentrator_trafo_2_12,prosumer14,cfp,100,1.594658,0
1789091674.190175,10,ciclo1_AC_AP,concentrator_trafo_2_12,prosumer15,cfp,100,4.686982,0
1789091674.190300,10,ciclo1_AC_AP,concentrator_trafo_2_12,prosumer16,cfp,100,1.640970,0
1789091674.190421,10,ciclo1_AC_AP,concentrator_trafo_2_12,prosumer17,cfp,100,0.809797,0
1789091674.190557,10,ciclo1_AC_AP,concentrator_trafo_2_12,prosumer18,cfp,100,0.959852,0
1789091674.191011,10,ciclo1_AC_AP,concentrator_trafo_2_12,prosumer19,cfp,100,1.195100,0
1789091674.191343,10,ciclo1_AC_AP,concentrator_trafo_2_12,prosumer20,cfp,100,2.956635,0
1789091674.191616,10,ciclo1_AC_AP,concentrator_trafo_2_12,prosumer21,cfp,100,1.708547,0
1789091674.192449,10,ciclo1_AC_AP,concentrator_trafo_3_22,prosumer22,cfp,100,1.120151,0
1789091674.192595,10,ciclo1_AC_AP,concentrator_trafo_3_22,prosumer23,cfp,100,2.454640,0
1789091674.192707,10,ciclo1_AC_AP,concentrator_trafo_3_22,prosumer24,cfp,100,1.106297,0
1789091674.192812,10,ciclo1_AC_AP,concentrator_trafo_3_22,prosumer25,cfp,100,4.179356,0
1789091674.192911,10,ciclo1_AC_AP,concentrator_trafo_3_22,prosumer26,cfp,100,5.219761,0
1789091674.193009,10,ciclo1_AC_AP,concentrator_trafo_3_22,prosumer27,cfp,100,5.824058,0
1789091674.193114,10,ciclo1_AC_AP,concentrator_trafo_3_22,prosumer28,cfp,100,6.133093,0
1789091674.193213,10,ciclo1_AC_AP,concentrator_trafo_3_22,prosumer29,cfp,100,5.091615,0
1789091674.193310,10,ciclo1_AC_AP,concentrator_trafo_3_22,prosumer30,cfp,100,1.881440,0
1789091674.193408,10,ciclo1_AC_AP,concentrator_trafo_3_22,prosumer31,cfp,100,3.769688,0
1789091674.193508,10,ciclo1_AC_AP,concentrator_trafo_3_22,prosumer32,cfp,100,5.250993,0
1789091674.193616,10,ciclo1_AC_AP,concentrator_trafo_3_22,prosumer33,cfp,100,0.363513,0
1789091674.194385,10,ciclo1_AC_AP,concentrator_trafo_4_34,prosumer34,cfp,100,3.957314,0
1789091674.194679,10,ciclo1_AC_AP,concentrator_trafo_4_34,prosumer35,cfp,100,4.045889,0
1789091674.194918,10,ciclo1_AC_AP,concentrator_trafo_4_34,prosumer36,cfp,100,3.748583,0
1789091674.195157,10,ciclo1_AC_AP,concentrator_trafo_4_34,prosumer37,cfp,100,4.461384,0
1789091674.195385,10,ciclo1_AC_AP,concentrator_trafo_4_34,prosumer38,cfp,100,3.879085,0
1789091674.195617,10,ciclo1_AC_AP,concentrator_trafo_4_34,prosumer39,cfp,100,6.936141,0
1789091674.195854,10,ciclo1_AC_AP,concentrator_trafo_4_34,prosumer40,cfp,100,3.711325,0
1789091674.196043,10,ciclo1_AC_AP,concentrator_trafo_4_34,prosumer41,cfp,100,3.722358,0
1789091674.196205,10,ciclo1_AC_AP,concentrator_trafo_4_34,prosumer42,cfp,100,1.310102,0
1789091674.196355,10,ciclo1_AC_AP,concentrator_trafo_4_34,prosumer43,cfp,100,1.023824,0
1789091674.196501,10,ciclo1_AC_AP,concentrator_trafo_4_34,prosumer44,cfp,100,4.967134,0
1789091674.196661,10,ciclo1_AC_AP,concentrator_trafo_4_34,prosumer45,cfp,100,4.950170,0
1789091674.196805,10,ciclo1_AC_AP,concentrator_trafo_4_34,prosumer46,cfp,100,1.965539,0
1789091674.202994,10,ciclo1_AC_AP,prosumer6,concentrator_trafo_1_5,propose,409,9.494428,0
1789091674.208165,10,ciclo1_AC_AP,prosumer12,concentrator_trafo_2_12,propose,219,5.416755,0
1789091674.209402,10,ciclo1_AC_AP,prosumer33,concentrator_trafo_3_22,propose,172,4.674093,0
1789091674.212363,10,ciclo1_AC_AP,prosumer17,concentrator_trafo_2_12,propose,195,5.306666,0
1789091674.217181,10,ciclo1_AC_AP,prosumer18,concentrator_trafo_2_12,propose,332,5.126206,0
1789091674.220700,10,ciclo1_AC_AP,prosumer8,concentrator_trafo_1_5,propose,157,3.902123,0
1789091674.224101,10,ciclo1_AC_AP,prosumer19,concentrator_trafo_2_12,propose,344,5.678855,0
1789091674.225612,10,ciclo1_AC_AP,prosumer22,concentrator_trafo_3_22,propose,276,5.571132,0
1789091674.228869,10,ciclo1_AC_AP,prosumer24,concentrator_trafo_3_22,propose,462,7.046582,0
1789091674.232643,10,ciclo1_AC_AP,prosumer11,concentrator_trafo_1_5,propose,232,3.927104,0
1789091674.233533,10,ciclo1_AC_AP,prosumer14,concentrator_trafo_2_12,propose,166,5.791093,0
1789091674.236680,10,ciclo1_AC_AP,prosumer43,concentrator_trafo_4_34,propose,114,1.495052,0
1789091674.239636,10,ciclo1_AC_AP,prosumer16,concentrator_trafo_2_12,propose,206,2.906719,0
1789091674.242141,10,ciclo1_AC_AP,prosumer21,concentrator_trafo_2_12,propose,285,4.548050,0
1789091674.243143,10,ciclo1_AC_AP,prosumer42,concentrator_trafo_4_34,propose,271,9.342784,0
1789091674.243740,10,ciclo1_AC_AP,prosumer10,concentrator_trafo_1_5,propose,342,5.350471,0
1789091674.247728,10,ciclo1_AC_AP,prosumer30,concentrator_trafo_3_22,propose,249,5.109375,0
1789091674.249762,10,ciclo1_AC_AP,prosumer5,concentrator_trafo_1_5,propose,251,3.236722,0
1789091674.252620,10,ciclo1_AC_AP,prosumer46,concentrator_trafo_4_34,propose,383,6.308306,0
1789091674.253365,10,ciclo1_AC_AP,prosumer23,concentrator_trafo_3_22,propose,425,7.677620,0
1789091674.255988,10,ciclo1_AC_AP,prosumer20,concentrator_trafo_2_12,propose,267,6.007842,0
1789091674.258307,10,ciclo1_AC_AP,prosumer9,concentrator_trafo_1_5,propose,194,4.824428,0
1789091674.261735,10,ciclo1_AC_AP,prosumer31,concentrator_trafo_3_22,propose,403,6.968580,0
1789091674.263821,10,ciclo1_AC_AP,prosumer36,concentrator_trafo_4_34,propose,141,8.606121,0
1789091674.264377,10,ciclo1_AC_AP,prosumer40,concentrator_trafo_4_34,propose,152,3.968011,0
1789091674.266221,10,ciclo1_AC_AP,prosumer41,concentrator_trafo_4_34,propose,373,4.310212,0
1789091674.268104,10,ciclo1_AC_AP,prosumer34,concentrator_trafo_4_34,propose,397,9.006886,0
1789091674.269976,10,ciclo1_AC_AP,prosumer38,concentrator_trafo_4_34,propose,257,6.835342,0
1789091674.271945,10,ciclo1_AC_AP,prosumer25,concentrator_trafo_3_22,propose,180,11.105935,0
1789091674.274133,10,ciclo1_AC_AP,prosumer35,concentrator_trafo_4_34,propose,292,15.177055,0
1789091674.276253,10,ciclo1_AC_AP,prosumer15,concentrator_trafo_2_12,propose,175,8.389981,0
1789091674.276838,10,ciclo1_AC_AP,prosumer37,concentrator_trafo_4_34,propose,164,7.401887,0
1789091674.277473,10,ciclo1_AC_AP,prosumer29,concentrator_trafo_3_22,propose,214,8.125723,0
1789091674.280229,10,ciclo1_AC_AP,prosumer7,concentrator_trafo_1_5,propose,261,9.698420,0
1789091674.281028,10,ciclo1_AC_AP,prosumer26,concentrator_trafo_3_22,propose,360,13.592248,0
1789091674.282922,10,ciclo1_AC_AP,prosumer32,concentrator_trafo_3_22,propose,224,8.699198,0
1789091674.283422,10,ciclo1_AC_AP,prosumer45,concentrator_trafo_4_34,propose,221,6.547598,0
1789091674.285302,10,ciclo1_AC_AP,prosumer44,concentrator_trafo_4_34,propose,486,16.536821,0
1789091674.287634,10,ciclo1_AC_AP,prosumer13,concentrator_trafo_2_12,propose,194,4.204681,0
1789091674.288130,10,ciclo1_AC_AP,prosumer27,concentrator_trafo_3_22,propose,249,4.959393,0
1789091674.290214,10,ciclo1_AC_AP,prosumer28,concentrator_trafo_3_22,propose,290,8.486375,0
1789091674.292064,10,ciclo1_AC_AP,prosumer39,concentrator_trafo_4_34,propose,314,13.857049,0
1789091674.459212,10,ciclo2_AD_AC,dso,concentrator_trafo_1_5,cfp,100,3.003747,0
1789091674.459808,10,ciclo2_AD_AC,dso,concentrator_trafo_2_12,cfp,100,3.769301,0
1789091674.460151,10,ciclo2_AD_AC,dso,concentrator_trafo_3_22,cfp,100,1.352785,0
1789091674.460428,10,ciclo2_AD_AC,dso,concentrator_trafo_4_34,cfp,100,2.285453,0
1789091674.481248,10,ciclo2_AD_AC,concentrator_trafo_3_22,dso,propose,1339,44.420225,0
1789091674.488350,10,ciclo2_AD_AC,concentrator_trafo_4_34,dso,propose,1023,57.556127,0
1789091674.494484,10,ciclo2_AD_AC,concentrator_trafo_1_5,dso,propose,1440,49.114554,0
1789091674.503619,10,ciclo2_AD_AC,concentrator_trafo_2_12,dso,propose,1067,16.961986,0
1789091675.071920,10,ciclo3_AM_AC_AD,market,dso,cfp,100,2.675845,0
1789091675.111669,10,ciclo3_AM_AC_AD,dso,market,propose,1307,22.713284,0
1789091675.349193,10,ciclo3_AM_AC_AD,market,concentrator_trafo_1_5,cfp,100,1.520535,0
1789091675.349845,10,ciclo3_AM_AC_AD,market,concentrator_trafo_2_12,cfp,100,7.539140,0
1789091675.350302,10,ciclo3_AM_AC_AD,market,concentrator_trafo_3_22,cfp,100,1.041088,0
1789091675.350427,10,ciclo3_AM_AC_AD,market,concentrator_trafo_4_34,cfp,100,5.524997,0
1789091675.350526,10,ciclo3_AM_AC_AD,market,dso,cfp,100,3.333368,0
1789091675.389900,10,ciclo3_AM_AC_AD,concentrator_trafo_3_22,market,propose,1010,17.603557,0
1789091675.395844,10,ciclo3_AM_AC_AD,concentrator_trafo_1_5,market,propose,1201,39.037566,0
1789091675.416206,10,ciclo3_AM_AC_AD,dso,market,propose,1039,17.527016,0
1789091675.419785,10,ciclo3_AM_AC_AD,concentrator_trafo_4_34,market,propose,1359,44.567166,0
1789091675.444672,10,ciclo3_AM_AC_AD,concentrator_trafo_2_12,market,propose,1037,37.102014,0
1789091675.944510,11,ciclo1_AC_AP,concentrator_trafo_1_5,prosumer5,cfp,100,0.137790,0
1789091675.944913,11,ciclo1_AC_AP,concentrator_trafo_1_5,prosumer6,cfp,100,0.109938,0
1789091675.945117,11,ciclo1_AC_AP,concentrator_trafo_1_5,prosumer7,cfp,100,3.195825,0
1789091675.945505,11,ciclo1_AC_AP,concentrator_trafo_1_5,prosumer8,cfp,100,2.335619,0
1789091675.945865,11,ciclo1_AC_AP,concentrator_trafo_1_5,prosumer9,cfp,100,0.418091,0
1789091675.946055,11,ciclo1_AC_AP,concentrator_trafo_1_5,prosumer10,cfp,100,1.328175,0
1789091675.946227,11,ciclo1_AC_AP,concentrator_trafo_1_5,prosumer11,cfp,100,2.709338,0
1789091675.947273,11,ciclo1_AC_AP,concentrator_trafo_2_12,prosumer12,cfp,100,2.471534,0
1789091675.947451,11,ciclo1_AC_AP,concentrator_trafo_2_12,prosumer13,cfp,100,0.765592,0
1789091675.947611,11,ciclo1_AC_AP,concentrator_trafo_2_12,prosumer14,cfp,100,0.645916,0
1789091675.947751,11,ciclo1_AC_AP,concentrator_trafo_2_12,prosumer15,cfp,100,7.444491,0
1789091675.947882,11,ciclo1_AC_AP,concentrator_trafo_2_12,prosumer16,cfp,100,0.872446,0
1789091675.948013,11,ciclo1_AC_AP,concentrator_trafo_2_12,prosumer17,cfp,100,3.687507,0
1789091675.948141,11,ciclo1_AC_AP,concentrator_trafo_2_12,prosumer18,cfp,100,0.724321,0
1789091675.948271,11,ciclo1_AC_AP,concentrator_trafo_2_12,prosumer19,cfp,100,0.011679,0
1789091675.948399,11,ciclo1_AC_AP,concentrator_trafo_2_12,prosumer20,cfp,100,1.839356,0
1789091675.948529,11,ciclo1_AC_AP,concentrator_trafo_2_12,prosumer21,cfp,100,2.476839,0
1789091675.949360,11,ciclo1_AC_AP,concentrator_trafo_3_22,prosumer22,cfp,100,2.087012,0
1789091675.949532,11,ciclo1_AC_AP,concentrator_trafo_3_22,prosumer23,cfp,100,1.615495,0
1789091675.949699,11,ciclo1_AC_AP,concentrator_trafo_3_22,prosumer24,cfp,100,1.953405,0
1789091675.949836,11,ciclo1_AC_AP,concentrator_trafo_3_22,prosumer25,cfp,100,3.324285,0
1789091675.949969,11,ciclo1_AC_AP,concentrator_trafo_3_22,prosumer26,cfp,100,5.351605,0
1789091675.950089,11,ciclo1_AC_AP,concentrator_trafo_3_22,prosumer27,cfp,100,6.661296,0
1789091675.950211,11,ciclo1_AC_AP,concentrator_trafo_3_22,prosumer28,cfp,100,3.885167,0
1789091675.950331,11,ciclo1_AC_AP,concentrator_trafo_3_22,prosumer29,cfp,100,6.372644,0
1789091675.950450,11,ciclo1_AC_AP,concentrator_trafo_3_22,prosumer30,cfp,100,1.983933,0
1789091675.950635,11,ciclo1_AC_AP,concentrator_trafo_3_22,prosumer31,cfp,100,1.197820,0
1789091675.950865,11,ciclo1_AC_AP,concentrator_trafo_3_22,prosumer32,cfp,100,3.092398,0
1789091675.951012,11,ciclo1_AC_AP,concentrator_trafo_3_22,prosumer33,cfp,100,3.657255,0
1789091675.951843,11,ciclo1_AC_AP,concentrator_trafo_4_34,prosumer34,cfp,100,3.517651,0
1789091675.952141,11,ciclo1_AC_AP,concentrator_trafo_4_34,prosumer35,cfp,100,5.178936,0
1789091675.952344,11,ciclo1_AC_AP,concentrator_trafo_4_34,prosumer36,cfp,100,3.267115,0
1789091675.952503,11,ciclo1_AC_AP,concentrator_trafo_4_34,prosumer37,cfp,100,4.420817,0
1789091675.952669,11,ciclo1_AC_AP,concentrator_trafo_4_34,prosumer38,cfp,100,4.186592,0
1789091675.952817,11,ciclo1_AC_AP,concentrator_trafo_4_34,prosumer39,cfp,100,4.825052,0
1789091675.952965,11,ciclo1_AC_AP,concentrator_trafo_4_34,prosumer40,cfp,100,0.037414,0
1789091675.953113,11,ciclo1_AC_AP,concentrator_trafo_4_34,prosumer41,cfp,100,1.877546,0
1789091675.953260,11,ciclo1_AC_AP,concentrator_trafo_4_34,prosumer42,cfp,100,4.418984,0
1789091675.953409,11,ciclo1_AC_AP,concentrator_trafo_4_34,prosumer43,cfp,100,2.417071,0
1789091675.953565,11,ciclo1_AC_AP,concentrator_trafo_4_34,prosumer44,cfp,100,6.040318,0
1789091675.953715,11,ciclo1_AC_AP,concentrator_trafo_4_34,prosumer45,cfp,100,5.798703,0
1789091675.953858,11,ciclo1_AC_AP,concentrator_trafo_4_34,prosumer46,cfp,100,1.900646,0
1789091675.962170,11,ciclo1_AC_AP,prosumer5,concentrator_trafo_1_5,propose,167,2.724472,0
1789091675.966673,11,ciclo1_AC_AP,prosumer6,concentrator_trafo_1_5,propose,315,4.525002,0
1789091675.971036,11,ciclo1_AC_AP,prosumer19,concentrator_trafo_2_12,propose,253,5.103624,0
1789091675.975362,11,ciclo1_AC_AP,prosumer9,concentrator_trafo_1_5,propose,381,6.776185,0
1789091675.976714,11,ciclo1_AC_AP,prosumer40,concentrator_trafo_4_34,propose,313,4.623512,0
1789091675.981268,11,ciclo1_AC_AP,prosumer14,concentrator_trafo_2_12,propose,479,7.781747,0
1789091675.984702,11,ciclo1_AC_AP,prosumer13,concentrator_trafo_2_12,propose,172,6.279304,0
1789091675.987095,11,ciclo1_AC_AP,prosumer18,concentrator_trafo_2_12,propose,402,9.041695,0
1789091675.991404,11,ciclo1_AC_AP,prosumer16,concentrator_trafo_2_12,propose,316,4.504821,0
1789091675.994356,11,ciclo1_AC_AP,prosumer10,concentrator_trafo_1_5,propose,252,4.517569,0
1789091675.996364,11,ciclo1_AC_AP,prosumer31,concentrator_trafo_3_22,propose,426,6.118803,0
1789091675.998332,11,ciclo1_AC_AP,prosumer23,concentrator_trafo_3_22,propose,281,5.703421,0
1789091676.000280,11,ciclo1_AC_AP,prosumer20,concentrator_trafo_2_12,propose,143,2.577721,0
1789091676.001250,11,ciclo1_AC_AP,prosumer8,concentrator_trafo_1_5,propose,227,5.981488,0
1789091676.003109,11,ciclo1_AC_AP,prosumer24,concentrator_trafo_3_22,propose,327,7.392091,0
1789091676.004959,11,ciclo1_AC_AP,prosumer22,concentrator_trafo_3_22,propose,423,10.057597,0
1789091676.006761,11,ciclo1_AC_AP,prosumer30,concentrator_trafo_3_22,propose,289,5.238862,0
1789091676.008613,11,ciclo1_AC_AP,prosumer41,concentrator_trafo_4_34,propose,426,6.710540,0
1789091676.010459,11,ciclo1_AC_AP,prosumer12,concentrator_trafo_2_12,propose,370,4.573899,0
1789091676.012226,11,ciclo1_AC_AP,prosumer46,concentrator_trafo_4_34,propose,129,5.724342,0
1789091676.014152,11,ciclo1_AC_AP,prosumer21,concentrator_trafo_2_12,propose,292,8.013226,0
1789091676.014663,11,ciclo1_AC_AP,prosumer11,concentrator_trafo_1_5,propose,309,5.080883,0
1789091676.016673,11,ciclo1_AC_AP,prosumer7,concentrator_trafo_1_5,propose,104,5.421253,0
1789091676.019094,11,ciclo1_AC_AP,prosumer43,concentrator_trafo_4_34,propose,313,7.079857,0
1789091676.021468,11,ciclo1_AC_AP,prosumer32,concentrator_trafo_3_22,propose,472,16.964199,0
1789091676.023599,11,ciclo1_AC_AP,prosumer25,concentrator_trafo_3_22,propose,264,14.451901,0
1789091676.024223,11,ciclo1_AC_AP,prosumer17,concentrator_trafo_2_12,propose,325,5.457328,0
1789091676.026793,11,ciclo1_AC_AP,prosumer36,concentrator_trafo_4_34,propose,204,8.171420,0
1789091676.029748,11,ciclo1_AC_AP,prosumer34,concentrator_trafo_4_34,propose,290,7.256520,0
1789091676.032471,11,ciclo1_AC_AP,prosumer33,concentrator_trafo_3_22,propose,250,5.757762,0
1789091676.036968,11,ciclo1_AC_AP,prosumer28,concentrator_trafo_3_22,propose,341,10.032794,0
1789091676.040466,11,ciclo1_AC_AP,prosumer38,concentrator_trafo_4_34,propose,146,4.247904,0
1789091676.041135,11,ciclo1_AC_AP,prosumer37,concentrator_trafo_4_34,propose,194,8.349703,0
1789091676.041689,11,ciclo1_AC_AP,prosumer42,concentrator_trafo_4_34,propose,155,7.465312,0
1789091676.042264,11,ciclo1_AC_AP,prosumer39,concentrator_trafo_4_34,propose,241,7.955150,0
1789091676.042991,11,ciclo1_AC_AP,prosumer26,concentrator_trafo_3_22,propose,157,7.047923,0
1789091676.045481,11,ciclo1_AC_AP,prosumer35,concentrator_trafo_4_34,propose,385,13.509525,0
1789091676.046106,11,ciclo1_AC_AP,prosumer45,concentrator_trafo_4_34,propose,410,15.416040,0
1789091676.046876,11,ciclo1_AC_AP,prosumer44,concentrator_trafo_4_34,propose,452,16.590325,0
1789091676.048997,11,ciclo1_AC_AP,prosumer29,concentrator_trafo_3_22,propose,178,10.383963,0
1789091676.050938,11,ciclo1_AC_AP,prosumer27,concentrator_trafo_3_22,propose,459,19.242217,0
1789091676.053624,11,ciclo1_AC_AP,prosumer15,concentrator_trafo_2_12,propose,328,12.264437,0
1789091676.252782,11,ciclo2_AD_AC,dso,concentrator_trafo_1_5,cfp,100,5.808498,0
1789091676.253288,11,ciclo2_AD_AC,dso,concentrator_trafo_2_12,cfp,100,1.835078,0
1789091676.253831,11,ciclo2_AD_AC,dso,concentrator_trafo_3_22,cfp,100,3.193516,0
1789091676.254279,11,ciclo2_AD_AC,dso,concentrator_trafo_4_34,cfp,100,9.155397,0
1789091676.280705,11,ciclo2_AD_AC,concentrator_trafo_2_12,dso,propose,1475,25.581222,0
1789091676.292189,11,ciclo2_AD_AC,concentrator_trafo_3_22,dso,propose,1204,40.402908,0
1789091676.319157,11,ciclo2_AD_AC,concentrator_trafo_1_5,dso,propose,1094,36.389108,0
1789091676.353457,11,ciclo2_AD_AC,concentrator_trafo_4_34,dso,propose,1393,68.328779,0
1789091677.045860,11,ciclo3_AM_AC_AD,market,dso,cfp,100,0.373588,0
1789091677.061536,11,ciclo3_AM_AC_AD,dso,market,propose,1215,20.133283,0
1789091677.274963,11,ciclo3_AM_AC_AD,market,concentrator_trafo_1_5,cfp,100,3.549995,0
1789091677.275472,11,ciclo3_AM_AC_AD,market,concentrator_trafo_2_12,cfp,100,6.824510,0
1789091677.276083,11,ciclo3_AM_AC_AD,market,concentrator_trafo_3_22,cfp,100,0.693964,0
1789091677.276847,11,ciclo3_AM_AC_AD,market,concentrator_trafo_4_34,cfp,100,4.867569,0
1789091677.277468,11,ciclo3_AM_AC_AD,market,dso,cfp,100,0.849030,0
1789091677.319872,11,ciclo3_AM_AC_AD,concentrator_trafo_3_22,market,propose,1221,22.119813,0
1789091677.324939,11,ciclo3_AM_AC_AD,dso,market,propose,1089,16.864210,0
1789091677.325851,11,ciclo3_AM_AC_AD,concentrator_trafo_1_5,market,propose,1126,39.159984,0
1789091677.338401,11,ciclo3_AM_AC_AD,concentrator_trafo_4_34,market,propose,1491,50.976204,0
1789091677.365730,11,ciclo3_AM_AC_AD,concentrator_trafo_2_12,market,propose,1232,38.213072,0
1789091677.923827,12,ciclo1_AC_AP,concentrator_trafo_1_5,prosumer5,cfp,100,2.757483,0
1789091677.924219,12,ciclo1_AC_AP,concentrator_trafo_1_5,prosumer6,cfp,100,0.800650,0
1789091677.924384,12,ciclo1_AC_AP,concentrator_trafo_1_5,prosumer7,cfp,100,4.732048,0
1789091677.924651,12,ciclo1_AC_AP,concentrator_trafo_1_5,prosumer8,cfp,100,2.124624,0
1789091677.925174,12,ciclo1_AC_AP,concentrator_trafo_1_5,prosumer9,cfp,100,4.036091,0
1789091677.925732,12,ciclo1_AC_AP,concentrator_trafo_1_5,prosumer10,cfp,100,2.236700,0
1789091677.926423,12,ciclo1_AC_AP,concentrator_trafo_1_5,prosumer11,cfp,100,3.498143,0
1789091677.927413,12,ciclo1_AC_AP,concentrator_trafo_2_12,prosumer12,cfp,100,3.454025,0
1789091677.927586,12,ciclo1_AC_AP,concentrator_trafo_2_12,prosumer13,cfp,100,6.484288,0
1789091677.927788,12,ciclo1_AC_AP,concentrator_trafo_2_12,prosumer14,cfp,100,3.024132,0
1789091677.927927,12,ciclo1_AC_AP,concentrator_trafo_2_12,prosumer15,cfp,100,2.996743,0
1789091677.928047,12,ciclo1_AC_AP,concentrator_trafo_2_12,prosumer16,cfp,100,1.164060,0
1789091677.928225,12,ciclo1_AC_AP,concentrator_trafo_2_12,prosumer17,cfp,100,3.858087,0
1789091677.928492,12,ciclo1_AC_AP,concentrator_trafo_2_12,prosumer18,cfp,100,0.470914,0
1789091677.928647,12,ciclo1_AC_AP,concentrator_trafo_2_12,prosumer19,cfp,100,2.073791,0
1789091677.928771,12,ciclo1_AC_AP,concentrator_trafo_2_12,prosumer20,cfp,100,1.676580,0
1789091677.928890,12,ciclo1_AC_AP,concentrator_trafo_2_12,prosumer21,cfp,100,3.167261,0
1789091677.929863,12,ciclo1_AC_AP,concentrator_trafo_3_22,prosumer22,cfp,100,2.904092,0
1789091677.930121,12,ciclo1_AC_AP,concentrator_trafo_3_22,prosumer23,cfp,100,1.184552,0
1789091677.930314,12,ciclo1_AC_AP,concentrator_trafo_3_22,prosumer24,cfp,100,1.948862,0
1789091677.930463,12,ciclo1_AC_AP,concentrator_trafo_3_22,prosumer25,cfp,100,3.450699,0
1789091677.930679,12,ciclo1_AC_AP,concentrator_trafo_3_22,prosumer26,cfp,100,4.590969,0
1789091677.930996,12,ciclo1_AC_AP,concentrator_trafo_3_22,prosumer27,cfp,100,3.705831,0
1789091677.931205,12,ciclo1_AC_AP,concentrator_trafo_3_22,prosumer28,cfp,100,5.346126,0
1789091677.931291,12,ciclo1_AC_AP,concentrator_trafo_3_22,prosumer29,cfp,100,5.482141,0
1789091677.931360,12,ciclo1_AC_AP,concentrator_trafo_3_22,prosumer30,cfp,100,0.061611,0
1789091677.931422,12,ciclo1_AC_AP,concentrator_trafo_3_22,prosumer31,cfp,100,3.663314,0
1789091677.931482,12,ciclo1_AC_AP,concentrator_trafo_3_22,prosumer32,cfp,100,3.357851,0
1789091677.931547,12,ciclo1_AC_AP,concentrator_trafo_3_22,prosumer33,cfp,100,1.162560,0
1789091677.932047,12,ciclo1_AC_AP,concentrator_trafo_4_34,prosumer34,cfp,100,2.276248,0
1789091677.932174,12,ciclo1_AC_AP,concentrator_trafo_4_34,prosumer35,cfp,100,1.603304,0
1789091677.932228,12,ciclo1_AC_AP,concentrator_trafo_4_34,prosumer36,cfp,100,0.881613,0
1789091677.932277,12,ciclo1_AC_AP,concentrator_trafo_4_34,prosumer37,cfp,100,3.423462,0
1789091677.932326,12,ciclo1_AC_AP,concentrator_trafo_4_34,prosumer38,cfp,100,2.912341,0
1789091677.932372,12,ciclo1_AC_AP,concentrator_trafo_4_34,prosumer39,cfp,100,6.134183,0
1789091677.932424,12,ciclo1_AC_AP,concentrator_trafo_4_34,prosumer40,cfp,100,3.408934,0
1789091677.932470,12,ciclo1_AC_AP,concentrator_trafo_4_34,prosumer41,cfp,100,3.324061,0
1789091677.932626,12,ciclo1_AC_AP,concentrator_trafo_4_34,prosumer42,cfp,100,6.719429,0
1789091677.932694,12,ciclo1_AC_AP,concentrator_trafo_4_34,prosumer43,cfp,100,2.997537,0
1789091677.932739,12,ciclo1_AC_AP,concentrator_trafo_4_34,prosumer44,cfp,100,3.888523,0
1789091677.932792,12,ciclo1_AC_AP,concentrator_trafo_4_34,prosumer45,cfp,100,3.431256,0
1789091677.932897,12,ciclo1_AC_AP,concentrator_trafo_4_34,prosumer46,cfp,100,1.074333,0
1789091677.939228,12,ciclo1_AC_AP,prosumer30,concentrator_trafo_3_22,propose,274,6.880306,0
1789091677.940235,12,ciclo1_AC_AP,prosumer6,concentrator_trafo_1_5,propose,367,6.881302,0
1789091677.944049,12,ciclo1_AC_AP,prosumer18,concentrator_trafo_2_12,propose,172,5.132816,0
1789091677.949648,12,ciclo1_AC_AP,prosumer16,concentrator_trafo_2_12,propose,281,6.759111,0
1789091677.952185,12,ciclo1_AC_AP,prosumer36,concentrator_trafo_4_34,propose,336,12.790371,0
1789091677.955997,12,ciclo1_AC_AP,prosumer23,concentrator_trafo_3_22,propose,423,7.674214,0
1789091677.956979,12,ciclo1_AC_AP,prosumer33,concentrator_trafo_3_22,propose,426,7.279804,0
1789091677.959567,12,ciclo1_AC_AP,prosumer46,concentrator_trafo_4_34,propose,144,4.189911,0
1789091677.962424,12,ciclo1_AC_AP,prosumer20,concentrator_trafo_2_12,propose,347,7.920107,0
1789091677.965013,12,ciclo1_AC_AP,prosumer8,concentrator_trafo_1_5,propose,486,8.578039,0
1789091677.966988,12,ciclo1_AC_AP,prosumer10,concentrator_trafo_1_5,propose,204,5.145600,0
1789091677.967569,12,ciclo1_AC_AP,prosumer35,concentrator_trafo_4_34,propose,250,9.610459,0
1789091677.969471,12,ciclo1_AC_AP,prosumer19,concentrator_trafo_2_12,propose,100,1.404024,0
1789091677.971390,12,ciclo1_AC_AP,prosumer24,concentrator_trafo_3_22,propose,457,8.086285,0
1789091677.974811,12,ciclo1_AC_AP,prosumer5,concentrator_trafo_1_5,propose,329,6.757908,0
1789091677.976666,12,ciclo1_AC_AP,prosumer34,concentrator_trafo_4_34,propose,416,7.701918,0
1789091677.978562,12,ciclo1_AC_AP,prosumer15,concentrator_trafo_2_12,propose,336,12.431812,0
1789091677.980471,12,ciclo1_AC_AP,prosumer14,concentrator_trafo_2_12,propose,103,0.537470,0
1789091677.982423,12,ciclo1_AC_AP,prosumer22,concentrator_trafo_3_22,propose,211,4.575586,0
1789091677.984240,12,ciclo1_AC_AP,prosumer21,concentrator_trafo_2_12,propose,252,3.128724,0
1789091677.984710,12,ciclo1_AC_AP,prosumer11,concentrator_trafo_1_5,propose,158,3.718988,0
1789091677.986634,12,ciclo1_AC_AP,prosumer38,concentrator_trafo_4_34,propose,493,6.181418,0
1789091677.987191,12,ciclo1_AC_AP,prosumer12,concentrator_trafo_2_12,propose,422,8.687829,0
1789091677.989069,12,ciclo1_AC_AP,prosumer43,concentrator_trafo_4_34,propose,254,4.800538,0
1789091677.991326,12,ciclo1_AC_AP,prosumer25,concentrator_trafo_3_22,propose,379,12.670148,0
1789091677.993262,12,ciclo1_AC_AP,prosumer32,concentrator_trafo_3_22,propose,411,13.704246,0
1789091677.995135,12,ciclo1_AC_AP,prosumer9,concentrator_trafo_1_5,propose,179,3.029185,0
1789091677.997030,12,ciclo1_AC_AP,prosumer41,concentrator_trafo_4_34,propose,317,4.681465,0
1789091677.998983,12,ciclo1_AC_AP,prosumer37,concentrator_trafo_4_34,propose,461,20.100743,0
1789091677.999562,12,ciclo1_AC_AP,prosumer40,concentrator_trafo_4_34,propose,484,8.028329,0
1789091678.001537,12,ciclo1_AC_AP,prosumer17,concentrator_trafo_2_12,propose,341,7.866863,0
1789091678.003690,12,ciclo1_AC_AP,prosumer45,concentrator_trafo_4_34,propose,147,8.325374,0
1789091678.005709,12,ciclo1_AC_AP,prosumer31,concentrator_trafo_3_22,propose,447,6.597308,0
1789091678.007612,12,ciclo1_AC_AP,prosumer27,concentrator_trafo_3_22,propose,354,15.053332,0
1789091678.009556,12,ciclo1_AC_AP,prosumer44,concentrator_trafo_4_34,propose,489,17.961346,0
1789091678.012250,12,ciclo1_AC_AP,prosumer7,concentrator_trafo_1_5,propose,218,4.721751,0
1789091678.014757,12,ciclo1_AC_AP,prosumer26,concentrator_trafo_3_22,propose,378,11.056250,0
1789091678.017783,12,ciclo1_AC_AP,prosumer28,concentrator_trafo_3_22,propose,490,14.160434,0
1789091678.019955,12,ciclo1_AC_AP,prosumer29,concentrator_trafo_3_22,propose,307,11.662432,0
1789091678.022029,12,ciclo1_AC_AP,prosumer13,concentrator_trafo_2_12,propose,243,8.867675,0
1789091678.023902,12,ciclo1_AC_AP,prosumer39,concentrator_trafo_4_34,propose,423,16.890114,0
1789091678.026092,12,ciclo1_AC_AP,prosumer42,concentrator_trafo_4_34,propose,111,3.999085,0
1789091678.204500,12,ciclo2_AD_AC,dso,concentrator_trafo_1_5,cfp,100,0.618331,0
1789091678.205006,12,ciclo2_AD_AC,dso,concentrator_trafo_2_12,cfp,100,1.848160,0
1789091678.205325,12,ciclo2_AD_AC,dso,concentrator_trafo_3_22,cfp,100,1.387685,0
1789091678.205498,12,ciclo2_AD_AC,dso,concentrator_trafo_4_34,cfp,100,4.785684,0
1789091678.216950,12,ciclo2_AD_AC,concentrator_trafo_1_5,dso,propose,1061,35.316642,0
1789091678.221220,12,ciclo2_AD_AC,concentrator_trafo_3_22,dso,propose,1138,36.350368,0
1789091678.229890,12,ciclo2_AD_AC,concentrator_trafo_2_12,dso,propose,1452,22.957059,0
1789091678.262009,12,ciclo2_AD_AC,concentrator_trafo_4_34,dso,propose,1342,65.578860,0
1789091678.929123,12,ciclo3_AM_AC_AD,market,dso,cfp,100,1.385141,0
1789091678.982086,12,ciclo3_AM_AC_AD,dso,market,propose,1020,19.812505,0
1789091679.190533,12,ciclo3_AM_AC_AD,market,concentrator_trafo_1_5,cfp,100,2.215981,0
1789091679.191352,12,ciclo3_AM_AC_AD,market,concentrator_trafo_2_12,cfp,100,2.107304,0
1789091679.192065,12,ciclo3_AM_AC_AD,market,concentrator_trafo_3_22,cfp,100,0.339656,0
1789091679.192424,12,ciclo3_AM_AC_AD,market,concentrator_trafo_4_34,cfp,100,2.539870,0
1789091679.192586,12,ciclo3_AM_AC_AD,market,dso,cfp,100,0.223496,0
1789091679.234096,12,ciclo3_AM_AC_AD,concentrator_trafo_3_22,market,propose,1000,16.962893,0
1789091679.239203,12,ciclo3_AM_AC_AD,dso,market,propose,1131,18.477944,0
1789091679.241117,12,ciclo3_AM_AC_AD,concentrator_trafo_2_12,market,propose,1203,41.991607,0
1789091679.242149,12,ciclo3_AM_AC_AD,concentrator_trafo_1_5,market,propose,1269,39.044532,0
1789091679.244155,12,ciclo3_AM_AC_AD,concentrator_trafo_4_34,market,propose,1455,58.076255,0
1789091679.903821,13,ciclo1_AC_AP,concentrator_trafo_1_5,prosumer5,cfp,100,3.064412,0
1789091679.904380,13,ciclo1_AC_AP,concentrator_trafo_1_5,prosumer6,cfp,100,2.753761,0
1789091679.905182,13,ciclo1_AC_AP,concentrator_trafo_1_5,prosumer7,cfp,100,5.992900,0
1789091679.905641,13,ciclo1_AC_AP,concentrator_trafo_1_5,prosumer8,cfp,100,2.940374,0
1789091679.906026,13,ciclo1_AC_AP,concentrator_trafo_1_5,prosumer9,cfp,100,1.987854,0
1789091679.906296,13,ciclo1_AC_AP,concentrator_trafo_1_5,prosumer10,cfp,100,1.229149,0
1789091679.906414,13,ciclo1_AC_AP,concentrator_trafo_1_5,prosumer11,cfp,100,1.173248,0
1789091679.907185,13,ciclo1_AC_AP,concentrator_trafo_2_12,prosumer12,cfp,100,0.974053,0
1789091679.907327,13,ciclo1_AC_AP,concentrator_trafo_2_12,prosumer13,cfp,100,0.295580,0
1789091679.907448,13,ciclo1_AC_AP,concentrator_trafo_2_12,prosumer14,cfp,100,2.347721,0
1789091679.907570,13,ciclo1_AC_AP,concentrator_trafo_2_12,prosumer15,cfp,100,3.475132,0
1789091679.907685,13,ciclo1_AC_AP,concentrator_trafo_2_12,prosumer16,cfp,100,2.279750,0
1789091679.907813,13,ciclo1_AC_AP,concentrator_trafo_2_12,prosumer17,cfp,100,3.525296,0
1789091679.907923,13,ciclo1_AC_AP,concentrator_trafo_2_12,prosumer18,cfp,100,3.262940,0
1789091679.908029,13,ciclo1_AC_AP,concentrator_trafo_2_12,prosumer19,cfp,100,1.645689,0
1789091679.908138,13,ciclo1_AC_AP,concentrator_trafo_2_12,prosumer20,cfp,100,2.004747,0
1789091679.908247,13,ciclo1_AC_AP,concentrator_trafo_2_12,prosumer21,cfp,100,2.853811,0
1789091679.908942,13,ciclo1_AC_AP,concentrator_trafo_3_22,prosumer22,cfp,100,2.334803,0
1789091679.909069,13,ciclo1_AC_AP,concentrator_trafo_3_22,prosumer23,cfp,100,3.048944,0
1789091679.909184,13,ciclo1_AC_AP,concentrator_trafo_3_22,prosumer24,cfp,100,3.838640,0
1789091679.909289,13,ciclo1_AC_AP,concentrator_trafo_3_22,prosumer25,cfp,100,3.903779,0
1789091679.909390,13,ciclo1_AC_AP,concentrator_trafo_3_22,prosumer26,cfp,100,3.630949,0
1789091679.909503,13,ciclo1_AC_AP,concentrator_trafo_3_22,prosumer27,cfp,100,3.829361,0
1789091679.909620,13,ciclo1_AC_AP,concentrator_trafo_3_22,prosumer28,cfp,100,7.325868,0
1789091679.909727,13,ciclo1_AC_AP,concentrator_trafo_3_22,prosumer29,cfp,100,4.494977,0
1789091679.909830,13,ciclo1_AC_AP,concentrator_trafo_3_22,prosumer30,cfp,100,2.115248,0
1789091679.909931,13,ciclo1_AC_AP,concentrator_trafo_3_22,prosumer31,cfp,100,3.763396,0
1789091679.910034,13,ciclo1_AC_AP,concentrator_trafo_3_22,prosumer32,cfp,100,3.025379,0
1789091679.910136,13,ciclo1_AC_AP,concentrator_trafo_3_22,prosumer33,cfp,100,2.577544,0
1789091679.910786,13,ciclo1_AC_AP,concentrator_trafo_4_34,prosumer34,cfp,100,3.668014,0
1789091679.910914,13,ciclo1_AC_AP,concentrator_trafo_4_34,prosumer35,cfp,100,3.959798,0
1789091679.911026,13,ciclo1_AC_AP,concentrator_trafo_4_34,prosumer36,cfp,100,2.887433,0
1789091679.911382,13,ciclo1_AC_AP,concentrator_trafo_4_34,prosumer37,cfp,100,1.655227,0
1789091679.911691,13,ciclo1_AC_AP,concentrator_trafo_4_34,prosumer38,cfp,100,5.350697,0
1789091679.912149,13,ciclo1_AC_AP,concentrator_trafo_4_34,prosumer39,cfp,100,5.075498,0
1789091679.912448,13,ciclo1_AC_AP,concentrator_trafo_4_34,prosumer40,cfp,100,2.013943,0
1789091679.912838,13,ciclo1_AC_AP,concentrator_trafo_4_34,prosumer41,cfp,100,2.130310,0
1789091679.913161,13,ciclo1_AC_AP,concentrator_trafo_4_34,prosumer42,cfp,100,3.193858,0
1789091679.913353,13,ciclo1_AC_AP,concentrator_trafo_4_34,prosumer43,cfp,100,1.903416,0
1789091679.913475,13,ciclo1_AC_AP,concentrator_trafo_4_34,prosumer44,cfp,100,4.383364,0
1789091679.913600,13,ciclo1_AC_AP,concentrator_trafo_4_34,prosumer45,cfp,100,6.319995,0
1789091679.913719,13,ciclo1_AC_AP,concentrator_trafo_4_34,prosumer46,cfp,100,0.311472,0
1789091679.918251,13,ciclo1_AC_AP,prosumer13,concentrator_trafo_2_12,propose,397,24.300607,0
1789091679.921121,13,ciclo1_AC_AP,prosumer46,concentrator_trafo_4_34,propose,463,7.663785,0
1789091679.925058,13,ciclo1_AC_AP,prosumer12,concentrator_trafo_2_12,propose,302,4.809031,0
1789091679.926090,13,ciclo1_AC_AP,prosumer11,concentrator_trafo_1_5,propose,327,7.191429,0
1789091679.928780,13,ciclo1_AC_AP,prosumer10,concentrator_trafo_1_5,propose,152,2.683538,0
1789091679.931559,13,ciclo1_AC_AP,prosumer19,concentrator_trafo_2_12,propose,482,7.769816,0
1789091679.933653,13,ciclo1_AC_AP,prosumer9,concentrator_trafo_1_5,propose,229,3.172559,0
1789091679.935682,13,ciclo1_AC_AP,prosumer37,concentrator_trafo_4_34,propose,281,14.470278,0
1789091679.937781,13,ciclo1_AC_AP,prosumer20,concentrator_trafo_2_12,propose,245,3.797503,0
1789091679.941414,13,ciclo1_AC_AP,prosumer16,concentrator_trafo_2_12,propose,486,10.016266,0
1789091679.942089,13,ciclo1_AC_AP,prosumer14,concentrator_trafo_2_12,propose,444,10.084171,0
1789091679.944144,13,ciclo1_AC_AP,prosumer30,concentrator_trafo_3_22,propose,200,4.632906,0
1789091679.946205,13,ciclo1_AC_AP,prosumer6,concentrator_trafo_1_5,propose,404,9.336932,0
1789091679.948170,13,ciclo1_AC_AP,prosumer22,concentrator_trafo_3_22,propose,143,2.542218,0
1789091679.950105,13,ciclo1_AC_AP,prosumer43,concentrator_trafo_4_34,propose,118,0.806946,0
1789091679.952605,13,ciclo1_AC_AP,prosumer40,concentrator_trafo_4_34,propose,136,4.807893,0
1789091679.953197,13,ciclo1_AC_AP,prosumer41,concentrator_trafo_4_34,propose,234,2.854626,0
1789091679.955132,13,ciclo1_AC_AP,prosumer5,concentrator_trafo_1_5,propose,256,6.351241,0
1789091679.955738,13,ciclo1_AC_AP,prosumer8,concentrator_trafo_1_5,propose,373,5.764506,0
1789091679.956331,13,ciclo1_AC_AP,prosumer33,concentrator_trafo_3_22,propose,274,5.728321,0
1789091679.958200,13,ciclo1_AC_AP,prosumer21,concentrator_trafo_2_12,propose,160,5.041648,0
1789091679.962328,13,ciclo1_AC_AP,prosumer23,concentrator_trafo_3_22,propose,371,5.756595,0
1789091679.964209,13,ciclo1_AC_AP,prosumer36,concentrator_trafo_4_34,propose,227,6.857245,0
1789091679.966085,13,ciclo1_AC_AP,prosumer32,concentrator_trafo_3_22,propose,490,17.420019,0
1789091679.968009,13,ciclo1_AC_AP,prosumer18,concentrator_trafo_2_12,propose,183,3.216626,0
1789091679.968533,13,ciclo1_AC_AP,prosumer15,concentrator_trafo_2_12,propose,134,10.237322,0
1789091679.970367,13,ciclo1_AC_AP,prosumer17,concentrator_trafo_2_12,propose,312,7.391355,0
1789091679.972207,13,ciclo1_AC_AP,prosumer42,concentrator_trafo_4_34,propose,248,5.787563,0
1789091679.972691,13,ciclo1_AC_AP,prosumer26,concentrator_trafo_3_22,propose,244,8.974394,0
1789091679.974531,13,ciclo1_AC_AP,prosumer34,concentrator_trafo_4_34,propose,366,7.168845,0
1789091679.976377,13,ciclo1_AC_AP,prosumer31,concentrator_trafo_3_22,propose,168,3.270144,0
1789091679.978187,13,ciclo1_AC_AP,prosumer24,concentrator_trafo_3_22,propose,393,7.260229,0
1789091679.979969,13,ciclo1_AC_AP,prosumer27,concentrator_trafo_3_22,propose,367,13.543951,0
1789091679.981786,13,ciclo1_AC_AP,prosumer25,concentrator_trafo_3_22,propose,421,16.679098,0
1789091679.983631,13,ciclo1_AC_AP,prosumer35,concentrator_trafo_4_34,propose,207,9.522246,0
1789091679.985481,13,ciclo1_AC_AP,prosumer29,concentrator_trafo_3_22,propose,372,13.623850,0
1789091679.987526,13,ciclo1_AC_AP,prosumer44,concentrator_trafo_4_34,propose,153,6.074614,0
1789091679.990910,13,ciclo1_AC_AP,prosumer39,concentrator_trafo_4_34,propose,310,9.879737,0
1789091679.992738,13,ciclo1_AC_AP,prosumer7,concentrator_trafo_1_5,propose,424,17.191808,0
1789091679.994566,13,ciclo1_AC_AP,prosumer38,concentrator_trafo_4_34,propose,378,14.042354,0
1789091679.995950,13,ciclo1_AC_AP,prosumer45,concentrator_trafo_4_34,propose,306,11.713886,0
1789091679.997906,13,ciclo1_AC_AP,prosumer28,concentrator_trafo_3_22,propose,479,14.957200,0
1789091680.171439,13,ciclo2_AD_AC,dso,concentrator_trafo_1_5,cfp,100,3.519042,0
1789091680.171671,13,ciclo2_AD_AC,dso,concentrator_trafo_2_12,cfp,100,0.451064,0
1789091680.171853,13,ciclo2_AD_AC,dso,concentrator_trafo_3_22,cfp,100,7.161504,0
1789091680.171976,13,ciclo2_AD_AC,dso,concentrator_trafo_4_34,cfp,100,3.344816,0
1789091680.182104,13,ciclo2_AD_AC,concentrator_trafo_2_12,dso,propose,1398,25.228079,0
1789091680.211400,13,ciclo2_AD_AC,concentrator_trafo_4_34,dso,propose,1462,71.649313,0
1789091680.213512,13,ciclo2_AD_AC,concentrator_trafo_1_5,dso,propose,1403,49.112189,0
1789091680.252970,13,ciclo2_AD_AC,concentrator_trafo_3_22,dso,propose,1142,33.622213,0
1789091680.940386,13,ciclo3_AM_AC_AD,market,dso,cfp,100,2.417217,0
1789091681.005584,13,ciclo3_AM_AC_AD,dso,market,propose,1149,20.174350,0
1789091681.218460,13,ciclo3_AM_AC_AD,market,concentrator_trafo_1_5,cfp,100,4.058336,0
1789091681.219398,13,ciclo3_AM_AC_AD,market,concentrator_trafo_2_12,cfp,100,4.232610,0
1789091681.220265,13,ciclo3_AM_AC_AD,market,concentrator_trafo_3_22,cfp,100,0.896913,0
1789091681.220876,13,ciclo3_AM_AC_AD,market,concentrator_trafo_4_34,cfp,100,2.448582,0
1789091681.221184,13,ciclo3_AM_AC_AD,market,dso,cfp,100,3.955804,0
1789091681.261682,13,ciclo3_AM_AC_AD,concentrator_trafo_3_22,market,propose,1226,19.571427,0
1789091681.294433,13,ciclo3_AM_AC_AD,concentrator_trafo_4_34,market,propose,1190,47.583115,0
1789091681.305324,13,ciclo3_AM_AC_AD,concentrator_trafo_1_5,market,propose,1290,43.776641,0
1789091681.307063,13,ciclo3_AM_AC_AD,concentrator_trafo_2_12,market,propose,1321,40.962944,0
1789091681.319841,13,ciclo3_AM_AC_AD,dso,market,propose,1070,17.900741,0
1789091681.845767,14,ciclo1_AC_AP,concentrator_trafo_1_5,prosumer5,cfp,100,2.330501,0
1789091681.846241,14,ciclo1_AC_AP,concentrator_trafo_1_5,prosumer6,cfp,100,1.705794,0
1789091681.846521,14,ciclo1_AC_AP,concentrator_trafo_1_5,prosumer7,cfp,100,2.051913,0
1789091681.846966,14,ciclo1_AC_AP,concentrator_trafo_1_5,prosumer8,cfp,100,3.543162,0
1789091681.847367,14,ciclo1_AC_AP,concentrator_trafo_1_5,prosumer9,cfp,100,2.264274,0
1789091681.847637,14,ciclo1_AC_AP,concentrator_trafo_1_5,prosumer10,cfp,100,0.363657,0
1789091681.847851,14,ciclo1_AC_AP,concentrator_trafo_1_5,prosumer11,cfp,100,0.585368,0
1789091681.848782,14,ciclo1_AC_AP,concentrator_trafo_2_12,prosumer12,cfp,100,1.627529,0
1789091681.849032,14,ciclo1_AC_AP,concentrator_trafo_2_12,prosumer13,cfp,100,2.740808,0
1789091681.849180,14,ciclo1_AC_AP,concentrator_trafo_2_12,prosumer14,cfp,100,1.040713,0
1789091681.849306,14,ciclo1_AC_AP,concentrator_trafo_2_12,prosumer15,cfp,100,5.633270,0
1789091681.849418,14,ciclo1_AC_AP,concentrator_trafo_2_12,prosumer16,cfp,100,2.595514,0
1789091681.849529,14,ciclo1_AC_AP,concentrator_trafo_2_12,prosumer17,cfp,100,1.876383,0
1789091681.849882,14,ciclo1_AC_AP,concentrator_trafo_2_12,prosumer18,cfp,100,0.414749,0
1789091681.850358,14,ciclo1_AC_AP,concentrator_trafo_2_12,prosumer19,cfp,100,1.205439,0
1789091681.850593,14,ciclo1_AC_AP,concentrator_trafo_2_12,prosumer20,cfp,100,2.152992,0
1789091681.850929,14,ciclo1_AC_AP,concentrator_trafo_2_12,prosumer21,cfp,100,1.760954,0
1789091681.852003,14,ciclo1_AC_AP,concentrator_trafo_3_22,prosumer22,cfp,100,2.831434,0
1789091681.852304,14,ciclo1_AC_AP,concentrator_trafo_3_22,prosumer23,cfp,100,1.212858,0
1789091681.852455,14,ciclo1_AC_AP,concentrator_trafo_3_22,prosumer24,cfp,100,0.089056,0
1789091681.852602,14,ciclo1_AC_AP,concentrator_trafo_3_22,prosumer25,cfp,100,1.876590,0
1789091681.852738,14,ciclo1_AC_AP,concentrator_trafo_3_22,prosumer26,cfp,100,4.447051,0
1789091681.852869,14,ciclo1_AC_AP,concentrator_trafo_3_22,prosumer27,cfp,100,6.079834,0
1789091681.852998,14,ciclo1_AC_AP,concentrator_trafo_3_22,prosumer28,cfp,100,5.593212,0
1789091681.853128,14,ciclo1_AC_AP,concentrator_trafo_3_22,prosumer29,cfp,100,5.839432,0
1789091681.853256,14,ciclo1_AC_AP,concentrator_trafo_3_22,prosumer30,cfp,100,3.218770,0
1789091681.853385,14,ciclo1_AC_AP,concentrator_trafo_3_22,prosumer31,cfp,100,2.421230,0
1789091681.853513,14,ciclo1_AC_AP,concentrator_trafo_3_22,prosumer32,cfp,100,4.393399,0
1789091681.853652,14,ciclo1_AC_AP,concentrator_trafo_3_22,prosumer33,cfp,100,2.785488,0
1789091681.854443,14,ciclo1_AC_AP,concentrator_trafo_4_34,prosumer34,cfp,100,0.217765,0
1789091681.854650,14,ciclo1_AC_AP,concentrator_trafo_4_34,prosumer35,cfp,100,5.302943,0
1789091681.854842,14,ciclo1_AC_AP,concentrator_trafo_4_34,prosumer36,cfp,100,2.476123,0
1789091681.854994,14,ciclo1_AC_AP,concentrator_trafo_4_34,prosumer37,cfp,100,3.744406,0
1789091681.855137,14,ciclo1_AC_AP,concentrator_trafo_4_34,prosumer38,cfp,100,5.295711,0
1789091681.855277,14,ciclo1_AC_AP,concentrator_trafo_4_34,prosumer39,cfp,100,4.975469,0
1789091681.855420,14,ciclo1_AC_AP,concentrator_trafo_4_34,prosumer40,cfp,100,1.623568,0
1789091681.855568,14,ciclo1_AC_AP,concentrator_trafo_4_34,prosumer41,cfp,100,0.202457,0
1789091681.855707,14,ciclo1_AC_AP,concentrator_trafo_4_34,prosumer42,cfp,100,3.613245,0
1789091681.855842,14,ciclo1_AC_AP,concentrator_trafo_4_34,prosumer43,cfp,100,3.497003,0
1789091681.855975,14,ciclo1_AC_AP,concentrator_trafo_4_34,prosumer44,cfp,100,1.225926,0
1789091681.856101,14,ciclo1_AC_AP,concentrator_trafo_4_34,prosumer45,cfp,100,3.932954,0
1789091681.856228,14,ciclo1_AC_AP,concentrator_trafo_4_34,prosumer46,cfp,100,2.587215,0
1789091681.862320,14,ciclo1_AC_AP,prosumer10,concentrator_trafo_1_5,propose,180,2.620447,0
1789091681.863490,14,ciclo1_AC_AP,prosumer24,concentrator_trafo_3_22,propose,163,2.586865,0
1789091681.867197,14,ciclo1_AC_AP,prosumer11,concentrator_trafo_1_5,propose,456,8.154952,0
1789091681.869906,14,ciclo1_AC_AP,prosumer18,concentrator_trafo_2_12,propose,161,3.345301,0
1789091681.872690,14,ciclo1_AC_AP,prosumer34,concentrator_trafo_4_34,propose,295,7.335147,0
1789091681.874073,14,ciclo1_AC_AP,prosumer41,concentrator_trafo_4_34,propose,305,7.614982,0
1789091681.876640,14,ciclo1_AC_AP,prosumer14,concentrator_trafo_2_12,propose,402,7.561636,0
1789091681.878729,14,ciclo1_AC_AP,prosumer19,concentrator_trafo_2_12,propose,339,5.217968,0
1789091681.880769,14,ciclo1_AC_AP,prosumer6,concentrator_trafo_1_5,propose,171,4.824003,0
1789091681.882900,14,ciclo1_AC_AP,prosumer23,concentrator_trafo_3_22,propose,386,8.795131,0
1789091681.883569,14,ciclo1_AC_AP,prosumer12,concentrator_trafo_2_12,propose,442,9.561357,0
1789091681.885528,14,ciclo1_AC_AP,prosumer7,concentrator_trafo_1_5,propose,253,5.468686,0
1789091681.887606,14,ciclo1_AC_AP,prosumer44,concentrator_trafo_4_34,propose,281,10.260942,0
1789091681.889514,14,ciclo1_AC_AP,prosumer17,concentrator_trafo_2_12,propose,423,6.960510,0
1789091681.891371,14,ciclo1_AC_AP,prosumer21,concentrator_trafo_2_12,propose,342,5.739924,0
1789091681.893189,14,ciclo1_AC_AP,prosumer5,concentrator_trafo_1_5,propose,480,9.216100,0
1789091681.895003,14,ciclo1_AC_AP,prosumer9,concentrator_trafo_1_5,propose,312,8.079049,0
1789091681.898131,14,ciclo1_AC_AP,prosumer25,concentrator_trafo_3_22,propose,211,8.384833,0
1789091681.900128,14,ciclo1_AC_AP,prosumer40,concentrator_trafo_4_34,propose,344,5.710577,0
1789091681.900646,14,ciclo1_AC_AP,prosumer20,concentrator_trafo_2_12,propose,350,5.789908,0
1789091681.904174,14,ciclo1_AC_AP,prosumer16,concentrator_trafo_2_12,propose,455,8.102693,0
1789091681.906109,14,ciclo1_AC_AP,prosumer13,concentrator_trafo_2_12,propose,356,11.003991,0
1789091681.906662,14,ciclo1_AC_AP,prosumer31,concentrator_trafo_3_22,propose,262,6.179402,0
1789091681.907202,14,ciclo1_AC_AP,prosumer36,concentrator_trafo_4_34,propose,352,14.589841,0
1789091681.909121,14,ciclo1_AC_AP,prosumer22,concentrator_trafo_3_22,propose,433,7.310067,0
1789091681.911086,14,ciclo1_AC_AP,prosumer33,concentrator_trafo_3_22,propose,130,2.838363,0
1789091681.913015,14,ciclo1_AC_AP,prosumer46,concentrator_trafo_4_34,propose,327,5.597723,0
1789091681.914917,14,ciclo1_AC_AP,prosumer8,concentrator_trafo_1_5,propose,253,2.232561,0
1789091681.915446,14,ciclo1_AC_AP,prosumer30,concentrator_trafo_3_22,propose,173,5.183494,0
1789091681.917830,14,ciclo1_AC_AP,prosumer43,concentrator_trafo_4_34,propose,481,7.322972,0
1789091681.919750,14,ciclo1_AC_AP,prosumer42,concentrator_trafo_4_34,propose,353,11.611925,0
1789091681.921668,14,ciclo1_AC_AP,prosumer37,concentrator_trafo_4_34,propose,126,5.885463,0
1789091681.923944,14,ciclo1_AC_AP,prosumer45,concentrator_trafo_4_34,propose,418,17.183811,0
1789091681.926025,14,ciclo1_AC_AP,prosumer26,concentrator_trafo_3_22,propose,210,6.390068,0
1789091681.927969,14,ciclo1_AC_AP,prosumer32,concentrator_trafo_3_22,propose,113,6.900075,0
1789091681.930947,14,ciclo1_AC_AP,prosumer39,concentrator_trafo_4_34,propose,281,14.137154,0
1789091681.931514,14,ciclo1_AC_AP,prosumer15,concentrator_trafo_2_12,propose,341,10.927830,0
1789091681.932197,14,ciclo1_AC_AP,prosumer35,concentrator_trafo_4_34,propose,300,12.613171,0
1789091681.934397,14,ciclo1_AC_AP,prosumer38,concentrator_trafo_4_34,propose,105,1.276701,0
1789091681.936663,14,ciclo1_AC_AP,prosumer28,concentrator_trafo_3_22,propose,369,13.092902,0
1789091681.938908,14,ciclo1_AC_AP,prosumer29,concentrator_trafo_3_22,propose,134,11.333896,0
1789091681.941127,14,ciclo1_AC_AP,prosumer27,concentrator_trafo_3_22,propose,451,15.373604,0
1789091682.105474,14,ciclo2_AD_AC,dso,concentrator_trafo_1_5,cfp,100,1.977572,0
1789091682.106073,14,ciclo2_AD_AC,dso,concentrator_trafo_2_12,cfp,100,0.091860,0
1789091682.106604,14,ciclo2_AD_AC,dso,concentrator_trafo_3_22,cfp,100,4.538258,0
1789091682.106997,14,ciclo2_AD_AC,dso,concentrator_trafo_4_34,cfp,100,2.962720,0
1789091682.112246,14,ciclo2_AD_AC,concentrator_trafo_2_12,dso,propose,1443,25.991897,0
1789091682.133132,14,ciclo2_AD_AC,concentrator_trafo_1_5,dso,propose,1041,37.494304,0
1789091682.143287,14,ciclo2_AD_AC,concentrator_trafo_4_34,dso,propose,1351,63.169793,0
1789091682.158670,14,ciclo2_AD_AC,concentrator_trafo_3_22,dso,propose,1486,47.235001,0
1789091682.785662,14,ciclo3_AM_AC_AD,market,dso,cfp,100,0.701931,0
1789091682.832689,14,ciclo3_AM_AC_AD,dso,market,propose,1379,20.893002,0
1789091683.048740,14,ciclo3_AM_AC_AD,market,concentrator_trafo_1_5,cfp,100,6.109800,0
1789091683.049151,14,ciclo3_AM_AC_AD,market,concentrator_trafo_2_12,cfp,100,4.456634,0
1789091683.049427,14,ciclo3_AM_AC_AD,market,concentrator_trafo_3_22,cfp,100,1.784495,0
1789091683.049567,14,ciclo3_AM_AC_AD,market,concentrator_trafo_4_34,cfp,100,6.556590,0
1789091683.049826,14,ciclo3_AM_AC_AD,market,dso,cfp,100,2.435299,0
1789091683.109326,14,ciclo3_AM_AC_AD,concentrator_trafo_3_22,market,propose,1473,27.647291,0
1789091683.131867,14,ciclo3_AM_AC_AD,concentrator_trafo_2_12,market,propose,1342,46.347178,0
1789091683.135457,14,ciclo3_AM_AC_AD,dso,market,propose,1202,20.510087,0
1789091683.142579,14,ciclo3_AM_AC_AD,concentrator_trafo_1_5,market,propose,1003,34.574293,0
1789091683.154197,14,ciclo3_AM_AC_AD,concentrator_trafo_4_34,market,propose,1184,45.089083,0
1789091683.681275,15,ciclo1_AC_AP,concentrator_trafo_1_5,prosumer5,cfp,100,1.436458,0
1789091683.681626,15,ciclo1_AC_AP,concentrator_trafo_1_5,prosumer6,cfp,100,1.758902,0
1789091683.681904,15,ciclo1_AC_AP,concentrator_trafo_1_5,prosumer7,cfp,100,7.636602,0
1789091683.682142,15,ciclo1_AC_AP,concentrator_trafo_1_5,prosumer8,cfp,100,0.660705,0
1789091683.682287,15,ciclo1_AC_AP,concentrator_trafo_1_5,prosumer9,cfp,100,2.395197,0
1789091683.682410,15,ciclo1_AC_AP,concentrator_trafo_1_5,prosumer10,cfp,100,0.352573,0
1789091683.682529,15,ciclo1_AC_AP,concentrator_trafo_1_5,prosumer11,cfp,100,0.383651,0
1789091683.683299,15,ciclo1_AC_AP,concentrator_trafo_2_12,prosumer12,cfp,100,2.279475,0
1789091683.683432,15,ciclo1_AC_AP,concentrator_trafo_2_12,prosumer13,cfp,100,2.286811,0
1789091683.683546,15,ciclo1_AC_AP,concentrator_trafo_2_12,prosumer14,cfp,100,1.254856,0
1789091683.683650,15,ciclo1_AC_AP,concentrator_trafo_2_12,prosumer15,cfp,100,3.562469,0
1789091683.683751,15,ciclo1_AC_AP,concentrator_trafo_2_12,prosumer16,cfp,100,0.558323,0
1789091683.683852,15,ciclo1_AC_AP,concentrator_trafo_2_12,prosumer17,cfp,100,2.363529,0
1789091683.683949,15,ciclo1_AC_AP,concentrator_trafo_2_12,prosumer18,cfp,100,2.055057,0
1789091683.684046,15,ciclo1_AC_AP,concentrator_trafo_2_12,prosumer19,cfp,100,2.060897,0
1789091683.684144,15,ciclo1_AC_AP,concentrator_trafo_2_12,prosumer20,cfp,100,1.451723,0
1789091683.684242,15,ciclo1_AC_AP,concentrator_trafo_2_12,prosumer21,cfp,100,0.224135,0
1789091683.684850,15,ciclo1_AC_AP,concentrator_trafo_3_22,prosumer22,cfp,100,1.358225,0
1789091683.685000,15,ciclo1_AC_AP,concentrator_trafo_3_22,prosumer23,cfp,100,3.837402,0
1789091683.685107,15,ciclo1_AC_AP,concentrator_trafo_3_22,prosumer24,cfp,100,3.831264,0
1789091683.685203,15,ciclo1_AC_AP,concentrator_trafo_3_22,prosumer25,cfp,100,4.732326,0
1789091683.685296,15,ciclo1_AC_AP,concentrator_trafo_3_22,prosumer26,cfp,100,5.945341,0
1789091683.685388,15,ciclo1_AC_AP,concentrator_trafo_3_22,prosumer27,cfp,100,4.566579,0
1789091683.685479,15,ciclo1_AC_AP,concentrator_trafo_3_22,prosumer28,cfp,100,3.519439,0
1789091683.685578,15,ciclo1_AC_AP,concentrator_trafo_3_22,prosumer29,cfp,100,3.274929,0
1789091683.685673,15,ciclo1_AC_AP,concentrator_trafo_3_22,prosumer30,cfp,100,2.187778,0
1789091683.685766,15,ciclo1_AC_AP,concentrator_trafo_3_22,prosumer31,cfp,100,2.090816,0
1789091683.685860,15,ciclo1_AC_AP,concentrator_trafo_3_22,prosumer32,cfp,100,2.042370,0
1789091683.685951,15,ciclo1_AC_AP,concentrator_trafo_3_22,prosumer33,cfp,100,1.459689,0
1789091683.686580,15,ciclo1_AC_AP,concentrator_trafo_4_34,prosumer34,cfp,100,0.871812,0
1789091683.686685,15,ciclo1_AC_AP,concentrator_trafo_4_34,prosumer35,cfp,100,3.882550,0
1789091683.686777,15,ciclo1_AC_AP,concentrator_trafo_4_34,prosumer36,cfp,100,2.222470,0
1789091683.687165,15,ciclo1_AC_AP,concentrator_trafo_4_34,prosumer37,cfp,100,5.503066,0
1789091683.687579,15,ciclo1_AC_AP,concentrator_trafo_4_34,prosumer38,cfp,100,3.312497,0
1789091683.687932,15,ciclo1_AC_AP,concentrator_trafo_4_34,prosumer39,cfp,100,3.555380,0
1789091683.688359,15,ciclo1_AC_AP,concentrator_trafo_4_34,prosumer40,cfp,100,2.084958,0
1789091683.688507,15,ciclo1_AC_AP,concentrator_trafo_4_34,prosumer41,cfp,100,1.350332,0
1789091683.688636,15,ciclo1_AC_AP,concentrator_trafo_4_34,prosumer42,cfp,100,5.951571,0
1789091683.688751,15,ciclo1_AC_AP,concentrator_trafo_4_34,prosumer43,cfp,100,1.150227,0
1789091683.688864,15,ciclo1_AC_AP,concentrator_trafo_4_34,prosumer44,cfp,100,5.261534,0
1789091683.688980,15,ciclo1_AC_AP,concentrator_trafo_4_34,prosumer45,cfp,100,4.237582,0
1789091683.689097,15,ciclo1_AC_AP,concentrator_trafo_4_34,prosumer46,cfp,100,2.924485,0
1789091683.692122,15,ciclo1_AC_AP,prosumer10,concentrator_trafo_1_5,propose,121,0.109647,0
1789091683.696957,15,ciclo1_AC_AP,prosumer11,concentrator_trafo_1_5,propose,159,4.295712,0
1789091683.701352,15,ciclo1_AC_AP,prosumer21,concentrator_trafo_2_12,propose,417,6.349517,0
1789091683.705318,15,ciclo1_AC_AP,prosumer8,concentrator_trafo_1_5,propose,101,2.753695,0
1789091683.709481,15,ciclo1_AC_AP,prosumer16,concentrator_trafo_2_12,propose,238,3.792879,0
1789091683.716310,15,ciclo1_AC_AP,prosumer34,concentrator_trafo_4_34,propose,427,8.719152,0
1789091683.717042,15,ciclo1_AC_AP,prosumer5,concentrator_trafo_1_5,propose,458,7.651694,0
1789091683.719078,15,ciclo1_AC_AP,prosumer14,concentrator_trafo_2_12,propose,249,5.273518,0
1789091683.721183,15,ciclo1_AC_AP,prosumer22,concentrator_trafo_3_22,propose,472,10.099005,0
1789091683.723247,15,ciclo1_AC_AP,prosumer20,concentrator_trafo_2_12,propose,216,5.755898,0
1789091683.723844,15,ciclo1_AC_AP,prosumer6,concentrator_trafo_1_5,propose,172,3.018246,0
1789091683.725764,15,ciclo1_AC_AP,prosumer43,concentrator_trafo_4_34,propose,484,7.424179,0
1789091683.726356,15,ciclo1_AC_AP,prosumer33,concentrator_trafo_3_22,propose,393,6.782776,0
1789091683.728691,15,ciclo1_AC_AP,prosumer41,concentrator_trafo_4_34,propose,247,2.082196,0
1789091683.729298,15,ciclo1_AC_AP,prosumer18,concentrator_trafo_2_12,propose,197,2.828443,0
1789091683.729789,15,ciclo1_AC_AP,prosumer19,concentrator_trafo_2_12,propose,153,4.466286,0
1789091683.731976,15,ciclo1_AC_AP,prosumer12,concentrator_trafo_2_12,propose,322,7.694253,0
1789091683.732548,15,ciclo1_AC_AP,prosumer9,concentrator_trafo_1_5,propose,335,6.165374,0
1789091683.734394,15,ciclo1_AC_AP,prosumer32,concentrator_trafo_3_22,propose,466,18.427321,0
1789091683.736204,15,ciclo1_AC_AP,prosumer13,concentrator_trafo_2_12,propose,269,6.914942,0
1789091683.736648,15,ciclo1_AC_AP,prosumer31,concentrator_trafo_3_22,propose,296,5.501807,0
1789091683.738482,15,ciclo1_AC_AP,prosumer17,concentrator_trafo_2_12,propose,186,5.628655,0
1789091683.740284,15,ciclo1_AC_AP,prosumer30,concentrator_trafo_3_22,propose,269,7.777158,0
1789091683.740718,15,ciclo1_AC_AP,prosumer36,concentrator_trafo_4_34,propose,315,10.667541,0
1789091683.742517,15,ciclo1_AC_AP,prosumer40,concentrator_trafo_4_34,propose,431,6.919187,0
1789091683.744876,15,ciclo1_AC_AP,prosumer29,concentrator_trafo_3_22,propose,451,18.266663,0
1789091683.746686,15,ciclo1_AC_AP,prosumer46,concentrator_trafo_4_34,propose,322,7.348751,0
1789091683.748516,15,ciclo1_AC_AP,prosumer15,concentrator_trafo_2_12,propose,175,5.750856,0
1789091683.750341,15,ciclo1_AC_AP,prosumer28,concentrator_trafo_3_22,propose,329,10.103845,0
1789091683.752196,15,ciclo1_AC_AP,prosumer38,concentrator_trafo_4_34,propose,462,9.369044,0
1789091683.754087,15,ciclo1_AC_AP,prosumer23,concentrator_trafo_3_22,propose,175,3.449871,0
1789091683.755909,15,ciclo1_AC_AP,prosumer24,concentrator_trafo_3_22,propose,368,6.592612,0
1789091683.756412,15,ciclo1_AC_AP,prosumer39,concentrator_trafo_4_34,propose,261,8.913236,0
1789091683.758524,15,ciclo1_AC_AP,prosumer35,concentrator_trafo_4_34,propose,166,7.164336,0
1789091683.759549,15,ciclo1_AC_AP,prosumer27,concentrator_trafo_3_22,propose,206,9.132416,0
1789091683.760080,15,ciclo1_AC_AP,prosumer45,concentrator_trafo_4_34,propose,195,7.569027,0
1789091683.762208,15,ciclo1_AC_AP,prosumer25,concentrator_trafo_3_22,propose,327,13.077359,0
1789091683.763433,15,ciclo1_AC_AP,prosumer44,concentrator_trafo_4_34,propose,278,14.906420,0
1789091683.764038,15,ciclo1_AC_AP,prosumer37,concentrator_trafo_4_34,propose,299,11.682425,0
1789091683.765637,15,ciclo1_AC_AP,prosumer26,concentrator_trafo_3_22,propose,318,15.596156,0
1789091683.766415,15,ciclo1_AC_AP,prosumer42,concentrator_trafo_4_34,propose,351,12.482225,0
1789091683.767648,15,ciclo1_AC_AP,prosumer7,concentrator_trafo_1_5,propose,299,9.301704,0
1789091683.934496,15,ciclo2_AD_AC,dso,concentrator_trafo_1_5,cfp,100,4.987446,0
1789091683.934729,15,ciclo2_AD_AC,dso,concentrator_trafo_2_12,cfp,100,0.502571,0
1789091683.935199,15,ciclo2_AD_AC,dso,concentrator_trafo_3_22,cfp,100,3.936573,0
1789091683.935671,15,ciclo2_AD_AC,dso,concentrator_trafo_4_34,cfp,100,5.727004,0
1789091683.945767,15,ciclo2_AD_AC,concentrator_trafo_2_12,dso,propose,1373,23.996877,0
1789091683.983443,15,ciclo2_AD_AC,concentrator_trafo_3_22,dso,propose,1112,34.912935,0
1789091683.990067,15,ciclo2_AD_AC,concentrator_trafo_1_5,dso,propose,1407,46.095529,0
1789091683.997661,15,ciclo2_AD_AC,concentrator_trafo_4_34,dso,propose,1100,53.276614,0
1789091684.540688,15,ciclo3_AM_AC_AD,market,dso,cfp,100,3.323284,0
1789091684.587561,15,ciclo3_AM_AC_AD,dso,market,propose,1224,22.014339,0
1789091684.818664,15,ciclo3_AM_AC_AD,market,concentrator_trafo_1_5,cfp,100,4.795589,0
1789091684.819515,15,ciclo3_AM_AC_AD,market,concentrator_trafo_2_12,cfp,100,5.641134,0
1789091684.820404,15,ciclo3_AM_AC_AD,market,concentrator_trafo_3_22,cfp,100,2.238035,0
1789091684.821143,15,ciclo3_AM_AC_AD,market,concentrator_trafo_4_34,cfp,100,2.387652,0
1789091684.821572,15,ciclo3_AM_AC_AD,market,dso,cfp,100,0.969284,0
1789091684.886472,15,ciclo3_AM_AC_AD,dso,market,propose,1481,24.807139,0
1789091684.890516,15,ciclo3_AM_AC_AD,concentrator_trafo_4_34,market,propose,1104,42.360337,0
1789091684.892872,15,ciclo3_AM_AC_AD,concentrator_trafo_3_22,market,propose,1300,21.247435,0
1789091684.896024,15,ciclo3_AM_AC_AD,concentrator_trafo_1_5,market,propose,1363,44.941847,0
1789091684.907728,15,ciclo3_AM_AC_AD,concentrator_trafo_2_12,market,propose,1025,37.572147,0
1789091685.420889,16,ciclo1_AC_AP,concentrator_trafo_1_5,prosumer5,cfp,100,1.997920,0
1789091685.421756,16,ciclo1_AC_AP,concentrator_trafo_1_5,prosumer6,cfp,100,2.372932,0
1789091685.422561,16,ciclo1_AC_AP,concentrator_trafo_1_5,prosumer7,cfp,100,3.374371,0
1789091685.423255,16,ciclo1_AC_AP,concentrator_trafo_1_5,prosumer8,cfp,100,2.763878,0
1789091685.423596,16,ciclo1_AC_AP,concentrator_trafo_1_5,prosumer9,cfp,100,5.584845,0
1789091685.423815,16,ciclo1_AC_AP,concentrator_trafo_1_5,prosumer10,cfp,100,2.624890,0
1789091685.424018,16,ciclo1_AC_AP,concentrator_trafo_1_5,prosumer11,cfp,100,1.591945,0
1789091685.424786,16,ciclo1_AC_AP,concentrator_trafo_2_12,prosumer12,cfp,100,1.754484,0
1789091685.425010,16,ciclo1_AC_AP,concentrator_trafo_2_12,prosumer13,cfp,100,0.578704,0
1789091685.425219,16,ciclo1_AC_AP,concentrator_trafo_2_12,prosumer14,cfp,100,2.452545,0
1789091685.425418,16,ciclo1_AC_AP,concentrator_trafo_2_12,prosumer15,cfp,100,4.469476,0
1789091685.425573,16,ciclo1_AC_AP,concentrator_trafo_2_12,prosumer16,cfp,100,0.135434,0
1789091685.425690,16,ciclo1_AC_AP,concentrator_trafo_2_12,prosumer17,cfp,100,1.737046,0
1789091685.425795,16,ciclo1_AC_AP,concentrator_trafo_2_12,prosumer18,cfp,100,1.845653,0
1789091685.425897,16,ciclo1_AC_AP,concentrator_trafo_2_12,prosumer19,cfp,100,2.481544,0
1789091685.426000,16,ciclo1_AC_AP,concentrator_trafo_2_12,prosumer20,cfp,100,2.547323,0
1789091685.426104,16,ciclo1_AC_AP,concentrator_trafo_2_12,prosumer21,cfp,100,3.656950,0
1789091685.426755,16,ciclo1_AC_AP,concentrator_trafo_3_22,prosumer22,cfp,100,2.479335,0
1789091685.426886,16,ciclo1_AC_AP,concentrator_trafo_3_22,prosumer23,cfp,100,3.925840,0
1789091685.426997,16,ciclo1_AC_AP,concentrator_trafo_3_22,prosumer24,cfp,100,1.546081,0
1789091685.427105,16,ciclo1_AC_AP,concentrator_trafo_3_22,prosumer25,cfp,100,2.584369,0
1789091685.427206,16,ciclo1_AC_AP,concentrator_trafo_3_22,prosumer26,cfp,100,4.327578,0
1789091685.427307,16,ciclo1_AC_AP,concentrator_trafo_3_22,prosumer27,cfp,100,4.434328,0
1789091685.427407,16,ciclo1_AC_AP,concentrator_trafo_3_22,prosumer28,cfp,100,3.709432,0
1789091685.427509,16,ciclo1_AC_AP,concentrator_trafo_3_22,prosumer29,cfp,100,5.327402,0
1789091685.427621,16,ciclo1_AC_AP,concentrator_trafo_3_22,prosumer30,cfp,100,0.736993,0
1789091685.427723,16,ciclo1_AC_AP,concentrator_trafo_3_22,prosumer31,cfp,100,0.390858,0
1789091685.427825,16,ciclo1_AC_AP,concentrator_trafo_3_22,prosumer32,cfp,100,3.012718,0
1789091685.427927,16,ciclo1_AC_AP,concentrator_trafo_3_22,prosumer33,cfp,100,1.100735,0
1789091685.428578,16,ciclo1_AC_AP,concentrator_trafo_4_34,prosumer34,cfp,100,2.279131,0
1789091685.428722,16,ciclo1_AC_AP,concentrator_trafo_4_34,prosumer35,cfp,100,6.984546,0
1789091685.428838,16,ciclo1_AC_AP,concentrator_trafo_4_34,prosumer36,cfp,100,5.893640,0
1789091685.428945,16,ciclo1_AC_AP,concentrator_trafo_4_34,prosumer37,cfp,100,3.697151,0
1789091685.429049,16,ciclo1_AC_AP,concentrator_trafo_4_34,prosumer38,cfp,100,2.989848,0
1789091685.429156,16,ciclo1_AC_AP,concentrator_trafo_4_34,prosumer39,cfp,100,3.811512,0
1789091685.429264,16,ciclo1_AC_AP,concentrator_trafo_4_34,prosumer40,cfp,100,0.871516,0
1789091685.429364,16,ciclo1_AC_AP,concentrator_trafo_4_34,prosumer41,cfp,100,0.746544,0
1789091685.429464,16,ciclo1_AC_AP,concentrator_trafo_4_34,prosumer42,cfp,100,3.257700,0
1789091685.429571,16,ciclo1_AC_AP,concentrator_trafo_4_34,prosumer43,cfp,100,0.370389,0
1789091685.429675,16,ciclo1_AC_AP,concentrator_trafo_4_34,prosumer44,cfp,100,2.581520,0
1789091685.429777,16,ciclo1_AC_AP,concentrator_trafo_4_34,prosumer45,cfp,100,2.564174,0
1789091685.429877,16,ciclo1_AC_AP,concentrator_trafo_4_34,prosumer46,cfp,100,3.271345,0
1789091685.434859,16,ciclo1_AC_AP,prosumer16,concentrator_trafo_2_12,propose,298,4.739464,0
1789091685.441941,16,ciclo1_AC_AP,prosumer13,concentrator_trafo_2_12,propose,117,3.747093,0
1789091685.446095,16,ciclo1_AC_AP,prosumer31,concentrator_trafo_3_22,propose,219,2.988824,0
1789091685.449649,16,ciclo1_AC_AP,prosumer43,concentrator_trafo_4_34,propose,424,6.745240,0
1789091685.452666,16,ciclo1_AC_AP,prosumer30,concentrator_trafo_3_22,propose,143,5.721141,0
1789091685.454285,16,ciclo1_AC_AP,prosumer41,concentrator_trafo_4_34,propose,195,2.593421,0
1789091685.459624,16,ciclo1_AC_AP,prosumer40,concentrator_trafo_4_34,propose,286,7.756405,0
1789091685.461628,16,ciclo1_AC_AP,prosumer33,concentrator_trafo_3_22,propose,129,3.863587,0
1789091685.463557,16,ciclo1_AC_AP,prosumer11,concentrator_trafo_1_5,propose,480,9.335773,0
1789091685.464501,16,ciclo1_AC_AP,prosumer5,concentrator_trafo_1_5,propose,426,8.997628,0
1789091685.465058,16,ciclo1_AC_AP,prosumer12,concentrator_trafo_2_12,propose,446,9.598226,0
1789091685.466965,16,ciclo1_AC_AP,prosumer24,concentrator_trafo_3_22,propose,188,5.745742,0
1789091685.467499,16,ciclo1_AC_AP,prosumer17,concentrator_trafo_2_12,propose,219,3.417948,0
1789091685.469586,16,ciclo1_AC_AP,prosumer18,concentrator_trafo_2_12,propose,412,6.200510,0
1789091685.471682,16,ciclo1_AC_AP,prosumer6,concentrator_trafo_1_5,propose,252,2.328157,0
1789091685.473686,16,ciclo1_AC_AP,prosumer14,concentrator_trafo_2_12,propose,413,8.659661,0
1789091685.475676,16,ciclo1_AC_AP,prosumer10,concentrator_trafo_1_5,propose,144,5.004645,0
1789091685.477778,16,ciclo1_AC_AP,prosumer19,concentrator_trafo_2_12,propose,460,8.187676,0
1789091685.479827,16,ciclo1_AC_AP,prosumer8,concentrator_trafo_1_5,propose,362,7.230991,0
1789091685.481752,16,ciclo1_AC_AP,prosumer34,concentrator_trafo_4_34,propose,484,6.476292,0
1789091685.483591,16,ciclo1_AC_AP,prosumer20,concentrator_trafo_2_12,propose,245,3.016013,0
1789091685.485453,16,ciclo1_AC_AP,prosumer22,concentrator_trafo_3_22,propose,494,9.520177,0
1789091685.487853,16,ciclo1_AC_AP,prosumer25,concentrator_trafo_3_22,propose,280,11.443950,0
1789091685.488732,16,ciclo1_AC_AP,prosumer45,concentrator_trafo_4_34,propose,310,14.641286,0
1789091685.489271,16,ciclo1_AC_AP,prosumer44,concentrator_trafo_4_34,propose,334,10.927706,0
1789091685.492515,16,ciclo1_AC_AP,prosumer7,concentrator_trafo_1_5,propose,127,2.014089,0
1789091685.495101,16,ciclo1_AC_AP,prosumer32,concentrator_trafo_3_22,propose,423,15.814469,0
1789091685.495743,16,ciclo1_AC_AP,prosumer38,concentrator_trafo_4_34,propose,456,7.752810,0
1789091685.497705,16,ciclo1_AC_AP,prosumer42,concentrator_trafo_4_34,propose,364,9.366484,0
1789091685.499629,16,ciclo1_AC_AP,prosumer46,concentrator_trafo_4_34,propose,440,7.617318,0
1789091685.500146,16,ciclo1_AC_AP,prosumer21,concentrator_trafo_2_12,propose,432,8.405467,0
1789091685.502104,16,ciclo1_AC_AP,prosumer28,concentrator_trafo_3_22,propose,380,13.119774,0
1789091685.504327,16,ciclo1_AC_AP,prosumer37,concentrator_trafo_4_34,propose,476,15.588769,0
1789091685.506431,16,ciclo1_AC_AP,prosumer23,concentrator_trafo_3_22,propose,320,4.326154,0
1789091685.508282,16,ciclo1_AC_AP,prosumer39,concentrator_trafo_4_34,propose,397,18.326587,0
1789091685.510123,16,ciclo1_AC_AP,prosumer15,concentrator_trafo_2_12,propose,332,10.967900,0
1789091685.510668,16,ciclo1_AC_AP,prosumer26,concentrator_trafo_3_22,propose,350,13.406468,0
1789091685.512649,16,ciclo1_AC_AP,prosumer27,concentrator_trafo_3_22,propose,230,8.120817,0
1789091685.514987,16,ciclo1_AC_AP,prosumer9,concentrator_trafo_1_5,propose,460,8.190315,0
1789091685.516995,16,ciclo1_AC_AP,prosumer29,concentrator_trafo_3_22,propose,343,10.232952,0
1789091685.519354,16,ciclo1_AC_AP,prosumer36,concentrator_trafo_4_34,propose,210,11.319809,0
1789091685.522561,16,ciclo1_AC_AP,prosumer35,concentrator_trafo_4_34,propose,272,10.106200,0
1789091685.699818,16,ciclo2_AD_AC,dso,concentrator_trafo_1_5,cfp,100,2.239614,0
1789091685.700235,16,ciclo2_AD_AC,dso,concentrator_trafo_2_12,cfp,100,3.603625,0
1789091685.700684,16,ciclo2_AD_AC,dso,concentrator_trafo_3_22,cfp,100,6.841899,0
1789091685.701147,16,ciclo2_AD_AC,dso,concentrator_trafo_4_34,cfp,100,4.711208,0
1789091685.730550,16,ciclo2_AD_AC,concentrator_trafo_1_5,dso,propose,1136,36.649462,0
1789091685.739678,16,ciclo2_AD_AC,concentrator_trafo_2_12,dso,propose,1021,18.118556,0
1789091685.752348,16,ciclo2_AD_AC,concentrator_trafo_4_34,dso,propose,1022,53.322109,0
1789091685.773018,16,ciclo2_AD_AC,concentrator_trafo_3_22,dso,propose,1026,34.042751,0
1789091686.295011,16,ciclo3_AM_AC_AD,market,dso,cfp,100,2.785377,0
1789091686.364275,16,ciclo3_AM_AC_AD,dso,market,propose,1083,18.894567,0
1789091686.564188,16,ciclo3_AM_AC_AD,market,concentrator_trafo_1_5,cfp,100,4.735510,0
1789091686.564827,16,ciclo3_AM_AC_AD,market,concentrator_trafo_2_12,cfp,100,3.075399,0
1789091686.565287,16,ciclo3_AM_AC_AD,market,concentrator_trafo_3_22,cfp,100,1.226643,0
1789091686.565581,16,ciclo3_AM_AC_AD,market,concentrator_trafo_4_34,cfp,100,3.423774,0
1789091686.565869,16,ciclo3_AM_AC_AD,market,dso,cfp,100,0.801832,0
1789091686.648338,16,ciclo3_AM_AC_AD,concentrator_trafo_3_22,market,propose,1179,21.002685,0
1789091686.651229,16,ciclo3_AM_AC_AD,dso,market,propose,1001,14.212778,0
1789091686.657486,16,ciclo3_AM_AC_AD,concentrator_trafo_2_12,market,propose,1148,38.000739,0
1789091686.661006,16,ciclo3_AM_AC_AD,concentrator_trafo_4_34,market,propose,1335,46.405534,0
1789091686.666841,16,ciclo3_AM_AC_AD,concentrator_trafo_1_5,market,propose,1003,31.159008,0
1789091687.201885,17,ciclo1_AC_AP,concentrator_trafo_1_5,prosumer5,cfp,100,1.508993,0
1789091687.202785,17,ciclo1_AC_AP,concentrator_trafo_1_5,prosumer6,cfp,100,0.861500,0
1789091687.203533,17,ciclo1_AC_AP,concentrator_trafo_1_5,prosumer7,cfp,100,1.791035,0
1789091687.204229,17,ciclo1_AC_AP,concentrator_trafo_1_5,prosumer8,cfp,100,0.833343,0
1789091687.204773,17,ciclo1_AC_AP,concentrator_trafo_1_5,prosumer9,cfp,100,0.395576,0
1789091687.205186,17,ciclo1_AC_AP,concentrator_trafo_1_5,prosumer10,cfp,100,1.294658,0
1789091687.205568,17,ciclo1_AC_AP,concentrator_trafo_1_5,prosumer11,cfp,100,0.543313,0
1789091687.206530,17,ciclo1_AC_AP,concentrator_trafo_2_12,prosumer12,cfp,100,0.141501,0
1789091687.206813,17,ciclo1_AC_AP,concentrator_trafo_2_12,prosumer13,cfp,100,4.033510,0
1789091687.206969,17,ciclo1_AC_AP,concentrator_trafo_2_12,prosumer14,cfp,100,3.892746,0
1789091687.207108,17,ciclo1_AC_AP,concentrator_trafo_2_12,prosumer15,cfp,100,4.121560,0
1789091687.207242,17,ciclo1_AC_AP,concentrator_trafo_2_12,prosumer16,cfp,100,3.591815,0
1789091687.207375,17,ciclo1_AC_AP,concentrator_trafo_2_12,prosumer17,cfp,100,3.209141,0
1789091687.207510,17,ciclo1_AC_AP,concentrator_trafo_2_12,prosumer18,cfp,100,2.320837,0
1789091687.207658,17,ciclo1_AC_AP,concentrator_trafo_2_12,prosumer19,cfp,100,1.037072,0
1789091687.207791,17,ciclo1_AC_AP,concentrator_trafo_2_12,prosumer20,cfp,100,0.040093,0
1789091687.207922,17,ciclo1_AC_AP,concentrator_trafo_2_12,prosumer21,cfp,100,0.886478,0
1789091687.208651,17,ciclo1_AC_AP,concentrator_trafo_3_22,prosumer22,cfp,100,3.374917,0
1789091687.209030,17,ciclo1_AC_AP,concentrator_trafo_3_22,prosumer23,cfp,100,0.965153,0
1789091687.209296,17,ciclo1_AC_AP,concentrator_trafo_3_22,prosumer24,cfp,100,1.185533,0
1789091687.209435,17,ciclo1_AC_AP,concentrator_trafo_3_22,prosumer25,cfp,100,5.400169,0
1789091687.209569,17,ciclo1_AC_AP,concentrator_trafo_3_22,prosumer26,cfp,100,5.398733,0
1789091687.209688,17,ciclo1_AC_AP,concentrator_trafo_3_22,prosumer27,cfp,100,5.096208,0
1789091687.209801,17,ciclo1_AC_AP,concentrator_trafo_3_22,prosumer28,cfp,100,2.326944,0
1789091687.209912,17,ciclo1_AC_AP,concentrator_trafo_3_22,prosumer29,cfp,100,5.225595,0
1789091687.210012,17,ciclo1_AC_AP,concentrator_trafo_3_22,prosumer30,cfp,100,1.204160,0
1789091687.210112,17,ciclo1_AC_AP,concentrator_trafo_3_22,prosumer31,cfp,100,3.075497,0
1789091687.210209,17,ciclo1_AC_AP,concentrator_trafo_3_22,prosumer32,cfp,100,6.583343,0
1789091687.210307,17,ciclo1_AC_AP,concentrator_trafo_3_22,prosumer33,cfp,100,3.466043,0
1789091687.211066,17,ciclo1_AC_AP,concentrator_trafo_4_34,prosumer34,cfp,100,0.216932,0
1789091687.211209,17,ciclo1_AC_AP,concentrator_trafo_4_34,prosumer35,cfp,100,4.489154,0
1789091687.211315,17,ciclo1_AC_AP,concentrator_trafo_4_34,prosumer36,cfp,100,3.638978,0
1789091687.211417,17,ciclo1_AC_AP,concentrator_trafo_4_34,prosumer37,cfp,100,3.380298,0
1789091687.211515,17,ciclo1_AC_AP,concentrator_trafo_4_34,prosumer38,cfp,100,3.140851,0
1789091687.211629,17,ciclo1_AC_AP,concentrator_trafo_4_34,prosumer39,cfp,100,1.791360,0
1789091687.211730,17,ciclo1_AC_AP,concentrator_trafo_4_34,prosumer40,cfp,100,1.652756,0
1789091687.211830,17,ciclo1_AC_AP,concentrator_trafo_4_34,prosumer41,cfp,100,3.603675,0
1789091687.211929,17,ciclo1_AC_AP,concentrator_trafo_4_34,prosumer42,cfp,100,2.145567,0
1789091687.212030,17,ciclo1_AC_AP,concentrator_trafo_4_34,prosumer43,cfp,100,3.113118,0
1789091687.212128,17,ciclo1_AC_AP,concentrator_trafo_4_34,prosumer44,cfp,100,3.286936,0
1789091687.212228,17,ciclo1_AC_AP,concentrator_trafo_4_34,prosumer45,cfp,100,5.622864,0
1789091687.212325,17,ciclo1_AC_AP,concentrator_trafo_4_34,prosumer46,cfp,100,3.764279,0
1789091687.218648,17,ciclo1_AC_AP,prosumer12,concentrator_trafo_2_12,propose,171,5.075311,0
1789091687.219745,17,ciclo1_AC_AP,prosumer20,concentrator_trafo_2_12,propose,132,4.302045,0
1789091687.223347,17,ciclo1_AC_AP,prosumer9,concentrator_trafo_1_5,propose,319,5.066418,0
1789091687.226942,17,ciclo1_AC_AP,prosumer11,concentrator_trafo_1_5,propose,448,7.683772,0
1789091687.230669,17,ciclo1_AC_AP,prosumer6,concentrator_trafo_1_5,propose,213,2.996255,0
1789091687.234974,17,ciclo1_AC_AP,prosumer8,concentrator_trafo_1_5,propose,411,9.729352,0
1789091687.238451,17,ciclo1_AC_AP,prosumer34,concentrator_trafo_4_34,propose,303,7.998063,0
1789091687.242105,17,ciclo1_AC_AP,prosumer21,concentrator_trafo_2_12,propose,385,8.744426,0
1789091687.244021,17,ciclo1_AC_AP,prosumer5,concentrator_trafo_1_5,propose,213,3.739863,0
1789091687.245913,17,ciclo1_AC_AP,prosumer19,concentrator_trafo_2_12,propose,332,6.063682,0
1789091687.247884,17,ciclo1_AC_AP,prosumer10,concentrator_trafo_1_5,propose,198,3.329341,0
1789091687.250100,17,ciclo1_AC_AP,prosumer23,concentrator_trafo_3_22,propose,273,7.063161,0
1789091687.252091,17,ciclo1_AC_AP,prosumer24,concentrator_trafo_3_22,propose,411,8.463810,0
1789091687.254052,17,ciclo1_AC_AP,prosumer7,concentrator_trafo_1_5,propose,152,4.458208,0
1789091687.256004,17,ciclo1_AC_AP,prosumer30,concentrator_trafo_3_22,propose,410,7.887474,0
1789091687.257941,17,ciclo1_AC_AP,prosumer40,concentrator_trafo_4_34,propose,143,4.981796,0
1789091687.259824,17,ciclo1_AC_AP,prosumer39,concentrator_trafo_4_34,propose,263,11.971984,0
1789091687.260365,17,ciclo1_AC_AP,prosumer18,concentrator_trafo_2_12,propose,265,4.825926,0
1789091687.261239,17,ciclo1_AC_AP,prosumer28,concentrator_trafo_3_22,propose,374,11.646088,0
1789091687.261722,17,ciclo1_AC_AP,prosumer42,concentrator_trafo_4_34,propose,333,11.546129,0
1789091687.262510,17,ciclo1_AC_AP,prosumer17,concentrator_trafo_2_12,propose,266,5.016306,0
1789091687.266436,17,ciclo1_AC_AP,prosumer31,concentrator_trafo_3_22,propose,230,5.174201,0
1789091687.268393,17,ciclo1_AC_AP,prosumer22,concentrator_trafo_3_22,propose,114,1.290257,0
1789091687.270255,17,ciclo1_AC_AP,prosumer38,concentrator_trafo_4_34,propose,367,6.155760,0
1789091687.272182,17,ciclo1_AC_AP,prosumer16,concentrator_trafo_2_12,propose,122,2.378750,0
1789091687.274157,17,ciclo1_AC_AP,prosumer43,concentrator_trafo_4_34,propose,197,2.874765,0
1789091687.276116,17,ciclo1_AC_AP,prosumer33,concentrator_trafo_3_22,propose,288,6.698429,0
1789091687.278086,17,ciclo1_AC_AP,prosumer44,concentrator_trafo_4_34,propose,141,9.841423,0
1789091687.278718,17,ciclo1_AC_AP,prosumer37,concentrator_trafo_4_34,propose,207,11.655596,0
1789091687.280687,17,ciclo1_AC_AP,prosumer14,concentrator_trafo_2_12,propose,368,4.532743,0
1789091687.281235,17,ciclo1_AC_AP,prosumer13,concentrator_trafo_2_12,propose,277,9.327190,0
1789091687.283124,17,ciclo1_AC_AP,prosumer36,concentrator_trafo_4_34,propose,196,9.550745,0
1789091687.283640,17,ciclo1_AC_AP,prosumer41,concentrator_trafo_4_34,propose,203,6.003404,0
1789091687.284158,17,ciclo1_AC_AP,prosumer15,concentrator_trafo_2_12,propose,228,8.143135,0
1789091687.286052,17,ciclo1_AC_AP,prosumer46,concentrator_trafo_4_34,propose,444,9.731303,0
1789091687.286619,17,ciclo1_AC_AP,prosumer35,concentrator_trafo_4_34,propose,473,18.344077,0
1789091687.287645,17,ciclo1_AC_AP,prosumer27,concentrator_trafo_3_22,propose,476,16.010054,0
1789091687.289718,17,ciclo1_AC_AP,prosumer29,concentrator_trafo_3_22,propose,254,8.967193,0
1789091687.291953,17,ciclo1_AC_AP,prosumer25,concentrator_trafo_3_22,propose,259,11.811762,0
1789091687.292530,17,ciclo1_AC_AP,prosumer26,concentrator_trafo_3_22,propose,364,11.002516,0
1789091687.293684,17,ciclo1_AC_AP,prosumer45,concentrator_trafo_4_34,propose,296,11.557761,0
1789091687.296322,17,ciclo1_AC_AP,prosumer32,concentrator_trafo_3_22,propose,230,5.142081,0
1789091687.480064,17,ciclo2_AD_AC,dso,concentrator_trafo_1_5,cfp,100,3.345562,0
1789091687.480429,17,ciclo2_AD_AC,dso,concentrator_trafo_2_12,cfp,100,0.378891,0
1789091687.480718,17,ciclo2_AD_AC,dso,concentrator_trafo_3_22,cfp,100,4.517054,0
1789091687.481015,17,ciclo2_AD_AC,dso,concentrator_trafo_4_34,cfp,100,6.596493,0
1789091687.490319,17,ciclo2_AD_AC,concentrator_trafo_2_12,dso,propose,1246,19.011283,0
1789091687.517685,17,ciclo2_AD_AC,concentrator_trafo_1_5,dso,propose,1176,41.329517,0
1789091687.533994,17,ciclo2_AD_AC,concentrator_trafo_3_22,dso,propose,1446,50.975769,0
1789091687.554844,17,ciclo2_AD_AC,concentrator_trafo_4_34,dso,propose,1364,65.032529,0
1789091688.212998,17,ciclo3_AM_AC_AD,market,dso,cfp,100,2.987828,0
1789091688.278523,17,ciclo3_AM_AC_AD,dso,market,propose,1122,19.283681,0
1789091688.481114,17,ciclo3_AM_AC_AD,market,concentrator_trafo_1_5,cfp,100,6.945396,0
1789091688.481459,17,ciclo3_AM_AC_AD,market,concentrator_trafo_2_12,cfp,100,6.953307,0
1789091688.481685,17,ciclo3_AM_AC_AD,market,concentrator_trafo_3_22,cfp,100,1.745436,0
1789091688.481998,17,ciclo3_AM_AC_AD,market,concentrator_trafo_4_34,cfp,100,7.100597,0
1789091688.482141,17,ciclo3_AM_AC_AD,market,dso,cfp,100,1.483696,0
1789091688.532597,17,ciclo3_AM_AC_AD,concentrator_trafo_3_22,market,propose,1022,16.305016,0
1789091688.537220,17,ciclo3_AM_AC_AD,dso,market,propose,1156,18.663257,0
1789091688.591156,17,ciclo3_AM_AC_AD,concentrator_trafo_1_5,market,propose,1478,49.391242,0
1789091688.597019,17,ciclo3_AM_AC_AD,concentrator_trafo_2_12,market,propose,1282,44.473427,0
1789091688.601473,17,ciclo3_AM_AC_AD,concentrator_trafo_4_34,market,propose,1037,46.329235,0
1789091689.160318,18,ciclo1_AC_AP,concentrator_trafo_1_5,prosumer5,cfp,100,2.295847,0
1789091689.160616,18,ciclo1_AC_AP,concentrator_trafo_1_5,prosumer6,cfp,100,2.960012,0
1789091689.160779,18,ciclo1_AC_AP,concentrator_trafo_1_5,prosumer7,cfp,100,5.645106,0
1789091689.160916,18,ciclo1_AC_AP,concentrator_trafo_1_5,prosumer8,cfp,100,0.920780,0
1789091689.161050,18,ciclo1_AC_AP,concentrator_trafo_1_5,prosumer9,cfp,100,3.657641,0
1789091689.161264,18,ciclo1_AC_AP,concentrator_trafo_1_5,prosumer10,cfp,100,1.681829,0
1789091689.161477,18,ciclo1_AC_AP,concentrator_trafo_1_5,prosumer11,cfp,100,2.158961,0
1789091689.162328,18,ciclo1_AC_AP,concentrator_trafo_2_12,prosumer12,cfp,100,1.503125,0
1789091689.162485,18,ciclo1_AC_AP,concentrator_trafo_2_12,prosumer13,cfp,100,0.944781,0
1789091689.162620,18,ciclo1_AC_AP,concentrator_trafo_2_12,prosumer14,cfp,100,0.413468,0
1789091689.162737,18,ciclo1_AC_AP,concentrator_trafo_2_12,prosumer15,cfp,100,3.749338,0
1789091689.162848,18,ciclo1_AC_AP,concentrator_trafo_2_12,prosumer16,cfp,100,0.698798,0
1789091689.162954,18,ciclo1_AC_AP,concentrator_trafo_2_12,prosumer17,cfp,100,2.177365,0
1789091689.163058,18,ciclo1_AC_AP,concentrator_trafo_2_12,prosumer18,cfp,100,3.954046,0
1789091689.163168,18,ciclo1_AC_AP,concentrator_trafo_2_12,prosumer19,cfp,100,0.676012,0
1789091689.163280,18,ciclo1_AC_AP,concentrator_trafo_2_12,prosumer20,cfp,100,2.406885,0
1789091689.163392,18,ciclo1_AC_AP,concentrator_trafo_2_12,prosumer21,cfp,100,3.035517,0
1789091689.164145,18,ciclo1_AC_AP,concentrator_trafo_3_22,prosumer22,cfp,100,0.322744,0
1789091689.164281,18,ciclo1_AC_AP,concentrator_trafo_3_22,prosumer23,cfp,100,1.829018,0
1789091689.164399,18,ciclo1_AC_AP,concentrator_trafo_3_22,prosumer24,cfp,100,3.198983,0
1789091689.164513,18,ciclo1_AC_AP,concentrator_trafo_3_22,prosumer25,cfp,100,5.657388,0
1789091689.164636,18,ciclo1_AC_AP,concentrator_trafo_3_22,prosumer26,cfp,100,5.449119,0
1789091689.164747,18,ciclo1_AC_AP,concentrator_trafo_3_22,prosumer27,cfp,100,3.320841,0
1789091689.164856,18,ciclo1_AC_AP,concentrator_trafo_3_22,prosumer28,cfp,100,2.503515,0
1789091689.164964,18,ciclo1_AC_AP,concentrator_trafo_3_22,prosumer29,cfp,100,5.722722,0
1789091689.165070,18,ciclo1_AC_AP,concentrator_trafo_3_22,prosumer30,cfp,100,0.297926,0
1789091689.165176,18,ciclo1_AC_AP,concentrator_trafo_3_22,prosumer31,cfp,100,2.715963,0
1789091689.165286,18,ciclo1_AC_AP,concentrator_trafo_3_22,prosumer32,cfp,100,4.546479,0
1789091689.165392,18,ciclo1_AC_AP,concentrator_trafo_3_22,prosumer33,cfp,100,1.404037,0
1789091689.166058,18,ciclo1_AC_AP,concentrator_trafo_4_34,prosumer34,cfp,100,0.434431,0
1789091689.166186,18,ciclo1_AC_AP,concentrator_trafo_4_34,prosumer35,cfp,100,3.270186,0
1789091689.166295,18,ciclo1_AC_AP,concentrator_trafo_4_34,prosumer36,cfp,100,7.145394,0
1789091689.166398,18,ciclo1_AC_AP,concentrator_trafo_4_34,prosumer37,cfp,100,6.178960,0
1789091689.166500,18,ciclo1_AC_AP,concentrator_trafo_4_34,prosumer38,cfp,100,5.934398,0
1789091689.166619,18,ciclo1_AC_AP,concentrator_trafo_4_34,prosumer39,cfp,100,3.797335,0
1789091689.166723,18,ciclo1_AC_AP,concentrator_trafo_4_34,prosumer40,cfp,100,2.060968,0
1789091689.166827,18,ciclo1_AC_AP,concentrator_trafo_4_34,prosumer41,cfp,100,0.860063,0
1789091689.166928,18,ciclo1_AC_AP,concentrator_trafo_4_34,prosumer42,cfp,100,2.766710,0
1789091689.167031,18,ciclo1_AC_AP,concentrator_trafo_4_34,prosumer43,cfp,100,1.912739,0
1789091689.167134,18,ciclo1_AC_AP,concentrator_trafo_4_34,prosumer44,cfp,100,4.671501,0
1789091689.167236,18,ciclo1_AC_AP,concentrator_trafo_4_34,prosumer45,cfp,100,3.708909,0
1789091689.167335,18,ciclo1_AC_AP,concentrator_trafo_4_34,prosumer46,cfp,100,3.100976,0
1789091689.169658,18,ciclo1_AC_AP,prosumer14,concentrator_trafo_2_12,propose,104,3.545970,0
1789091689.173980,18,ciclo1_AC_AP,prosumer22,concentrator_trafo_3_22,propose,335,6.678923,0
1789091689.175775,18,ciclo1_AC_AP,prosumer30,concentrator_trafo_3_22,propose,353,7.781978,0
1789091689.181532,18,ciclo1_AC_AP,prosumer16,concentrator_trafo_2_12,propose,470,7.775094,0
1789091689.185295,18,ciclo1_AC_AP,prosumer19,concentrator_trafo_2_12,propose,324,4.658468,0
1789091689.188692,18,ciclo1_AC_AP,prosumer8,concentrator_trafo_1_5,propose,124,4.022218,0
1789091689.191294,18,ciclo1_AC_AP,prosumer34,concentrator_trafo_4_34,propose,311,4.357356,0
1789091689.191894,18,ciclo1_AC_AP,prosumer13,concentrator_trafo_2_12,propose,352,8.050684,0
1789091689.193149,18,ciclo1_AC_AP,prosumer41,concentrator_trafo_4_34,propose,335,7.366328,0
1789091689.194818,18,ciclo1_AC_AP,prosumer12,concentrator_trafo_2_12,propose,325,6.108861,0
1789091689.196878,18,ciclo1_AC_AP,prosumer10,concentrator_trafo_1_5,propose,160,3.365090,0
1789091689.197412,18,ciclo1_AC_AP,prosumer33,concentrator_trafo_3_22,propose,143,2.151822,0
1789091689.197869,18,ciclo1_AC_AP,prosumer23,concentrator_trafo_3_22,propose,141,2.913629,0
1789091689.198376,18,ciclo1_AC_AP,prosumer11,concentrator_trafo_1_5,propose,223,4.871458,0
1789091689.198812,18,ciclo1_AC_AP,prosumer5,concentrator_trafo_1_5,propose,150,3.800648,0
1789091689.200677,18,ciclo1_AC_AP,prosumer17,concentrator_trafo_2_12,propose,491,7.756245,0
1789091689.202621,18,ciclo1_AC_AP,prosumer43,concentrator_trafo_4_34,propose,178,4.681204,0
1789091689.204560,18,ciclo1_AC_AP,prosumer40,concentrator_trafo_4_34,propose,311,5.701868,0
1789091689.206839,18,ciclo1_AC_AP,prosumer20,concentrator_trafo_2_12,propose,209,2.868025,0
1789091689.208736,18,ciclo1_AC_AP,prosumer28,concentrator_trafo_3_22,propose,325,15.253868,0
1789091689.210637,18,ciclo1_AC_AP,prosumer6,concentrator_trafo_1_5,propose,413,6.070272,0
1789091689.212861,18,ciclo1_AC_AP,prosumer31,concentrator_trafo_3_22,propose,139,4.030623,0
1789091689.215079,18,ciclo1_AC_AP,prosumer21,concentrator_trafo_2_12,propose,318,7.294397,0
1789091689.218209,18,ciclo1_AC_AP,prosumer42,concentrator_trafo_4_34,propose,386,18.013897,0
1789091689.219064,18,ciclo1_AC_AP,prosumer24,concentrator_trafo_3_22,propose,486,7.451745,0
1789091689.220890,18,ciclo1_AC_AP,prosumer9,concentrator_trafo_1_5,propose,301,4.102102,0
1789091689.222718,18,ciclo1_AC_AP,prosumer27,concentrator_trafo_3_22,propose,120,5.259608,0
1789091689.224597,18,ciclo1_AC_AP,prosumer46,concentrator_trafo_4_34,propose,192,2.971974,0
1789091689.225084,18,ciclo1_AC_AP,prosumer35,concentrator_trafo_4_34,propose,227,8.997127,0
1789091689.226852,18,ciclo1_AC_AP,prosumer15,concentrator_trafo_2_12,propose,350,12.268352,0
1789091689.228633,18,ciclo1_AC_AP,prosumer18,concentrator_trafo_2_12,propose,212,3.375805,0
1789091689.229149,18,ciclo1_AC_AP,prosumer45,concentrator_trafo_4_34,propose,165,7.905952,0
1789091689.229631,18,ciclo1_AC_AP,prosumer39,concentrator_trafo_4_34,propose,242,10.432863,0
1789091689.231675,18,ciclo1_AC_AP,prosumer32,concentrator_trafo_3_22,propose,280,12.084459,0
1789091689.232710,18,ciclo1_AC_AP,prosumer44,concentrator_trafo_4_34,propose,263,12.667479,0
1789091689.234473,18,ciclo1_AC_AP,prosumer7,concentrator_trafo_1_5,propose,322,8.473186,0
1789091689.236835,18,ciclo1_AC_AP,prosumer26,concentrator_trafo_3_22,propose,154,9.929968,0
1789091689.238834,18,ciclo1_AC_AP,prosumer25,concentrator_trafo_3_22,propose,385,16.706118,0
1789091689.240812,18,ciclo1_AC_AP,prosumer29,concentrator_trafo_3_22,propose,246,8.944280,0
1789091689.242784,18,ciclo1_AC_AP,prosumer38,concentrator_trafo_4_34,propose,412,11.200655,0
1789091689.245005,18,ciclo1_AC_AP,prosumer37,concentrator_trafo_4_34,propose,377,12.408610,0
1789091689.248983,18,ciclo1_AC_AP,prosumer36,concentrator_trafo_4_34,propose,203,8.710195,0
1789091689.413012,18,ciclo2_AD_AC,dso,concentrator_trafo_1_5,cfp,100,4.341866,0
1789091689.413615,18,ciclo2_AD_AC,dso,concentrator_trafo_2_12,cfp,100,2.395112,0
1789091689.414151,18,ciclo2_AD_AC,dso,concentrator_trafo_3_22,cfp,100,6.543211,0
1789091689.414760,18,ciclo2_AD_AC,dso,concentrator_trafo_4_34,cfp,100,2.875445,0
1789091689.445771,18,ciclo2_AD_AC,concentrator_trafo_2_12,dso,propose,1364,22.339896,0
1789091689.450985,18,ciclo2_AD_AC,concentrator_trafo_4_34,dso,propose,1151,61.719570,0
1789091689.463077,18,ciclo2_AD_AC,concentrator_trafo_1_5,dso,propose,1398,47.813188,0
1789091689.489017,18,ciclo2_AD_AC,concentrator_trafo_3_22,dso,propose,1226,41.649996,0
1789091690.077724,18,ciclo3_AM_AC_AD,market,dso,cfp,100,0.623770,0
1789091690.093810,18,ciclo3_AM_AC_AD,dso,market,propose,1263,18.790798,0
1789091690.292440,18,ciclo3_AM_AC_AD,market,concentrator_trafo_1_5,cfp,100,6.853325,0
1789091690.293469,18,ciclo3_AM_AC_AD,market,concentrator_trafo_2_12,cfp,100,4.867668,0
1789091690.294319,18,ciclo3_AM_AC_AD,market,concentrator_trafo_3_22,cfp,100,3.376448,0
1789091690.295024,18,ciclo3_AM_AC_AD,market,concentrator_trafo_4_34,cfp,100,3.014139,0
1789091690.295373,18,ciclo3_AM_AC_AD,market,dso,cfp,100,0.168732,0
1789091690.347727,18,ciclo3_AM_AC_AD,dso,market,propose,1309,20.471246,0
1789091690.351499,18,ciclo3_AM_AC_AD,concentrator_trafo_4_34,market,propose,1236,38.864874,0
1789091690.357232,18,ciclo3_AM_AC_AD,concentrator_trafo_3_22,market,propose,1274,21.723316,0
1789091690.362720,18,ciclo3_AM_AC_AD,concentrator_trafo_2_12,market,propose,1324,45.761092,0
1789091690.378786,18,ciclo3_AM_AC_AD,concentrator_trafo_1_5,market,propose,1133,35.632049,0
1789091690.898859,19,ciclo1_AC_AP,concentrator_trafo_1_5,prosumer5,cfp,100,1.750718,0
1789091690.899513,19,ciclo1_AC_AP,concentrator_trafo_1_5,prosumer6,cfp,100,2.338533,0
1789091690.900045,19,ciclo1_AC_AP,concentrator_trafo_1_5,prosumer7,cfp,100,1.696642,0
1789091690.900419,19,ciclo1_AC_AP,concentrator_trafo_1_5,prosumer8,cfp,100,3.441926,0
1789091690.900698,19,ciclo1_AC_AP,concentrator_trafo_1_5,prosumer9,cfp,100,3.768532,0
1789091690.900858,19,ciclo1_AC_AP,concentrator_trafo_1_5,prosumer10,cfp,100,1.464044,0
1789091690.900975,19,ciclo1_AC_AP,concentrator_trafo_1_5,prosumer11,cfp,100,2.485512,0
1789091690.901715,19,ciclo1_AC_AP,concentrator_trafo_2_12,prosumer12,cfp,100,0.452436,0
1789091690.902094,19,ciclo1_AC_AP,concentrator_trafo_2_12,prosumer13,cfp,100,0.899451,0
1789091690.902365,19,ciclo1_AC_AP,concentrator_trafo_2_12,prosumer14,cfp,100,1.738379,0
1789091690.902479,19,ciclo1_AC_AP,concentrator_trafo_2_12,prosumer15,cfp,100,5.018805,0
1789091690.902598,19,ciclo1_AC_AP,concentrator_trafo_2_12,prosumer16,cfp,100,1.973556,0
1789091690.902703,19,ciclo1_AC_AP,concentrator_trafo_2_12,prosumer17,cfp,100,2.675531,0
1789091690.902803,19,ciclo1_AC_AP,concentrator_trafo_2_12,prosumer18,cfp,100,2.920923,0
1789091690.902903,19,ciclo1_AC_AP,concentrator_trafo_2_12,prosumer19,cfp,100,0.876332,0
1789091690.903002,19,ciclo1_AC_AP,concentrator_trafo_2_12,prosumer20,cfp,100,4.036020,0
1789091690.903102,19,ciclo1_AC_AP,concentrator_trafo_2_12,prosumer21,cfp,100,2.199513,0
1789091690.903754,19,ciclo1_AC_AP,concentrator_trafo_3_22,prosumer22,cfp,100,2.928247,0
1789091690.903892,19,ciclo1_AC_AP,concentrator_trafo_3_22,prosumer23,cfp,100,0.999231,0
1789091690.904011,19,ciclo1_AC_AP,concentrator_trafo_3_22,prosumer24,cfp,100,3.144580,0
1789091690.904131,19,ciclo1_AC_AP,concentrator_trafo_3_22,prosumer25,cfp,100,3.792378,0
1789091690.904241,19,ciclo1_AC_AP,concentrator_trafo_3_22,prosumer26,cfp,100,7.342950,0
1789091690.904350,19,ciclo1_AC_AP,concentrator_trafo_3_22,prosumer27,cfp,100,4.110113,0
1789091690.904460,19,ciclo1_AC_AP,concentrator_trafo_3_22,prosumer28,cfp,100,3.939678,0
1789091690.904572,19,ciclo1_AC_AP,concentrator_trafo_3_22,prosumer29,cfp,100,2.630980,0
1789091690.904682,19,ciclo1_AC_AP,concentrator_trafo_3_22,prosumer30,cfp,100,2.101300,0
1789091690.904791,19,ciclo1_AC_AP,concentrator_trafo_3_22,prosumer31,cfp,100,2.902446,0
1789091690.904897,19,ciclo1_AC_AP,concentrator_trafo_3_22,prosumer32,cfp,100,6.730726,0
1789091690.905004,19,ciclo1_AC_AP,concentrator_trafo_3_22,prosumer33,cfp,100,1.263888,0
1789091690.905715,19,ciclo1_AC_AP,concentrator_trafo_4_34,prosumer34,cfp,100,0.029832,0
1789091690.905859,19,ciclo1_AC_AP,concentrator_trafo_4_34,prosumer35,cfp,100,5.397845,0
1789091690.905973,19,ciclo1_AC_AP,concentrator_trafo_4_34,prosumer36,cfp,100,1.621298,0
1789091690.906078,19,ciclo1_AC_AP,concentrator_trafo_4_34,prosumer37,cfp,100,6.460915,0
1789091690.906186,19,ciclo1_AC_AP,concentrator_trafo_4_34,prosumer38,cfp,100,2.510612,0
1789091690.906286,19,ciclo1_AC_AP,concentrator_trafo_4_34,prosumer39,cfp,100,5.633247,0
1789091690.906384,19,ciclo1_AC_AP,concentrator_trafo_4_34,prosumer40,cfp,100,1.250446,0
1789091690.906482,19,ciclo1_AC_AP,concentrator_trafo_4_34,prosumer41,cfp,100,1.949790,0
1789091690.906595,19,ciclo1_AC_AP,concentrator_trafo_4_34,prosumer42,cfp,100,5.993427,0
1789091690.906712,19,ciclo1_AC_AP,concentrator_trafo_4_34,prosumer43,cfp,100,1.502328,0
1789091690.906856,19,ciclo1_AC_AP,concentrator_trafo_4_34,prosumer44,cfp,100,2.989317,0
1789091690.906964,19,ciclo1_AC_AP,concentrator_trafo_4_34,prosumer45,cfp,100,3.282635,0
1789091690.907077,19,ciclo1_AC_AP,concentrator_trafo_4_34,prosumer46,cfp,100,2.487330,0
1789091690.911815,19,ciclo1_AC_AP,prosumer34,concentrator_trafo_4_34,propose,239,4.304172,0
1789091690.912786,19,ciclo1_AC_AP,prosumer12,concentrator_trafo_2_12,propose,218,2.551368,0
1789091690.917174,19,ciclo1_AC_AP,prosumer13,concentrator_trafo_2_12,propose,108,5.261892,0
1789091690.920619,19,ciclo1_AC_AP,prosumer19,concentrator_trafo_2_12,propose,160,2.454568,0
1789091690.926325,19,ciclo1_AC_AP,prosumer23,concentrator_trafo_3_22,propose,414,9.638084,0
1789091690.927187,19,ciclo1_AC_AP,prosumer10,concentrator_trafo_1_5,propose,464,7.025658,0
1789091690.930412,19,ciclo1_AC_AP,prosumer5,concentrator_trafo_1_5,propose,150,5.995446,0
1789091690.931207,19,ciclo1_AC_AP,prosumer7,concentrator_trafo_1_5,propose,188,12.583338,0
1789091690.934436,19,ciclo1_AC_AP,prosumer33,concentrator_trafo_3_22,propose,475,7.871114,0
1789091690.937613,19,ciclo1_AC_AP,prosumer40,concentrator_trafo_4_34,propose,312,7.149387,0
1789091690.940410,19,ciclo1_AC_AP,prosumer14,concentrator_trafo_2_12,propose,227,4.879772,0
1789091690.942592,19,ciclo1_AC_AP,prosumer43,concentrator_trafo_4_34,propose,211,3.261335,0
1789091690.943256,19,ciclo1_AC_AP,prosumer36,concentrator_trafo_4_34,propose,245,10.350188,0
1789091690.948437,19,ciclo1_AC_AP,prosumer16,concentrator_trafo_2_12,propose,476,9.675641,0
1789091690.950044,19,ciclo1_AC_AP,prosumer6,concentrator_trafo_1_5,propose,437,8.970709,0
1789091690.953768,19,ciclo1_AC_AP,prosumer21,concentrator_trafo_2_12,propose,103,0.994921,0
1789091690.956929,19,ciclo1_AC_AP,prosumer30,concentrator_trafo_3_22,propose,479,10.086373,0
1789091690.959451,19,ciclo1_AC_AP,prosumer11,concentrator_trafo_1_5,propose,374,5.333146,0
1789091690.960210,19,ciclo1_AC_AP,prosumer41,concentrator_trafo_4_34,propose,363,5.687154,0
1789091690.961175,19,ciclo1_AC_AP,prosumer17,concentrator_trafo_2_12,propose,319,4.316007,0
1789091690.963675,19,ciclo1_AC_AP,prosumer29,concentrator_trafo_3_22,propose,125,2.446153,0
1789091690.965829,19,ciclo1_AC_AP,prosumer38,concentrator_trafo_4_34,propose,162,3.909293,0
1789091690.967775,19,ciclo1_AC_AP,prosumer46,concentrator_trafo_4_34,propose,296,7.798769,0
1789091690.969720,19,ciclo1_AC_AP,prosumer18,concentrator_trafo_2_12,propose,430,9.073524,0
1789091690.971588,19,ciclo1_AC_AP,prosumer22,concentrator_trafo_3_22,propose,239,5.097760,0
1789091690.972096,19,ciclo1_AC_AP,prosumer31,concentrator_trafo_3_22,propose,160,3.003973,0
1789091690.973962,19,ciclo1_AC_AP,prosumer8,concentrator_trafo_1_5,propose,477,6.326957,0
1789091690.974474,19,ciclo1_AC_AP,prosumer24,concentrator_trafo_3_22,propose,389,8.480751,0
1789091690.976285,19,ciclo1_AC_AP,prosumer44,concentrator_trafo_4_34,propose,283,13.412071,0
1789091690.978337,19,ciclo1_AC_AP,prosumer9,concentrator_trafo_1_5,propose,217,5.515792,0
1789091690.980194,19,ciclo1_AC_AP,prosumer45,concentrator_trafo_4_34,propose,445,17.958268,0
1789091690.982585,19,ciclo1_AC_AP,prosumer25,concentrator_trafo_3_22,propose,466,16.286193,0
1789091690.983081,19,ciclo1_AC_AP,prosumer20,concentrator_trafo_2_12,propose,460,8.679265,0
1789091690.984943,19,ciclo1_AC_AP,prosumer28,concentrator_trafo_3_22,propose,379,12.147316,0
1789091690.987679,19,ciclo1_AC_AP,prosumer27,concentrator_trafo_3_22,propose,438,16.767301,0
1789091690.989817,19,ciclo1_AC_AP,prosumer15,concentrator_trafo_2_12,propose,244,9.075637,0
1789091690.990471,19,ciclo1_AC_AP,prosumer35,concentrator_trafo_4_34,propose,213,5.569189,0
1789091690.992357,19,ciclo1_AC_AP,prosumer39,concentrator_trafo_4_34,propose,478,14.865825,0
1789091690.994402,19,ciclo1_AC_AP,prosumer42,concentrator_trafo_4_34,propose,222,6.922875,0
1789091690.995090,19,ciclo1_AC_AP,prosumer37,concentrator_trafo_4_34,propose,133,4.576056,0
1789091690.996922,19,ciclo1_AC_AP,prosumer32,concentrator_trafo_3_22,propose,365,14.819547,0
1789091690.997567,19,ciclo1_AC_AP,prosumer26,concentrator_trafo_3_22,propose,257,11.770316,0
1789091691.166173,19,ciclo2_AD_AC,dso,concentrator_trafo_1_5,cfp,100,4.312060,0
1789091691.166827,19,ciclo2_AD_AC,dso,concentrator_trafo_2_12,cfp,100,2.802291,0
1789091691.167162,19,ciclo2_AD_AC,dso,concentrator_trafo_3_22,cfp,100,6.672597,0
1789091691.167388,19,ciclo2_AD_AC,dso,concentrator_trafo_4_34,cfp,100,5.495202,0
1789091691.202043,19,ciclo2_AD_AC,concentrator_trafo_2_12,dso,propose,1345,22.888067,0
1789091691.214935,19,ciclo2_AD_AC,concentrator_trafo_1_5,dso,propose,1167,40.156102,0
1789091691.230371,19,ciclo2_AD_AC,concentrator_trafo_4_34,dso,propose,1119,55.182138,0
1789091691.240650,19,ciclo2_AD_AC,concentrator_trafo_3_22,dso,propose,1191,40.255802,0
1789091691.792650,19,ciclo3_AM_AC_AD,market,dso,cfp,100,1.706996,0
1789091691.853273,19,ciclo3_AM_AC_AD,dso,market,propose,1321,22.586350,0
1789091692.088626,19,ciclo3_AM_AC_AD,market,concentrator_trafo_1_5,cfp,100,4.934407,0
1789091692.089090,19,ciclo3_AM_AC_AD,market,concentrator_trafo_2_12,cfp,100,6.350749,0
1789091692.089416,19,ciclo3_AM_AC_AD,market,concentrator_trafo_3_22,cfp,100,3.829990,0
1789091692.089727,19,ciclo3_AM_AC_AD,market,concentrator_trafo_4_34,cfp,100,3.720769,0
1789091692.090175,19,ciclo3_AM_AC_AD,market,dso,cfp,100,3.264259,0
1789091692.174169,19,ciclo3_AM_AC_AD,concentrator_trafo_4_34,market,propose,1245,41.396209,0
1789091692.175712,19,ciclo3_AM_AC_AD,dso,market,propose,1146,18.305300,0
1789091692.177947,19,ciclo3_AM_AC_AD,concentrator_trafo_3_22,market,propose,1298,21.386072,0
1789091692.180094,19,ciclo3_AM_AC_AD,concentrator_trafo_1_5,market,propose,1087,36.402021,0
1789091692.180622,19,ciclo3_AM_AC_AD,concentrator_trafo_2_12,market,propose,1070,37.040119,0
1789091692.665788,20,ciclo1_AC_AP,concentrator_trafo_1_5,prosumer5,cfp,100,0.337677,0
1789091692.666503,20,ciclo1_AC_AP,concentrator_trafo_1_5,prosumer6,cfp,100,3.675737,0
1789091692.666995,20,ciclo1_AC_AP,concentrator_trafo_1_5,prosumer7,cfp,100,5.901933,0
1789091692.667482,20,ciclo1_AC_AP,concentrator_trafo_1_5,prosumer8,cfp,100,3.393717,0
1789091692.667851,20,ciclo1_AC_AP,concentrator_trafo_1_5,prosumer9,cfp,100,0.077636,0
1789091692.668092,20,ciclo1_AC_AP,concentrator_trafo_1_5,prosumer10,cfp,100,0.298145,0
1789091692.668206,20,ciclo1_AC_AP,concentrator_trafo_1_5,prosumer11,cfp,100,1.835749,0
1789091692.668974,20,ciclo1_AC_AP,concentrator_trafo_2_12,prosumer12,cfp,100,2.737710,0
1789091692.669138,20,ciclo1_AC_AP,concentrator_trafo_2_12,prosumer13,cfp,100,7.987499,0
1789091692.669268,20,ciclo1_AC_AP,concentrator_trafo_2_12,prosumer14,cfp,100,2.573405,0
1789091692.669393,20,ciclo1_AC_AP,concentrator_trafo_2_12,prosumer15,cfp,100,3.922370,0
1789091692.669513,20,ciclo1_AC_AP,concentrator_trafo_2_12,prosumer16,cfp,100,1.155170,0
1789091692.669647,20,ciclo1_AC_AP,concentrator_trafo_2_12,prosumer17,cfp,100,0.300893,0
1789091692.669757,20,ciclo1_AC_AP,concentrator_trafo_2_12,prosumer18,cfp,100,3.163096,0
1789091692.669869,20,ciclo1_AC_AP,concentrator_trafo_2_12,prosumer19,cfp,100,0.456479,0
1789091692.669980,20,ciclo1_AC_AP,concentrator_trafo_2_12,prosumer20,cfp,100,3.723870,0
1789091692.670092,20,ciclo1_AC_AP,concentrator_trafo_2_12,prosumer21,cfp,100,1.629527,0
1789091692.670835,20,ciclo1_AC_AP,concentrator_trafo_3_22,prosumer22,cfp,100,2.349457,0
1789091692.671002,20,ciclo1_AC_AP,concentrator_trafo_3_22,prosumer23,cfp,100,2.407748,0
1789091692.671135,20,ciclo1_AC_AP,concentrator_trafo_3_22,prosumer24,cfp,100,0.364400,0
1789091692.671259,20,ciclo1_AC_AP,concentrator_trafo_3_22,prosumer25,cfp,100,5.459496,0
1789091692.671382,20,ciclo1_AC_AP,concentrator_trafo_3_22,prosumer26,cfp,100,3.987268,0
1789091692.671496,20,ciclo1_AC_AP,concentrator_trafo_3_22,prosumer27,cfp,100,2.757510,0
1789091692.671634,20,ciclo1_AC_AP,concentrator_trafo_3_22,prosumer28,cfp,100,4.451489,0
1789091692.671752,20,ciclo1_AC_AP,concentrator_trafo_3_22,prosumer29,cfp,100,3.217740,0
1789091692.671880,20,ciclo1_AC_AP,concentrator_trafo_3_22,prosumer30,cfp,100,1.790467,0
1789091692.671991,20,ciclo1_AC_AP,concentrator_trafo_3_22,prosumer31,cfp,100,1.860688,0
1789091692.672101,20,ciclo1_AC_AP,concentrator_trafo_3_22,prosumer32,cfp,100,0.282545,0
1789091692.672210,20,ciclo1_AC_AP,concentrator_trafo_3_22,prosumer33,cfp,100,2.963557,0
1789091692.672887,20,ciclo1_AC_AP,concentrator_trafo_4_34,prosumer34,cfp,100,2.274824,0
1789091692.673036,20,ciclo1_AC_AP,concentrator_trafo_4_34,prosumer35,cfp,100,3.165601,0
1789091692.673153,20,ciclo1_AC_AP,concentrator_trafo_4_34,prosumer36,cfp,100,3.318153,0
1789091692.673267,20,ciclo1_AC_AP,concentrator_trafo_4_34,prosumer37,cfp,100,5.619681,0
1789091692.673375,20,ciclo1_AC_AP,concentrator_trafo_4_34,prosumer38,cfp,100,1.363404,0
1789091692.673480,20,ciclo1_AC_AP,concentrator_trafo_4_34,prosumer39,cfp,100,2.560076,0
1789091692.673595,20,ciclo1_AC_AP,concentrator_trafo_4_34,prosumer40,cfp,100,2.170931,0
1789091692.673702,20,ciclo1_AC_AP,concentrator_trafo_4_34,prosumer41,cfp,100,1.692038,0
1789091692.673808,20,ciclo1_AC_AP,concentrator_trafo_4_34,prosumer42,cfp,100,2.099548,0
1789091692.673915,20,ciclo1_AC_AP,concentrator_trafo_4_34,prosumer43,cfp,100,1.407662,0
1789091692.674020,20,ciclo1_AC_AP,concentrator_trafo_4_34,prosumer44,cfp,100,4.343837,0
1789091692.674124,20,ciclo1_AC_AP,concentrator_trafo_4_34,prosumer45,cfp,100,4.899391,0
1789091692.674227,20,ciclo1_AC_AP,concentrator_trafo_4_34,prosumer46,cfp,100,2.788815,0
1789091692.677585,20,ciclo1_AC_AP,prosumer9,concentrator_trafo_1_5,propose,107,1.523318,0
1789091692.681557,20,ciclo1_AC_AP,prosumer5,concentrator_trafo_1_5,propose,383,9.069095,0
1789091692.684708,20,ciclo1_AC_AP,prosumer10,concentrator_trafo_1_5,propose,358,4.976900,0
1789091692.685529,20,ciclo1_AC_AP,prosumer17,concentrator_trafo_2_12,propose,267,7.894979,0
1789091692.686412,20,ciclo1_AC_AP,prosumer19,concentrator_trafo_2_12,propose,287,6.313671,0
1789091692.689598,20,ciclo1_AC_AP,prosumer24,concentrator_trafo_3_22,propose,399,7.188503,0
1789091692.690422,20,ciclo1_AC_AP,prosumer32,concentrator_trafo_3_22,propose,425,15.176536,0
1789091692.694947,20,ciclo1_AC_AP,prosumer16,concentrator_trafo_2_12,propose,112,0.800637,0
1789091692.698550,20,ciclo1_AC_AP,prosumer21,concentrator_trafo_2_12,propose,166,4.582116,0
1789091692.701073,20,ciclo1_AC_AP,prosumer11,concentrator_trafo_1_5,propose,302,7.463605,0
1789091692.703822,20,ciclo1_AC_AP,prosumer38,concentrator_trafo_4_34,propose,179,3.614070,0
1789091692.704395,20,ciclo1_AC_AP,prosumer43,concentrator_trafo_4_34,propose,190,3.631075,0
1789091692.706247,20,ciclo1_AC_AP,prosumer30,concentrator_trafo_3_22,propose,361,7.728049,0
1789091692.708146,20,ciclo1_AC_AP,prosumer31,concentrator_trafo_3_22,propose,139,2.265500,0
1789091692.708657,20,ciclo1_AC_AP,prosumer41,concentrator_trafo_4_34,propose,169,3.301187,0
1789091692.713205,20,ciclo1_AC_AP,prosumer22,concentrator_trafo_3_22,propose,491,6.185813,0
1789091692.715234,20,ciclo1_AC_AP,prosumer42,concentrator_trafo_4_34,propose,205,9.763316,0
1789091692.717062,20,ciclo1_AC_AP,prosumer14,concentrator_trafo_2_12,propose,500,9.028536,0
1789091692.717583,20,ciclo1_AC_AP,prosumer23,concentrator_trafo_3_22,propose,496,7.404859,0
1789091692.719408,20,ciclo1_AC_AP,prosumer40,concentrator_trafo_4_34,propose,354,5.267410,0
1789091692.721605,20,ciclo1_AC_AP,prosumer34,concentrator_trafo_4_34,propose,391,8.159599,0
1789091692.722101,20,ciclo1_AC_AP,prosumer12,concentrator_trafo_2_12,propose,492,9.033720,0
1789091692.722561,20,ciclo1_AC_AP,prosumer27,concentrator_trafo_3_22,propose,456,17.034804,0
1789091692.724431,20,ciclo1_AC_AP,prosumer39,concentrator_trafo_4_34,propose,209,9.064007,0
1789091692.725097,20,ciclo1_AC_AP,prosumer18,concentrator_trafo_2_12,propose,220,3.670333,0
1789091692.726967,20,ciclo1_AC_AP,prosumer8,concentrator_trafo_1_5,propose,475,6.471897,0
1789091692.728768,20,ciclo1_AC_AP,prosumer33,concentrator_trafo_3_22,propose,167,5.510763,0
1789091692.729246,20,ciclo1_AC_AP,prosumer46,concentrator_trafo_4_34,propose,219,2.621866,0
1789091692.731345,20,ciclo1_AC_AP,prosumer6,concentrator_trafo_1_5,propose,489,7.012440,0
1789091692.733138,20,ciclo1_AC_AP,prosumer29,concentrator_trafo_3_22,propose,296,11.765721,0
1789091692.733644,20,ciclo1_AC_AP,prosumer35,concentrator_trafo_4_34,propose,280,11.386563,0
1789091692.735590,20,ciclo1_AC_AP,prosumer36,concentrator_trafo_4_34,propose,411,16.688783,0
1789091692.736138,20,ciclo1_AC_AP,prosumer20,concentrator_trafo_2_12,propose,402,8.373045,0
1789091692.738095,20,ciclo1_AC_AP,prosumer15,concentrator_trafo_2_12,propose,167,6.145236,0
1789091692.741172,20,ciclo1_AC_AP,prosumer26,concentrator_trafo_3_22,propose,422,16.569432,0
1789091692.743124,20,ciclo1_AC_AP,prosumer28,concentrator_trafo_3_22,propose,355,15.209655,0
1789091692.744997,20,ciclo1_AC_AP,prosumer44,concentrator_trafo_4_34,propose,155,8.273681,0
1789091692.747159,20,ciclo1_AC_AP,prosumer45,concentrator_trafo_4_34,propose,415,14.446702,0
1789091692.749199,20,ciclo1_AC_AP,prosumer25,concentrator_trafo_3_22,propose,113,3.690231,0
1789091692.751149,20,ciclo1_AC_AP,prosumer7,concentrator_trafo_1_5,propose,369,5.416948,0
1789091692.754773,20,ciclo1_AC_AP,prosumer37,concentrator_trafo_4_34,propose,405,14.628951,0
1789091692.759136,20,ciclo1_AC_AP,prosumer13,concentrator_trafo_2_12,propose,283,8.095644,0
1789091692.913623,20,ciclo2_AD_AC,dso,concentrator_trafo_1_5,cfp,100,3.109852,0
1789091692.913845,20,ciclo2_AD_AC,dso,concentrator_trafo_2_12,cfp,100,2.516477,0
1789091692.913997,20,ciclo2_AD_AC,dso,concentrator_trafo_3_22,cfp,100,6.986706,0
1789091692.914125,20,ciclo2_AD_AC,dso,concentrator_trafo_4_34,cfp,100,3.369927,0
1789091692.945879,20,ciclo2_AD_AC,concentrator_trafo_2_12,dso,propose,1250,19.040535,0
1789091692.947706,20,ciclo2_AD_AC,concentrator_trafo_1_5,dso,propose,1233,41.857778,0
1789091692.949264,20,ciclo2_AD_AC,concentrator_trafo_4_34,dso,propose,1158,60.778717,0
1789091692.991991,20,ciclo2_AD_AC,concentrator_trafo_3_22,dso,propose,1006,34.386257,0
1789091693.563460,20,ciclo3_AM_AC_AD,market,dso,cfp,100,0.427182,0
1789091693.576138,20,ciclo3_AM_AC_AD,dso,market,propose,1490,23.798078,0
1789091693.820101,20,ciclo3_AM_AC_AD,market,concentrator_trafo_1_5,cfp,100,1.614229,0
1789091693.820434,20,ciclo3_AM_AC_AD,market,concentrator_trafo_2_12,cfp,100,3.423015,0
1789091693.820715,20,ciclo3_AM_AC_AD,market,concentrator_trafo_3_22,cfp,100,1.141578,0
1789091693.821023,20,ciclo3_AM_AC_AD,market,concentrator_trafo_4_34,cfp,100,6.554449,0
1789091693.821380,20,ciclo3_AM_AC_AD,market,dso,cfp,100,3.967806,0
1789091693.855327,20,ciclo3_AM_AC_AD,concentrator_trafo_3_22,market,propose,1112,16.837526,0
1789091693.859508,20,ciclo3_AM_AC_AD,concentrator_trafo_1_5,market,propose,1284,44.526990,0
1789091693.873222,20,ciclo3_AM_AC_AD,concentrator_trafo_2_12,market,propose,1334,45.714487,0
1789091693.884196,20,ciclo3_AM_AC_AD,dso,market,propose,1083,19.607603,0
1789091693.899491,20,ciclo3_AM_AC_AD,concentrator_trafo_4_34,market,propose,1338,49.101920,0
1789091694.470790,21,ciclo1_AC_AP,concentrator_trafo_1_5,prosumer5,cfp,100,1.723991,0
1789091694.471912,21,ciclo1_AC_AP,concentrator_trafo_1_5,prosumer6,cfp,100,3.314972,0
1789091694.472741,21,ciclo1_AC_AP,concentrator_trafo_1_5,prosumer7,cfp,100,11.638021,1
1789091694.473456,21,ciclo1_AC_AP,concentrator_trafo_1_5,prosumer8,cfp,100,0.904698,0
1789091694.474023,21,ciclo1_AC_AP,concentrator_trafo_1_5,prosumer9,cfp,100,1.050518,0
1789091694.474301,21,ciclo1_AC_AP,concentrator_trafo_1_5,prosumer10,cfp,100,2.206129,0
1789091694.474511,21,ciclo1_AC_AP,concentrator_trafo_1_5,prosumer11,cfp,100,1.458577,0
1789091694.475350,21,ciclo1_AC_AP,concentrator_trafo_2_12,prosumer12,cfp,100,0.089660,0
1789091694.475497,21,ciclo1_AC_AP,concentrator_trafo_2_12,prosumer13,cfp,100,1.220416,0
1789091694.475631,21,ciclo1_AC_AP,concentrator_trafo_2_12,prosumer14,cfp,100,2.973065,0
1789091694.475749,21,ciclo1_AC_AP,concentrator_trafo_2_12,prosumer15,cfp,100,5.202751,0
1789091694.475860,21,ciclo1_AC_AP,concentrator_trafo_2_12,prosumer16,cfp,100,0.690081,0
1789091694.475969,21,ciclo1_AC_AP,concentrator_trafo_2_12,prosumer17,cfp,100,2.853560,0
1789091694.476095,21,ciclo1_AC_AP,concentrator_trafo_2_12,prosumer18,cfp,100,0.444075,0
1789091694.476203,21,ciclo1_AC_AP,concentrator_trafo_2_12,prosumer19,cfp,100,3.485467,0
1789091694.476399,21,ciclo1_AC_AP,concentrator_trafo_2_12,prosumer20,cfp,100,3.236788,0
1789091694.476516,21,ciclo1_AC_AP,concentrator_trafo_2_12,prosumer21,cfp,100,1.538285,0
1789091694.477194,21,ciclo1_AC_AP,concentrator_trafo_3_22,prosumer22,cfp,100,1.819789,0
1789091694.477312,21,ciclo1_AC_AP,concentrator_trafo_3_22,prosumer23,cfp,100,3.651187,0
1789091694.477415,21,ciclo1_AC_AP,concentrator_trafo_3_22,prosumer24,cfp,100,1.861465,0
1789091694.477515,21,ciclo1_AC_AP,concentrator_trafo_3_22,prosumer25,cfp,100,7.672927,0
1789091694.477630,21,ciclo1_AC_AP,concentrator_trafo_3_22,prosumer26,cfp,100,4.637479,0
1789091694.477730,21,ciclo1_AC_AP,concentrator_trafo_3_22,prosumer27,cfp,100,6.208962,0
1789091694.477825,21,ciclo1_AC_AP,concentrator_trafo_3_22,prosumer28,cfp,100,3.836117,0
1789091694.477924,21,ciclo1_AC_AP,concentrator_trafo_3_22,prosumer29,cfp,100,7.327547,0
1789091694.478022,21,ciclo1_AC_AP,concentrator_trafo_3_22,prosumer30,cfp,100,0.538380,0
1789091694.478119,21,ciclo1_AC_AP,concentrator_trafo_3_22,prosumer31,cfp,100,2.929851,0
1789091694.478215,21,ciclo1_AC_AP,concentrator_trafo_3_22,prosumer32,cfp,100,3.434443,0
1789091694.478310,21,ciclo1_AC_AP,concentrator_trafo_3_22,prosumer33,cfp,100,1.419234,0
1789091694.478863,21,ciclo1_AC_AP,concentrator_trafo_4_34,prosumer34,cfp,100,3.876677,0
1789091694.478976,21,ciclo1_AC_AP,concentrator_trafo_4_34,prosumer35,cfp,100,3.020555,0
1789091694.479080,21,ciclo1_AC_AP,concentrator_trafo_4_34,prosumer36,cfp,100,3.808651,0
1789091694.479179,21,ciclo1_AC_AP,concentrator_trafo_4_34,prosumer37,cfp,100,3.598660,0
1789091694.479276,21,ciclo1_AC_AP,concentrator_trafo_4_34,prosumer38,cfp,100,2.939204,0
1789091694.479372,21,ciclo1_AC_AP,concentrator_trafo_4_34,prosumer39,cfp,100,2.744033,0
1789091694.479468,21,ciclo1_AC_AP,concentrator_trafo_4_34,prosumer40,cfp,100,3.445011,0
1789091694.479573,21,ciclo1_AC_AP,concentrator_trafo_4_34,prosumer41,cfp,100,1.108831,0
1789091694.479671,21,ciclo1_AC_AP,concentrator_trafo_4_34,prosumer42,cfp,100,5.098650,0
1789091694.479769,21,ciclo1_AC_AP,concentrator_trafo_4_34,prosumer43,cfp,100,1.032578,0
1789091694.479865,21,ciclo1_AC_AP,concentrator_trafo_4_34,prosumer44,cfp,100,6.301771,0
1789091694.479962,21,ciclo1_AC_AP,concentrator_trafo_4_34,prosumer45,cfp,100,2.768650,0
1789091694.480062,21,ciclo1_AC_AP,concentrator_trafo_4_34,prosumer46,cfp,100,0.845448,0
1789091694.485147,21,ciclo1_AC_AP,prosumer12,concentrator_trafo_2_12,propose,353,5.199781,0
1789091694.489986,21,ciclo1_AC_AP,prosumer18,concentrator_trafo_2_12,propose,477,9.786233,0
1789091694.496826,21,ciclo1_AC_AP,prosumer8,concentrator_trafo_1_5,propose,346,5.635497,0
1789091694.498122,21,ciclo1_AC_AP,prosumer16,concentrator_trafo_2_12,propose,379,7.730768,0
1789091694.499195,21,ciclo1_AC_AP,prosumer30,concentrator_trafo_3_22,propose,260,6.950589,0
1789091694.502836,21,ciclo1_AC_AP,prosumer9,concentrator_trafo_1_5,propose,460,9.311428,0
1789091694.507668,21,ciclo1_AC_AP,prosumer13,concentrator_trafo_2_12,propose,140,11.298425,0
1789091694.508615,21,ciclo1_AC_AP,prosumer5,concentrator_trafo_1_5,propose,232,5.337990,0
1789091694.509466,21,ciclo1_AC_AP,prosumer46,concentrator_trafo_4_34,propose,170,3.461445,0
1789091694.512870,21,ciclo1_AC_AP,prosumer11,concentrator_trafo_1_5,propose,409,8.732227,0
1789091694.516063,21,ciclo1_AC_AP,prosumer43,concentrator_trafo_4_34,propose,305,4.955423,0
1789091694.518754,21,ciclo1_AC_AP,prosumer41,concentrator_trafo_4_34,propose,460,8.858328,0
1789091694.523865,21,ciclo1_AC_AP,prosumer21,concentrator_trafo_2_12,propose,197,4.075604,0
1789091694.526403,21,ciclo1_AC_AP,prosumer33,concentrator_trafo_3_22,propose,262,6.563841,0
1789091694.529747,21,ciclo1_AC_AP,prosumer22,concentrator_trafo_3_22,propose,249,4.151784,0
1789091694.531843,21,ciclo1_AC_AP,prosumer24,concentrator_trafo_3_22,propose,296,5.937363,0
1789091694.533891,21,ciclo1_AC_AP,prosumer10,concentrator_trafo_1_5,propose,130,3.187095,0
1789091694.535268,21,ciclo1_AC_AP,prosumer17,concentrator_trafo_2_12,propose,206,4.835242,0
1789091694.537330,21,ciclo1_AC_AP,prosumer6,concentrator_trafo_1_5,propose,119,3.755286,0
1789091694.539325,21,ciclo1_AC_AP,prosumer14,concentrator_trafo_2_12,propose,261,4.113072,0
1789091694.541299,21,ciclo1_AC_AP,prosumer39,concentrator_trafo_4_34,propose,471,16.471452,0
1789091694.541852,21,ciclo1_AC_AP,prosumer31,concentrator_trafo_3_22,propose,482,9.679104,0
1789091694.543807,21,ciclo1_AC_AP,prosumer45,concentrator_trafo_4_34,propose,227,9.879159,0
1789091694.545694,21,ciclo1_AC_AP,prosumer38,concentrator_trafo_4_34,propose,275,4.790098,0
1789091694.546218,21,ciclo1_AC_AP,prosumer20,concentrator_trafo_2_12,propose,325,7.350416,0
1789091694.548078,21,ciclo1_AC_AP,prosumer35,concentrator_trafo_4_34,propose,442,18.734971,0
1789091694.548652,21,ciclo1_AC_AP,prosumer19,concentrator_trafo_2_12,propose,471,9.174731,0
1789091694.549181,21,ciclo1_AC_AP,prosumer32,concentrator_trafo_3_22,propose,437,15.264146,0
1789091694.549652,21,ciclo1_AC_AP,prosumer23,concentrator_trafo_3_22,propose,436,7.572719,0
1789091694.551569,21,ciclo1_AC_AP,prosumer40,concentrator_trafo_4_34,propose,215,5.898089,0
1789091694.552162,21,ciclo1_AC_AP,prosumer37,concentrator_trafo_4_34,propose,233,7.821776,0
1789091694.554221,21,ciclo1_AC_AP,prosumer28,concentrator_trafo_3_22,propose,276,9.612279,0
1789091694.556178,21,ciclo1_AC_AP,prosumer36,concentrator_trafo_4_34,propose,443,16.276050,0
1789091694.558091,21,ciclo1_AC_AP,prosumer34,concentrator_trafo_4_34,propose,183,2.856719,0
1789091694.561043,21,ciclo1_AC_AP,prosumer26,concentrator_trafo_3_22,propose,256,9.762997,0
1789091694.563613,21,ciclo1_AC_AP,prosumer15,concentrator_trafo_2_12,propose,108,4.458793,0
1789091694.565581,21,ciclo1_AC_AP,prosumer42,concentrator_trafo_4_34,propose,282,12.797944,0
1789091694.568176,21,ciclo1_AC_AP,prosumer27,concentrator_trafo_3_22,propose,393,14.485472,0
1789091694.570121,21,ciclo1_AC_AP,prosumer44,concentrator_trafo_4_34,propose,376,12.217106,0
1789091694.572378,21,ciclo1_AC_AP,prosumer29,concentrator_trafo_3_22,propose,129,4.499643,0
1789091694.574583,21,ciclo1_AC_AP,prosumer25,concentrator_trafo_3_22,propose,474,17.169509,0
1789091714.580743,21,ciclo1_AC_AP,concentrator_trafo_1_5,prosumer7,cfp,100,3.070550,0
1789091714.620559,21,ciclo1_AC_AP,prosumer7,concentrator_trafo_1_5,propose,422,11.159211,0
1789091714.741547,21,ciclo2_AD_AC,dso,concentrator_trafo_1_5,cfp,100,1.397558,0
1789091714.741970,21,ciclo2_AD_AC,dso,concentrator_trafo_2_12,cfp,100,0.370480,0
1789091714.742319,21,ciclo2_AD_AC,dso,concentrator_trafo_3_22,cfp,100,3.360838,0
1789091714.742673,21,ciclo2_AD_AC,dso,concentrator_trafo_4_34,cfp,100,7.273919,0
1789091714.753136,21,ciclo2_AD_AC,concentrator_trafo_2_12,dso,propose,1077,18.600458,0
1789091714.762232,21,ciclo2_AD_AC,concentrator_trafo_1_5,dso,propose,1180,39.900695,0
1789091714.784376,21,ciclo2_AD_AC,concentrator_trafo_3_22,dso,propose,1011,33.920368,0
1789091714.823893,21,ciclo2_AD_AC,concentrator_trafo_4_34,dso,propose,1251,58.022758,0
1789091715.414489,21,ciclo3_AM_AC_AD,market,dso,cfp,100,0.526053,0
1789091715.430255,21,ciclo3_AM_AC_AD,dso,market,propose,1321,23.968974,0
1789091715.680127,21,ciclo3_AM_AC_AD,market,concentrator_trafo_1_5,cfp,100,3.001746,0
1789091715.680563,21,ciclo3_AM_AC_AD,market,concentrator_trafo_2_12,cfp,100,3.601714,0
1789091715.681390,21,ciclo3_AM_AC_AD,market,concentrator_trafo_3_22,cfp,100,2.433644,0
1789091715.681905,21,ciclo3_AM_AC_AD,market,concentrator_trafo_4_34,cfp,100,4.749474,0
1789091715.682239,21,ciclo3_AM_AC_AD,market,dso,cfp,100,1.009076,0
1789091715.734372,21,ciclo3_AM_AC_AD,concentrator_trafo_3_22,market,propose,1031,16.499515,0
1789091715.737753,21,ciclo3_AM_AC_AD,concentrator_trafo_1_5,market,propose,1012,33.386190,0
1789091715.742551,21,ciclo3_AM_AC_AD,dso,market,propose,1123,19.902940,0
1789091715.743606,21,ciclo3_AM_AC_AD,concentrator_trafo_2_12,market,propose,1023,40.052955,0
1789091715.764743,21,ciclo3_AM_AC_AD,concentrator_trafo_4_34,market,propose,1006,36.460109,0
1789091716.217493,22,ciclo1_AC_AP,concentrator_trafo_1_5,prosumer5,cfp,100,0.628651,0
1789091716.217894,22,ciclo1_AC_AP,concentrator_trafo_1_5,prosumer6,cfp,100,1.154016,0
1789091716.218154,22,ciclo1_AC_AP,concentrator_trafo_1_5,prosumer7,cfp,100,2.664037,0
1789091716.218411,22,ciclo1_AC_AP,concentrator_trafo_1_5,prosumer8,cfp,100,3.274104,0
1789091716.218557,22,ciclo1_AC_AP,concentrator_trafo_1_5,prosumer9,cfp,100,2.698519,0
1789091716.218687,22,ciclo1_AC_AP,concentrator_trafo_1_5,prosumer10,cfp,100,0.091099,0
1789091716.218812,22,ciclo1_AC_AP,concentrator_trafo_1_5,prosumer11,cfp,100,1.989391,0
1789091716.219670,22,ciclo1_AC_AP,concentrator_trafo_2_12,prosumer12,cfp,100,2.890552,0
1789091716.219817,22,ciclo1_AC_AP,concentrator_trafo_2_12,prosumer13,cfp,100,2.996379,0
1789091716.219940,22,ciclo1_AC_AP,concentrator_trafo_2_12,prosumer14,cfp,100,2.897276,0
1789091716.220057,22,ciclo1_AC_AP,concentrator_trafo_2_12,prosumer15,cfp,100,3.513305,0
1789091716.220172,22,ciclo1_AC_AP,concentrator_trafo_2_12,prosumer16,cfp,100,0.202511,0
1789091716.220278,22,ciclo1_AC_AP,concentrator_trafo_2_12,prosumer17,cfp,100,1.424579,0
1789091716.220382,22,ciclo1_AC_AP,concentrator_trafo_2_12,prosumer18,cfp,100,2.123855,0
1789091716.220487,22,ciclo1_AC_AP,concentrator_trafo_2_12,prosumer19,cfp,100,0.172620,0
1789091716.220601,22,ciclo1_AC_AP,concentrator_trafo_2_12,prosumer20,cfp,100,1.403790,0
1789091716.220707,22,ciclo1_AC_AP,concentrator_trafo_2_12,prosumer21,cfp,100,3.969536,0
1789091716.221394,22,ciclo1_AC_AP,concentrator_trafo_3_22,prosumer22,cfp,100,2.043693,0
1789091716.221525,22,ciclo1_AC_AP,concentrator_trafo_3_22,prosumer23,cfp,100,0.647520,0
1789091716.221650,22,ciclo1_AC_AP,concentrator_trafo_3_22,prosumer24,cfp,100,1.808818,0
1789091716.221758,22,ciclo1_AC_AP,concentrator_trafo_3_22,prosumer25,cfp,100,6.078820,0
1789091716.221862,22,ciclo1_AC_AP,concentrator_trafo_3_22,prosumer26,cfp,100,3.807243,0
1789091716.221962,22,ciclo1_AC_AP,concentrator_trafo_3_22,prosumer27,cfp,100,6.542473,0
1789091716.222061,22,ciclo1_AC_AP,concentrator_trafo_3_22,prosumer28,cfp,100,2.064350,0
1789091716.222159,22,ciclo1_AC_AP,concentrator_trafo_3_22,prosumer29,cfp,100,4.724422,0
1789091716.222256,22,ciclo1_AC_AP,concentrator_trafo_3_22,prosumer30,cfp,100,1.284064,0
1789091716.222353,22,ciclo1_AC_AP,concentrator_trafo_3_22,prosumer31,cfp,100,2.220749,0
1789091716.222449,22,ciclo1_AC_AP,concentrator_trafo_3_22,prosumer32,cfp,100,2.170270,0
1789091716.222555,22,ciclo1_AC_AP,concentrator_trafo_3_22,prosumer33,cfp,100,0.343180,0
1789091716.223259,22,ciclo1_AC_AP,concentrator_trafo_4_34,prosumer34,cfp,100,3.317297,0
1789091716.223404,22,ciclo1_AC_AP,concentrator_trafo_4_34,prosumer35,cfp,100,3.847019,0
1789091716.223515,22,ciclo1_AC_AP,concentrator_trafo_4_34,prosumer36,cfp,100,5.007946,0
1789091716.223634,22,ciclo1_AC_AP,concentrator_trafo_4_34,prosumer37,cfp,100,2.914488,0
1789091716.223742,22,ciclo1_AC_AP,concentrator_trafo_4_34,prosumer38,cfp,100,4.097204,0
1789091716.223841,22,ciclo1_AC_AP,concentrator_trafo_4_34,prosumer39,cfp,100,4.126795,0
1789091716.223939,22,ciclo1_AC_AP,concentrator_trafo_4_34,prosumer40,cfp,100,2.480684,0
1789091716.224039,22,ciclo1_AC_AP,concentrator_trafo_4_34,prosumer41,cfp,100,0.359416,0
1789091716.224136,22,ciclo1_AC_AP,concentrator_trafo_4_34,prosumer42,cfp,100,5.397945,0
1789091716.224236,22,ciclo1_AC_AP,concentrator_trafo_4_34,prosumer43,cfp,100,0.098556,0
1789091716.224335,22,ciclo1_AC_AP,concentrator_trafo_4_34,prosumer44,cfp,100,2.316461,0
1789091716.224432,22,ciclo1_AC_AP,concentrator_trafo_4_34,prosumer45,cfp,100,6.940481,0
1789091716.224527,22,ciclo1_AC_AP,concentrator_trafo_4_34,prosumer46,cfp,100,1.137283,0
1789091716.230091,22,ciclo1_AC_AP,prosumer10,concentrator_trafo_1_5,propose,215,3.181564,0
1789091716.233829,22,ciclo1_AC_AP,prosumer16,concentrator_trafo_2_12,propose,434,8.812023,0
1789091716.237393,22,ciclo1_AC_AP,prosumer19,concentrator_trafo_2_12,propose,267,6.038303,0
1789091716.240914,22,ciclo1_AC_AP,prosumer5,concentrator_trafo_1_5,propose,134,5.185856,0
1789091716.243148,22,ciclo1_AC_AP,prosumer43,concentrator_trafo_4_34,propose,131,6.028900,0
1789091716.248274,22,ciclo1_AC_AP,prosumer33,concentrator_trafo_3_22,propose,276,6.720486,0
1789091716.253798,22,ciclo1_AC_AP,prosumer41,concentrator_trafo_4_34,propose,439,7.250099,0
1789091716.257303,22,ciclo1_AC_AP,prosumer23,concentrator_trafo_3_22,propose,316,7.512738,0
1789091716.260431,22,ciclo1_AC_AP,prosumer6,concentrator_trafo_1_5,propose,169,2.502351,0
1789091716.261230,22,ciclo1_AC_AP,prosumer17,concentrator_trafo_2_12,propose,210,4.081675,0
1789091716.264127,22,ciclo1_AC_AP,prosumer20,concentrator_trafo_2_12,propose,329,5.250579,0
1789091716.264840,22,ciclo1_AC_AP,prosumer30,concentrator_trafo_3_22,propose,322,5.844414,0
1789091716.268152,22,ciclo1_AC_AP,prosumer46,concentrator_trafo_4_34,propose,172,3.699637,0
1789091716.270681,22,ciclo1_AC_AP,prosumer11,concentrator_trafo_1_5,propose,283,5.262795,0
1789091716.271366,22,ciclo1_AC_AP,prosumer24,concentrator_trafo_3_22,propose,259,4.863357,0
1789091716.274935,22,ciclo1_AC_AP,prosumer18,concentrator_trafo_2_12,propose,190,5.844574,0
1789091716.277393,22,ciclo1_AC_AP,prosumer22,concentrator_trafo_3_22,propose,432,6.518738,0
1789091716.280341,22,ciclo1_AC_AP,prosumer28,concentrator_trafo_3_22,propose,268,10.997462,0
1789091716.282494,22,ciclo1_AC_AP,prosumer32,concentrator_trafo_3_22,propose,472,15.594331,0
1789091716.284175,22,ciclo1_AC_AP,prosumer31,concentrator_trafo_3_22,propose,482,9.979031,0
1789091716.286222,22,ciclo1_AC_AP,prosumer7,concentrator_trafo_1_5,propose,309,12.192505,0
1789091716.286744,22,ciclo1_AC_AP,prosumer9,concentrator_trafo_1_5,propose,295,4.152833,0
1789091716.288711,22,ciclo1_AC_AP,prosumer44,concentrator_trafo_4_34,propose,104,6.933750,0
1789091716.290704,22,ciclo1_AC_AP,prosumer12,concentrator_trafo_2_12,propose,309,5.505941,0
1789091716.292724,22,ciclo1_AC_AP,prosumer40,concentrator_trafo_4_34,propose,235,3.694385,0
1789091716.294721,22,ciclo1_AC_AP,prosumer14,concentrator_trafo_2_12,propose,373,4.424027,0
1789091716.295863,22,ciclo1_AC_AP,prosumer13,concentrator_trafo_2_12,propose,372,10.996405,0
1789091716.298413,22,ciclo1_AC_AP,prosumer8,concentrator_trafo_1_5,propose,476,8.677183,0
1789091716.299066,22,ciclo1_AC_AP,prosumer37,concentrator_trafo_4_34,propose,451,17.525871,0
1789091716.299617,22,ciclo1_AC_AP,prosumer15,concentrator_trafo_2_12,propose,460,15.740981,0
1789091716.301560,22,ciclo1_AC_AP,prosumer34,concentrator_trafo_4_34,propose,336,7.337365,0
1789091716.303551,22,ciclo1_AC_AP,prosumer26,concentrator_trafo_3_22,propose,488,17.997674,0
1789091716.305759,22,ciclo1_AC_AP,prosumer21,concentrator_trafo_2_12,propose,121,3.715310,0
1789091716.307713,22,ciclo1_AC_AP,prosumer35,concentrator_trafo_4_34,propose,389,14.771736,0
1789091716.309918,22,ciclo1_AC_AP,prosumer38,concentrator_trafo_4_34,propose,162,3.712438,0
1789091716.311835,22,ciclo1_AC_AP,prosumer39,concentrator_trafo_4_34,propose,309,11.487698,0
1789091716.312396,22,ciclo1_AC_AP,prosumer29,concentrator_trafo_3_22,propose,299,12.835930,0
1789091716.314827,22,ciclo1_AC_AP,prosumer36,concentrator_trafo_4_34,propose,187,8.435028,0
1789091716.317028,22,ciclo1_AC_AP,prosumer42,concentrator_trafo_4_34,propose,101,6.218145,0
1789091716.318908,22,ciclo1_AC_AP,prosumer25,concentrator_trafo_3_22,propose,356,12.538449,0
1789091716.321440,22,ciclo1_AC_AP,prosumer27,concentrator_trafo_3_22,propose,170,8.214360,0
1789091716.323594,22,ciclo1_AC_AP,prosumer45,concentrator_trafo_4_34,propose,418,13.963927,0
1789091716.492282,22,ciclo2_AD_AC,dso,concentrator_trafo_1_5,cfp,100,1.398943,0
1789091716.492992,22,ciclo2_AD_AC,dso,concentrator_trafo_2_12,cfp,100,2.355806,0
1789091716.493499,22,ciclo2_AD_AC,dso,concentrator_trafo_3_22,cfp,100,4.961896,0
1789091716.494000,22,ciclo2_AD_AC,dso,concentrator_trafo_4_34,cfp,100,5.131938,0
1789091716.513253,22,ciclo2_AD_AC,concentrator_trafo_1_5,dso,propose,1444,50.302805,0
1789091716.521822,22,ciclo2_AD_AC,concentrator_trafo_2_12,dso,propose,1338,21.917884,0
1789091716.547868,22,ciclo2_AD_AC,concentrator_trafo_3_22,dso,propose,1263,42.028420,0
1789091716.551058,22,ciclo2_AD_AC,concentrator_trafo_4_34,dso,propose,1430,72.824661,0
1789091717.289874,22,ciclo3_AM_AC_AD,market,dso,cfp,100,0.306872,0
1789091717.303769,22,ciclo3_AM_AC_AD,dso,market,propose,1375,23.065550,0
1789091717.544307,22,ciclo3_AM_AC_AD,market,concentrator_trafo_1_5,cfp,100,2.553517,0
1789091717.545178,22,ciclo3_AM_AC_AD,market,concentrator_trafo_2_12,cfp,100,6.163205,0
1789091717.545843,22,ciclo3_AM_AC_AD,market,concentrator_trafo_3_22,cfp,100,0.082290,0
1789091717.546338,22,ciclo3_AM_AC_AD,market,concentrator_trafo_4_34,cfp,100,5.956393,0
1789091717.546751,22,ciclo3_AM_AC_AD,market,dso,cfp,100,2.395876,0
1789091717.569623,22,ciclo3_AM_AC_AD,concentrator_trafo_3_22,market,propose,1358,23.421791,0
1789091717.591970,22,ciclo3_AM_AC_AD,concentrator_trafo_1_5,market,propose,1075,36.675455,0
1789091717.603910,22,ciclo3_AM_AC_AD,dso,market,propose,1040,20.128357,0
1789091717.631629,22,ciclo3_AM_AC_AD,concentrator_trafo_4_34,market,propose,1168,43.997721,0
1789091717.636246,22,ciclo3_AM_AC_AD,concentrator_trafo_2_12,market,propose,1121,39.370274,0
1789091718.149945,23,ciclo1_AC_AP,concentrator_trafo_1_5,prosumer5,cfp,100,0.873193,0
1789091718.150408,23,ciclo1_AC_AP,concentrator_trafo_1_5,prosumer6,cfp,100,2.298455,0
1789091718.150737,23,ciclo1_AC_AP,concentrator_trafo_1_5,prosumer7,cfp,100,5.755717,0
1789091718.151015,23,ciclo1_AC_AP,concentrator_trafo_1_5,prosumer8,cfp,100,2.191205,0
1789091718.151222,23,ciclo1_AC_AP,concentrator_trafo_1_5,prosumer9,cfp,100,4.814475,0
1789091718.151380,23,ciclo1_AC_AP,concentrator_trafo_1_5,prosumer10,cfp,100,1.356188,0
1789091718.151526,23,ciclo1_AC_AP,concentrator_trafo_1_5,prosumer11,cfp,100,2.277012,0
1789091718.152366,23,ciclo1_AC_AP,concentrator_trafo_2_12,prosumer12,cfp,100,0.311798,0
1789091718.152525,23,ciclo1_AC_AP,concentrator_trafo_2_12,prosumer13,cfp,100,1.927342,0
1789091718.152679,23,ciclo1_AC_AP,concentrator_trafo_2_12,prosumer14,cfp,100,2.427818,0
1789091718.152818,23,ciclo1_AC_AP,concentrator_trafo_2_12,prosumer15,cfp,100,2.262205,0
1789091718.152951,23,ciclo1_AC_AP,concentrator_trafo_2_12,prosumer16,cfp,100,3.355059,0
1789091718.153081,23,ciclo1_AC_AP,concentrator_trafo_2_12,prosumer17,cfp,100,0.584212,0
1789091718.153209,23,ciclo1_AC_AP,concentrator_trafo_2_12,prosumer18,cfp,100,2.519129,0
1789091718.153340,23,ciclo1_AC_AP,concentrator_trafo_2_12,prosumer19,cfp,100,3.820471,0
1789091718.153471,23,ciclo1_AC_AP,concentrator_trafo_2_12,prosumer20,cfp,100,0.094431,0
1789091718.153604,23,ciclo1_AC_AP,concentrator_trafo_2_12,prosumer21,cfp,100,2.878629,0
1789091718.154255,23,ciclo1_AC_AP,concentrator_trafo_3_22,prosumer22,cfp,100,1.276764,0
1789091718.154407,23,ciclo1_AC_AP,concentrator_trafo_3_22,prosumer23,cfp,100,0.519332,0
1789091718.154555,23,ciclo1_AC_AP,concentrator_trafo_3_22,prosumer24,cfp,100,0.471540,0
1789091718.154827,23,ciclo1_AC_AP,concentrator_trafo_3_22,prosumer25,cfp,100,6.202709,0
1789091718.155065,23,ciclo1_AC_AP,concentrator_trafo_3_22,prosumer26,cfp,100,5.149785,0
1789091718.155208,23,ciclo1_AC_AP,concentrator_trafo_3_22,prosumer27,cfp,100,4.057959,0
1789091718.155338,23,ciclo1_AC_AP,concentrator_trafo_3_22,prosumer28,cfp,100,3.038715,0
1789091718.155459,23,ciclo1_AC_AP,concentrator_trafo_3_22,prosumer29,cfp,100,6.800336,0
1789091718.155592,23,ciclo1_AC_AP,concentrator_trafo_3_22,prosumer30,cfp,100,1.830011,0
1789091718.155719,23,ciclo1_AC_AP,concentrator_trafo_3_22,prosumer31,cfp,100,0.361084,0
1789091718.155835,23,ciclo1_AC_AP,concentrator_trafo_3_22,prosumer32,cfp,100,3.134834,0
1789091718.155950,23,ciclo1_AC_AP,concentrator_trafo_3_22,prosumer33,cfp,100,2.369638,0
1789091718.156785,23,ciclo1_AC_AP,concentrator_trafo_4_34,prosumer34,cfp,100,1.862800,0
1789091718.156966,23,ciclo1_AC_AP,concentrator_trafo_4_34,prosumer35,cfp,100,3.224170,0
1789091718.157106,23,ciclo1_AC_AP,concentrator_trafo_4_34,prosumer36,cfp,100,3.499658,0
1789091718.157257,23,ciclo1_AC_AP,concentrator_trafo_4_34,prosumer37,cfp,100,4.986293,0
1789091718.157377,23,ciclo1_AC_AP,concentrator_trafo_4_34,prosumer38,cfp,100,2.616077,0
1789091718.157494,23,ciclo1_AC_AP,concentrator_trafo_4_34,prosumer39,cfp,100,4.846124,0
1789091718.157631,23,ciclo1_AC_AP,concentrator_trafo_4_34,prosumer40,cfp,100,2.039116,0
1789091718.157749,23,ciclo1_AC_AP,concentrator_trafo_4_34,prosumer41,cfp,100,0.883963,0
1789091718.157866,23,ciclo1_AC_AP,concentrator_trafo_4_34,prosumer42,cfp,100,5.287100,0
1789091718.157980,23,ciclo1_AC_AP,concentrator_trafo_4_34,prosumer43,cfp,100,2.445851,0
1789091718.158093,23,ciclo1_AC_AP,concentrator_trafo_4_34,prosumer44,cfp,100,2.216583,0
1789091718.158206,23,ciclo1_AC_AP,concentrator_trafo_4_34,prosumer45,cfp,100,5.695315,0
1789091718.158319,23,ciclo1_AC_AP,concentrator_trafo_4_34,prosumer46,cfp,100,0.345155,0
1789091718.164033,23,ciclo1_AC_AP,prosumer20,concentrator_trafo_2_12,propose,190,4.508917,0
1789091718.165112,23,ciclo1_AC_AP,prosumer12,concentrator_trafo_2_12,propose,226,4.397443,0
1789091718.168655,23,ciclo1_AC_AP,prosumer5,concentrator_trafo_1_5,propose,111,1.426446,0
1789091718.170683,23,ciclo1_AC_AP,prosumer17,concentrator_trafo_2_12,propose,186,5.152166,0
1789091718.173127,23,ciclo1_AC_AP,prosumer24,concentrator_trafo_3_22,propose,480,10.037242,0
1789091718.173714,23,ciclo1_AC_AP,prosumer31,concentrator_trafo_3_22,propose,450,7.941900,0
1789091718.174508,23,ciclo1_AC_AP,prosumer23,concentrator_trafo_3_22,propose,387,9.993007,0
1789091718.176801,23,ciclo1_AC_AP,prosumer46,concentrator_trafo_4_34,propose,186,3.007280,0
1789091718.178731,23,ciclo1_AC_AP,prosumer10,concentrator_trafo_1_5,propose,467,7.132546,0
1789091718.181602,23,ciclo1_AC_AP,prosumer41,concentrator_trafo_4_34,propose,140,2.020190,0
1789091718.183587,23,ciclo1_AC_AP,prosumer22,concentrator_trafo_3_22,propose,318,7.622554,0
1789091718.186610,23,ciclo1_AC_AP,prosumer13,concentrator_trafo_2_12,propose,406,13.470820,0
1789091718.188613,23,ciclo1_AC_AP,prosumer8,concentrator_trafo_1_5,propose,153,3.296365,0
1789091718.190517,23,ciclo1_AC_AP,prosumer6,concentrator_trafo_1_5,propose,417,7.875988,0
1789091718.191097,23,ciclo1_AC_AP,prosumer30,concentrator_trafo_3_22,propose,421,9.296430,0
1789091718.193473,23,ciclo1_AC_AP,prosumer11,concentrator_trafo_1_5,propose,334,4.739098,0
1789091718.196149,23,ciclo1_AC_AP,prosumer34,concentrator_trafo_4_34,propose,463,7.819536,0
1789091718.198114,23,ciclo1_AC_AP,prosumer15,concentrator_trafo_2_12,propose,176,11.005833,0
1789091718.200066,23,ciclo1_AC_AP,prosumer14,concentrator_trafo_2_12,propose,414,9.088551,0
1789091718.200617,23,ciclo1_AC_AP,prosumer40,concentrator_trafo_4_34,propose,408,6.308731,0
1789091718.202583,23,ciclo1_AC_AP,prosumer18,concentrator_trafo_2_12,propose,120,3.034636,0
1789091718.205564,23,ciclo1_AC_AP,prosumer33,concentrator_trafo_3_22,propose,229,5.363903,0
1789091718.207487,23,ciclo1_AC_AP,prosumer44,concentrator_trafo_4_34,propose,274,11.001243,0
1789091718.209394,23,ciclo1_AC_AP,prosumer21,concentrator_trafo_2_12,propose,477,8.588976,0
1789091718.209914,23,ciclo1_AC_AP,prosumer43,concentrator_trafo_4_34,propose,475,7.068339,0
1789091718.212037,23,ciclo1_AC_AP,prosumer38,concentrator_trafo_4_34,propose,292,8.370267,0
1789091718.214546,23,ciclo1_AC_AP,prosumer28,concentrator_trafo_3_22,propose,113,1.837873,0
1789091718.216493,23,ciclo1_AC_AP,prosumer16,concentrator_trafo_2_12,propose,420,7.853376,0
1789091718.218425,23,ciclo1_AC_AP,prosumer32,concentrator_trafo_3_22,propose,118,5.484346,0
1789091718.220395,23,ciclo1_AC_AP,prosumer35,concentrator_trafo_4_34,propose,354,12.663351,0
1789091718.222808,23,ciclo1_AC_AP,prosumer19,concentrator_trafo_2_12,propose,145,3.834599,0
1789091718.224716,23,ciclo1_AC_AP,prosumer36,concentrator_trafo_4_34,propose,283,9.824002,0
1789091718.227491,23,ciclo1_AC_AP,prosumer27,concentrator_trafo_3_22,propose,249,7.485571,0
1789091718.229473,23,ciclo1_AC_AP,prosumer9,concentrator_trafo_1_5,propose,443,9.954959,0
1789091718.232502,23,ciclo1_AC_AP,prosumer39,concentrator_trafo_4_34,propose,177,7.166706,0
1789091718.234445,23,ciclo1_AC_AP,prosumer26,concentrator_trafo_3_22,propose,334,11.830837,0
1789091718.236634,23,ciclo1_AC_AP,prosumer37,concentrator_trafo_4_34,propose,220,4.925560,0
1789091718.238557,23,ciclo1_AC_AP,prosumer7,concentrator_trafo_1_5,propose,359,4.660554,0
1789091718.239600,23,ciclo1_AC_AP,prosumer42,concentrator_trafo_4_34,propose,282,14.313567,0
1789091718.241678,23,ciclo1_AC_AP,prosumer45,concentrator_trafo_4_34,propose,183,11.223513,0
1789091718.243615,23,ciclo1_AC_AP,prosumer25,concentrator_trafo_3_22,propose,476,13.159904,0
1789091718.244730,23,ciclo1_AC_AP,prosumer29,concentrator_trafo_3_22,propose,485,17.623190,0
1789091718.429269,23,ciclo2_AD_AC,dso,concentrator_trafo_1_5,cfp,100,2.100403,0
1789091718.429579,23,ciclo2_AD_AC,dso,concentrator_trafo_2_12,cfp,100,1.352976,0
1789091718.429829,23,ciclo2_AD_AC,dso,concentrator_trafo_3_22,cfp,100,4.461245,0
1789091718.430006,23,ciclo2_AD_AC,dso,concentrator_trafo_4_34,cfp,100,7.099069,0
1789091718.448717,23,ciclo2_AD_AC,concentrator_trafo_2_12,dso,propose,1207,19.242302,0
1789091718.452926,23,ciclo2_AD_AC,concentrator_trafo_1_5,dso,propose,1172,42.236411,0
1789091718.483508,23,ciclo2_AD_AC,concentrator_trafo_3_22,dso,propose,1138,35.566502,0
1789091718.511122,23,ciclo2_AD_AC,concentrator_trafo_4_34,dso,propose,1411,71.830808,0
1789091719.239979,23,ciclo3_AM_AC_AD,market,dso,cfp,100,2.314832,0
1789091719.275392,23,ciclo3_AM_AC_AD,dso,market,propose,1252,18.395261,0
1789091719.469736,23,ciclo3_AM_AC_AD,market,concentrator_trafo_1_5,cfp,100,7.504296,0
1789091719.470367,23,ciclo3_AM_AC_AD,market,concentrator_trafo_2_12,cfp,100,5.691581,0
1789091719.470729,23,ciclo3_AM_AC_AD,market,concentrator_trafo_3_22,cfp,100,2.732046,0
1789091719.471067,23,ciclo3_AM_AC_AD,market,concentrator_trafo_4_34,cfp,100,2.645690,0
1789091719.471320,23,ciclo3_AM_AC_AD,market,dso,cfp,100,0.660539,0
1789091719.534599,23,ciclo3_AM_AC_AD,concentrator_trafo_4_34,market,propose,1483,51.651219,0
1789091719.539829,23,ciclo3_AM_AC_AD,dso,market,propose,1201,19.822969,0
1789091719.542625,23,ciclo3_AM_AC_AD,concentrator_trafo_3_22,market,propose,1007,15.110505,0
1789091719.556396,23,ciclo3_AM_AC_AD,concentrator_trafo_2_12,market,propose,1159,40.264811,0
1789091719.558767,23,ciclo3_AM_AC_AD,concentrator_trafo_1_5,market,propose,1271,45.853736,0
1789091720.125168,24,ciclo1_AC_AP,concentrator_trafo_1_5,prosumer5,cfp,100,3.726325,0
1789091720.125446,24,ciclo1_AC_AP,concentrator_trafo_1_5,prosumer6,cfp,100,1.539223,0
1789091720.125648,24,ciclo1_AC_AP,concentrator_trafo_1_5,prosumer7,cfp,100,6.220155,0
1789091720.125805,24,ciclo1_AC_AP,concentrator_trafo_1_5,prosumer8,cfp,100,2.934714,0
1789091720.125942,24,ciclo1_AC_AP,concentrator_trafo_1_5,prosumer9,cfp,100,6.057799,0
1789091720.126077,24,ciclo1_AC_AP,concentrator_trafo_1_5,prosumer10,cfp,100,0.014828,0
1789091720.126211,24,ciclo1_AC_AP,concentrator_trafo_1_5,prosumer11,cfp,100,3.927465,0
1789091720.127053,24,ciclo1_AC_AP,concentrator_trafo_2_12,prosumer12,cfp,100,2.800219,0
1789091720.127409,24,ciclo1_AC_AP,concentrator_trafo_2_12,prosumer13,cfp,100,5.900635,0
1789091720.127730,24,ciclo1_AC_AP,concentrator_trafo_2_12,prosumer14,cfp,100,0.425939,0
1789091720.128026,24,ciclo1_AC_AP,concentrator_trafo_2_12,prosumer15,cfp,100,5.604807,0
1789091720.128314,24,ciclo1_AC_AP,concentrator_trafo_2_12,prosumer16,cfp,100,2.048439,0
1789091720.128481,24,ciclo1_AC_AP,concentrator_trafo_2_12,prosumer17,cfp,100,3.400767,0
1789091720.128654,24,ciclo1_AC_AP,concentrator_trafo_2_12,prosumer18,cfp,100,0.628652,0
1789091720.128812,24,ciclo1_AC_AP,concentrator_trafo_2_12,prosumer19,cfp,100,2.555086,0
1789091720.128963,24,ciclo1_AC_AP,concentrator_trafo_2_12,prosumer20,cfp,100,2.589941,0
1789091720.129115,24,ciclo1_AC_AP,concentrator_trafo_2_12,prosumer21,cfp,100,1.644953,0
1789091720.130005,24,ciclo1_AC_AP,concentrator_trafo_3_22,prosumer22,cfp,100,1.066875,0
1789091720.130212,24,ciclo1_AC_AP,concentrator_trafo_3_22,prosumer23,cfp,100,1.894111,0
1789091720.130369,24,ciclo1_AC_AP,concentrator_trafo_3_22,prosumer24,cfp,100,2.678078,0
1789091720.130538,24,ciclo1_AC_AP,concentrator_trafo_3_22,prosumer25,cfp,100,4.281951,0
1789091720.130712,24,ciclo1_AC_AP,concentrator_trafo_3_22,prosumer26,cfp,100,1.785469,0
1789091720.130862,24,ciclo1_AC_AP,concentrator_trafo_3_22,prosumer27,cfp,100,4.901219,0
1789091720.131010,24,ciclo1_AC_AP,concentrator_trafo_3_22,prosumer28,cfp,100,5.348132,0
1789091720.131155,24,ciclo1_AC_AP,concentrator_trafo_3_22,prosumer29,cfp,100,2.423125,0
1789091720.131298,24,ciclo1_AC_AP,concentrator_trafo_3_22,prosumer30,cfp,100,2.157637,0
1789091720.131443,24,ciclo1_AC_AP,concentrator_trafo_3_22,prosumer31,cfp,100,0.834921,0
1789091720.131596,24,ciclo1_AC_AP,concentrator_trafo_3_22,prosumer32,cfp,100,3.436208,0
1789091720.131742,24,ciclo1_AC_AP,concentrator_trafo_3_22,prosumer33,cfp,100,2.919891,0
1789091720.132509,24,ciclo1_AC_AP,concentrator_trafo_4_34,prosumer34,cfp,100,3.128226,0
1789091720.132716,24,ciclo1_AC_AP,concentrator_trafo_4_34,prosumer35,cfp,100,3.365660,0
1789091720.132879,24,ciclo1_AC_AP,concentrator_trafo_4_34,prosumer36,cfp,100,6.853885,0
1789091720.133030,24,ciclo1_AC_AP,concentrator_trafo_4_34,prosumer37,cfp,100,3.580875,0
1789091720.133178,24,ciclo1_AC_AP,concentrator_trafo_4_34,prosumer38,cfp,100,0.399660,0
1789091720.133323,24,ciclo1_AC_AP,concentrator_trafo_4_34,prosumer39,cfp,100,4.833453,0
1789091720.133468,24,ciclo1_AC_AP,concentrator_trafo_4_34,prosumer40,cfp,100,1.065580,0
1789091720.133733,24,ciclo1_AC_AP,concentrator_trafo_4_34,prosumer41,cfp,100,1.997772,0
1789091720.133902,24,ciclo1_AC_AP,concentrator_trafo_4_34,prosumer42,cfp,100,0.328233,0
1789091720.134055,24,ciclo1_AC_AP,concentrator_trafo_4_34,prosumer43,cfp,100,3.522496,0
1789091720.134204,24,ciclo1_AC_AP,concentrator_trafo_4_34,prosumer44,cfp,100,7.327163,0
1789091720.134347,24,ciclo1_AC_AP,concentrator_trafo_4_34,prosumer45,cfp,100,2.235657,0
1789091720.134489,24,ciclo1_AC_AP,concentrator_trafo_4_34,prosumer46,cfp,100,2.699507,0
1789091720.138984,24,ciclo1_AC_AP,prosumer10,concentrator_trafo_1_5,propose,247,2.965606,0
1789091720.142518,24,ciclo1_AC_AP,prosumer14,concentrator_trafo_2_12,propose,381,6.816276,0
1789091720.143855,24,ciclo1_AC_AP,prosumer18,concentrator_trafo_2_12,propose,340,7.485028,0
1789091720.147184,24,ciclo1_AC_AP,prosumer38,concentrator_trafo_4_34,propose,117,7.836266,0
1789091720.149111,24,ciclo1_AC_AP,prosumer42,concentrator_trafo_4_34,propose,495,14.098876,0
1789091720.151224,24,ciclo1_AC_AP,prosumer31,concentrator_trafo_3_22,propose,372,7.817787,0
1789091720.153252,24,ciclo1_AC_AP,prosumer22,concentrator_trafo_3_22,propose,392,6.198963,0
1789091720.153870,24,ciclo1_AC_AP,prosumer6,concentrator_trafo_1_5,propose,382,7.859352,0
1789091720.156166,24,ciclo1_AC_AP,prosumer40,concentrator_trafo_4_34,propose,234,3.708569,0
1789091720.159618,24,ciclo1_AC_AP,prosumer21,concentrator_trafo_2_12,propose,451,6.700615,0
1789091720.161538,24,ciclo1_AC_AP,prosumer26,concentrator_trafo_3_22,propose,119,7.746736,0
1789091720.163481,24,ciclo1_AC_AP,prosumer16,concentrator_trafo_2_12,propose,333,6.234549,0
1789091720.164064,24,ciclo1_AC_AP,prosumer23,concentrator_trafo_3_22,propose,302,7.514548,0
1789091720.166047,24,ciclo1_AC_AP,prosumer30,concentrator_trafo_3_22,propose,469,9.141048,0
1789091720.167979,24,ciclo1_AC_AP,prosumer41,concentrator_trafo_4_34,propose,161,2.235291,0
1789091720.170609,24,ciclo1_AC_AP,prosumer19,concentrator_trafo_2_12,propose,306,6.825286,0
1789091720.171149,24,ciclo1_AC_AP,prosumer20,concentrator_trafo_2_12,propose,277,6.624909,0
1789091720.171969,24,ciclo1_AC_AP,prosumer12,concentrator_trafo_2_12,propose,353,4.281003,0
1789091720.173869,24,ciclo1_AC_AP,prosumer8,concentrator_trafo_1_5,propose,126,2.266085,0
1789091720.174423,24,ciclo1_AC_AP,prosumer29,concentrator_trafo_3_22,propose,110,1.588786,0
1789091720.176332,24,ciclo1_AC_AP,prosumer45,concentrator_trafo_4_34,propose,239,8.962647,0
1789091720.179204,24,ciclo1_AC_AP,prosumer24,concentrator_trafo_3_22,propose,478,7.671963,0
1789091720.181594,24,ciclo1_AC_AP,prosumer33,concentrator_trafo_3_22,propose,117,0.502548,0
1789091720.183553,24,ciclo1_AC_AP,prosumer46,concentrator_trafo_4_34,propose,230,4.914741,0
1789091720.185490,24,ciclo1_AC_AP,prosumer5,concentrator_trafo_1_5,propose,448,6.979989,0
1789091720.186059,24,ciclo1_AC_AP,prosumer17,concentrator_trafo_2_12,propose,448,10.009412,0
1789091720.186574,24,ciclo1_AC_AP,prosumer34,concentrator_trafo_4_34,propose,397,9.253896,0
1789091720.187070,24,ciclo1_AC_AP,prosumer11,concentrator_trafo_1_5,propose,459,6.061590,0
1789091720.187671,24,ciclo1_AC_AP,prosumer32,concentrator_trafo_3_22,propose,497,18.097099,0
1789091720.189672,24,ciclo1_AC_AP,prosumer35,concentrator_trafo_4_34,propose,248,8.653979,0
1789091720.192357,24,ciclo1_AC_AP,prosumer37,concentrator_trafo_4_34,propose,451,18.659882,0
1789091720.192865,24,ciclo1_AC_AP,prosumer43,concentrator_trafo_4_34,propose,490,9.129503,0
1789091720.194708,24,ciclo1_AC_AP,prosumer25,concentrator_trafo_3_22,propose,206,6.536097,0
1789091720.198194,24,ciclo1_AC_AP,prosumer27,concentrator_trafo_3_22,propose,490,16.187258,0
1789091720.200390,24,ciclo1_AC_AP,prosumer39,concentrator_trafo_4_34,propose,370,11.504616,0
1789091720.200898,24,ciclo1_AC_AP,prosumer15,concentrator_trafo_2_12,propose,364,14.015696,0
1789091720.201396,24,ciclo1_AC_AP,prosumer28,concentrator_trafo_3_22,propose,274,10.776173,0
1789091720.201824,24,ciclo1_AC_AP,prosumer13,concentrator_trafo_2_12,propose,297,13.224761,0
1789091720.203773,24,ciclo1_AC_AP,prosumer9,concentrator_trafo_1_5,propose,228,4.431297,0
1789091720.204490,24,ciclo1_AC_AP,prosumer7,concentrator_trafo_1_5,propose,206,6.165178,0
1789091720.206550,24,ciclo1_AC_AP,prosumer36,concentrator_trafo_4_34,propose,159,9.567561,0
1789091720.209786,24,ciclo1_AC_AP,prosumer44,concentrator_trafo_4_34,propose,389,18.099367,0
1789091720.398743,24,ciclo2_AD_AC,dso,concentrator_trafo_1_5,cfp,100,4.242465,0
1789091720.399637,24,ciclo2_AD_AC,dso,concentrator_trafo_2_12,cfp,100,3.674660,0
1789091720.400339,24,ciclo2_AD_AC,dso,concentrator_trafo_3_22,cfp,100,0.932691,0
1789091720.400757,24,ciclo2_AD_AC,dso,concentrator_trafo_4_34,cfp,100,2.987491,0
1789091720.417785,24,ciclo2_AD_AC,concentrator_trafo_3_22,dso,propose,1168,41.191427,0
1789091720.437472,24,ciclo2_AD_AC,concentrator_trafo_4_34,dso,propose,1412,73.551001,0
1789091720.439515,24,ciclo2_AD_AC,concentrator_trafo_2_12,dso,propose,1495,25.296829,0
1789091720.444681,24,ciclo2_AD_AC,concentrator_trafo_1_5,dso,propose,1482,49.667420,0
1789091721.183829,24,ciclo3_AM_AC_AD,market,dso,cfp,100,0.358237,0
1789091721.198412,24,ciclo3_AM_AC_AD,dso,market,propose,1473,26.048972,0
1789091721.469387,24,ciclo3_AM_AC_AD,market,concentrator_trafo_1_5,cfp,100,1.859304,0
1789091721.470031,24,ciclo3_AM_AC_AD,market,concentrator_trafo_2_12,cfp,100,1.877039,0
1789091721.470649,24,ciclo3_AM_AC_AD,market,concentrator_trafo_3_22,cfp,100,0.761614,0
1789091721.471243,24,ciclo3_AM_AC_AD,market,concentrator_trafo_4_34,cfp,100,6.706954,0
1789091721.471493,24,ciclo3_AM_AC_AD,market,dso,cfp,100,0.767728,0
1789091721.528094,24,ciclo3_AM_AC_AD,concentrator_trafo_3_22,market,propose,1124,21.639903,0
1789091721.536168,24,ciclo3_AM_AC_AD,dso,market,propose,1300,20.794123,0
1789091721.539492,24,ciclo3_AM_AC_AD,concentrator_trafo_1_5,market,propose,1345,45.294189,0
1789091721.540676,24,ciclo3_AM_AC_AD,concentrator_trafo_2_12,market,propose,1368,45.742991,0
1789091721.554861,24,ciclo3_AM_AC_AD,concentrator_trafo_4_34,market,propose,1272,46.717212,0
1789091722.095515,25,ciclo1_AC_AP,concentrator_trafo_1_5,prosumer5,cfp,100,2.076308,0
1789091722.095750,25,ciclo1_AC_AP,concentrator_trafo_1_5,prosumer6,cfp,100,3.250190,0
1789091722.095883,25,ciclo1_AC_AP,concentrator_trafo_1_5,prosumer7,cfp,100,2.498055,0
1789091722.095989,25,ciclo1_AC_AP,concentrator_trafo_1_5,prosumer8,cfp,100,1.862425,0
1789091722.096082,25,ciclo1_AC_AP,concentrator_trafo_1_5,prosumer9,cfp,100,3.400990,0
1789091722.096171,25,ciclo1_AC_AP,concentrator_trafo_1_5,prosumer10,cfp,100,3.507281,0
1789091722.096259,25,ciclo1_AC_AP,concentrator_trafo_1_5,prosumer11,cfp,100,0.140773,0
1789091722.096841,25,ciclo1_AC_AP,concentrator_trafo_2_12,prosumer12,cfp,100,1.132682,0
1789091722.096948,25,ciclo1_AC_AP,concentrator_trafo_2_12,prosumer13,cfp,100,3.832992,0
1789091722.097031,25,ciclo1_AC_AP,concentrator_trafo_2_12,prosumer14,cfp,100,3.147598,0
1789091722.097109,25,ciclo1_AC_AP,concentrator_trafo_2_12,prosumer15,cfp,100,2.352145,0
1789091722.097183,25,ciclo1_AC_AP,concentrator_trafo_2_12,prosumer16,cfp,100,2.589619,0
1789091722.097255,25,ciclo1_AC_AP,concentrator_trafo_2_12,prosumer17,cfp,100,2.975170,0
1789091722.097328,25,ciclo1_AC_AP,concentrator_trafo_2_12,prosumer18,cfp,100,2.232356,0
1789091722.097400,25,ciclo1_AC_AP,concentrator_trafo_2_12,prosumer19,cfp,100,2.272126,0
1789091722.097471,25,ciclo1_AC_AP,concentrator_trafo_2_12,prosumer20,cfp,100,3.812381,0
1789091722.097548,25,ciclo1_AC_AP,concentrator_trafo_2_12,prosumer21,cfp,100,1.011406,0
1789091722.098046,25,ciclo1_AC_AP,concentrator_trafo_3_22,prosumer22,cfp,100,0.951197,0
1789091722.098136,25,ciclo1_AC_AP,concentrator_trafo_3_22,prosumer23,cfp,100,3.627167,0
1789091722.098212,25,ciclo1_AC_AP,concentrator_trafo_3_22,prosumer24,cfp,100,3.996250,0
1789091722.098285,25,ciclo1_AC_AP,concentrator_trafo_3_22,prosumer25,cfp,100,5.725249,0
1789091722.098366,25,ciclo1_AC_AP,concentrator_trafo_3_22,prosumer26,cfp,100,6.352452,0
1789091722.098437,25,ciclo1_AC_AP,concentrator_trafo_3_22,prosumer27,cfp,100,3.137304,0
1789091722.098513,25,ciclo1_AC_AP,concentrator_trafo_3_22,prosumer28,cfp,100,4.445775,0
1789091722.098644,25,ciclo1_AC_AP,concentrator_trafo_3_22,prosumer29,cfp,100,2.229419,0
1789091722.098732,25,ciclo1_AC_AP,concentrator_trafo_3_22,prosumer30,cfp,100,0.561342,0
1789091722.098813,25,ciclo1_AC_AP,concentrator_trafo_3_22,prosumer31,cfp,100,3.357061,0
1789091722.098891,25,ciclo1_AC_AP,concentrator_trafo_3_22,prosumer32,cfp,100,1.066778,0
1789091722.098969,25,ciclo1_AC_AP,concentrator_trafo_3_22,prosumer33,cfp,100,1.161256,0
1789091722.099471,25,ciclo1_AC_AP,concentrator_trafo_4_34,prosumer34,cfp,100,3.043429,0
1789091722.099568,25,ciclo1_AC_AP,concentrator_trafo_4_34,prosumer35,cfp,100,1.605871,0
1789091722.099682,25,ciclo1_AC_AP,concentrator_trafo_4_34,prosumer36,cfp,100,4.087401,0
1789091722.099762,25,ciclo1_AC_AP,concentrator_trafo_4_34,prosumer37,cfp,100,1.596478,0
1789091722.099845,25,ciclo1_AC_AP,concentrator_trafo_4_34,prosumer38,cfp,100,4.782362,0
1789091722.099918,25,ciclo1_AC_AP,concentrator_trafo_4_34,prosumer39,cfp,100,5.923540,0
1789091722.099991,25,ciclo1_AC_AP,concentrator_trafo_4_34,prosumer40,cfp,100,0.423994,0
1789091722.100069,25,ciclo1_AC_AP,concentrator_trafo_4_34,prosumer41,cfp,100,3.424653,0
1789091722.100163,25,ciclo1_AC_AP,concentrator_trafo_4_34,prosumer42,cfp,100,4.641407,0
1789091722.100242,25,ciclo1_AC_AP,concentrator_trafo_4_34,prosumer43,cfp,100,3.612538,0
1789091722.100317,25,ciclo1_AC_AP,concentrator_trafo_4_34,prosumer44,cfp,100,2.799999,0
1789091722.100389,25,ciclo1_AC_AP,concentrator_trafo_4_34,prosumer45,cfp,100,3.899651,0
1789091722.100462,25,ciclo1_AC_AP,concentrator_trafo_4_34,prosumer46,cfp,100,1.204680,0
1789091722.104364,25,ciclo1_AC_AP,prosumer11,concentrator_trafo_1_5,propose,448,9.695952,0
1789091722.107604,25,ciclo1_AC_AP,prosumer40,concentrator_trafo_4_34,propose,280,4.217196,0
1789091722.111640,25,ciclo1_AC_AP,prosumer30,concentrator_trafo_3_22,propose,183,3.921124,0
1789091722.114409,25,ciclo1_AC_AP,prosumer22,concentrator_trafo_3_22,propose,178,5.214790,0
1789091722.117124,25,ciclo1_AC_AP,prosumer21,concentrator_trafo_2_12,propose,269,5.326904,0
1789091722.119813,25,ciclo1_AC_AP,prosumer12,concentrator_trafo_2_12,propose,482,6.541573,0
1789091722.122853,25,ciclo1_AC_AP,prosumer32,concentrator_trafo_3_22,propose,104,7.170431,0
1789091722.126180,25,ciclo1_AC_AP,prosumer33,concentrator_trafo_3_22,propose,399,6.422608,0
1789091722.130768,25,ciclo1_AC_AP,prosumer46,concentrator_trafo_4_34,propose,126,1.932938,0
1789091722.136722,25,ciclo1_AC_AP,prosumer8,concentrator_trafo_1_5,propose,389,8.022473,0
1789091722.139513,25,ciclo1_AC_AP,prosumer35,concentrator_trafo_4_34,propose,179,11.267137,0
1789091722.143354,25,ciclo1_AC_AP,prosumer37,concentrator_trafo_4_34,propose,276,14.892366,0
1789091722.144252,25,ciclo1_AC_AP,prosumer5,concentrator_trafo_1_5,propose,285,6.060641,0
1789091722.147121,25,ciclo1_AC_AP,prosumer18,concentrator_trafo_2_12,propose,249,2.046108,0
1789091722.149687,25,ciclo1_AC_AP,prosumer19,concentrator_trafo_2_12,propose,420,9.274526,0
1789091722.152135,25,ciclo1_AC_AP,prosumer15,concentrator_trafo_2_12,propose,250,8.169052,0
1789091722.154350,25,ciclo1_AC_AP,prosumer7,concentrator_trafo_1_5,propose,265,10.635028,0
1789091722.155014,25,ciclo1_AC_AP,prosumer29,concentrator_trafo_3_22,propose,353,10.909362,0
1789091722.157183,25,ciclo1_AC_AP,prosumer16,concentrator_trafo_2_12,propose,500,9.296752,0
1789091722.161909,25,ciclo1_AC_AP,prosumer17,concentrator_trafo_2_12,propose,306,4.665894,0
1789091722.165211,25,ciclo1_AC_AP,prosumer6,concentrator_trafo_1_5,propose,407,8.984911,0
1789091722.167957,25,ciclo1_AC_AP,prosumer44,concentrator_trafo_4_34,propose,320,10.096229,0
1789091722.170730,25,ciclo1_AC_AP,prosumer14,concentrator_trafo_2_12,propose,187,5.087779,0
1789091722.173941,25,ciclo1_AC_AP,prosumer27,concentrator_trafo_3_22,propose,100,5.333759,0
1789091722.177684,25,ciclo1_AC_AP,prosumer34,concentrator_trafo_4_34,propose,172,5.180320,0
1789091722.180892,25,ciclo1_AC_AP,prosumer9,concentrator_trafo_1_5,propose,391,8.144770,0
1789091722.183463,25,ciclo1_AC_AP,prosumer10,concentrator_trafo_1_5,propose,122,0.259059,0
1789091722.186862,25,ciclo1_AC_AP,prosumer31,concentrator_trafo_3_22,propose,326,4.899795,0
1789091722.189988,25,ciclo1_AC_AP,prosumer41,concentrator_trafo_4_34,propose,164,5.781224,0
1789091722.192046,25,ciclo1_AC_AP,prosumer23,concentrator_trafo_3_22,propose,274,4.054053,0
1789091722.194129,25,ciclo1_AC_AP,prosumer13,concentrator_trafo_2_12,propose,104,5.346868,0
1789091722.196143,25,ciclo1_AC_AP,prosumer20,concentrator_trafo_2_12,propose,469,6.395974,0
1789091722.198262,25,ciclo1_AC_AP,prosumer43,concentrator_trafo_4_34,propose,345,6.632617,0
1789091722.200375,25,ciclo1_AC_AP,prosumer24,concentrator_trafo_3_22,propose,440,6.579307,0
1789091722.201152,25,ciclo1_AC_AP,prosumer45,concentrator_trafo_4_34,propose,439,16.426600,0
1789091722.201885,25,ciclo1_AC_AP,prosumer36,concentrator_trafo_4_34,propose,498,17.492515,0
1789091722.204002,25,ciclo1_AC_AP,prosumer28,concentrator_trafo_3_22,propose,231,5.854427,0
1789091722.206255,25,ciclo1_AC_AP,prosumer42,concentrator_trafo_4_34,propose,482,16.969483,0
1789091722.206832,25,ciclo1_AC_AP,prosumer38,concentrator_trafo_4_34,propose,413,7.106089,0
1789091722.209449,25,ciclo1_AC_AP,prosumer25,concentrator_trafo_3_22,propose,196,9.022550,0
1789091722.210630,25,ciclo1_AC_AP,prosumer39,concentrator_trafo_4_34,propose,135,7.585514,0
1789091722.212623,25,ciclo1_AC_AP,prosumer26,concentrator_trafo_3_22,propose,381,9.671992,0
1789091722.384004,25,ciclo2_AD_AC,dso,concentrator_trafo_1_5,cfp,100,3.784322,0
1789091722.384624,25,ciclo2_AD_AC,dso,concentrator_trafo_2_12,cfp,100,3.349148,0
1789091722.385185,25,ciclo2_AD_AC,dso,concentrator_trafo_3_22,cfp,100,6.382319,0
1789091722.385550,25,ciclo2_AD_AC,dso,concentrator_trafo_4_34,cfp,100,6.963870,0
1789091722.426948,25,ciclo2_AD_AC,concentrator_trafo_2_12,dso,propose,1479,26.255289,0
1789091722.431931,25,ciclo2_AD_AC,concentrator_trafo_1_5,dso,propose,1217,39.428785,0
1789091722.457523,25,ciclo2_AD_AC,concentrator_trafo_3_22,dso,propose,1142,36.038534,0
1789091722.462754,25,ciclo2_AD_AC,concentrator_trafo_4_34,dso,propose,1486,74.096536,0
1789091723.214820,25,ciclo3_AM_AC_AD,market,dso,cfp,100,0.521523,0
1789091723.229536,25,ciclo3_AM_AC_AD,dso,market,propose,1425,23.943591,0
1789091723.478123,25,ciclo3_AM_AC_AD,market,concentrator_trafo_1_5,cfp,100,5.001754,0
1789091723.478856,25,ciclo3_AM_AC_AD,market,concentrator_trafo_2_12,cfp,100,2.487908,0
1789091723.479528,25,ciclo3_AM_AC_AD,market,concentrator_trafo_3_22,cfp,100,3.266289,0
1789091723.480064,25,ciclo3_AM_AC_AD,market,concentrator_trafo_4_34,cfp,100,4.605624,0
1789091723.480345,25,ciclo3_AM_AC_AD,market,dso,cfp,100,2.580801,0
1789091723.568810,25,ciclo3_AM_AC_AD,concentrator_trafo_2_12,market,propose,1089,36.293152,0
1789091723.578433,25,ciclo3_AM_AC_AD,concentrator_trafo_3_22,market,propose,1271,25.547727,0
1789091723.582685,25,ciclo3_AM_AC_AD,dso,market,propose,1086,17.178902,0
1789091723.583884,25,ciclo3_AM_AC_AD,concentrator_trafo_4_34,market,propose,1032,39.376458,0
1789091723.588163,25,ciclo3_AM_AC_AD,concentrator_trafo_1_5,market,propose,1337,45.338032,0
1789091724.118838,26,ciclo1_AC_AP,concentrator_trafo_1_5,prosumer5,cfp,100,0.348282,0
1789091724.119685,26,ciclo1_AC_AP,concentrator_trafo_1_5,prosumer6,cfp,100,2.516334,0
1789091724.120382,26,ciclo1_AC_AP,concentrator_trafo_1_5,prosumer7,cfp,100,3.039254,0
1789091724.120957,26,ciclo1_AC_AP,concentrator_trafo_1_5,prosumer8,cfp,100,2.262557,0
1789091724.121491,26,ciclo1_AC_AP,concentrator_trafo_1_5,prosumer9,cfp,100,0.657818,0
1789091724.121967,26,ciclo1_AC_AP,concentrator_trafo_1_5,prosumer10,cfp,100,0.473465,0
1789091724.122266,26,ciclo1_AC_AP,concentrator_trafo_1_5,prosumer11,cfp,100,3.685833,0
1789091724.123349,26,ciclo1_AC_AP,concentrator_trafo_2_12,prosumer12,cfp,100,2.310457,0
1789091724.123519,26,ciclo1_AC_AP,concentrator_trafo_2_12,prosumer13,cfp,100,3.507262,0
1789091724.123687,26,ciclo1_AC_AP,concentrator_trafo_2_12,prosumer14,cfp,100,2.995807,0
1789091724.123828,26,ciclo1_AC_AP,concentrator_trafo_2_12,prosumer15,cfp,100,3.889462,0
1789091724.123964,26,ciclo1_AC_AP,concentrator_trafo_2_12,prosumer16,cfp,100,0.026634,0
1789091724.124097,26,ciclo1_AC_AP,concentrator_trafo_2_12,prosumer17,cfp,100,1.104337,0
1789091724.124228,26,ciclo1_AC_AP,concentrator_trafo_2_12,prosumer18,cfp,100,1.756587,0
1789091724.124362,26,ciclo1_AC_AP,concentrator_trafo_2_12,prosumer19,cfp,100,2.341313,0
1789091724.124495,26,ciclo1_AC_AP,concentrator_trafo_2_12,prosumer20,cfp,100,2.447732,0
1789091724.124808,26,ciclo1_AC_AP,concentrator_trafo_2_12,prosumer21,cfp,100,5.167115,0
1789091724.125803,26,ciclo1_AC_AP,concentrator_trafo_3_22,prosumer22,cfp,100,0.893762,0
1789091724.126262,26,ciclo1_AC_AP,concentrator_trafo_3_22,prosumer23,cfp,100,2.949348,0
1789091724.126671,26,ciclo1_AC_AP,concentrator_trafo_3_22,prosumer24,cfp,100,3.091063,0
1789091724.127091,26,ciclo1_AC_AP,concentrator_trafo_3_22,prosumer25,cfp,100,4.860619,0
1789091724.127403,26,ciclo1_AC_AP,concentrator_trafo_3_22,prosumer26,cfp,100,5.360192,0
1789091724.127583,26,ciclo1_AC_AP,concentrator_trafo_3_22,prosumer27,cfp,100,3.275670,0
1789091724.127733,26,ciclo1_AC_AP,concentrator_trafo_3_22,prosumer28,cfp,100,4.217877,0
1789091724.127872,26,ciclo1_AC_AP,concentrator_trafo_3_22,prosumer29,cfp,100,5.031498,0
1789091724.128009,26,ciclo1_AC_AP,concentrator_trafo_3_22,prosumer30,cfp,100,1.716469,0
1789091724.128148,26,ciclo1_AC_AP,concentrator_trafo_3_22,prosumer31,cfp,100,3.278222,0
1789091724.128292,26,ciclo1_AC_AP,concentrator_trafo_3_22,prosumer32,cfp,100,5.479829,0
1789091724.128437,26,ciclo1_AC_AP,concentrator_trafo_3_22,prosumer33,cfp,100,0.931897,0
1789091724.129257,26,ciclo1_AC_AP,concentrator_trafo_4_34,prosumer34,cfp,100,0.341435,0
1789091724.129433,26,ciclo1_AC_AP,concentrator_trafo_4_34,prosumer35,cfp,100,6.357598,0
1789091724.129602,26,ciclo1_AC_AP,concentrator_trafo_4_34,prosumer36,cfp,100,3.664870,0
1789091724.129757,26,ciclo1_AC_AP,concentrator_trafo_4_34,prosumer37,cfp,100,2.680644,0
1789091724.129897,26,ciclo1_AC_AP,concentrator_trafo_4_34,prosumer38,cfp,100,2.678484,0
1789091724.130033,26,ciclo1_AC_AP,concentrator_trafo_4_34,prosumer39,cfp,100,2.760939,0
1789091724.130166,26,ciclo1_AC_AP,concentrator_trafo_4_34,prosumer40,cfp,100,0.044845,0
1789091724.130295,26,ciclo1_AC_AP,concentrator_trafo_4_34,prosumer41,cfp,100,1.948710,0
1789091724.130421,26,ciclo1_AC_AP,concentrator_trafo_4_34,prosumer42,cfp,100,2.663198,0
1789091724.130557,26,ciclo1_AC_AP,concentrator_trafo_4_34,prosumer43,cfp,100,1.508311,0
1789091724.130691,26,ciclo1_AC_AP,concentrator_trafo_4_34,prosumer44,cfp,100,3.548571,0
1789091724.130879,26,ciclo1_AC_AP,concentrator_trafo_4_34,prosumer45,cfp,100,5.914793,0
1789091724.131042,26,ciclo1_AC_AP,concentrator_trafo_4_34,prosumer46,cfp,100,0.392125,0
1789091724.137752,26,ciclo1_AC_AP,prosumer5,concentrator_trafo_1_5,propose,427,9.469854,0
1789091724.141619,26,ciclo1_AC_AP,prosumer16,concentrator_trafo_2_12,propose,180,5.396256,0
1789091724.145465,26,ciclo1_AC_AP,prosumer10,concentrator_trafo_1_5,propose,396,8.206737,0
1789091724.149013,26,ciclo1_AC_AP,prosumer9,concentrator_trafo_1_5,propose,156,5.592796,0
1789091724.152888,26,ciclo1_AC_AP,prosumer40,concentrator_trafo_4_34,propose,358,4.612047,0
1789091724.159382,26,ciclo1_AC_AP,prosumer34,concentrator_trafo_4_34,propose,423,7.483956,0
1789091724.168056,26,ciclo1_AC_AP,prosumer22,concentrator_trafo_3_22,propose,378,7.156970,0
1789091724.171805,26,ciclo1_AC_AP,prosumer46,concentrator_trafo_4_34,propose,409,9.256779,0
1789091724.175746,26,ciclo1_AC_AP,prosumer17,concentrator_trafo_2_12,propose,296,4.115119,0
1789091724.179037,26,ciclo1_AC_AP,prosumer33,concentrator_trafo_3_22,propose,486,9.051038,0
1789091724.181537,26,ciclo1_AC_AP,prosumer18,concentrator_trafo_2_12,propose,322,6.103620,0
1789091724.183770,26,ciclo1_AC_AP,prosumer8,concentrator_trafo_1_5,propose,236,4.935852,0
1789091724.186473,26,ciclo1_AC_AP,prosumer6,concentrator_trafo_1_5,propose,259,7.503701,0
1789091724.189029,26,ciclo1_AC_AP,prosumer30,concentrator_trafo_3_22,propose,245,4.285025,0
1789091724.191207,26,ciclo1_AC_AP,prosumer43,concentrator_trafo_4_34,propose,106,1.487599,0
1789091724.193337,26,ciclo1_AC_AP,prosumer12,concentrator_trafo_2_12,propose,319,5.322884,0
1789091724.195498,26,ciclo1_AC_AP,prosumer19,concentrator_trafo_2_12,propose,498,8.178505,0
1789091724.196241,26,ciclo1_AC_AP,prosumer20,concentrator_trafo_2_12,propose,467,6.724765,0
1789091724.198295,26,ciclo1_AC_AP,prosumer41,concentrator_trafo_4_34,propose,243,2.823025,0
1789091724.198920,26,ciclo1_AC_AP,prosumer7,concentrator_trafo_1_5,propose,232,4.490845,0
1789091724.201463,26,ciclo1_AC_AP,prosumer14,concentrator_trafo_2_12,propose,375,6.751173,0
1789091724.202403,26,ciclo1_AC_AP,prosumer23,concentrator_trafo_3_22,propose,369,5.845136,0
1789091724.204376,26,ciclo1_AC_AP,prosumer37,concentrator_trafo_4_34,propose,383,19.113886,0
1789091724.206328,26,ciclo1_AC_AP,prosumer38,concentrator_trafo_4_34,propose,262,7.928278,0
1789091724.206895,26,ciclo1_AC_AP,prosumer42,concentrator_trafo_4_34,propose,275,13.900885,0
1789091724.208809,26,ciclo1_AC_AP,prosumer24,concentrator_trafo_3_22,propose,197,4.724357,0
1789091724.210727,26,ciclo1_AC_AP,prosumer39,concentrator_trafo_4_34,propose,461,17.623081,0
1789091724.211282,26,ciclo1_AC_AP,prosumer13,concentrator_trafo_2_12,propose,500,13.249435,0
1789091724.213192,26,ciclo1_AC_AP,prosumer11,concentrator_trafo_1_5,propose,321,6.219342,0
1789091724.215104,26,ciclo1_AC_AP,prosumer27,concentrator_trafo_3_22,propose,172,10.019765,0
1789091724.217086,26,ciclo1_AC_AP,prosumer31,concentrator_trafo_3_22,propose,103,2.211012,0
1789091724.220361,26,ciclo1_AC_AP,prosumer15,concentrator_trafo_2_12,propose,484,14.115735,0
1789091724.222644,26,ciclo1_AC_AP,prosumer44,concentrator_trafo_4_34,propose,361,14.643887,0
1789091724.224646,26,ciclo1_AC_AP,prosumer36,concentrator_trafo_4_34,propose,179,8.513879,0
1789091724.226696,26,ciclo1_AC_AP,prosumer28,concentrator_trafo_3_22,propose,438,14.468271,0
1789091724.227225,26,ciclo1_AC_AP,prosumer25,concentrator_trafo_3_22,propose,459,16.714772,0
1789091724.227700,26,ciclo1_AC_AP,prosumer21,concentrator_trafo_2_12,propose,500,9.371445,0
1789091724.228412,26,ciclo1_AC_AP,prosumer29,concentrator_trafo_3_22,propose,388,15.627808,0
1789091724.230336,26,ciclo1_AC_AP,prosumer26,concentrator_trafo_3_22,propose,296,12.272502,0
1789091724.230788,26,ciclo1_AC_AP,prosumer32,concentrator_trafo_3_22,propose,284,11.950166,0
1789091724.231248,26,ciclo1_AC_AP,prosumer45,concentrator_trafo_4_34,propose,337,13.044283,0
1789091724.233042,26,ciclo1_AC_AP,prosumer35,concentrator_trafo_4_34,propose,118,3.768465,0
1789091724.398075,26,ciclo2_AD_AC,dso,concentrator_trafo_1_5,cfp,100,7.231563,0
1789091724.398494,26,ciclo2_AD_AC,dso,concentrator_trafo_2_12,cfp,100,3.669112,0
1789091724.398841,26,ciclo2_AD_AC,dso,concentrator_trafo_3_22,cfp,100,2.489927,0
1789091724.399243,26,ciclo2_AD_AC,dso,concentrator_trafo_4_34,cfp,100,9.367437,0
1789091724.432482,26,ciclo2_AD_AC,concentrator_trafo_3_22,dso,propose,1287,42.201888,0
1789091724.440639,26,ciclo2_AD_AC,concentrator_trafo_2_12,dso,propose,1467,22.420283,0
1789091724.478688,26,ciclo2_AD_AC,concentrator_trafo_1_5,dso,propose,1210,41.363321,0
1789091724.498812,26,ciclo2_AD_AC,concentrator_trafo_4_34,dso,propose,1325,70.000074,0
1789091725.209631,26,ciclo3_AM_AC_AD,market,dso,cfp,100,1.619191,0
1789091725.237785,26,ciclo3_AM_AC_AD,dso,market,propose,1314,23.100574,0
1789091725.475802,26,ciclo3_AM_AC_AD,market,concentrator_trafo_1_5,cfp,100,3.966366,0
1789091725.476758,26,ciclo3_AM_AC_AD,market,concentrator_trafo_2_12,cfp,100,6.644399,0
1789091725.477345,26,ciclo3_AM_AC_AD,market,concentrator_trafo_3_22,cfp,100,0.093415,0
1789091725.477808,26,ciclo3_AM_AC_AD,market,concentrator_trafo_4_34,cfp,100,5.346791,0
1789091725.478259,26,ciclo3_AM_AC_AD,market,dso,cfp,100,1.665016,0
1789091725.533302,26,ciclo3_AM_AC_AD,concentrator_trafo_1_5,market,propose,1408,49.906403,0
1789091725.534089,26,ciclo3_AM_AC_AD,dso,market,propose,1411,22.379486,0
1789091725.536391,26,ciclo3_AM_AC_AD,concentrator_trafo_3_22,market,propose,1389,20.503140,0
1789091725.555103,26,ciclo3_AM_AC_AD,concentrator_trafo_4_34,market,propose,1116,36.294101,0
1789091725.563962,26,ciclo3_AM_AC_AD,concentrator_trafo_2_12,market,propose,1460,48.368546,0
1789091726.123400,27,ciclo1_AC_AP,concentrator_trafo_1_5,prosumer5,cfp,100,3.033151,0
1789091726.123941,27,ciclo1_AC_AP,concentrator_trafo_1_5,prosumer6,cfp,100,0.044074,0
1789091726.124350,27,ciclo1_AC_AP,concentrator_trafo_1_5,prosumer7,cfp,100,3.727348,0
1789091726.124670,27,ciclo1_AC_AP,concentrator_trafo_1_5,prosumer8,cfp,100,1.967927,0
1789091726.124942,27,ciclo1_AC_AP,concentrator_trafo_1_5,prosumer9,cfp,100,1.009568,0
1789091726.125114,27,ciclo1_AC_AP,concentrator_trafo_1_5,prosumer10,cfp,100,1.778376,0
1789091726.125265,27,ciclo1_AC_AP,concentrator_trafo_1_5,prosumer11,cfp,100,1.376146,0
1789091726.126141,27,ciclo1_AC_AP,concentrator_trafo_2_12,prosumer12,cfp,100,3.794332,0
1789091726.126323,27,ciclo1_AC_AP,concentrator_trafo_2_12,prosumer13,cfp,100,7.278010,0
1789091726.126470,27,ciclo1_AC_AP,concentrator_trafo_2_12,prosumer14,cfp,100,1.157579,0
1789091726.126625,27,ciclo1_AC_AP,concentrator_trafo_2_12,prosumer15,cfp,100,3.068538,0
1789091726.126765,27,ciclo1_AC_AP,concentrator_trafo_2_12,prosumer16,cfp,100,0.213231,0
1789091726.126900,27,ciclo1_AC_AP,concentrator_trafo_2_12,prosumer17,cfp,100,0.366314,0
1789091726.127026,27,ciclo1_AC_AP,concentrator_trafo_2_12,prosumer18,cfp,100,3.860031,0
1789091726.127154,27,ciclo1_AC_AP,concentrator_trafo_2_12,prosumer19,cfp,100,3.065621,0
1789091726.127281,27,ciclo1_AC_AP,concentrator_trafo_2_12,prosumer20,cfp,100,1.618497,0
1789091726.127407,27,ciclo1_AC_AP,concentrator_trafo_2_12,prosumer21,cfp,100,0.169190,0
1789091726.128084,27,ciclo1_AC_AP,concentrator_trafo_3_22,prosumer22,cfp,100,1.301498,0
1789091726.128229,27,ciclo1_AC_AP,concentrator_trafo_3_22,prosumer23,cfp,100,2.604991,0
1789091726.128355,27,ciclo1_AC_AP,concentrator_trafo_3_22,prosumer24,cfp,100,1.445853,0
1789091726.128482,27,ciclo1_AC_AP,concentrator_trafo_3_22,prosumer25,cfp,100,0.399234,0
1789091726.128618,27,ciclo1_AC_AP,concentrator_trafo_3_22,prosumer26,cfp,100,3.850649,0
1789091726.128871,27,ciclo1_AC_AP,concentrator_trafo_3_22,prosumer27,cfp,100,2.561165,0
1789091726.129093,27,ciclo1_AC_AP,concentrator_trafo_3_22,prosumer28,cfp,100,4.982049,0
1789091726.129262,27,ciclo1_AC_AP,concentrator_trafo_3_22,prosumer29,cfp,100,3.609727,0
1789091726.129383,27,ciclo1_AC_AP,concentrator_trafo_3_22,prosumer30,cfp,100,3.334656,0
1789091726.129495,27,ciclo1_AC_AP,concentrator_trafo_3_22,prosumer31,cfp,100,1.924755,0
1789091726.129616,27,ciclo1_AC_AP,concentrator_trafo_3_22,prosumer32,cfp,100,6.209824,0
1789091726.129744,27,ciclo1_AC_AP,concentrator_trafo_3_22,prosumer33,cfp,100,3.593721,0
1789091726.130376,27,ciclo1_AC_AP,concentrator_trafo_4_34,prosumer34,cfp,100,1.815764,0
1789091726.130533,27,ciclo1_AC_AP,concentrator_trafo_4_34,prosumer35,cfp,100,2.146707,0
1789091726.130686,27,ciclo1_AC_AP,concentrator_trafo_4_34,prosumer36,cfp,100,4.172770,0
1789091726.130812,27,ciclo1_AC_AP,concentrator_trafo_4_34,prosumer37,cfp,100,3.087314,0
1789091726.130936,27,ciclo1_AC_AP,concentrator_trafo_4_34,prosumer38,cfp,100,1.694224,0
1789091726.131056,27,ciclo1_AC_AP,concentrator_trafo_4_34,prosumer39,cfp,100,4.908393,0
1789091726.131174,27,ciclo1_AC_AP,concentrator_trafo_4_34,prosumer40,cfp,100,2.184239,0
1789091726.131291,27,ciclo1_AC_AP,concentrator_trafo_4_34,prosumer41,cfp,100,3.474996,0
1789091726.131418,27,ciclo1_AC_AP,concentrator_trafo_4_34,prosumer42,cfp,100,7.509734,0
1789091726.131558,27,ciclo1_AC_AP,concentrator_trafo_4_34,prosumer43,cfp,100,2.212715,0
1789091726.131691,27,ciclo1_AC_AP,concentrator_trafo_4_34,prosumer44,cfp,100,5.301409,0
1789091726.131816,27,ciclo1_AC_AP,concentrator_trafo_4_34,prosumer45,cfp,100,1.492157,0
1789091726.131942,27,ciclo1_AC_AP,concentrator_trafo_4_34,prosumer46,cfp,100,0.216384,0
1789091726.134809,27,ciclo1_AC_AP,prosumer6,concentrator_trafo_1_5,propose,108,1.699455,0
1789091726.138532,27,ciclo1_AC_AP,prosumer16,concentrator_trafo_2_12,propose,285,5.661771,0
1789091726.139406,27,ciclo1_AC_AP,prosumer21,concentrator_trafo_2_12,propose,370,6.790623,0
1789091726.142018,27,ciclo1_AC_AP,prosumer17,concentrator_trafo_2_12,propose,181,3.803867,0
1789091726.144363,27,ciclo1_AC_AP,prosumer25,concentrator_trafo_3_22,propose,448,15.523237,0
1789091726.147392,27,ciclo1_AC_AP,prosumer46,concentrator_trafo_4_34,propose,199,5.363756,0
1789091726.149330,27,ciclo1_AC_AP,prosumer9,concentrator_trafo_1_5,propose,423,7.115800,0
1789091726.151322,27,ciclo1_AC_AP,prosumer14,concentrator_trafo_2_12,propose,281,4.914406,0
1789091726.153369,27,ciclo1_AC_AP,prosumer11,concentrator_trafo_1_5,propose,421,6.946502,0
1789091726.153977,27,ciclo1_AC_AP,prosumer22,concentrator_trafo_3_22,propose,458,9.669680,0
1789091726.156472,27,ciclo1_AC_AP,prosumer24,concentrator_trafo_3_22,propose,354,6.567852,0
1789091726.158455,27,ciclo1_AC_AP,prosumer10,concentrator_trafo_1_5,propose,109,2.355992,0
1789091726.160450,27,ciclo1_AC_AP,prosumer20,concentrator_trafo_2_12,propose,474,6.794125,0
1789091726.161025,27,ciclo1_AC_AP,prosumer8,concentrator_trafo_1_5,propose,476,7.417901,0
1789091726.164645,27,ciclo1_AC_AP,prosumer45,concentrator_trafo_4_34,propose,227,7.177080,0
1789091726.166652,27,ciclo1_AC_AP,prosumer38,concentrator_trafo_4_34,propose,392,7.277235,0
1789091726.168641,27,ciclo1_AC_AP,prosumer34,concentrator_trafo_4_34,propose,223,3.657749,0
1789091726.169594,27,ciclo1_AC_AP,prosumer31,concentrator_trafo_3_22,propose,240,3.672771,0
1789091726.170424,27,ciclo1_AC_AP,prosumer35,concentrator_trafo_4_34,propose,194,5.692980,0
1789091726.172406,27,ciclo1_AC_AP,prosumer40,concentrator_trafo_4_34,propose,488,6.709169,0
1789091726.174308,27,ciclo1_AC_AP,prosumer43,concentrator_trafo_4_34,propose,315,6.374160,0
1789091726.176206,27,ciclo1_AC_AP,prosumer5,concentrator_trafo_1_5,propose,139,4.379736,0
1789091726.178381,27,ciclo1_AC_AP,prosumer23,concentrator_trafo_3_22,propose,393,6.320642,0
1789091726.180622,27,ciclo1_AC_AP,prosumer27,concentrator_trafo_3_22,propose,329,8.299552,0
1789091726.182444,27,ciclo1_AC_AP,prosumer15,concentrator_trafo_2_12,propose,221,9.374838,0
1789091726.184264,27,ciclo1_AC_AP,prosumer19,concentrator_trafo_2_12,propose,480,9.248861,0
1789091726.184703,27,ciclo1_AC_AP,prosumer7,concentrator_trafo_1_5,propose,465,15.544508,0
1789091726.186537,27,ciclo1_AC_AP,prosumer37,concentrator_trafo_4_34,propose,330,14.614926,0
1789091726.187974,27,ciclo1_AC_AP,prosumer30,concentrator_trafo_3_22,propose,360,5.553240,0
1789091726.190201,27,ciclo1_AC_AP,prosumer12,concentrator_trafo_2_12,propose,460,9.735406,0
1789091726.191982,27,ciclo1_AC_AP,prosumer29,concentrator_trafo_3_22,propose,151,11.398832,0
1789091726.192551,27,ciclo1_AC_AP,prosumer18,concentrator_trafo_2_12,propose,196,6.038364,0
1789091726.193027,27,ciclo1_AC_AP,prosumer33,concentrator_trafo_3_22,propose,184,5.895804,0
1789091726.195200,27,ciclo1_AC_AP,prosumer41,concentrator_trafo_4_34,propose,325,7.001801,0
1789091726.197196,27,ciclo1_AC_AP,prosumer26,concentrator_trafo_3_22,propose,133,5.055050,0
1789091726.199304,27,ciclo1_AC_AP,prosumer36,concentrator_trafo_4_34,propose,318,10.675681,0
1789091726.201493,27,ciclo1_AC_AP,prosumer28,concentrator_trafo_3_22,propose,424,16.114344,0
1789091726.203764,27,ciclo1_AC_AP,prosumer39,concentrator_trafo_4_34,propose,302,9.266713,0
1789091726.206693,27,ciclo1_AC_AP,prosumer44,concentrator_trafo_4_34,propose,239,7.198226,0
1789091726.208704,27,ciclo1_AC_AP,prosumer32,concentrator_trafo_3_22,propose,229,8.193579,0
1789091726.212071,27,ciclo1_AC_AP,prosumer13,concentrator_trafo_2_12,propose,323,10.940135,1
1789091726.216669,27,ciclo1_AC_AP,prosumer42,concentrator_trafo_4_34,propose,487,15.060189,0
1789091746.228694,27,ciclo1_AC_AP,concentrator_trafo_2_12,prosumer13,cfp,100,3.350812,0
1789091746.271774,27,ciclo1_AC_AP,prosumer13,concentrator_trafo_2_12,propose,496,8.123225,0
1789091746.360049,27,ciclo2_AD_AC,dso,concentrator_trafo_1_5,cfp,100,5.701379,0
1789091746.360327,27,ciclo2_AD_AC,dso,concentrator_trafo_2_12,cfp,100,1.640841,0
1789091746.360495,27,ciclo2_AD_AC,dso,concentrator_trafo_3_22,cfp,100,5.462732,0
1789091746.360749,27,ciclo2_AD_AC,dso,concentrator_trafo_4_34,cfp,100,7.067624,0
1789091746.384914,27,ciclo2_AD_AC,concentrator_trafo_2_12,dso,propose,1182,18.664472,0
1789091746.423472,27,ciclo2_AD_AC,concentrator_trafo_3_22,dso,propose,1312,43.747862,0
1789091746.428089,27,ciclo2_AD_AC,concentrator_trafo_1_5,dso,propose,1167,40.618439,0
1789091746.437231,27,ciclo2_AD_AC,concentrator_trafo_4_34,dso,propose,1046,53.914646,0
1789091746.985941,27,ciclo3_AM_AC_AD,market,dso,cfp,100,2.371112,0
1789091747.022340,27,ciclo3_AM_AC_AD,dso,market,propose,1157,20.177220,0
1789091747.234971,27,ciclo3_AM_AC_AD,market,concentrator_trafo_1_5,cfp,100,1.517016,0
1789091747.235520,27,ciclo3_AM_AC_AD,market,concentrator_trafo_2_12,cfp,100,2.192750,0
1789091747.236266,27,ciclo3_AM_AC_AD,market,concentrator_trafo_3_22,cfp,100,3.347962,0
1789091747.236759,27,ciclo3_AM_AC_AD,market,concentrator_trafo_4_34,cfp,100,6.394768,0
1789091747.236988,27,ciclo3_AM_AC_AD,market,dso,cfp,100,0.029961,0
1789091747.293688,27,ciclo3_AM_AC_AD,concentrator_trafo_1_5,market,propose,1015,32.354733,0
1789091747.302877,27,ciclo3_AM_AC_AD,concentrator_trafo_2_12,market,propose,1252,41.429966,0
1789091747.307161,27,ciclo3_AM_AC_AD,dso,market,propose,1005,15.088763,0
1789091747.311453,27,ciclo3_AM_AC_AD,concentrator_trafo_3_22,market,propose,1390,24.518758,0
1789091747.331072,27,ciclo3_AM_AC_AD,concentrator_trafo_4_34,market,propose,1128,35.502155,0
1789091747.804886,28,ciclo1_AC_AP,concentrator_trafo_1_5,prosumer5,cfp,100,1.877613,0
1789091747.805740,28,ciclo1_AC_AP,concentrator_trafo_1_5,prosumer6,cfp,100,1.532921,0
1789091747.806420,28,ciclo1_AC_AP,concentrator_trafo_1_5,prosumer7,cfp,100,2.631119,0
1789091747.806935,28,ciclo1_AC_AP,concentrator_trafo_1_5,prosumer8,cfp,100,2.326125,0
1789091747.807430,28,ciclo1_AC_AP,concentrator_trafo_1_5,prosumer9,cfp,100,3.851737,0
1789091747.807830,28,ciclo1_AC_AP,concentrator_trafo_1_5,prosumer10,cfp,100,0.244197,0
1789091747.808114,28,ciclo1_AC_AP,concentrator_trafo_1_5,prosumer11,cfp,100,3.907073,0
1789091747.809022,28,ciclo1_AC_AP,concentrator_trafo_2_12,prosumer12,cfp,100,1.948070,0
1789091747.809275,28,ciclo1_AC_AP,concentrator_trafo_2_12,prosumer13,cfp,100,1.169046,0
1789091747.809494,28,ciclo1_AC_AP,concentrator_trafo_2_12,prosumer14,cfp,100,1.831655,0
1789091747.809730,28,ciclo1_AC_AP,concentrator_trafo_2_12,prosumer15,cfp,100,3.689034,0
1789091747.809940,28,ciclo1_AC_AP,concentrator_trafo_2_12,prosumer16,cfp,100,0.552087,0
1789091747.810057,28,ciclo1_AC_AP,concentrator_trafo_2_12,prosumer17,cfp,100,1.083499,0
1789091747.810183,28,ciclo1_AC_AP,concentrator_trafo_2_12,prosumer18,cfp,100,3.299462,0
1789091747.810335,28,ciclo1_AC_AP,concentrator_trafo_2_12,prosumer19,cfp,100,3.585000,0
1789091747.810446,28,ciclo1_AC_AP,concentrator_trafo_2_12,prosumer20,cfp,100,0.429553,0
1789091747.810829,28,ciclo1_AC_AP,concentrator_trafo_2_12,prosumer21,cfp,100,1.678129,0
1789091747.811762,28,ciclo1_AC_AP,concentrator_trafo_3_22,prosumer22,cfp,100,2.812445,0
1789091747.812109,28,ciclo1_AC_AP,concentrator_trafo_3_22,prosumer23,cfp,100,1.777411,0
1789091747.812395,28,ciclo1_AC_AP,concentrator_trafo_3_22,prosumer24,cfp,100,3.753413,0
1789091747.812516,28,ciclo1_AC_AP,concentrator_trafo_3_22,prosumer25,cfp,100,6.255123,0
1789091747.812641,28,ciclo1_AC_AP,concentrator_trafo_3_22,prosumer26,cfp,100,4.800250,0
1789091747.812752,28,ciclo1_AC_AP,concentrator_trafo_3_22,prosumer27,cfp,100,5.984797,0
1789091747.812862,28,ciclo1_AC_AP,concentrator_trafo_3_22,prosumer28,cfp,100,3.386319,0
1789091747.812969,28,ciclo1_AC_AP,concentrator_trafo_3_22,prosumer29,cfp,100,3.184562,0
1789091747.813076,28,ciclo1_AC_AP,concentrator_trafo_3_22,prosumer30,cfp,100,2.790777,0
1789091747.813184,28,ciclo1_AC_AP,concentrator_trafo_3_22,prosumer31,cfp,100,0.623651,0
1789091747.813291,28,ciclo1_AC_AP,concentrator_trafo_3_22,prosumer32,cfp,100,3.420150,0
1789091747.813396,28,ciclo1_AC_AP,concentrator_trafo_3_22,prosumer33,cfp,100,3.071002,0
1789091747.814213,28,ciclo1_AC_AP,concentrator_trafo_4_34,prosumer34,cfp,100,2.617180,0
1789091747.814372,28,ciclo1_AC_AP,concentrator_trafo_4_34,prosumer35,cfp,100,1.202868,0
1789091747.814493,28,ciclo1_AC_AP,concentrator_trafo_4_34,prosumer36,cfp,100,3.905327,0
1789091747.814629,28,ciclo1_AC_AP,concentrator_trafo_4_34,prosumer37,cfp,100,5.550127,0
1789091747.814826,28,ciclo1_AC_AP,concentrator_trafo_4_34,prosumer38,cfp,100,1.960848,0
1789091747.815053,28,ciclo1_AC_AP,concentrator_trafo_4_34,prosumer39,cfp,100,4.331767,0
1789091747.815188,28,ciclo1_AC_AP,concentrator_trafo_4_34,prosumer40,cfp,100,1.175187,0
1789091747.815306,28,ciclo1_AC_AP,concentrator_trafo_4_34,prosumer41,cfp,100,2.383722,0
1789091747.815418,28,ciclo1_AC_AP,concentrator_trafo_4_34,prosumer42,cfp,100,3.950651,0
1789091747.815531,28,ciclo1_AC_AP,concentrator_trafo_4_34,prosumer43,cfp,100,3.342558,0
1789091747.815665,28,ciclo1_AC_AP,concentrator_trafo_4_34,prosumer44,cfp,100,3.888989,0
1789091747.815801,28,ciclo1_AC_AP,concentrator_trafo_4_34,prosumer45,cfp,100,6.515646,0
1789091747.815917,28,ciclo1_AC_AP,concentrator_trafo_4_34,prosumer46,cfp,100,3.705344,0
1789091747.821404,28,ciclo1_AC_AP,prosumer10,concentrator_trafo_1_5,propose,203,3.065649,0
1789091747.825443,28,ciclo1_AC_AP,prosumer20,concentrator_trafo_2_12,propose,490,6.183371,0
1789091747.828910,28,ciclo1_AC_AP,prosumer16,concentrator_trafo_2_12,propose,303,4.120196,0
1789091747.831650,28,ciclo1_AC_AP,prosumer31,concentrator_trafo_3_22,propose,297,5.479920,0
1789091747.832197,28,ciclo1_AC_AP,prosumer17,concentrator_trafo_2_12,propose,323,4.742649,0
1789091747.834200,28,ciclo1_AC_AP,prosumer13,concentrator_trafo_2_12,propose,497,11.687355,0
1789091747.834965,28,ciclo1_AC_AP,prosumer6,concentrator_trafo_1_5,propose,425,7.685227,0
1789091747.835550,28,ciclo1_AC_AP,prosumer5,concentrator_trafo_1_5,propose,420,9.359881,0
1789091747.836304,28,ciclo1_AC_AP,prosumer35,concentrator_trafo_4_34,propose,444,18.321743,0
1789091747.838263,28,ciclo1_AC_AP,prosumer40,concentrator_trafo_4_34,propose,299,7.738052,0
1789091747.840199,28,ciclo1_AC_AP,prosumer21,concentrator_trafo_2_12,propose,456,7.295826,0
1789091747.842137,28,ciclo1_AC_AP,prosumer14,concentrator_trafo_2_12,propose,119,4.020417,0
1789091747.844022,28,ciclo1_AC_AP,prosumer12,concentrator_trafo_2_12,propose,398,6.189020,0
1789091747.846730,28,ciclo1_AC_AP,prosumer23,concentrator_trafo_3_22,propose,338,7.546985,0
1789091747.847286,28,ciclo1_AC_AP,prosumer8,concentrator_trafo_1_5,propose,281,5.956127,0
1789091747.851158,28,ciclo1_AC_AP,prosumer7,concentrator_trafo_1_5,propose,391,15.721009,0
1789091747.853089,28,ciclo1_AC_AP,prosumer38,concentrator_trafo_4_34,propose,164,7.363433,0
1789091747.855019,28,ciclo1_AC_AP,prosumer41,concentrator_trafo_4_34,propose,388,9.815283,0
1789091747.855620,28,ciclo1_AC_AP,prosumer22,concentrator_trafo_3_22,propose,463,8.023724,0
1789091747.857610,28,ciclo1_AC_AP,prosumer34,concentrator_trafo_4_34,propose,242,3.801397,0
1789091747.859545,28,ciclo1_AC_AP,prosumer30,concentrator_trafo_3_22,propose,267,7.155501,0
1789091747.861431,28,ciclo1_AC_AP,prosumer18,concentrator_trafo_2_12,propose,112,1.579022,0
1789091747.863301,28,ciclo1_AC_AP,prosumer33,concentrator_trafo_3_22,propose,303,6.510724,0
1789091747.864524,28,ciclo1_AC_AP,prosumer29,concentrator_trafo_3_22,propose,342,12.895224,0
1789091747.865069,28,ciclo1_AC_AP,prosumer9,concentrator_trafo_1_5,propose,367,9.965538,0
1789091747.866860,28,ciclo1_AC_AP,prosumer19,concentrator_trafo_2_12,propose,169,4.152337,0
1789091747.868677,28,ciclo1_AC_AP,prosumer15,concentrator_trafo_2_12,propose,121,5.860265,0
1789091747.870529,28,ciclo1_AC_AP,prosumer28,concentrator_trafo_3_22,propose,141,11.879803,0
1789091747.872344,28,ciclo1_AC_AP,prosumer11,concentrator_trafo_1_5,propose,389,9.314252,0
1789091747.874166,28,ciclo1_AC_AP,prosumer32,concentrator_trafo_3_22,propose,277,10.152182,0
1789091747.875682,28,ciclo1_AC_AP,prosumer43,concentrator_trafo_4_34,propose,284,5.762309,0
1789091747.877983,28,ciclo1_AC_AP,prosumer24,concentrator_trafo_3_22,propose,102,1.516039,0
1789091747.880065,28,ciclo1_AC_AP,prosumer46,concentrator_trafo_4_34,propose,135,5.181376,0
1789091747.880588,28,ciclo1_AC_AP,prosumer36,concentrator_trafo_4_34,propose,197,7.514424,0
1789091747.882450,28,ciclo1_AC_AP,prosumer44,concentrator_trafo_4_34,propose,467,14.686378,0
1789091747.884358,28,ciclo1_AC_AP,prosumer42,concentrator_trafo_4_34,propose,156,7.345044,0
1789091747.886441,28,ciclo1_AC_AP,prosumer39,concentrator_trafo_4_34,propose,443,15.289812,0
1789091747.888397,28,ciclo1_AC_AP,prosumer26,concentrator_trafo_3_22,propose,376,8.718353,0
1789091747.889636,28,ciclo1_AC_AP,prosumer37,concentrator_trafo_4_34,propose,341,9.011316,0
1789091747.891544,28,ciclo1_AC_AP,prosumer27,concentrator_trafo_3_22,propose,122,3.803503,0
1789091747.893776,28,ciclo1_AC_AP,prosumer25,concentrator_trafo_3_22,propose,261,14.799297,0
1789091747.896528,28,ciclo1_AC_AP,prosumer45,concentrator_trafo_4_34,propose,112,3.780859,0
1789091748.045029,28,ciclo2_AD_AC,dso,concentrator_trafo_1_5,cfp,100,5.399897,0
1789091748.045447,28,ciclo2_AD_AC,dso,concentrator_trafo_2_12,cfp,100,2.571529,0
1789091748.045661,28,ciclo2_AD_AC,dso,concentrator_trafo_3_22,cfp,100,6.869017,0
1789091748.045844,28,ciclo2_AD_AC,dso,concentrator_trafo_4_34,cfp,100,4.689349,0
1789091748.079126,28,ciclo2_AD_AC,concentrator_trafo_2_12,dso,propose,1161,20.113548,0
1789091748.096994,28,ciclo2_AD_AC,concentrator_trafo_4_34,dso,propose,1201,62.423642,0
1789091748.105094,28,ciclo2_AD_AC,concentrator_trafo_1_5,dso,propose,1463,48.916206,0
1789091748.121243,28,ciclo2_AD_AC,concentrator_trafo_3_22,dso,propose,1064,37.131379,0
1789091748.731252,28,ciclo3_AM_AC_AD,market,dso,cfp,100,1.263928,0
1789091748.755830,28,ciclo3_AM_AC_AD,dso,market,propose,1391,23.755323,0
1789091749.004801,28,ciclo3_AM_AC_AD,market,concentrator_trafo_1_5,cfp,100,5.233715,0
1789091749.005482,28,ciclo3_AM_AC_AD,market,concentrator_trafo_2_12,cfp,100,6.745604,0
1789091749.006421,28,ciclo3_AM_AC_AD,market,concentrator_trafo_3_22,cfp,100,0.335271,0
1789091749.006998,28,ciclo3_AM_AC_AD,market,concentrator_trafo_4_34,cfp,100,4.244440,0
1789091749.007461,28,ciclo3_AM_AC_AD,market,dso,cfp,100,0.269262,0
1789091749.048432,28,ciclo3_AM_AC_AD,concentrator_trafo_3_22,market,propose,1325,23.240674,0
1789091749.068146,28,ciclo3_AM_AC_AD,dso,market,propose,1140,19.276459,0
1789091749.077843,28,ciclo3_AM_AC_AD,concentrator_trafo_4_34,market,propose,1208,50.591502,0
1789091749.088323,28,ciclo3_AM_AC_AD,concentrator_trafo_1_5,market,propose,1343,43.615359,0
1789091749.094101,28,ciclo3_AM_AC_AD,concentrator_trafo_2_12,market,propose,1072,34.858663,0
1789091749.658492,29,ciclo1_AC_AP,concentrator_trafo_1_5,prosumer5,cfp,100,0.817626,0
1789091749.659291,29,ciclo1_AC_AP,concentrator_trafo_1_5,prosumer6,cfp,100,1.967572,0
1789091749.659935,29,ciclo1_AC_AP,concentrator_trafo_1_5,prosumer7,cfp,100,3.494928,0
1789091749.660534,29,ciclo1_AC_AP,concentrator_trafo_1_5,prosumer8,cfp,100,0.132728,0
1789091749.660945,29,ciclo1_AC_AP,concentrator_trafo_1_5,prosumer9,cfp,100,3.770219,0
1789091749.661187,29,ciclo1_AC_AP,concentrator_trafo_1_5,prosumer10,cfp,100,1.080541,0
1789091749.661328,29,ciclo1_AC_AP,concentrator_trafo_1_5,prosumer11,cfp,100,0.502771,0
1789091749.662207,29,ciclo1_AC_AP,concentrator_trafo_2_12,prosumer12,cfp,100,1.376420,0
1789091749.662364,29,ciclo1_AC_AP,concentrator_trafo_2_12,prosumer13,cfp,100,3.092964,0
1789091749.662494,29,ciclo1_AC_AP,concentrator_trafo_2_12,prosumer14,cfp,100,0.365834,0
1789091749.662644,29,ciclo1_AC_AP,concentrator_trafo_2_12,prosumer15,cfp,100,4.852175,0
1789091749.662771,29,ciclo1_AC_AP,concentrator_trafo_2_12,prosumer16,cfp,100,3.612347,0
1789091749.662895,29,ciclo1_AC_AP,concentrator_trafo_2_12,prosumer17,cfp,100,1.093777,0
1789091749.663010,29,ciclo1_AC_AP,concentrator_trafo_2_12,prosumer18,cfp,100,1.354953,0
1789091749.663123,29,ciclo1_AC_AP,concentrator_trafo_2_12,prosumer19,cfp,100,0.314148,0
1789091749.663240,29,ciclo1_AC_AP,concentrator_trafo_2_12,prosumer20,cfp,100,0.685606,0
1789091749.663346,29,ciclo1_AC_AP,concentrator_trafo_2_12,prosumer21,cfp,100,1.131523,0
1789091749.664025,29,ciclo1_AC_AP,concentrator_trafo_3_22,prosumer22,cfp,100,1.270160,0
1789091749.664170,29,ciclo1_AC_AP,concentrator_trafo_3_22,prosumer23,cfp,100,3.190302,0
1789091749.664288,29,ciclo1_AC_AP,concentrator_trafo_3_22,prosumer24,cfp,100,3.970604,0
1789091749.664401,29,ciclo1_AC_AP,concentrator_trafo_3_22,prosumer25,cfp,100,4.777187,0
1789091749.664508,29,ciclo1_AC_AP,concentrator_trafo_3_22,prosumer26,cfp,100,4.252361,0
1789091749.664623,29,ciclo1_AC_AP,concentrator_trafo_3_22,prosumer27,cfp,100,6.562188,0
1789091749.664907,29,ciclo1_AC_AP,concentrator_trafo_3_22,prosumer28,cfp,100,4.439793,0
1789091749.665314,29,ciclo1_AC_AP,concentrator_trafo_3_22,prosumer29,cfp,100,1.157120,0
1789091749.665473,29,ciclo1_AC_AP,concentrator_trafo_3_22,prosumer30,cfp,100,4.021701,0
1789091749.665757,29,ciclo1_AC_AP,concentrator_trafo_3_22,prosumer31,cfp,100,3.405142,0
1789091749.666027,29,ciclo1_AC_AP,concentrator_trafo_3_22,prosumer32,cfp,100,6.156313,0
1789091749.666163,29,ciclo1_AC_AP,concentrator_trafo_3_22,prosumer33,cfp,100,0.168390,0
1789091749.666874,29,ciclo1_AC_AP,concentrator_trafo_4_34,prosumer34,cfp,100,1.632267,0
1789091749.667048,29,ciclo1_AC_AP,concentrator_trafo_4_34,prosumer35,cfp,100,5.055919,0
1789091749.667197,29,ciclo1_AC_AP,concentrator_trafo_4_34,prosumer36,cfp,100,6.033547,0
1789091749.667341,29,ciclo1_AC_AP,concentrator_trafo_4_34,prosumer37,cfp,100,5.603170,0
1789091749.667479,29,ciclo1_AC_AP,concentrator_trafo_4_34,prosumer38,cfp,100,3.572673,0
1789091749.667621,29,ciclo1_AC_AP,concentrator_trafo_4_34,prosumer39,cfp,100,3.745586,0
1789091749.667757,29,ciclo1_AC_AP,concentrator_trafo_4_34,prosumer40,cfp,100,1.878975,0
1789091749.667890,29,ciclo1_AC_AP,concentrator_trafo_4_34,prosumer41,cfp,100,3.038504,0
1789091749.668020,29,ciclo1_AC_AP,concentrator_trafo_4_34,prosumer42,cfp,100,5.130730,0
1789091749.668150,29,ciclo1_AC_AP,concentrator_trafo_4_34,prosumer43,cfp,100,0.583219,0
1789091749.668283,29,ciclo1_AC_AP,concentrator_trafo_4_34,prosumer44,cfp,100,4.166725,0
1789091749.668412,29,ciclo1_AC_AP,concentrator_trafo_4_34,prosumer45,cfp,100,5.656696,0
1789091749.668549,29,ciclo1_AC_AP,concentrator_trafo_4_34,prosumer46,cfp,100,3.200064,0
1789091749.674679,29,ciclo1_AC_AP,prosumer8,concentrator_trafo_1_5,propose,404,8.416668,0
1789091749.677873,29,ciclo1_AC_AP,prosumer14,concentrator_trafo_2_12,propose,175,2.829229,0
1789091749.680361,29,ciclo1_AC_AP,prosumer19,concentrator_trafo_2_12,propose,306,4.686458,0
1789091749.680950,29,ciclo1_AC_AP,prosumer11,concentrator_trafo_1_5,propose,256,7.961821,0
1789091749.681532,29,ciclo1_AC_AP,prosumer5,concentrator_trafo_1_5,propose,361,7.362528,0
1789091749.683778,29,ciclo1_AC_AP,prosumer33,concentrator_trafo_3_22,propose,130,3.711877,0
1789091749.684947,29,ciclo1_AC_AP,prosumer20,concentrator_trafo_2_12,propose,183,3.010814,0
1789091749.686666,29,ciclo1_AC_AP,prosumer10,concentrator_trafo_1_5,propose,164,4.291982,0
1789091749.687323,29,ciclo1_AC_AP,prosumer17,concentrator_trafo_2_12,propose,168,2.556369,0
1789091749.690114,29,ciclo1_AC_AP,prosumer43,concentrator_trafo_4_34,propose,346,4.484098,0
1789091749.692668,29,ciclo1_AC_AP,prosumer21,concentrator_trafo_2_12,propose,461,8.787007,0
1789091749.693360,29,ciclo1_AC_AP,prosumer12,concentrator_trafo_2_12,propose,428,9.587331,0
1789091749.694068,29,ciclo1_AC_AP,prosumer18,concentrator_trafo_2_12,propose,466,6.665753,0
1789091749.695172,29,ciclo1_AC_AP,prosumer22,concentrator_trafo_3_22,propose,491,9.598282,0
1789091749.696034,29,ciclo1_AC_AP,prosumer29,concentrator_trafo_3_22,propose,470,16.756475,0
1789091749.699414,29,ciclo1_AC_AP,prosumer6,concentrator_trafo_1_5,propose,123,3.683618,0
1789091749.703261,29,ciclo1_AC_AP,prosumer34,concentrator_trafo_4_34,propose,473,6.785252,0
1789091749.710166,29,ciclo1_AC_AP,prosumer40,concentrator_trafo_4_34,propose,366,4.146982,0
1789091749.712570,29,ciclo1_AC_AP,prosumer13,concentrator_trafo_2_12,propose,122,0.929265,0
1789091749.714556,29,ciclo1_AC_AP,prosumer7,concentrator_trafo_1_5,propose,384,11.981743,0
1789091749.715107,29,ciclo1_AC_AP,prosumer23,concentrator_trafo_3_22,propose,453,8.279623,0
1789091749.715662,29,ciclo1_AC_AP,prosumer41,concentrator_trafo_4_34,propose,481,7.233568,0
1789091749.716197,29,ciclo1_AC_AP,prosumer9,concentrator_trafo_1_5,propose,457,6.417375,0
1789091749.716684,29,ciclo1_AC_AP,prosumer16,concentrator_trafo_2_12,propose,423,6.875323,0
1789091749.719728,29,ciclo1_AC_AP,prosumer31,concentrator_trafo_3_22,propose,298,4.425674,0
1789091749.722730,29,ciclo1_AC_AP,prosumer46,concentrator_trafo_4_34,propose,192,4.706831,0
1789091749.725262,29,ciclo1_AC_AP,prosumer38,concentrator_trafo_4_34,propose,276,7.774559,0
1789091749.728474,29,ciclo1_AC_AP,prosumer24,concentrator_trafo_3_22,propose,399,7.756136,0
1789091749.731679,29,ciclo1_AC_AP,prosumer39,concentrator_trafo_4_34,propose,142,12.054130,0
1789091749.732343,29,ciclo1_AC_AP,prosumer30,concentrator_trafo_3_22,propose,141,2.555519,0
1789091749.736237,29,ciclo1_AC_AP,prosumer26,concentrator_trafo_3_22,propose,386,15.986412,0
1789091749.738604,29,ciclo1_AC_AP,prosumer28,concentrator_trafo_3_22,propose,189,10.907563,0
1789091749.739166,29,ciclo1_AC_AP,prosumer44,concentrator_trafo_4_34,propose,235,10.526970,0
1789091749.739678,29,ciclo1_AC_AP,prosumer15,concentrator_trafo_2_12,propose,203,5.951728,0
1789091749.740189,29,ciclo1_AC_AP,prosumer25,concentrator_trafo_3_22,propose,233,7.088314,0
1789091749.742557,29,ciclo1_AC_AP,prosumer35,concentrator_trafo_4_34,propose,267,14.383407,0
1789091749.744497,29,ciclo1_AC_AP,prosumer42,concentrator_trafo_4_34,propose,458,15.487321,0
1789091749.745529,29,ciclo1_AC_AP,prosumer37,concentrator_trafo_4_34,propose,462,15.911943,0
1789091749.747477,29,ciclo1_AC_AP,prosumer45,concentrator_trafo_4_34,propose,229,10.353774,0
1789091749.749752,29,ciclo1_AC_AP,prosumer36,concentrator_trafo_4_34,propose,500,16.721667,0
1789091749.751700,29,ciclo1_AC_AP,prosumer32,concentrator_trafo_3_22,propose,232,7.208915,0
1789091749.754177,29,ciclo1_AC_AP,prosumer27,concentrator_trafo_3_22,propose,364,12.088586,0
1789091749.925646,29,ciclo2_AD_AC,dso,concentrator_trafo_1_5,cfp,100,4.006467,0
1789091749.926223,29,ciclo2_AD_AC,dso,concentrator_trafo_2_12,cfp,100,1.493109,0
1789091749.926704,29,ciclo2_AD_AC,dso,concentrator_trafo_3_22,cfp,100,0.863363,0
1789091749.927137,29,ciclo2_AD_AC,dso,concentrator_trafo_4_34,cfp,100,1.115774,0
1789091749.943168,29,ciclo2_AD_AC,concentrator_trafo_3_22,dso,propose,1478,48.801594,0
1789091749.948571,29,ciclo2_AD_AC,concentrator_trafo_4_34,dso,propose,1233,62.082554,0
1789091749.951980,29,ciclo2_AD_AC,concentrator_trafo_2_12,dso,propose,1465,22.493857,0
1789091749.974012,29,ciclo2_AD_AC,concentrator_trafo_1_5,dso,propose,1079,37.977920,0
1789091750.579077,29,ciclo3_AM_AC_AD,market,dso,cfp,100,2.520886,0
1789091750.616436,29,ciclo3_AM_AC_AD,dso,market,propose,1387,21.565497,0
1789091750.841932,29,ciclo3_AM_AC_AD,market,concentrator_trafo_1_5,cfp,100,7.041368,0
1789091750.842921,29,ciclo3_AM_AC_AD,market,concentrator_trafo_2_12,cfp,100,3.219348,0
1789091750.844029,29,ciclo3_AM_AC_AD,market,concentrator_trafo_3_22,cfp,100,2.591997,0
1789091750.844864,29,ciclo3_AM_AC_AD,market,concentrator_trafo_4_34,cfp,100,5.801503,0
1789091750.845561,29,ciclo3_AM_AC_AD,market,dso,cfp,100,2.778064,0
1789091750.912091,29,ciclo3_AM_AC_AD,concentrator_trafo_3_22,market,propose,1460,25.758976,0
1789091750.934708,29,ciclo3_AM_AC_AD,concentrator_trafo_2_12,market,propose,1229,40.072697,0
1789091750.941589,29,ciclo3_AM_AC_AD,dso,market,propose,1282,20.603690,0
1789091750.947382,29,ciclo3_AM_AC_AD,concentrator_trafo_4_34,market,propose,1078,38.824501,0
1789091750.948703,29,ciclo3_AM_AC_AD,concentrator_trafo_1_5,market,propose,1019,34.457407,0
1789091751.412554,30,ciclo1_AC_AP,concentrator_trafo_1_5,prosumer5,cfp,100,2.698151,0
1789091751.413382,30,ciclo1_AC_AP,concentrator_trafo_1_5,prosumer6,cfp,100,3.917333,0
1789091751.414103,30,ciclo1_AC_AP,concentrator_trafo_1_5,prosumer7,cfp,100,1.334848,0
1789091751.414834,30,ciclo1_AC_AP,concentrator_trafo_1_5,prosumer8,cfp,100,0.162384,0
1789091751.415627,30,ciclo1_AC_AP,concentrator_trafo_1_5,prosumer9,cfp,100,2.160125,0
1789091751.416175,30,ciclo1_AC_AP,concentrator_trafo_1_5,prosumer10,cfp,100,3.892261,0
1789091751.416618,30,ciclo1_AC_AP,concentrator_trafo_1_5,prosumer11,cfp,100,3.243674,0
1789091751.417654,30,ciclo1_AC_AP,concentrator_trafo_2_12,prosumer12,cfp,100,3.654602,0
1789091751.417925,30,ciclo1_AC_AP,concentrator_trafo_2_12,prosumer13,cfp,100,1.857295,0
1789091751.418173,30,ciclo1_AC_AP,concentrator_trafo_2_12,prosumer14,cfp,100,1.050402,0
1789091751.418300,30,ciclo1_AC_AP,concentrator_trafo_2_12,prosumer15,cfp,100,2.992560,0
1789091751.418416,30,ciclo1_AC_AP,concentrator_trafo_2_12,prosumer16,cfp,100,0.870702,0
1789091751.418533,30,ciclo1_AC_AP,concentrator_trafo_2_12,prosumer17,cfp,100,3.362950,0
1789091751.418662,30,ciclo1_AC_AP,concentrator_trafo_2_12,prosumer18,cfp,100,0.666038,0
1789091751.418775,30,ciclo1_AC_AP,concentrator_trafo_2_12,prosumer19,cfp,100,1.460259,0
1789091751.418889,30,ciclo1_AC_AP,concentrator_trafo_2_12,prosumer20,cfp,100,3.619710,0
1789091751.419002,30,ciclo1_AC_AP,concentrator_trafo_2_12,prosumer21,cfp,100,3.149445,0
1789091751.419698,30,ciclo1_AC_AP,concentrator_trafo_3_22,prosumer22,cfp,100,3.415911,0
1789091751.419850,30,ciclo1_AC_AP,concentrator_trafo_3_22,prosumer23,cfp,100,3.781354,0
1789091751.419978,30,ciclo1_AC_AP,concentrator_trafo_3_22,prosumer24,cfp,100,3.536755,0
1789091751.420103,30,ciclo1_AC_AP,concentrator_trafo_3_22,prosumer25,cfp,100,4.751496,0
1789091751.420224,30,ciclo1_AC_AP,concentrator_trafo_3_22,prosumer26,cfp,100,3.809145,0
1789091751.420334,30,ciclo1_AC_AP,concentrator_trafo_3_22,prosumer27,cfp,100,4.118061,0
1789091751.420448,30,ciclo1_AC_AP,concentrator_trafo_3_22,prosumer28,cfp,100,7.301256,0
1789091751.420573,30,ciclo1_AC_AP,concentrator_trafo_3_22,prosumer29,cfp,100,3.063670,0
1789091751.420686,30,ciclo1_AC_AP,concentrator_trafo_3_22,prosumer30,cfp,100,0.107879,0
1789091751.420799,30,ciclo1_AC_AP,concentrator_trafo_3_22,prosumer31,cfp,100,1.138147,0
1789091751.420915,30,ciclo1_AC_AP,concentrator_trafo_3_22,prosumer32,cfp,100,3.351768,0
1789091751.421023,30,ciclo1_AC_AP,concentrator_trafo_3_22,prosumer33,cfp,100,2.768739,0
1789091751.421674,30,ciclo1_AC_AP,concentrator_trafo_4_34,prosumer34,cfp,100,3.415414,0
1789091751.421797,30,ciclo1_AC_AP,concentrator_trafo_4_34,prosumer35,cfp,100,1.006173,0
1789091751.421906,30,ciclo1_AC_AP,concentrator_trafo_4_34,prosumer36,cfp,100,0.778665,0
1789091751.422011,30,ciclo1_AC_AP,concentrator_trafo_4_34,prosumer37,cfp,100,2.413315,0
1789091751.422116,30,ciclo1_AC_AP,concentrator_trafo_4_34,prosumer38,cfp,100,2.722664,0
1789091751.422232,30,ciclo1_AC_AP,concentrator_trafo_4_34,prosumer39,cfp,100,4.712454,0
1789091751.422335,30,ciclo1_AC_AP,concentrator_trafo_4_34,prosumer40,cfp,100,2.304694,0
1789091751.422437,30,ciclo1_AC_AP,concentrator_trafo_4_34,prosumer41,cfp,100,2.832718,0
1789091751.422549,30,ciclo1_AC_AP,concentrator_trafo_4_34,prosumer42,cfp,100,4.024104,0
1789091751.422655,30,ciclo1_AC_AP,concentrator_trafo_4_34,prosumer43,cfp,100,3.620571,0
1789091751.422759,30,ciclo1_AC_AP,concentrator_trafo_4_34,prosumer44,cfp,100,4.355607,0
1789091751.422856,30,ciclo1_AC_AP,concentrator_trafo_4_34,prosumer45,cfp,100,3.889832,0
1789091751.422951,30,ciclo1_AC_AP,concentrator_trafo_4_34,prosumer46,cfp,100,3.676921,0
1789091751.427720,30,ciclo1_AC_AP,prosumer8,concentrator_trafo_1_5,propose,423,7.338650,0
1789091751.428770,30,ciclo1_AC_AP,prosumer30,concentrator_trafo_3_22,propose,399,7.409794,0
1789091751.434234,30,ciclo1_AC_AP,prosumer18,concentrator_trafo_2_12,propose,190,2.534831,0
1789091751.438468,30,ciclo1_AC_AP,prosumer16,concentrator_trafo_2_12,propose,428,7.484525,0
1789091751.442934,30,ciclo1_AC_AP,prosumer7,concentrator_trafo_1_5,propose,362,10.275695,0
1789091751.447739,30,ciclo1_AC_AP,prosumer14,concentrator_trafo_2_12,propose,117,2.695983,0
1789091751.452416,30,ciclo1_AC_AP,prosumer36,concentrator_trafo_4_34,propose,487,15.158751,0
1789091751.458668,30,ciclo1_AC_AP,prosumer35,concentrator_trafo_4_34,propose,261,13.981794,0
1789091751.461663,30,ciclo1_AC_AP,prosumer31,concentrator_trafo_3_22,propose,136,4.198540,0
1789091751.462610,30,ciclo1_AC_AP,prosumer19,concentrator_trafo_2_12,propose,198,4.920592,0
1789091751.465959,30,ciclo1_AC_AP,prosumer13,concentrator_trafo_2_12,propose,431,14.487197,0
1789091751.469784,30,ciclo1_AC_AP,prosumer9,concentrator_trafo_1_5,propose,333,5.455563,0
1789091751.473495,30,ciclo1_AC_AP,prosumer5,concentrator_trafo_1_5,propose,412,9.900841,0
1789091751.477025,30,ciclo1_AC_AP,prosumer40,concentrator_trafo_4_34,propose,222,3.582899,0
1789091751.480351,30,ciclo1_AC_AP,prosumer37,concentrator_trafo_4_34,propose,334,12.588392,0
1789091751.483041,30,ciclo1_AC_AP,prosumer15,concentrator_trafo_2_12,propose,367,12.026757,0
1789091751.487271,30,ciclo1_AC_AP,prosumer33,concentrator_trafo_3_22,propose,181,2.720318,0
1789091751.490171,30,ciclo1_AC_AP,prosumer11,concentrator_trafo_1_5,propose,463,9.584389,0
1789091751.492486,30,ciclo1_AC_AP,prosumer38,concentrator_trafo_4_34,propose,270,8.640007,0
1789091751.494653,30,ciclo1_AC_AP,prosumer21,concentrator_trafo_2_12,propose,435,9.584565,0
1789091751.496621,30,ciclo1_AC_AP,prosumer41,concentrator_trafo_4_34,propose,169,5.581420,0
1789091751.498551,30,ciclo1_AC_AP,prosumer29,concentrator_trafo_3_22,propose,343,13.882178,0
1789091751.500602,30,ciclo1_AC_AP,prosumer17,concentrator_trafo_2_12,propose,495,8.188556,0
1789091751.501167,30,ciclo1_AC_AP,prosumer6,concentrator_trafo_1_5,propose,384,9.471340,0
1789091751.504055,30,ciclo1_AC_AP,prosumer22,concentrator_trafo_3_22,propose,129,5.852079,0
1789091751.505969,30,ciclo1_AC_AP,prosumer12,concentrator_trafo_2_12,propose,378,6.647386,0
1789091751.507892,30,ciclo1_AC_AP,prosumer32,concentrator_trafo_3_22,propose,142,8.005890,0
1789091751.510158,30,ciclo1_AC_AP,prosumer20,concentrator_trafo_2_12,propose,365,8.031317,0
1789091751.510657,30,ciclo1_AC_AP,prosumer10,concentrator_trafo_1_5,propose,275,6.439489,0
1789091751.512604,30,ciclo1_AC_AP,prosumer24,concentrator_trafo_3_22,propose,101,0.752213,0
1789091751.514724,30,ciclo1_AC_AP,prosumer34,concentrator_trafo_4_34,propose,496,10.093908,0
1789091751.517269,30,ciclo1_AC_AP,prosumer23,concentrator_trafo_3_22,propose,140,5.759757,0
1789091751.517996,30,ciclo1_AC_AP,prosumer26,concentrator_trafo_3_22,propose,153,10.891690,0
1789091751.520230,30,ciclo1_AC_AP,prosumer43,concentrator_trafo_4_34,propose,318,5.130252,0
1789091751.522485,30,ciclo1_AC_AP,prosumer46,concentrator_trafo_4_34,propose,411,9.974510,0
1789091751.524453,30,ciclo1_AC_AP,prosumer27,concentrator_trafo_3_22,propose,280,9.462705,0
1789091751.526320,30,ciclo1_AC_AP,prosumer45,concentrator_trafo_4_34,propose,391,16.466924,0
1789091751.528231,30,ciclo1_AC_AP,prosumer42,concentrator_trafo_4_34,propose,331,11.843094,0
1789091751.528808,30,ciclo1_AC_AP,prosumer44,concentrator_trafo_4_34,propose,271,11.966696,0
1789091751.529349,30,ciclo1_AC_AP,prosumer25,concentrator_trafo_3_22,propose,293,14.570743,0
1789091751.529819,30,ciclo1_AC_AP,prosumer39,concentrator_trafo_4_34,propose,362,12.603896,0
1789091751.531303,30,ciclo1_AC_AP,prosumer28,concentrator_trafo_3_22,propose,285,12.515780,0
1789091751.699534,30,ciclo2_AD_AC,dso,concentrator_trafo_1_5,cfp,100,5.927095,0
1789091751.699985,30,ciclo2_AD_AC,dso,concentrator_trafo_2_12,cfp,100,3.779982,0
1789091751.700178,30,ciclo2_AD_AC,dso,concentrator_trafo_3_22,cfp,100,4.304830,0
1789091751.700314,30,ciclo2_AD_AC,dso,concentrator_trafo_4_34,cfp,100,3.661351,0
1789091751.746558,30,ciclo2_AD_AC,concentrator_trafo_4_34,dso,propose,1430,75.967855,0
1789091751.748317,30,ciclo2_AD_AC,concentrator_trafo_2_12,dso,propose,1441,23.347394,0
1789091751.753684,30,ciclo2_AD_AC,concentrator_trafo_3_22,dso,propose,1325,46.024194,0
1789091751.765073,30,ciclo2_AD_AC,concentrator_trafo_1_5,dso,propose,1060,33.723068,0
1789091752.518179,30,ciclo3_AM_AC_AD,market,dso,cfp,100,3.591543,0
1789091752.567624,30,ciclo3_AM_AC_AD,dso,market,propose,1069,19.350952,0
1789091752.772135,30,ciclo3_AM_AC_AD,market,concentrator_trafo_1_5,cfp,100,4.180614,0
1789091752.772922,30,ciclo3_AM_AC_AD,market,concentrator_trafo_2_12,cfp,100,2.000292,0
1789091752.773558,30,ciclo3_AM_AC_AD,market,concentrator_trafo_3_22,cfp,100,3.340888,0
1789091752.774364,30,ciclo3_AM_AC_AD,market,concentrator_trafo_4_34,cfp,100,4.246776,0
1789091752.774969,30,ciclo3_AM_AC_AD,market,dso,cfp,100,3.326496,0
1789091752.838362,30,ciclo3_AM_AC_AD,concentrator_trafo_2_12,market,propose,1162,40.833535,0
1789091752.846108,30,ciclo3_AM_AC_AD,concentrator_trafo_3_22,market,propose,1473,23.123860,0
1789091752.850759,30,ciclo3_AM_AC_AD,concentrator_trafo_1_5,market,propose,1011,31.692222,0
1789091752.853193,30,ciclo3_AM_AC_AD,dso,market,propose,1093,17.142596,0
1789091752.855967,30,ciclo3_AM_AC_AD,concentrator_trafo_4_34,market,propose,1375,46.342890,0
1789091753.397442,31,ciclo1_AC_AP,concentrator_trafo_1_5,prosumer5,cfp,100,0.226805,0
1789091753.398043,31,ciclo1_AC_AP,concentrator_trafo_1_5,prosumer6,cfp,100,1.127391,0
1789091753.398450,31,ciclo1_AC_AP,concentrator_trafo_1_5,prosumer7,cfp,100,1.696892,0
1789091753.398753,31,ciclo1_AC_AP,concentrator_trafo_1_5,prosumer8,cfp,100,0.583547,0
1789091753.399121,31,ciclo1_AC_AP,concentrator_trafo_1_5,prosumer9,cfp,100,3.537824,0
1789091753.399347,31,ciclo1_AC_AP,concentrator_trafo_1_5,prosumer10,cfp,100,0.416606,0
1789091753.399492,31,ciclo1_AC_AP,concentrator_trafo_1_5,prosumer11,cfp,100,0.954853,0
1789091753.400295,31,ciclo1_AC_AP,concentrator_trafo_2_12,prosumer12,cfp,100,0.274953,0
1789091753.400428,31,ciclo1_AC_AP,concentrator_trafo_2_12,prosumer13,cfp,100,3.050232,0
1789091753.400537,31,ciclo1_AC_AP,concentrator_trafo_2_12,prosumer14,cfp,100,3.476013,0
1789091753.400660,31,ciclo1_AC_AP,concentrator_trafo_2_12,prosumer15,cfp,100,4.941430,0
1789091753.400760,31,ciclo1_AC_AP,concentrator_trafo_2_12,prosumer16,cfp,100,0.324438,0
1789091753.400857,31,ciclo1_AC_AP,concentrator_trafo_2_12,prosumer17,cfp,100,3.979412,0
1789091753.400954,31,ciclo1_AC_AP,concentrator_trafo_2_12,prosumer18,cfp,100,2.912536,0
1789091753.401047,31,ciclo1_AC_AP,concentrator_trafo_2_12,prosumer19,cfp,100,2.851898,0
1789091753.401141,31,ciclo1_AC_AP,concentrator_trafo_2_12,prosumer20,cfp,100,1.277136,0
1789091753.401239,31,ciclo1_AC_AP,concentrator_trafo_2_12,prosumer21,cfp,100,0.142049,0
1789091753.401903,31,ciclo1_AC_AP,concentrator_trafo_3_22,prosumer22,cfp,100,1.448479,0
1789091753.402034,31,ciclo1_AC_AP,concentrator_trafo_3_22,prosumer23,cfp,100,0.480194,0
1789091753.402144,31,ciclo1_AC_AP,concentrator_trafo_3_22,prosumer24,cfp,100,0.313996,0
1789091753.402251,31,ciclo1_AC_AP,concentrator_trafo_3_22,prosumer25,cfp,100,2.976140,0
1789091753.402374,31,ciclo1_AC_AP,concentrator_trafo_3_22,prosumer26,cfp,100,1.982390,0
1789091753.402479,31,ciclo1_AC_AP,concentrator_trafo_3_22,prosumer27,cfp,100,4.154808,0
1789091753.402598,31,ciclo1_AC_AP,concentrator_trafo_3_22,prosumer28,cfp,100,4.997789,0
1789091753.402700,31,ciclo1_AC_AP,concentrator_trafo_3_22,prosumer29,cfp,100,3.418060,0
1789091753.402802,31,ciclo1_AC_AP,concentrator_trafo_3_22,prosumer30,cfp,100,3.450228,0
1789091753.402904,31,ciclo1_AC_AP,concentrator_trafo_3_22,prosumer31,cfp,100,0.054814,0
1789091753.403005,31,ciclo1_AC_AP,concentrator_trafo_3_22,prosumer32,cfp,100,3.167402,0
1789091753.403105,31,ciclo1_AC_AP,concentrator_trafo_3_22,prosumer33,cfp,100,1.493869,0
1789091753.403760,31,ciclo1_AC_AP,concentrator_trafo_4_34,prosumer34,cfp,100,2.139570,0
1789091753.403881,31,ciclo1_AC_AP,concentrator_trafo_4_34,prosumer35,cfp,100,5.172883,0
1789091753.403986,31,ciclo1_AC_AP,concentrator_trafo_4_34,prosumer36,cfp,100,4.882606,0
1789091753.404091,31,ciclo1_AC_AP,concentrator_trafo_4_34,prosumer37,cfp,100,2.164473,0
1789091753.404186,31,ciclo1_AC_AP,concentrator_trafo_4_34,prosumer38,cfp,100,4.386717,0
1789091753.404284,31,ciclo1_AC_AP,concentrator_trafo_4_34,prosumer39,cfp,100,2.176548,0
1789091753.404379,31,ciclo1_AC_AP,concentrator_trafo_4_34,prosumer40,cfp,100,0.116446,0
1789091753.404475,31,ciclo1_AC_AP,concentrator_trafo_4_34,prosumer41,cfp,100,0.433274,0
1789091753.404579,31,ciclo1_AC_AP,concentrator_trafo_4_34,prosumer42,cfp,100,3.572123,0
1789091753.404678,31,ciclo1_AC_AP,concentrator_trafo_4_34,prosumer43,cfp,100,3.596601,0
1789091753.404775,31,ciclo1_AC_AP,concentrator_trafo_4_34,prosumer44,cfp,100,5.199843,0
1789091753.404871,31,ciclo1_AC_AP,concentrator_trafo_4_34,prosumer45,cfp,100,3.199100,0
1789091753.404965,31,ciclo1_AC_AP,concentrator_trafo_4_34,prosumer46,cfp,100,3.585919,0
1789091753.411953,31,ciclo1_AC_AP,prosumer5,concentrator_trafo_1_5,propose,164,2.134760,0
1789091753.415595,31,ciclo1_AC_AP,prosumer21,concentrator_trafo_2_12,propose,109,3.431894,0
1789091753.418310,31,ciclo1_AC_AP,prosumer12,concentrator_trafo_2_12,propose,272,5.991285,0
1789091753.420435,31,ciclo1_AC_AP,prosumer31,concentrator_trafo_3_22,propose,411,7.165436,0
1789091753.422363,31,ciclo1_AC_AP,prosumer10,concentrator_trafo_1_5,propose,198,2.465326,0
1789091753.424182,31,ciclo1_AC_AP,prosumer16,concentrator_trafo_2_12,propose,122,1.803335,0
1789091753.426040,31,ciclo1_AC_AP,prosumer8,concentrator_trafo_1_5,propose,311,6.838624,0
1789091753.428211,31,ciclo1_AC_AP,prosumer24,concentrator_trafo_3_22,propose,430,9.339766,0
1789091753.430337,31,ciclo1_AC_AP,prosumer40,concentrator_trafo_4_34,propose,131,5.850019,0
1789091753.432545,31,ciclo1_AC_AP,prosumer23,concentrator_trafo_3_22,propose,457,7.331560,0
1789091753.436459,31,ciclo1_AC_AP,prosumer41,concentrator_trafo_4_34,propose,259,6.338810,0
1789091753.437232,31,ciclo1_AC_AP,prosumer11,concentrator_trafo_1_5,propose,299,4.913257,0
1789091753.439270,31,ciclo1_AC_AP,prosumer6,concentrator_trafo_1_5,propose,126,3.403973,0
1789091753.441834,31,ciclo1_AC_AP,prosumer20,concentrator_trafo_2_12,propose,407,7.813907,0
1789091753.442552,31,ciclo1_AC_AP,prosumer7,concentrator_trafo_1_5,propose,492,19.496014,0
1789091753.443227,31,ciclo1_AC_AP,prosumer22,concentrator_trafo_3_22,propose,464,6.961704,0
1789091753.445357,31,ciclo1_AC_AP,prosumer33,concentrator_trafo_3_22,propose,186,4.807415,0
1789091753.447301,31,ciclo1_AC_AP,prosumer26,concentrator_trafo_3_22,propose,283,13.614884,0
1789091753.449227,31,ciclo1_AC_AP,prosumer34,concentrator_trafo_4_34,propose,139,4.696885,0
1789091753.451148,31,ciclo1_AC_AP,prosumer37,concentrator_trafo_4_34,propose,309,14.434223,0
1789091753.453008,31,ciclo1_AC_AP,prosumer39,concentrator_trafo_4_34,propose,127,4.969281,0
1789091753.455647,31,ciclo1_AC_AP,prosumer19,concentrator_trafo_2_12,propose,325,6.255493,0
1789091753.456166,31,ciclo1_AC_AP,prosumer18,concentrator_trafo_2_12,propose,281,4.875094,0
1789091753.457931,31,ciclo1_AC_AP,prosumer13,concentrator_trafo_2_12,propose,409,11.023397,0
1789091753.458436,31,ciclo1_AC_AP,prosumer25,concentrator_trafo_3_22,propose,417,16.566534,0
1789091753.461157,31,ciclo1_AC_AP,prosumer9,concentrator_trafo_1_5,propose,487,6.088991,0
1789091753.463089,31,ciclo1_AC_AP,prosumer32,concentrator_trafo_3_22,propose,230,7.604053,0
1789091753.465215,31,ciclo1_AC_AP,prosumer14,concentrator_trafo_2_12,propose,444,6.145719,0
1789091753.467242,31,ciclo1_AC_AP,prosumer45,concentrator_trafo_4_34,propose,258,11.757712,0
1789091753.469200,31,ciclo1_AC_AP,prosumer29,concentrator_trafo_3_22,propose,388,14.238028,0
1789091753.471206,31,ciclo1_AC_AP,prosumer30,concentrator_trafo_3_22,propose,332,7.430611,0
1789091753.471915,31,ciclo1_AC_AP,prosumer42,concentrator_trafo_4_34,propose,311,9.974400,0
1789091753.474268,31,ciclo1_AC_AP,prosumer43,concentrator_trafo_4_34,propose,192,5.581499,0
1789091753.476249,31,ciclo1_AC_AP,prosumer17,concentrator_trafo_2_12,propose,115,2.775664,0
1789091753.478179,31,ciclo1_AC_AP,prosumer46,concentrator_trafo_4_34,propose,332,7.121921,0
1789091753.480465,31,ciclo1_AC_AP,prosumer27,concentrator_trafo_3_22,propose,235,9.365500,0
1789091753.481252,31,ciclo1_AC_AP,prosumer38,concentrator_trafo_4_34,propose,197,6.663213,0
1789091753.483370,31,ciclo1_AC_AP,prosumer15,concentrator_trafo_2_12,propose,298,14.325286,0
1789091753.485577,31,ciclo1_AC_AP,prosumer28,concentrator_trafo_3_22,propose,132,10.052191,0
1789091753.487923,31,ciclo1_AC_AP,prosumer36,concentrator_trafo_4_34,propose,283,12.063287,0
1789091753.490263,31,ciclo1_AC_AP,prosumer35,concentrator_trafo_4_34,propose,149,10.182275,0
1789091753.490789,31,ciclo1_AC_AP,prosumer44,concentrator_trafo_4_34,propose,163,5.853793,0
1789091753.645485,31,ciclo2_AD_AC,dso,concentrator_trafo_1_5,cfp,100,2.100876,0
1789091753.645798,31,ciclo2_AD_AC,dso,concentrator_trafo_2_12,cfp,100,1.936457,0
1789091753.645984,31,ciclo2_AD_AC,dso,concentrator_trafo_3_22,cfp,100,2.251014,0
1789091753.646130,31,ciclo2_AD_AC,dso,concentrator_trafo_4_34,cfp,100,7.256966,0
1789091753.673888,31,ciclo2_AD_AC,concentrator_trafo_2_12,dso,propose,1013,14.509887,0
1789091753.678627,31,ciclo2_AD_AC,concentrator_trafo_1_5,dso,propose,1179,38.489224,0
1789091753.682324,31,ciclo2_AD_AC,concentrator_trafo_3_22,dso,propose,1010,31.846252,0
1789091753.726164,31,ciclo2_AD_AC,concentrator_trafo_4_34,dso,propose,1090,53.522287,0
1789091754.271599,31,ciclo3_AM_AC_AD,market,dso,cfp,100,2.233493,0
1789091754.307115,31,ciclo3_AM_AC_AD,dso,market,propose,1206,22.139200,0
1789091754.536260,31,ciclo3_AM_AC_AD,market,concentrator_trafo_1_5,cfp,100,2.840106,0
1789091754.536739,31,ciclo3_AM_AC_AD,market,concentrator_trafo_2_12,cfp,100,2.673695,0
1789091754.537164,31,ciclo3_AM_AC_AD,market,concentrator_trafo_3_22,cfp,100,2.392404,0
1789091754.537345,31,ciclo3_AM_AC_AD,market,concentrator_trafo_4_34,cfp,100,5.218854,0
1789091754.537488,31,ciclo3_AM_AC_AD,market,dso,cfp,100,0.142302,0
1789091754.603036,31,ciclo3_AM_AC_AD,dso,market,propose,1315,22.177785,0
1789091754.605317,31,ciclo3_AM_AC_AD,concentrator_trafo_3_22,market,propose,1353,23.847596,0
1789091754.611124,31,ciclo3_AM_AC_AD,concentrator_trafo_2_12,market,propose,1334,44.282341,0
1789091754.614641,31,ciclo3_AM_AC_AD,concentrator_trafo_1_5,market,propose,1459,50.848453,0
1789091754.626640,31,ciclo3_AM_AC_AD,concentrator_trafo_4_34,market,propose,1006,31.257369,0
1789091755.196602,32,ciclo1_AC_AP,concentrator_trafo_1_5,prosumer5,cfp,100,3.307413,0
1789091755.196777,32,ciclo1_AC_AP,concentrator_trafo_1_5,prosumer6,cfp,100,1.189022,0
1789091755.196894,32,ciclo1_AC_AP,concentrator_trafo_1_5,prosumer7,cfp,100,6.506265,0
1789091755.196991,32,ciclo1_AC_AP,concentrator_trafo_1_5,prosumer8,cfp,100,2.711922,0
1789091755.197083,32,ciclo1_AC_AP,concentrator_trafo_1_5,prosumer9,cfp,100,1.948804,0
1789091755.197176,32,ciclo1_AC_AP,concentrator_trafo_1_5,prosumer10,cfp,100,1.029539,0
1789091755.197272,32,ciclo1_AC_AP,concentrator_trafo_1_5,prosumer11,cfp,100,1.893318,0
1789091755.198016,32,ciclo1_AC_AP,concentrator_trafo_2_12,prosumer12,cfp,100,0.221565,0
1789091755.198225,32,ciclo1_AC_AP,concentrator_trafo_2_12,prosumer13,cfp,100,3.877494,0
1789091755.198348,32,ciclo1_AC_AP,concentrator_trafo_2_12,prosumer14,cfp,100,0.313223,0
1789091755.198446,32,ciclo1_AC_AP,concentrator_trafo_2_12,prosumer15,cfp,100,3.365124,0
1789091755.198552,32,ciclo1_AC_AP,concentrator_trafo_2_12,prosumer16,cfp,100,2.143010,0
1789091755.198650,32,ciclo1_AC_AP,concentrator_trafo_2_12,prosumer17,cfp,100,1.604561,0
1789091755.198745,32,ciclo1_AC_AP,concentrator_trafo_2_12,prosumer18,cfp,100,3.738156,0
1789091755.198832,32,ciclo1_AC_AP,concentrator_trafo_2_12,prosumer19,cfp,100,0.288421,0
1789091755.198920,32,ciclo1_AC_AP,concentrator_trafo_2_12,prosumer20,cfp,100,0.665185,0
1789091755.199011,32,ciclo1_AC_AP,concentrator_trafo_2_12,prosumer21,cfp,100,3.161291,0
1789091755.199598,32,ciclo1_AC_AP,concentrator_trafo_3_22,prosumer22,cfp,100,0.989257,0
1789091755.199710,32,ciclo1_AC_AP,concentrator_trafo_3_22,prosumer23,cfp,100,3.032523,0
1789091755.199802,32,ciclo1_AC_AP,concentrator_trafo_3_22,prosumer24,cfp,100,2.142313,0
1789091755.199892,32,ciclo1_AC_AP,concentrator_trafo_3_22,prosumer25,cfp,100,4.848262,0
1789091755.199980,32,ciclo1_AC_AP,concentrator_trafo_3_22,prosumer26,cfp,100,5.295529,0
1789091755.200068,32,ciclo1_AC_AP,concentrator_trafo_3_22,prosumer27,cfp,100,2.308670,0
1789091755.200154,32,ciclo1_AC_AP,concentrator_trafo_3_22,prosumer28,cfp,100,3.931087,0
1789091755.200241,32,ciclo1_AC_AP,concentrator_trafo_3_22,prosumer29,cfp,100,5.263245,0
1789091755.200327,32,ciclo1_AC_AP,concentrator_trafo_3_22,prosumer30,cfp,100,0.749816,0
1789091755.200412,32,ciclo1_AC_AP,concentrator_trafo_3_22,prosumer31,cfp,100,2.398060,0
1789091755.200498,32,ciclo1_AC_AP,concentrator_trafo_3_22,prosumer32,cfp,100,4.579073,0
1789091755.200588,32,ciclo1_AC_AP,concentrator_trafo_3_22,prosumer33,cfp,100,3.589099,0
1789091755.201218,32,ciclo1_AC_AP,concentrator_trafo_4_34,prosumer34,cfp,100,1.551189,0
1789091755.201328,32,ciclo1_AC_AP,concentrator_trafo_4_34,prosumer35,cfp,100,2.180088,0
1789091755.201418,32,ciclo1_AC_AP,concentrator_trafo_4_34,prosumer36,cfp,100,4.099592,0
1789091755.201505,32,ciclo1_AC_AP,concentrator_trafo_4_34,prosumer37,cfp,100,5.037889,0
1789091755.201593,32,ciclo1_AC_AP,concentrator_trafo_4_34,prosumer38,cfp,100,4.061801,0
1789091755.201677,32,ciclo1_AC_AP,concentrator_trafo_4_34,prosumer39,cfp,100,2.929293,0
1789091755.201759,32,ciclo1_AC_AP,concentrator_trafo_4_34,prosumer40,cfp,100,3.331425,0
1789091755.201851,32,ciclo1_AC_AP,concentrator_trafo_4_34,prosumer41,cfp,100,2.147600,0
1789091755.201948,32,ciclo1_AC_AP,concentrator_trafo_4_34,prosumer42,cfp,100,1.991544,0
1789091755.202032,32,ciclo1_AC_AP,concentrator_trafo_4_34,prosumer43,cfp,100,2.088960,0
1789091755.202115,32,ciclo1_AC_AP,concentrator_trafo_4_34,prosumer44,cfp,100,4.099244,0
1789091755.202198,32,ciclo1_AC_AP,concentrator_trafo_4_34,prosumer45,cfp,100,3.406235,0
1789091755.202280,32,ciclo1_AC_AP,concentrator_trafo_4_34,prosumer46,cfp,100,0.367522,0
1789091755.206339,32,ciclo1_AC_AP,prosumer12,concentrator_trafo_2_12,propose,265,5.945328,0
1789091755.207253,32,ciclo1_AC_AP,prosumer14,concentrator_trafo_2_12,propose,333,7.956039,0
1789091755.210686,32,ciclo1_AC_AP,prosumer19,concentrator_trafo_2_12,propose,383,7.598688,0
1789091755.213325,32,ciclo1_AC_AP,prosumer20,concentrator_trafo_2_12,propose,481,7.334103,0
1789091755.214285,32,ciclo1_AC_AP,prosumer46,concentrator_trafo_4_34,propose,455,6.157258,0
1789091755.217854,32,ciclo1_AC_AP,prosumer10,concentrator_trafo_1_5,propose,353,5.864112,0
1789091755.218683,32,ciclo1_AC_AP,prosumer30,concentrator_trafo_3_22,propose,343,7.738448,0
1789091755.222021,32,ciclo1_AC_AP,prosumer6,concentrator_trafo_1_5,propose,141,4.757598,0
1789091755.225368,32,ciclo1_AC_AP,prosumer22,concentrator_trafo_3_22,propose,126,0.112674,0
1789091755.232546,32,ciclo1_AC_AP,prosumer17,concentrator_trafo_2_12,propose,374,6.721929,0
1789091755.233455,32,ciclo1_AC_AP,prosumer11,concentrator_trafo_1_5,propose,305,4.078551,0
1789091755.236748,32,ciclo1_AC_AP,prosumer9,concentrator_trafo_1_5,propose,234,4.885685,0
1789091755.239979,32,ciclo1_AC_AP,prosumer34,concentrator_trafo_4_34,propose,114,3.321685,0
1789091755.242659,32,ciclo1_AC_AP,prosumer16,concentrator_trafo_2_12,propose,431,6.577567,0
1789091755.245148,32,ciclo1_AC_AP,prosumer24,concentrator_trafo_3_22,propose,364,6.255327,0
1789091755.247267,32,ciclo1_AC_AP,prosumer42,concentrator_trafo_4_34,propose,149,9.859613,0
1789091755.247774,32,ciclo1_AC_AP,prosumer43,concentrator_trafo_4_34,propose,141,5.154319,0
1789091755.250087,32,ciclo1_AC_AP,prosumer35,concentrator_trafo_4_34,propose,270,11.892742,0
1789091755.250640,32,ciclo1_AC_AP,prosumer27,concentrator_trafo_3_22,propose,283,15.677618,0
1789091755.252531,32,ciclo1_AC_AP,prosumer41,concentrator_trafo_4_34,propose,150,2.325148,0
1789091755.254479,32,ciclo1_AC_AP,prosumer8,concentrator_trafo_1_5,propose,341,5.386847,0
1789091755.256415,32,ciclo1_AC_AP,prosumer31,concentrator_trafo_3_22,propose,116,1.824039,0
1789091755.261874,32,ciclo1_AC_AP,prosumer5,concentrator_trafo_1_5,propose,178,5.430798,0
1789091755.263972,32,ciclo1_AC_AP,prosumer23,concentrator_trafo_3_22,propose,364,6.788242,0
1789091755.265926,32,ciclo1_AC_AP,prosumer21,concentrator_trafo_2_12,propose,420,6.865338,0
1789091755.267837,32,ciclo1_AC_AP,prosumer39,concentrator_trafo_4_34,propose,246,9.756802,0
1789091755.269903,32,ciclo1_AC_AP,prosumer15,concentrator_trafo_2_12,propose,118,4.752712,0
1789091755.270514,32,ciclo1_AC_AP,prosumer40,concentrator_trafo_4_34,propose,100,0.940620,0
1789091755.272429,32,ciclo1_AC_AP,prosumer18,concentrator_trafo_2_12,propose,292,6.954333,0
1789091755.273007,32,ciclo1_AC_AP,prosumer45,concentrator_trafo_4_34,propose,272,12.512429,0
1789091755.274938,32,ciclo1_AC_AP,prosumer33,concentrator_trafo_3_22,propose,180,5.546128,0
1789091755.276881,32,ciclo1_AC_AP,prosumer13,concentrator_trafo_2_12,propose,380,7.076490,0
1789091755.278754,32,ciclo1_AC_AP,prosumer28,concentrator_trafo_3_22,propose,456,14.834949,0
1789091755.280682,32,ciclo1_AC_AP,prosumer38,concentrator_trafo_4_34,propose,175,4.620447,0
1789091755.281265,32,ciclo1_AC_AP,prosumer36,concentrator_trafo_4_34,propose,182,8.732789,0
1789091755.281779,32,ciclo1_AC_AP,prosumer44,concentrator_trafo_4_34,propose,189,7.012191,0
1789091755.283699,32,ciclo1_AC_AP,prosumer32,concentrator_trafo_3_22,propose,499,15.605655,0
1789091755.285638,32,ciclo1_AC_AP,prosumer25,concentrator_trafo_3_22,propose,181,9.203103,0
1789091755.287544,32,ciclo1_AC_AP,prosumer37,concentrator_trafo_4_34,propose,427,15.575591,0
1789091755.288322,32,ciclo1_AC_AP,prosumer29,concentrator_trafo_3_22,propose,448,16.537611,0
1789091755.290279,32,ciclo1_AC_AP,prosumer26,concentrator_trafo_3_22,propose,224,7.914677,0
1789091755.293772,32,ciclo1_AC_AP,prosumer7,concentrator_trafo_1_5,propose,419,15.870912,0
1789091755.456699,32,ciclo2_AD_AC,dso,concentrator_trafo_1_5,cfp,100,5.823676,0
1789091755.456838,32,ciclo2_AD_AC,dso,concentrator_trafo_2_12,cfp,100,2.129792,0
1789091755.456931,32,ciclo2_AD_AC,dso,concentrator_trafo_3_22,cfp,100,2.114942,0
1789091755.457005,32,ciclo2_AD_AC,dso,concentrator_trafo_4_34,cfp,100,9.034835,0
1789091755.481023,32,ciclo2_AD_AC,concentrator_trafo_3_22,dso,propose,1168,37.640714,0
1789091755.483175,32,ciclo2_AD_AC,concentrator_trafo_2_12,dso,propose,1484,25.677484,0
1789091755.519052,32,ciclo2_AD_AC,concentrator_trafo_1_5,dso,propose,1012,31.226380,0
1789091755.552251,32,ciclo2_AD_AC,concentrator_trafo_4_34,dso,propose,1247,61.731596,0
1789091756.177616,32,ciclo3_AM_AC_AD,market,dso,cfp,100,1.759325,0
1789091756.207624,32,ciclo3_AM_AC_AD,dso,market,propose,1490,23.841441,0
1789091756.457285,32,ciclo3_AM_AC_AD,market,concentrator_trafo_1_5,cfp,100,1.530386,0
1789091756.458011,32,ciclo3_AM_AC_AD,market,concentrator_trafo_2_12,cfp,100,2.841501,0
1789091756.458513,32,ciclo3_AM_AC_AD,market,concentrator_trafo_3_22,cfp,100,0.213932,0
1789091756.458924,32,ciclo3_AM_AC_AD,market,concentrator_trafo_4_34,cfp,100,2.457798,0
1789091756.459216,32,ciclo3_AM_AC_AD,market,dso,cfp,100,1.572756,0
1789091756.539082,32,ciclo3_AM_AC_AD,concentrator_trafo_3_22,market,propose,1454,23.943614,0
1789091756.546407,32,ciclo3_AM_AC_AD,concentrator_trafo_1_5,market,propose,1320,41.814456,0
1789091756.552069,32,ciclo3_AM_AC_AD,dso,market,propose,1347,20.574794,0
1789091756.554694,32,ciclo3_AM_AC_AD,concentrator_trafo_2_12,market,propose,1203,38.016349,0
1789091756.556695,32,ciclo3_AM_AC_AD,concentrator_trafo_4_34,market,propose,1022,41.510814,0
1789091757.048491,33,ciclo1_AC_AP,concentrator_trafo_1_5,prosumer5,cfp,100,1.289695,0
1789091757.049308,33,ciclo1_AC_AP,concentrator_trafo_1_5,prosumer6,cfp,100,2.178761,0
1789091757.049827,33,ciclo1_AC_AP,concentrator_trafo_1_5,prosumer7,cfp,100,2.871490,0
1789091757.050134,33,ciclo1_AC_AP,concentrator_trafo_1_5,prosumer8,cfp,100,1.593508,0
1789091757.050332,33,ciclo1_AC_AP,concentrator_trafo_1_5,prosumer9,cfp,100,1.008456,0
1789091757.050467,33,ciclo1_AC_AP,concentrator_trafo_1_5,prosumer10,cfp,100,0.433525,0
1789091757.050622,33,ciclo1_AC_AP,concentrator_trafo_1_5,prosumer11,cfp,100,3.116045,0
1789091757.051402,33,ciclo1_AC_AP,concentrator_trafo_2_12,prosumer12,cfp,100,2.645813,0
1789091757.051574,33,ciclo1_AC_AP,concentrator_trafo_2_12,prosumer13,cfp,100,4.349241,0
1789091757.051710,33,ciclo1_AC_AP,concentrator_trafo_2_12,prosumer14,cfp,100,1.897469,0
1789091757.051833,33,ciclo1_AC_AP,concentrator_trafo_2_12,prosumer15,cfp,100,1.360881,0
1789091757.051946,33,ciclo1_AC_AP,concentrator_trafo_2_12,prosumer16,cfp,100,3.120936,0
1789091757.052059,33,ciclo1_AC_AP,concentrator_trafo_2_12,prosumer17,cfp,100,1.444270,0
1789091757.052167,33,ciclo1_AC_AP,concentrator_trafo_2_12,prosumer18,cfp,100,3.405520,0
1789091757.052274,33,ciclo1_AC_AP,concentrator_trafo_2_12,prosumer19,cfp,100,0.692507,0
1789091757.052383,33,ciclo1_AC_AP,concentrator_trafo_2_12,prosumer20,cfp,100,2.602233,0
1789091757.052491,33,ciclo1_AC_AP,concentrator_trafo_2_12,prosumer21,cfp,100,1.365966,0
1789091757.053219,33,ciclo1_AC_AP,concentrator_trafo_3_22,prosumer22,cfp,100,0.471471,0
1789091757.053369,33,ciclo1_AC_AP,concentrator_trafo_3_22,prosumer23,cfp,100,3.903600,0
1789091757.053489,33,ciclo1_AC_AP,concentrator_trafo_3_22,prosumer24,cfp,100,2.962612,0
1789091757.053621,33,ciclo1_AC_AP,concentrator_trafo_3_22,prosumer25,cfp,100,3.149260,0
1789091757.053734,33,ciclo1_AC_AP,concentrator_trafo_3_22,prosumer26,cfp,100,4.924898,0
1789091757.053841,33,ciclo1_AC_AP,concentrator_trafo_3_22,prosumer27,cfp,100,4.362881,0
1789091757.053944,33,ciclo1_AC_AP,concentrator_trafo_3_22,prosumer28,cfp,100,2.863625,0
1789091757.054048,33,ciclo1_AC_AP,concentrator_trafo_3_22,prosumer29,cfp,100,0.159353,0
1789091757.054152,33,ciclo1_AC_AP,concentrator_trafo_3_22,prosumer30,cfp,100,3.064362,0
1789091757.054255,33,ciclo1_AC_AP,concentrator_trafo_3_22,prosumer31,cfp,100,3.250761,0
1789091757.054357,33,ciclo1_AC_AP,concentrator_trafo_3_22,prosumer32,cfp,100,0.849133,0
1789091757.054458,33,ciclo1_AC_AP,concentrator_trafo_3_22,prosumer33,cfp,100,3.020268,0
1789091757.055158,33,ciclo1_AC_AP,concentrator_trafo_4_34,prosumer34,cfp,100,3.736458,0
1789091757.055311,33,ciclo1_AC_AP,concentrator_trafo_4_34,prosumer35,cfp,100,4.880232,0
1789091757.055457,33,ciclo1_AC_AP,concentrator_trafo_4_34,prosumer36,cfp,100,4.905216,0
1789091757.055587,33,ciclo1_AC_AP,concentrator_trafo_4_34,prosumer37,cfp,100,5.156089,0
1789091757.055698,33,ciclo1_AC_AP,concentrator_trafo_4_34,prosumer38,cfp,100,4.005678,0
1789091757.055805,33,ciclo1_AC_AP,concentrator_trafo_4_34,prosumer39,cfp,100,2.708940,0
1789091757.055910,33,ciclo1_AC_AP,concentrator_trafo_4_34,prosumer40,cfp,100,1.755751,0
1789091757.056018,33,ciclo1_AC_AP,concentrator_trafo_4_34,prosumer41,cfp,100,3.253909,0
1789091757.056128,33,ciclo1_AC_AP,concentrator_trafo_4_34,prosumer42,cfp,100,1.122972,0
1789091757.056235,33,ciclo1_AC_AP,concentrator_trafo_4_34,prosumer43,cfp,100,0.904768,0
1789091757.056353,33,ciclo1_AC_AP,concentrator_trafo_4_34,prosumer44,cfp,100,6.349108,0
1789091757.056507,33,ciclo1_AC_AP,concentrator_trafo_4_34,prosumer45,cfp,100,4.661427,0
1789091757.056643,33,ciclo1_AC_AP,concentrator_trafo_4_34,prosumer46,cfp,100,1.361029,0
1789091757.061547,33,ciclo1_AC_AP,prosumer10,concentrator_trafo_1_5,propose,215,2.588456,0
1789091757.062470,33,ciclo1_AC_AP,prosumer29,concentrator_trafo_3_22,propose,223,7.858726,0
1789091757.065869,33,ciclo1_AC_AP,prosumer22,concentrator_trafo_3_22,propose,425,7.010516,0
1789091757.067790,33,ciclo1_AC_AP,prosumer19,concentrator_trafo_2_12,propose,244,3.107053,0
1789091757.069716,33,ciclo1_AC_AP,prosumer9,concentrator_trafo_1_5,propose,268,8.074274,0
1789091757.071632,33,ciclo1_AC_AP,prosumer5,concentrator_trafo_1_5,propose,187,5.188246,0
1789091757.072567,33,ciclo1_AC_AP,prosumer32,concentrator_trafo_3_22,propose,221,9.081134,0
1789091757.075432,33,ciclo1_AC_AP,prosumer43,concentrator_trafo_4_34,propose,280,7.768479,0
1789091757.077372,33,ciclo1_AC_AP,prosumer15,concentrator_trafo_2_12,propose,215,8.190041,0
1789091757.077938,33,ciclo1_AC_AP,prosumer8,concentrator_trafo_1_5,propose,183,3.002092,0
1789091757.079825,33,ciclo1_AC_AP,prosumer21,concentrator_trafo_2_12,propose,315,5.713011,0
1789091757.080370,33,ciclo1_AC_AP,prosumer17,concentrator_trafo_2_12,propose,337,7.978115,0
1789091757.080868,33,ciclo1_AC_AP,prosumer42,concentrator_trafo_4_34,propose,286,15.148133,0
1789091757.082730,33,ciclo1_AC_AP,prosumer46,concentrator_trafo_4_34,propose,389,9.090920,0
1789091757.084646,33,ciclo1_AC_AP,prosumer14,concentrator_trafo_2_12,propose,170,3.072086,0
1789091757.086512,33,ciclo1_AC_AP,prosumer6,concentrator_trafo_1_5,propose,297,6.682936,0
1789091757.090173,33,ciclo1_AC_AP,prosumer40,concentrator_trafo_4_34,propose,389,8.156243,0
1789091757.091224,33,ciclo1_AC_AP,prosumer12,concentrator_trafo_2_12,propose,494,6.818694,0
1789091757.093111,33,ciclo1_AC_AP,prosumer20,concentrator_trafo_2_12,propose,106,3.248014,0
1789091757.095142,33,ciclo1_AC_AP,prosumer7,concentrator_trafo_1_5,propose,183,4.244229,0
1789091757.097226,33,ciclo1_AC_AP,prosumer11,concentrator_trafo_1_5,propose,398,9.215653,0
1789091757.099299,33,ciclo1_AC_AP,prosumer28,concentrator_trafo_3_22,propose,102,4.711656,0
1789091757.101385,33,ciclo1_AC_AP,prosumer39,concentrator_trafo_4_34,propose,451,16.869080,0
1789091757.103491,33,ciclo1_AC_AP,prosumer24,concentrator_trafo_3_22,propose,299,5.096714,0
1789091757.105578,33,ciclo1_AC_AP,prosumer16,concentrator_trafo_2_12,propose,467,6.581808,0
1789091757.107655,33,ciclo1_AC_AP,prosumer33,concentrator_trafo_3_22,propose,188,4.265345,0
1789091757.108287,33,ciclo1_AC_AP,prosumer30,concentrator_trafo_3_22,propose,176,2.415070,0
1789091757.110371,33,ciclo1_AC_AP,prosumer25,concentrator_trafo_3_22,propose,109,4.524315,0
1789091757.111009,33,ciclo1_AC_AP,prosumer18,concentrator_trafo_2_12,propose,112,2.098495,0
1789091757.112952,33,ciclo1_AC_AP,prosumer31,concentrator_trafo_3_22,propose,265,6.914857,0
1789091757.115212,33,ciclo1_AC_AP,prosumer41,concentrator_trafo_4_34,propose,361,6.500385,0
1789091757.117700,33,ciclo1_AC_AP,prosumer23,concentrator_trafo_3_22,propose,101,0.362178,0
1789091757.118286,33,ciclo1_AC_AP,prosumer34,concentrator_trafo_4_34,propose,119,1.806154,0
1789091757.118815,33,ciclo1_AC_AP,prosumer13,concentrator_trafo_2_12,propose,124,3.008081,0
1789091757.120732,33,ciclo1_AC_AP,prosumer38,concentrator_trafo_4_34,propose,497,6.488501,0
1789091757.122706,33,ciclo1_AC_AP,prosumer27,concentrator_trafo_3_22,propose,157,7.436016,0
1789091757.124859,33,ciclo1_AC_AP,prosumer26,concentrator_trafo_3_22,propose,393,15.911335,0
1789091757.125412,33,ciclo1_AC_AP,prosumer45,concentrator_trafo_4_34,propose,413,17.441304,0
1789091757.127275,33,ciclo1_AC_AP,prosumer35,concentrator_trafo_4_34,propose,175,8.946679,0
1789091757.129123,33,ciclo1_AC_AP,prosumer36,concentrator_trafo_4_34,propose,498,17.226679,0
1789091757.131023,33,ciclo1_AC_AP,prosumer37,concentrator_trafo_4_34,propose,178,8.001327,0
1789091757.134372,33,ciclo1_AC_AP,prosumer44,concentrator_trafo_4_34,propose,444,16.659224,0
1789091757.310337,33,ciclo2_AD_AC,dso,concentrator_trafo_1_5,cfp,100,5.567784,0
1789091757.310984,33,ciclo2_AD_AC,dso,concentrator_trafo_2_12,cfp,100,2.386428,0
1789091757.311469,33,ciclo2_AD_AC,dso,concentrator_trafo_3_22,cfp,100,6.101407,0
1789091757.311922,33,ciclo2_AD_AC,dso,concentrator_trafo_4_34,cfp,100,6.774596,0
1789091757.343695,33,ciclo2_AD_AC,concentrator_trafo_2_12,dso,propose,1402,25.997192,0
1789091757.375737,33,ciclo2_AD_AC,concentrator_trafo_1_5,dso,propose,1194,42.270322,0
1789091757.382281,33,ciclo2_AD_AC,concentrator_trafo_3_22,dso,propose,1403,48.237350,0
1789091757.387425,33,ciclo2_AD_AC,concentrator_trafo_4_34,dso,propose,1013,48.703381,0
1789091757.883476,33,ciclo3_AM_AC_AD,market,dso,cfp,100,1.100354,0
1789091757.906244,33,ciclo3_AM_AC_AD,dso,market,propose,1214,22.130396,0
1789091758.135159,33,ciclo3_AM_AC_AD,market,concentrator_trafo_1_5,cfp,100,5.197756,0
1789091758.135575,33,ciclo3_AM_AC_AD,market,concentrator_trafo_2_12,cfp,100,1.253982,0
1789091758.135834,33,ciclo3_AM_AC_AD,market,concentrator_trafo_3_22,cfp,100,2.789545,0
1789091758.136060,33,ciclo3_AM_AC_AD,market,concentrator_trafo_4_34,cfp,100,2.528804,0
1789091758.136229,33,ciclo3_AM_AC_AD,market,dso,cfp,100,2.070534,0
1789091758.204702,33,ciclo3_AM_AC_AD,concentrator_trafo_2_12,market,propose,1223,40.360597,0
1789091758.222904,33,ciclo3_AM_AC_AD,dso,market,propose,1290,21.520846,0
1789091758.227278,33,ciclo3_AM_AC_AD,concentrator_trafo_3_22,market,propose,1467,24.764575,0
1789091758.231964,33,ciclo3_AM_AC_AD,concentrator_trafo_4_34,market,propose,1351,49.101299,0
1789091758.236302,33,ciclo3_AM_AC_AD,concentrator_trafo_1_5,market,propose,1170,39.144036,0
1789091758.799764,34,ciclo1_AC_AP,concentrator_trafo_1_5,prosumer5,cfp,100,3.909599,0
1789091758.800299,34,ciclo1_AC_AP,concentrator_trafo_1_5,prosumer6,cfp,100,0.976148,0
1789091758.800667,34,ciclo1_AC_AP,concentrator_trafo_1_5,prosumer7,cfp,100,3.103991,0
1789091758.800978,34,ciclo1_AC_AP,concentrator_trafo_1_5,prosumer8,cfp,100,2.820662,0
1789091758.801266,34,ciclo1_AC_AP,concentrator_trafo_1_5,prosumer9,cfp,100,3.235950,0
1789091758.801393,34,ciclo1_AC_AP,concentrator_trafo_1_5,prosumer10,cfp,100,0.157676,0
1789091758.801506,34,ciclo1_AC_AP,concentrator_trafo_1_5,prosumer11,cfp,100,2.362771,0
1789091758.802506,34,ciclo1_AC_AP,concentrator_trafo_2_12,prosumer12,cfp,100,2.058500,0
1789091758.802800,34,ciclo1_AC_AP,concentrator_trafo_2_12,prosumer13,cfp,100,2.625855,0
1789091758.802942,34,ciclo1_AC_AP,concentrator_trafo_2_12,prosumer14,cfp,100,2.151821,0
1789091758.803050,34,ciclo1_AC_AP,concentrator_trafo_2_12,prosumer15,cfp,100,3.743518,0
1789091758.803153,34,ciclo1_AC_AP,concentrator_trafo_2_12,prosumer16,cfp,100,0.596657,0
1789091758.803256,34,ciclo1_AC_AP,concentrator_trafo_2_12,prosumer17,cfp,100,3.577434,0
1789091758.803358,34,ciclo1_AC_AP,concentrator_trafo_2_12,prosumer18,cfp,100,1.307496,0
1789091758.803457,34,ciclo1_AC_AP,concentrator_trafo_2_12,prosumer19,cfp,100,0.361156,0
1789091758.803566,34,ciclo1_AC_AP,concentrator_trafo_2_12,prosumer20,cfp,100,2.910267,0
1789091758.803665,34,ciclo1_AC_AP,concentrator_trafo_2_12,prosumer21,cfp,100,2.836166,0
1789091758.804277,34,ciclo1_AC_AP,concentrator_trafo_3_22,prosumer22,cfp,100,0.329827,0
1789091758.804391,34,ciclo1_AC_AP,concentrator_trafo_3_22,prosumer23,cfp,100,2.902920,0
1789091758.804489,34,ciclo1_AC_AP,concentrator_trafo_3_22,prosumer24,cfp,100,3.502777,0
1789091758.804592,34,ciclo1_AC_AP,concentrator_trafo_3_22,prosumer25,cfp,100,4.079934,0
1789091758.804688,34,ciclo1_AC_AP,concentrator_trafo_3_22,prosumer26,cfp,100,2.813583,0
1789091758.804776,34,ciclo1_AC_AP,concentrator_trafo_3_22,prosumer27,cfp,100,5.200266,0
1789091758.804867,34,ciclo1_AC_AP,concentrator_trafo_3_22,prosumer28,cfp,100,3.287808,0
1789091758.804958,34,ciclo1_AC_AP,concentrator_trafo_3_22,prosumer29,cfp,100,2.776198,0
1789091758.805099,34,ciclo1_AC_AP,concentrator_trafo_3_22,prosumer30,cfp,100,1.132963,0
1789091758.805263,34,ciclo1_AC_AP,concentrator_trafo_3_22,prosumer31,cfp,100,2.172970,0
1789091758.805368,34,ciclo1_AC_AP,concentrator_trafo_3_22,prosumer32,cfp,100,6.554296,0
1789091758.805462,34,ciclo1_AC_AP,concentrator_trafo_3_22,prosumer33,cfp,100,2.546780,0
1789091758.806117,34,ciclo1_AC_AP,concentrator_trafo_4_34,prosumer34,cfp,100,0.895978,0
1789091758.806223,34,ciclo1_AC_AP,concentrator_trafo_4_34,prosumer35,cfp,100,2.789709,0
1789091758.806313,34,ciclo1_AC_AP,concentrator_trafo_4_34,prosumer36,cfp,100,5.018581,0
1789091758.806403,34,ciclo1_AC_AP,concentrator_trafo_4_34,prosumer37,cfp,100,3.707112,0
1789091758.806490,34,ciclo1_AC_AP,concentrator_trafo_4_34,prosumer38,cfp,100,3.318855,0
1789091758.806583,34,ciclo1_AC_AP,concentrator_trafo_4_34,prosumer39,cfp,100,4.415295,0
1789091758.806672,34,ciclo1_AC_AP,concentrator_trafo_4_34,prosumer40,cfp,100,1.517751,0
1789091758.806756,34,ciclo1_AC_AP,concentrator_trafo_4_34,prosumer41,cfp,100,2.838059,0
1789091758.806842,34,ciclo1_AC_AP,concentrator_trafo_4_34,prosumer42,cfp,100,5.815392,0
1789091758.806928,34,ciclo1_AC_AP,concentrator_trafo_4_34,prosumer43,cfp,100,0.368053,0
1789091758.807014,34,ciclo1_AC_AP,concentrator_trafo_4_34,prosumer44,cfp,100,3.634662,0
1789091758.807098,34,ciclo1_AC_AP,concentrator_trafo_4_34,prosumer45,cfp,100,3.562634,0
1789091758.807184,34,ciclo1_AC_AP,concentrator_trafo_4_34,prosumer46,cfp,100,0.296876,0
1789091758.812074,34,ciclo1_AC_AP,prosumer10,concentrator_trafo_1_5,propose,464,7.258834,0
1789091758.815904,34,ciclo1_AC_AP,prosumer19,concentrator_trafo_2_12,propose,226,3.908659,0
1789091758.817443,34,ciclo1_AC_AP,prosumer22,concentrator_trafo_3_22,propose,170,2.507776,0
1789091758.822546,34,ciclo1_AC_AP,prosumer16,concentrator_trafo_2_12,propose,286,6.397921,0
1789091758.823477,34,ciclo1_AC_AP,prosumer6,concentrator_trafo_1_5,propose,361,4.349769,0
1789091758.826856,34,ciclo1_AC_AP,prosumer46,concentrator_trafo_4_34,propose,210,5.764104,0
1789091758.830238,34,ciclo1_AC_AP,prosumer43,concentrator_trafo_4_34,propose,373,5.609383,0
1789091758.831129,34,ciclo1_AC_AP,prosumer34,concentrator_trafo_4_34,propose,304,7.209173,0
1789091758.834847,34,ciclo1_AC_AP,prosumer18,concentrator_trafo_2_12,propose,137,2.747509,0
1789091758.835837,34,ciclo1_AC_AP,prosumer30,concentrator_trafo_3_22,propose,166,2.562219,0
1789091758.843628,34,ciclo1_AC_AP,prosumer40,concentrator_trafo_4_34,propose,308,4.981603,0
1789091758.847042,34,ciclo1_AC_AP,prosumer12,concentrator_trafo_2_12,propose,389,6.742206,0
1789091758.847987,34,ciclo1_AC_AP,prosumer14,concentrator_trafo_2_12,propose,437,8.940207,0
1789091758.851052,34,ciclo1_AC_AP,prosumer11,concentrator_trafo_1_5,propose,279,6.831994,0
1789091758.853518,34,ciclo1_AC_AP,prosumer31,concentrator_trafo_3_22,propose,149,2.455376,0
1789091758.855547,34,ciclo1_AC_AP,prosumer13,concentrator_trafo_2_12,propose,320,6.988383,0
1789091758.856071,34,ciclo1_AC_AP,prosumer8,concentrator_trafo_1_5,propose,323,7.054316,0
1789091758.857965,34,ciclo1_AC_AP,prosumer33,concentrator_trafo_3_22,propose,225,3.517188,0
1789091758.860619,34,ciclo1_AC_AP,prosumer7,concentrator_trafo_1_5,propose,341,5.209314,0
1789091758.861177,34,ciclo1_AC_AP,prosumer21,concentrator_trafo_2_12,propose,295,7.329885,0
1789091758.863006,34,ciclo1_AC_AP,prosumer20,concentrator_trafo_2_12,propose,215,2.946964,0
1789091758.864895,34,ciclo1_AC_AP,prosumer29,concentrator_trafo_3_22,propose,302,14.716838,0
1789091758.866755,34,ciclo1_AC_AP,prosumer26,concentrator_trafo_3_22,propose,222,7.271495,0
1789091758.868629,34,ciclo1_AC_AP,prosumer23,concentrator_trafo_3_22,propose,430,7.375110,0
1789091758.870667,34,ciclo1_AC_AP,prosumer9,concentrator_trafo_1_5,propose,346,5.114897,0
1789091758.871400,34,ciclo1_AC_AP,prosumer35,concentrator_trafo_4_34,propose,303,13.113211,0
1789091758.873568,34,ciclo1_AC_AP,prosumer41,concentrator_trafo_4_34,propose,397,7.900230,0
1789091758.876238,34,ciclo1_AC_AP,prosumer28,concentrator_trafo_3_22,propose,135,8.779456,0
1789091758.877994,34,ciclo1_AC_AP,prosumer5,concentrator_trafo_1_5,propose,229,3.096275,0
1789091758.878777,34,ciclo1_AC_AP,prosumer17,concentrator_trafo_2_12,propose,241,5.605636,0
1789091758.882615,34,ciclo1_AC_AP,prosumer24,concentrator_trafo_3_22,propose,369,4.653529,0
1789091758.883265,34,ciclo1_AC_AP,prosumer38,concentrator_trafo_4_34,propose,290,11.235467,0
1789091758.884619,34,ciclo1_AC_AP,prosumer15,concentrator_trafo_2_12,propose,377,12.650285,0
1789091758.888285,34,ciclo1_AC_AP,prosumer45,concentrator_trafo_4_34,propose,111,3.312991,0
1789091758.890446,34,ciclo1_AC_AP,prosumer44,concentrator_trafo_4_34,propose,409,14.888702,0
1789091758.890949,34,ciclo1_AC_AP,prosumer37,concentrator_trafo_4_34,propose,413,14.197338,0
1789091758.891478,34,ciclo1_AC_AP,prosumer25,concentrator_trafo_3_22,propose,499,13.695198,0
1789091758.893522,34,ciclo1_AC_AP,prosumer39,concentrator_trafo_4_34,propose,342,10.277939,0
1789091758.895756,34,ciclo1_AC_AP,prosumer36,concentrator_trafo_4_34,propose,221,7.935872,0
1789091758.896279,34,ciclo1_AC_AP,prosumer27,concentrator_trafo_3_22,propose,241,7.632069,0
1789091758.899101,34,ciclo1_AC_AP,prosumer42,concentrator_trafo_4_34,propose,120,1.412034,0
1789091758.901500,34,ciclo1_AC_AP,prosumer32,concentrator_trafo_3_22,propose,412,15.505999,0
1789091759.064924,34,ciclo2_AD_AC,dso,concentrator_trafo_1_5,cfp,100,4.887836,0
1789091759.065348,34,ciclo2_AD_AC,dso,concentrator_trafo_2_12,cfp,100,0.184615,0
1789091759.065549,34,ciclo2_AD_AC,dso,concentrator_trafo_3_22,cfp,100,3.858505,0
1789091759.065786,34,ciclo2_AD_AC,dso,concentrator_trafo_4_34,cfp,100,2.922123,0
1789091759.072801,34,ciclo2_AD_AC,concentrator_trafo_2_12,dso,propose,1164,21.450154,0
1789091759.102451,34,ciclo2_AD_AC,concentrator_trafo_4_34,dso,propose,1444,71.486588,0
1789091759.106751,34,ciclo2_AD_AC,concentrator_trafo_3_22,dso,propose,1408,47.523366,0
1789091759.119956,34,ciclo2_AD_AC,concentrator_trafo_1_5,dso,propose,1200,38.087635,0
1789091759.827828,34,ciclo3_AM_AC_AD,market,dso,cfp,100,1.498103,0
1789091759.852973,34,ciclo3_AM_AC_AD,dso,market,propose,1493,25.794847,0
1789091760.121824,34,ciclo3_AM_AC_AD,market,concentrator_trafo_1_5,cfp,100,4.517887,0
1789091760.122360,34,ciclo3_AM_AC_AD,market,concentrator_trafo_2_12,cfp,100,4.500585,0
1789091760.123036,34,ciclo3_AM_AC_AD,market,concentrator_trafo_3_22,cfp,100,5.274939,0
1789091760.123511,34,ciclo3_AM_AC_AD,market,concentrator_trafo_4_34,cfp,100,5.911736,0
1789091760.124031,34,ciclo3_AM_AC_AD,market,dso,cfp,100,0.737122,0
1789091760.214213,34,ciclo3_AM_AC_AD,dso,market,propose,1320,20.675003,0
1789091760.219743,34,ciclo3_AM_AC_AD,concentrator_trafo_1_5,market,propose,1054,37.159517,0
1789091760.225734,34,ciclo3_AM_AC_AD,concentrator_trafo_2_12,market,propose,1273,46.135062,0
1789091760.230497,34,ciclo3_AM_AC_AD,concentrator_trafo_3_22,market,propose,1449,23.073027,0
1789091760.231921,34,ciclo3_AM_AC_AD,concentrator_trafo_4_34,market,propose,1436,49.999813,0
1789091760.808365,35,ciclo1_AC_AP,concentrator_trafo_1_5,prosumer5,cfp,100,1.054751,0
1789091760.808739,35,ciclo1_AC_AP,concentrator_trafo_1_5,prosumer6,cfp,100,1.351322,0
1789091760.808974,35,ciclo1_AC_AP,concentrator_trafo_1_5,prosumer7,cfp,100,4.456941,0
1789091760.809185,35,ciclo1_AC_AP,concentrator_trafo_1_5,prosumer8,cfp,100,2.225467,0
1789091760.809309,35,ciclo1_AC_AP,concentrator_trafo_1_5,prosumer9,cfp,100,2.926756,0
1789091760.809414,35,ciclo1_AC_AP,concentrator_trafo_1_5,prosumer10,cfp,100,1.136253,0
1789091760.809516,35,ciclo1_AC_AP,concentrator_trafo_1_5,prosumer11,cfp,100,2.358792,0
1789091760.810296,35,ciclo1_AC_AP,concentrator_trafo_2_12,prosumer12,cfp,100,0.743022,0
1789091760.810435,35,ciclo1_AC_AP,concentrator_trafo_2_12,prosumer13,cfp,100,5.257124,0
1789091760.810564,35,ciclo1_AC_AP,concentrator_trafo_2_12,prosumer14,cfp,100,3.959661,0
1789091760.810675,35,ciclo1_AC_AP,concentrator_trafo_2_12,prosumer15,cfp,100,6.624315,0
1789091760.810776,35,ciclo1_AC_AP,concentrator_trafo_2_12,prosumer16,cfp,100,1.240376,0
1789091760.810878,35,ciclo1_AC_AP,concentrator_trafo_2_12,prosumer17,cfp,100,0.436989,0
1789091760.810979,35,ciclo1_AC_AP,concentrator_trafo_2_12,prosumer18,cfp,100,1.440366,0
1789091760.811089,35,ciclo1_AC_AP,concentrator_trafo_2_12,prosumer19,cfp,100,2.529450,0
1789091760.811223,35,ciclo1_AC_AP,concentrator_trafo_2_12,prosumer20,cfp,100,0.643239,0
1789091760.811372,35,ciclo1_AC_AP,concentrator_trafo_2_12,prosumer21,cfp,100,0.391098,0
1789091760.812115,35,ciclo1_AC_AP,concentrator_trafo_3_22,prosumer22,cfp,100,1.985591,0
1789091760.812239,35,ciclo1_AC_AP,concentrator_trafo_3_22,prosumer23,cfp,100,0.869506,0
1789091760.812342,35,ciclo1_AC_AP,concentrator_trafo_3_22,prosumer24,cfp,100,1.283876,0
1789091760.812447,35,ciclo1_AC_AP,concentrator_trafo_3_22,prosumer25,cfp,100,5.569445,0
1789091760.812555,35,ciclo1_AC_AP,concentrator_trafo_3_22,prosumer26,cfp,100,6.226230,0
1789091760.812654,35,ciclo1_AC_AP,concentrator_trafo_3_22,prosumer27,cfp,100,3.668314,0
1789091760.812751,35,ciclo1_AC_AP,concentrator_trafo_3_22,prosumer28,cfp,100,6.717590,0
1789091760.812845,35,ciclo1_AC_AP,concentrator_trafo_3_22,prosumer29,cfp,100,3.023423,0
1789091760.812938,35,ciclo1_AC_AP,concentrator_trafo_3_22,prosumer30,cfp,100,1.162926,0
1789091760.813032,35,ciclo1_AC_AP,concentrator_trafo_3_22,prosumer31,cfp,100,2.341339,0
1789091760.813126,35,ciclo1_AC_AP,concentrator_trafo_3_22,prosumer32,cfp,100,2.097093,0
1789091760.813220,35,ciclo1_AC_AP,concentrator_trafo_3_22,prosumer33,cfp,100,1.592698,0
1789091760.813822,35,ciclo1_AC_AP,concentrator_trafo_4_34,prosumer34,cfp,100,0.154588,0
1789091760.813949,35,ciclo1_AC_AP,concentrator_trafo_4_34,prosumer35,cfp,100,4.062466,0
1789091760.814052,35,ciclo1_AC_AP,concentrator_trafo_4_34,prosumer36,cfp,100,4.020353,0
1789091760.814151,35,ciclo1_AC_AP,concentrator_trafo_4_34,prosumer37,cfp,100,4.259078,0
1789091760.814249,35,ciclo1_AC_AP,concentrator_trafo_4_34,prosumer38,cfp,100,2.669061,0
1789091760.814345,35,ciclo1_AC_AP,concentrator_trafo_4_34,prosumer39,cfp,100,6.778553,0
1789091760.814440,35,ciclo1_AC_AP,concentrator_trafo_4_34,prosumer40,cfp,100,1.585114,0
1789091760.814534,35,ciclo1_AC_AP,concentrator_trafo_4_34,prosumer41,cfp,100,3.555693,0
1789091760.814642,35,ciclo1_AC_AP,concentrator_trafo_4_34,prosumer42,cfp,100,3.011995,0
1789091760.814739,35,ciclo1_AC_AP,concentrator_trafo_4_34,prosumer43,cfp,100,1.256558,0
1789091760.814837,35,ciclo1_AC_AP,concentrator_trafo_4_34,prosumer44,cfp,100,4.001318,0
1789091760.814932,35,ciclo1_AC_AP,concentrator_trafo_4_34,prosumer45,cfp,100,3.831810,0
1789091760.815027,35,ciclo1_AC_AP,concentrator_trafo_4_34,prosumer46,cfp,100,0.860912,0
1789091760.818608,35,ciclo1_AC_AP,prosumer17,concentrator_trafo_2_12,propose,124,3.094320,0
1789091760.822692,35,ciclo1_AC_AP,prosumer21,concentrator_trafo_2_12,propose,173,4.269971,0
1789091760.826499,35,ciclo1_AC_AP,prosumer34,concentrator_trafo_4_34,propose,465,6.787540,0
1789091760.831683,35,ciclo1_AC_AP,prosumer20,concentrator_trafo_2_12,propose,300,5.774704,0
1789091760.833658,35,ciclo1_AC_AP,prosumer12,concentrator_trafo_2_12,propose,113,2.463478,0
1789091760.835565,35,ciclo1_AC_AP,prosumer5,concentrator_trafo_1_5,propose,493,8.085604,0
1789091760.837463,35,ciclo1_AC_AP,prosumer10,concentrator_trafo_1_5,propose,315,5.430712,0
1789091760.839379,35,ciclo1_AC_AP,prosumer23,concentrator_trafo_3_22,propose,474,7.963770,0
1789091760.841206,35,ciclo1_AC_AP,prosumer6,concentrator_trafo_1_5,propose,301,6.772845,0
1789091760.841723,35,ciclo1_AC_AP,prosumer16,concentrator_trafo_2_12,propose,321,4.687214,0
1789091760.843595,35,ciclo1_AC_AP,prosumer46,concentrator_trafo_4_34,propose,153,2.928453,0
1789091760.845507,35,ciclo1_AC_AP,prosumer30,concentrator_trafo_3_22,propose,465,6.083528,0
1789091760.847420,35,ciclo1_AC_AP,prosumer24,concentrator_trafo_3_22,propose,335,5.092340,0
1789091760.849330,35,ciclo1_AC_AP,prosumer18,concentrator_trafo_2_12,propose,409,6.403359,0
1789091760.853407,35,ciclo1_AC_AP,prosumer43,concentrator_trafo_4_34,propose,336,6.796879,0
1789091760.856739,35,ciclo1_AC_AP,prosumer33,concentrator_trafo_3_22,propose,182,3.634550,0
1789091760.857853,35,ciclo1_AC_AP,prosumer40,concentrator_trafo_4_34,propose,186,3.852756,0
1789091760.859725,35,ciclo1_AC_AP,prosumer8,concentrator_trafo_1_5,propose,274,5.575739,0
1789091760.860263,35,ciclo1_AC_AP,prosumer22,concentrator_trafo_3_22,propose,342,7.765499,0
1789091760.860756,35,ciclo1_AC_AP,prosumer11,concentrator_trafo_1_5,propose,310,4.466706,0
1789091760.862669,35,ciclo1_AC_AP,prosumer32,concentrator_trafo_3_22,propose,181,10.465210,0
1789091760.864594,35,ciclo1_AC_AP,prosumer19,concentrator_trafo_2_12,propose,402,6.288116,0
1789091760.866484,35,ciclo1_AC_AP,prosumer31,concentrator_trafo_3_22,propose,245,3.931177,0
1789091760.868344,35,ciclo1_AC_AP,prosumer9,concentrator_trafo_1_5,propose,490,9.876160,0
1789091760.870247,35,ciclo1_AC_AP,prosumer38,concentrator_trafo_4_34,propose,357,6.275314,0
1789091760.872104,35,ciclo1_AC_AP,prosumer29,concentrator_trafo_3_22,propose,157,8.150724,0
1789091760.873997,35,ciclo1_AC_AP,prosumer42,concentrator_trafo_4_34,propose,288,13.204024,0
1789091760.874558,35,ciclo1_AC_AP,prosumer27,concentrator_trafo_3_22,propose,276,13.822063,0
1789091760.877808,35,ciclo1_AC_AP,prosumer41,concentrator_trafo_4_34,propose,173,5.334882,0
1789091760.879893,35,ciclo1_AC_AP,prosumer14,concentrator_trafo_2_12,propose,421,7.197513,0
1789091760.881798,35,ciclo1_AC_AP,prosumer45,concentrator_trafo_4_34,propose,283,12.982449,0
1789091760.883765,35,ciclo1_AC_AP,prosumer7,concentrator_trafo_1_5,propose,492,9.492258,0
1789091760.885716,35,ciclo1_AC_AP,prosumer36,concentrator_trafo_4_34,propose,342,11.885935,0
1789091760.888329,35,ciclo1_AC_AP,prosumer35,concentrator_trafo_4_34,propose,422,18.179213,0
1789091760.890556,35,ciclo1_AC_AP,prosumer44,concentrator_trafo_4_34,propose,365,9.510297,0
1789091760.892600,35,ciclo1_AC_AP,prosumer37,concentrator_trafo_4_34,propose,485,16.701260,0
1789091760.895277,35,ciclo1_AC_AP,prosumer13,concentrator_trafo_2_12,propose,127,2.208091,0
1789091760.897832,35,ciclo1_AC_AP,prosumer25,concentrator_trafo_3_22,propose,200,5.893645,0
1789091760.898728,35,ciclo1_AC_AP,prosumer26,concentrator_trafo_3_22,propose,231,4.374532,0
1789091760.900204,35,ciclo1_AC_AP,prosumer15,concentrator_trafo_2_12,propose,190,6.229118,0
1789091760.903155,35,ciclo1_AC_AP,prosumer28,concentrator_trafo_3_22,propose,470,15.154492,0
1789091760.904133,35,ciclo1_AC_AP,prosumer39,concentrator_trafo_4_34,propose,398,16.258600,0
1789091761.076442,35,ciclo2_AD_AC,dso,concentrator_trafo_1_5,cfp,100,6.359499,0
1789091761.076807,35,ciclo2_AD_AC,dso,concentrator_trafo_2_12,cfp,100,0.613144,0
1789091761.077205,35,ciclo2_AD_AC,dso,concentrator_trafo_3_22,cfp,100,3.325614,0
1789091761.077357,35,ciclo2_AD_AC,dso,concentrator_trafo_4_34,cfp,100,5.958245,0
1789091761.090052,35,ciclo2_AD_AC,concentrator_trafo_2_12,dso,propose,1166,19.747044,0
1789091761.115132,35,ciclo2_AD_AC,concentrator_trafo_3_22,dso,propose,1151,42.979152,0
1789091761.141229,35,ciclo2_AD_AC,concentrator_trafo_4_34,dso,propose,1194,60.477464,0
1789091761.147335,35,ciclo2_AD_AC,concentrator_trafo_1_5,dso,propose,1324,46.482405,0
1789091761.756525,35,ciclo3_AM_AC_AD,market,dso,cfp,100,3.232840,0
1789091761.802121,35,ciclo3_AM_AC_AD,dso,market,propose,1021,19.920695,0
1789091762.007481,35,ciclo3_AM_AC_AD,market,concentrator_trafo_1_5,cfp,100,4.929915,0
1789091762.008187,35,ciclo3_AM_AC_AD,market,concentrator_trafo_2_12,cfp,100,5.139245,0
1789091762.008779,35,ciclo3_AM_AC_AD,market,concentrator_trafo_3_22,cfp,100,1.179243,0
1789091762.009283,35,ciclo3_AM_AC_AD,market,concentrator_trafo_4_34,cfp,100,7.086685,0
1789091762.009878,35,ciclo3_AM_AC_AD,market,dso,cfp,100,0.636541,0
1789091762.058806,35,ciclo3_AM_AC_AD,concentrator_trafo_3_22,market,propose,1149,21.797192,0
1789091762.064449,35,ciclo3_AM_AC_AD,dso,market,propose,1282,24.215814,0
1789091762.098704,35,ciclo3_AM_AC_AD,concentrator_trafo_2_12,market,propose,1220,41.811456,0
1789091762.103917,35,ciclo3_AM_AC_AD,concentrator_trafo_1_5,market,propose,1017,36.361868,0
1789091762.109152,35,ciclo3_AM_AC_AD,concentrator_trafo_4_34,market,propose,1349,53.367558,0
1789091762.719375,36,ciclo1_AC_AP,concentrator_trafo_1_5,prosumer5,cfp,100,3.110522,0
1789091762.720312,36,ciclo1_AC_AP,concentrator_trafo_1_5,prosumer6,cfp,100,0.863170,0
1789091762.720674,36,ciclo1_AC_AP,concentrator_trafo_1_5,prosumer7,cfp,100,3.361340,0
1789091762.721400,36,ciclo1_AC_AP,concentrator_trafo_1_5,prosumer8,cfp,100,0.701002,0
1789091762.722053,36,ciclo1_AC_AP,concentrator_trafo_1_5,prosumer9,cfp,100,3.252438,0
1789091762.722320,36,ciclo1_AC_AP,concentrator_trafo_1_5,prosumer10,cfp,100,0.240022,0
1789091762.722458,36,ciclo1_AC_AP,concentrator_trafo_1_5,prosumer11,cfp,100,3.068231,0
1789091762.723234,36,ciclo1_AC_AP,concentrator_trafo_2_12,prosumer12,cfp,100,1.295482,0
1789091762.723379,36,ciclo1_AC_AP,concentrator_trafo_2_12,prosumer13,cfp,100,3.424581,0
1789091762.723496,36,ciclo1_AC_AP,concentrator_trafo_2_12,prosumer14,cfp,100,1.617282,0
1789091762.723627,36,ciclo1_AC_AP,concentrator_trafo_2_12,prosumer15,cfp,100,5.504595,0
1789091762.723741,36,ciclo1_AC_AP,concentrator_trafo_2_12,prosumer16,cfp,100,3.735470,0
1789091762.723851,36,ciclo1_AC_AP,concentrator_trafo_2_12,prosumer17,cfp,100,0.700284,0
1789091762.723960,36,ciclo1_AC_AP,concentrator_trafo_2_12,prosumer18,cfp,100,2.436597,0
1789091762.724067,36,ciclo1_AC_AP,concentrator_trafo_2_12,prosumer19,cfp,100,3.643203,0
1789091762.724174,36,ciclo1_AC_AP,concentrator_trafo_2_12,prosumer20,cfp,100,0.488731,0
1789091762.724282,36,ciclo1_AC_AP,concentrator_trafo_2_12,prosumer21,cfp,100,1.100452,0
1789091762.724997,36,ciclo1_AC_AP,concentrator_trafo_3_22,prosumer22,cfp,100,0.887788,0
1789091762.725134,36,ciclo1_AC_AP,concentrator_trafo_3_22,prosumer23,cfp,100,1.294059,0
1789091762.725249,36,ciclo1_AC_AP,concentrator_trafo_3_22,prosumer24,cfp,100,2.894608,0
1789091762.725361,36,ciclo1_AC_AP,concentrator_trafo_3_22,prosumer25,cfp,100,5.903480,0
1789091762.725471,36,ciclo1_AC_AP,concentrator_trafo_3_22,prosumer26,cfp,100,4.221545,0
1789091762.725590,36,ciclo1_AC_AP,concentrator_trafo_3_22,prosumer27,cfp,100,3.641173,0
1789091762.725703,36,ciclo1_AC_AP,concentrator_trafo_3_22,prosumer28,cfp,100,0.626847,0
1789091762.725811,36,ciclo1_AC_AP,concentrator_trafo_3_22,prosumer29,cfp,100,4.183243,0
1789091762.725918,36,ciclo1_AC_AP,concentrator_trafo_3_22,prosumer30,cfp,100,2.435293,0
1789091762.726025,36,ciclo1_AC_AP,concentrator_trafo_3_22,prosumer31,cfp,100,2.667746,0
1789091762.726132,36,ciclo1_AC_AP,concentrator_trafo_3_22,prosumer32,cfp,100,7.929713,0
1789091762.726238,36,ciclo1_AC_AP,concentrator_trafo_3_22,prosumer33,cfp,100,1.378217,0
1789091762.726892,36,ciclo1_AC_AP,concentrator_trafo_4_34,prosumer34,cfp,100,3.395796,0
1789091762.727025,36,ciclo1_AC_AP,concentrator_trafo_4_34,prosumer35,cfp,100,2.503421,0
1789091762.727143,36,ciclo1_AC_AP,concentrator_trafo_4_34,prosumer36,cfp,100,5.168814,0
1789091762.727255,36,ciclo1_AC_AP,concentrator_trafo_4_34,prosumer37,cfp,100,5.694964,0
1789091762.727364,36,ciclo1_AC_AP,concentrator_trafo_4_34,prosumer38,cfp,100,1.360608,0
1789091762.727471,36,ciclo1_AC_AP,concentrator_trafo_4_34,prosumer39,cfp,100,3.423243,0
1789091762.727655,36,ciclo1_AC_AP,concentrator_trafo_4_34,prosumer40,cfp,100,3.853969,0
1789091762.728085,36,ciclo1_AC_AP,concentrator_trafo_4_34,prosumer41,cfp,100,0.048050,0
1789091762.728361,36,ciclo1_AC_AP,concentrator_trafo_4_34,prosumer42,cfp,100,5.558325,0
1789091762.728620,36,ciclo1_AC_AP,concentrator_trafo_4_34,prosumer43,cfp,100,2.096058,0
1789091762.728758,36,ciclo1_AC_AP,concentrator_trafo_4_34,prosumer44,cfp,100,3.654823,0
1789091762.728887,36,ciclo1_AC_AP,concentrator_trafo_4_34,prosumer45,cfp,100,5.106533,0
1789091762.729010,36,ciclo1_AC_AP,concentrator_trafo_4_34,prosumer46,cfp,100,2.912831,0
1789091762.735313,36,ciclo1_AC_AP,prosumer10,concentrator_trafo_1_5,propose,310,7.994866,0
1789091762.739393,36,ciclo1_AC_AP,prosumer8,concentrator_trafo_1_5,propose,237,3.972225,0
1789091762.742106,36,ciclo1_AC_AP,prosumer41,concentrator_trafo_4_34,propose,292,7.010318,0
1789091762.744154,36,ciclo1_AC_AP,prosumer6,concentrator_trafo_1_5,propose,472,8.434241,0
1789091762.746089,36,ciclo1_AC_AP,prosumer20,concentrator_trafo_2_12,propose,206,2.156633,0
1789091762.749064,36,ciclo1_AC_AP,prosumer17,concentrator_trafo_2_12,propose,277,5.275844,0
1789091762.751225,36,ciclo1_AC_AP,prosumer28,concentrator_trafo_3_22,propose,168,8.243152,0
1789091762.751763,36,ciclo1_AC_AP,prosumer22,concentrator_trafo_3_22,propose,167,3.493751,0
1789091762.752298,36,ciclo1_AC_AP,prosumer21,concentrator_trafo_2_12,propose,156,4.259596,0
1789091762.754216,36,ciclo1_AC_AP,prosumer12,concentrator_trafo_2_12,propose,413,8.635186,0
1789091762.756146,36,ciclo1_AC_AP,prosumer23,concentrator_trafo_3_22,propose,282,5.962486,0
1789091762.758074,36,ciclo1_AC_AP,prosumer14,concentrator_trafo_2_12,propose,184,2.255462,0
1789091762.760011,36,ciclo1_AC_AP,prosumer33,concentrator_trafo_3_22,propose,115,1.584256,0
1789091762.761948,36,ciclo1_AC_AP,prosumer38,concentrator_trafo_4_34,propose,320,8.321177,0
1789091762.765930,36,ciclo1_AC_AP,prosumer18,concentrator_trafo_2_12,propose,395,7.480423,0
1789091762.768331,36,ciclo1_AC_AP,prosumer43,concentrator_trafo_4_34,propose,303,4.779334,0
1789091762.768879,36,ciclo1_AC_AP,prosumer30,concentrator_trafo_3_22,propose,337,6.674968,0
1789091762.770750,36,ciclo1_AC_AP,prosumer5,concentrator_trafo_1_5,propose,138,3.742370,0
1789091762.772671,36,ciclo1_AC_AP,prosumer35,concentrator_trafo_4_34,propose,428,16.697572,0
1789091762.773230,36,ciclo1_AC_AP,prosumer31,concentrator_trafo_3_22,propose,463,8.804546,0
1789091762.773715,36,ciclo1_AC_AP,prosumer11,concentrator_trafo_1_5,propose,462,10.023697,0
1789091762.774202,36,ciclo1_AC_AP,prosumer24,concentrator_trafo_3_22,propose,448,6.187456,0
1789091762.776111,36,ciclo1_AC_AP,prosumer7,concentrator_trafo_1_5,propose,139,10.686838,0
1789091762.778008,36,ciclo1_AC_AP,prosumer9,concentrator_trafo_1_5,propose,498,12.110196,0
1789091762.779939,36,ciclo1_AC_AP,prosumer13,concentrator_trafo_2_12,propose,317,6.052560,0
1789091762.780495,36,ciclo1_AC_AP,prosumer46,concentrator_trafo_4_34,propose,378,4.620079,0
1789091762.782405,36,ciclo1_AC_AP,prosumer19,concentrator_trafo_2_12,propose,471,6.905668,0
1789091762.782941,36,ciclo1_AC_AP,prosumer34,concentrator_trafo_4_34,propose,383,9.840717,0
1789091762.784824,36,ciclo1_AC_AP,prosumer16,concentrator_trafo_2_12,propose,170,5.449654,0
1789091762.785403,36,ciclo1_AC_AP,prosumer39,concentrator_trafo_4_34,propose,186,5.233467,0
1789091762.785939,36,ciclo1_AC_AP,prosumer27,concentrator_trafo_3_22,propose,178,8.012055,0
1789091762.787954,36,ciclo1_AC_AP,prosumer44,concentrator_trafo_4_34,propose,206,8.770268,0
1789091762.788481,36,ciclo1_AC_AP,prosumer40,concentrator_trafo_4_34,propose,184,4.575080,0
1789091762.789396,36,ciclo1_AC_AP,prosumer29,concentrator_trafo_3_22,propose,216,7.190103,0
1789091762.791577,36,ciclo1_AC_AP,prosumer26,concentrator_trafo_3_22,propose,115,4.259624,0
1789091762.793750,36,ciclo1_AC_AP,prosumer15,concentrator_trafo_2_12,propose,368,12.187862,0
1789091762.795672,36,ciclo1_AC_AP,prosumer36,concentrator_trafo_4_34,propose,169,7.624470,0
1789091762.797828,36,ciclo1_AC_AP,prosumer45,concentrator_trafo_4_34,propose,352,12.671306,0
1789091762.798594,36,ciclo1_AC_AP,prosumer42,concentrator_trafo_4_34,propose,282,13.769273,0
1789091762.800533,36,ciclo1_AC_AP,prosumer37,concentrator_trafo_4_34,propose,419,14.326688,0
1789091762.801083,36,ciclo1_AC_AP,prosumer25,concentrator_trafo_3_22,propose,476,17.624062,0
1789091762.808607,36,ciclo1_AC_AP,prosumer32,concentrator_trafo_3_22,propose,247,8.526268,0
1789091762.984070,36,ciclo2_AD_AC,dso,concentrator_trafo_1_5,cfp,100,0.695935,0
1789091762.984298,36,ciclo2_AD_AC,dso,concentrator_trafo_2_12,cfp,100,1.081463,0
1789091762.984439,36,ciclo2_AD_AC,dso,concentrator_trafo_3_22,cfp,100,2.539740,0
1789091762.984582,36,ciclo2_AD_AC,dso,concentrator_trafo_4_34,cfp,100,5.040863,0
1789091762.998080,36,ciclo2_AD_AC,concentrator_trafo_1_5,dso,propose,1366,47.090426,0
1789091763.002651,36,ciclo2_AD_AC,concentrator_trafo_2_12,dso,propose,1406,22.455122,0
1789091763.015649,36,ciclo2_AD_AC,concentrator_trafo_3_22,dso,propose,1171,39.906950,0
1789091763.043686,36,ciclo2_AD_AC,concentrator_trafo_4_34,dso,propose,1350,68.902625,0
1789091763.741534,36,ciclo3_AM_AC_AD,market,dso,cfp,100,1.266206,0
1789091763.764610,36,ciclo3_AM_AC_AD,dso,market,propose,1060,17.372781,0
1789091763.947400,36,ciclo3_AM_AC_AD,market,concentrator_trafo_1_5,cfp,100,3.261437,0
1789091763.948029,36,ciclo3_AM_AC_AD,market,concentrator_trafo_2_12,cfp,100,5.289230,0
1789091763.948380,36,ciclo3_AM_AC_AD,market,concentrator_trafo_3_22,cfp,100,2.592944,0
1789091763.948527,36,ciclo3_AM_AC_AD,market,concentrator_trafo_4_34,cfp,100,2.549921,0
1789091763.948825,36,ciclo3_AM_AC_AD,market,dso,cfp,100,0.484891,0
1789091763.989951,36,ciclo3_AM_AC_AD,dso,market,propose,1410,26.111444,0
1789091763.991289,36,ciclo3_AM_AC_AD,concentrator_trafo_3_22,market,propose,1492,23.030454,0
1789091763.991738,36,ciclo3_AM_AC_AD,concentrator_trafo_4_34,market,propose,1468,53.913769,0
1789091763.995694,36,ciclo3_AM_AC_AD,concentrator_trafo_1_5,market,propose,1437,46.019795,0
1789091764.016303,36,ciclo3_AM_AC_AD,concentrator_trafo_2_12,market,propose,1429,47.165226,0
1789091764.606775,37,ciclo1_AC_AP,concentrator_trafo_1_5,prosumer5,cfp,100,0.889670,0
1789091764.607804,37,ciclo1_AC_AP,concentrator_trafo_1_5,prosumer6,cfp,100,1.871997,0
1789091764.608486,37,ciclo1_AC_AP,concentrator_trafo_1_5,prosumer7,cfp,100,2.415461,0
1789091764.609030,37,ciclo1_AC_AP,concentrator_trafo_1_5,prosumer8,cfp,100,1.453867,0
1789091764.609682,37,ciclo1_AC_AP,concentrator_trafo_1_5,prosumer9,cfp,100,2.611589,0
1789091764.610308,37,ciclo1_AC_AP,concentrator_trafo_1_5,prosumer10,cfp,100,1.998580,0
1789091764.610819,37,ciclo1_AC_AP,concentrator_trafo_1_5,prosumer11,cfp,100,3.716234,0
1789091764.611966,37,ciclo1_AC_AP,concentrator_trafo_2_12,prosumer12,cfp,100,2.799736,0
1789091764.612286,37,ciclo1_AC_AP,concentrator_trafo_2_12,prosumer13,cfp,100,0.468553,0
1789091764.612427,37,ciclo1_AC_AP,concentrator_trafo_2_12,prosumer14,cfp,100,3.054499,0
1789091764.612568,37,ciclo1_AC_AP,concentrator_trafo_2_12,prosumer15,cfp,100,1.374459,0
1789091764.612793,37,ciclo1_AC_AP,concentrator_trafo_2_12,prosumer16,cfp,100,0.098491,0
1789091764.612919,37,ciclo1_AC_AP,concentrator_trafo_2_12,prosumer17,cfp,100,0.486169,0
1789091764.613029,37,ciclo1_AC_AP,concentrator_trafo_2_12,prosumer18,cfp,100,0.715401,0
1789091764.613135,37,ciclo1_AC_AP,concentrator_trafo_2_12,prosumer19,cfp,100,1.490374,0
1789091764.613245,37,ciclo1_AC_AP,concentrator_trafo_2_12,prosumer20,cfp,100,3.950249,0
1789091764.613352,37,ciclo1_AC_AP,concentrator_trafo_2_12,prosumer21,cfp,100,3.651365,0
1789091764.614200,37,ciclo1_AC_AP,concentrator_trafo_3_22,prosumer22,cfp,100,2.636412,0
1789091764.614345,37,ciclo1_AC_AP,concentrator_trafo_3_22,prosumer23,cfp,100,3.002953,0
1789091764.614461,37,ciclo1_AC_AP,concentrator_trafo_3_22,prosumer24,cfp,100,3.652190,0
1789091764.614584,37,ciclo1_AC_AP,concentrator_trafo_3_22,prosumer25,cfp,100,3.756981,0
1789091764.614700,37,ciclo1_AC_AP,concentrator_trafo_3_22,prosumer26,cfp,100,4.997940,0
1789091764.614810,37,ciclo1_AC_AP,concentrator_trafo_3_22,prosumer27,cfp,100,2.956266,0
1789091764.614919,37,ciclo1_AC_AP,concentrator_trafo_3_22,prosumer28,cfp,100,6.345733,0
1789091764.615027,37,ciclo1_AC_AP,concentrator_trafo_3_22,prosumer29,cfp,100,2.145000,0
1789091764.615134,37,ciclo1_AC_AP,concentrator_trafo_3_22,prosumer30,cfp,100,1.536415,0
1789091764.615240,37,ciclo1_AC_AP,concentrator_trafo_3_22,prosumer31,cfp,100,3.683033,0
1789091764.615345,37,ciclo1_AC_AP,concentrator_trafo_3_22,prosumer32,cfp,100,5.207559,0
1789091764.615451,37,ciclo1_AC_AP,concentrator_trafo_3_22,prosumer33,cfp,100,2.369613,0
1789091764.616137,37,ciclo1_AC_AP,concentrator_trafo_4_34,prosumer34,cfp,100,1.023203,0
1789091764.616257,37,ciclo1_AC_AP,concentrator_trafo_4_34,prosumer35,cfp,100,6.298182,0
1789091764.616363,37,ciclo1_AC_AP,concentrator_trafo_4_34,prosumer36,cfp,100,4.116846,0
1789091764.616469,37,ciclo1_AC_AP,concentrator_trafo_4_34,prosumer37,cfp,100,6.636829,0
1789091764.616580,37,ciclo1_AC_AP,concentrator_trafo_4_34,prosumer38,cfp,100,3.208320,0
1789091764.616688,37,ciclo1_AC_AP,concentrator_trafo_4_34,prosumer39,cfp,100,3.159339,0
1789091764.616786,37,ciclo1_AC_AP,concentrator_trafo_4_34,prosumer40,cfp,100,2.651460,0
1789091764.616888,37,ciclo1_AC_AP,concentrator_trafo_4_34,prosumer41,cfp,100,0.108751,0
1789091764.616999,37,ciclo1_AC_AP,concentrator_trafo_4_34,prosumer42,cfp,100,2.946440,0
1789091764.617100,37,ciclo1_AC_AP,concentrator_trafo_4_34,prosumer43,cfp,100,0.616982,0
1789091764.617198,37,ciclo1_AC_AP,concentrator_trafo_4_34,prosumer44,cfp,100,6.123406,0
1789091764.617297,37,ciclo1_AC_AP,concentrator_trafo_4_34,prosumer45,cfp,100,2.933167,0
1789091764.617395,37,ciclo1_AC_AP,concentrator_trafo_4_34,prosumer46,cfp,100,1.731847,0
1789091764.623304,37,ciclo1_AC_AP,prosumer16,concentrator_trafo_2_12,propose,309,6.624396,0
1789091764.627014,37,ciclo1_AC_AP,prosumer5,concentrator_trafo_1_5,propose,495,6.356635,0
1789091764.630501,37,ciclo1_AC_AP,prosumer13,concentrator_trafo_2_12,propose,234,2.823565,0
1789091764.632269,37,ciclo1_AC_AP,prosumer17,concentrator_trafo_2_12,propose,181,4.080396,0
1789091764.635713,37,ciclo1_AC_AP,prosumer41,concentrator_trafo_4_34,propose,275,4.564520,0
1789091764.642918,37,ciclo1_AC_AP,prosumer18,concentrator_trafo_2_12,propose,421,9.698010,0
1789091764.646917,37,ciclo1_AC_AP,prosumer43,concentrator_trafo_4_34,propose,356,7.572387,0
1789091764.647909,37,ciclo1_AC_AP,prosumer8,concentrator_trafo_1_5,propose,269,4.822135,0
1789091764.648835,37,ciclo1_AC_AP,prosumer15,concentrator_trafo_2_12,propose,372,15.314501,0
1789091764.652430,37,ciclo1_AC_AP,prosumer34,concentrator_trafo_4_34,propose,455,7.035970,0
1789091764.655897,37,ciclo1_AC_AP,prosumer6,concentrator_trafo_1_5,propose,174,3.655834,0
1789091764.658745,37,ciclo1_AC_AP,prosumer19,concentrator_trafo_2_12,propose,292,7.346160,0
1789091764.661168,37,ciclo1_AC_AP,prosumer10,concentrator_trafo_1_5,propose,478,6.410353,0
1789091764.661815,37,ciclo1_AC_AP,prosumer30,concentrator_trafo_3_22,propose,480,7.066130,0
1789091764.663709,37,ciclo1_AC_AP,prosumer7,concentrator_trafo_1_5,propose,384,6.584304,0
1789091764.666413,37,ciclo1_AC_AP,prosumer46,concentrator_trafo_4_34,propose,256,5.161054,0
1789091764.668739,37,ciclo1_AC_AP,prosumer9,concentrator_trafo_1_5,propose,220,4.083064,0
1789091764.670808,37,ciclo1_AC_AP,prosumer29,concentrator_trafo_3_22,propose,293,8.611348,0
1789091764.673380,37,ciclo1_AC_AP,prosumer33,concentrator_trafo_3_22,propose,277,6.746387,0
1789091764.674005,37,ciclo1_AC_AP,prosumer12,concentrator_trafo_2_12,propose,299,4.479546,0
1789091764.674590,37,ciclo1_AC_AP,prosumer22,concentrator_trafo_3_22,propose,341,4.944214,0
1789091764.675185,37,ciclo1_AC_AP,prosumer14,concentrator_trafo_2_12,propose,361,4.327838,0
1789091764.675794,37,ciclo1_AC_AP,prosumer40,concentrator_trafo_4_34,propose,256,4.845583,0
1789091764.676555,37,ciclo1_AC_AP,prosumer27,concentrator_trafo_3_22,propose,309,13.667055,0
1789091764.677470,37,ciclo1_AC_AP,prosumer23,concentrator_trafo_3_22,propose,308,7.746255,0
1789091764.679835,37,ciclo1_AC_AP,prosumer42,concentrator_trafo_4_34,propose,150,10.143447,0
1789091764.682285,37,ciclo1_AC_AP,prosumer45,concentrator_trafo_4_34,propose,449,14.792143,0
1789091764.684662,37,ciclo1_AC_AP,prosumer11,concentrator_trafo_1_5,propose,178,2.986920,0
1789091764.685281,37,ciclo1_AC_AP,prosumer39,concentrator_trafo_4_34,propose,175,7.355483,0
1789091764.687442,37,ciclo1_AC_AP,prosumer38,concentrator_trafo_4_34,propose,102,2.243214,0
1789091764.689555,37,ciclo1_AC_AP,prosumer21,concentrator_trafo_2_12,propose,398,6.473166,0
1789091764.690108,37,ciclo1_AC_AP,prosumer24,concentrator_trafo_3_22,propose,404,10.097432,0
1789091764.690630,37,ciclo1_AC_AP,prosumer31,concentrator_trafo_3_22,propose,424,8.076527,0
1789091764.691142,37,ciclo1_AC_AP,prosumer25,concentrator_trafo_3_22,propose,460,15.602452,0
1789091764.693148,37,ciclo1_AC_AP,prosumer20,concentrator_trafo_2_12,propose,364,7.320981,0
1789091764.695021,37,ciclo1_AC_AP,prosumer36,concentrator_trafo_4_34,propose,154,7.218440,0
1789091764.697725,37,ciclo1_AC_AP,prosumer26,concentrator_trafo_3_22,propose,456,14.545213,0
1789091764.698277,37,ciclo1_AC_AP,prosumer32,concentrator_trafo_3_22,propose,498,17.230724,0
1789091764.699941,37,ciclo1_AC_AP,prosumer28,concentrator_trafo_3_22,propose,431,16.233810,0
1789091764.700464,37,ciclo1_AC_AP,prosumer44,concentrator_trafo_4_34,propose,457,14.877338,0
1789091764.702596,37,ciclo1_AC_AP,prosumer35,concentrator_trafo_4_34,propose,204,6.227376,0
1789091764.704660,37,ciclo1_AC_AP,prosumer37,concentrator_trafo_4_34,propose,405,16.588448,0
1789091764.881472,37,ciclo2_AD_AC,dso,concentrator_trafo_1_5,cfp,100,4.173964,0
1789091764.881925,37,ciclo2_AD_AC,dso,concentrator_trafo_2_12,cfp,100,3.639501,0
1789091764.882233,37,ciclo2_AD_AC,dso,concentrator_trafo_3_22,cfp,100,4.953379,0
1789091764.882396,37,ciclo2_AD_AC,dso,concentrator_trafo_4_34,cfp,100,4.563370,0
1789091764.926565,37,ciclo2_AD_AC,concentrator_trafo_2_12,dso,propose,1329,24.180801,0
1789091764.928809,37,ciclo2_AD_AC,concentrator_trafo_1_5,dso,propose,1308,46.337678,0
1789091764.933662,37,ciclo2_AD_AC,concentrator_trafo_4_34,dso,propose,1262,61.855733,0
1789091764.937940,37,ciclo2_AD_AC,concentrator_trafo_3_22,dso,propose,1056,38.292862,0
1789091765.559360,37,ciclo3_AM_AC_AD,market,dso,cfp,100,0.905196,0
1789091765.580407,37,ciclo3_AM_AC_AD,dso,market,propose,1136,17.189456,0
1789091765.762932,37,ciclo3_AM_AC_AD,market,concentrator_trafo_1_5,cfp,100,3.635551,0
1789091765.763559,37,ciclo3_AM_AC_AD,market,concentrator_trafo_2_12,cfp,100,4.340785,0
1789091765.764242,37,ciclo3_AM_AC_AD,market,concentrator_trafo_3_22,cfp,100,1.023319,0
1789091765.764667,37,ciclo3_AM_AC_AD,market,concentrator_trafo_4_34,cfp,100,7.446318,0
1789091765.764933,37,ciclo3_AM_AC_AD,market,dso,cfp,100,1.126394,0
1789091765.829215,37,ciclo3_AM_AC_AD,concentrator_trafo_3_22,market,propose,1352,24.081995,0
1789091765.831412,37,ciclo3_AM_AC_AD,concentrator_trafo_1_5,market,propose,1374,43.185610,0
1789091765.832911,37,ciclo3_AM_AC_AD,dso,market,propose,1314,23.294954,0
1789091765.836092,37,ciclo3_AM_AC_AD,concentrator_trafo_2_12,market,propose,1086,33.197359,0
1789091765.851897,37,ciclo3_AM_AC_AD,concentrator_trafo_4_34,market,propose,1192,43.533127,0
1789091766.365872,38,ciclo1_AC_AP,concentrator_trafo_1_5,prosumer5,cfp,100,2.265557,0
1789091766.366441,38,ciclo1_AC_AP,concentrator_trafo_1_5,prosumer6,cfp,100,1.503225,0
1789091766.366990,38,ciclo1_AC_AP,concentrator_trafo_1_5,prosumer7,cfp,100,3.437183,0
1789091766.367364,38,ciclo1_AC_AP,concentrator_trafo_1_5,prosumer8,cfp,100,2.086863,0
1789091766.367566,38,ciclo1_AC_AP,concentrator_trafo_1_5,prosumer9,cfp,100,0.630021,0
1789091766.367929,38,ciclo1_AC_AP,concentrator_trafo_1_5,prosumer10,cfp,100,0.391530,0
1789091766.368256,38,ciclo1_AC_AP,concentrator_trafo_1_5,prosumer11,cfp,100,0.244097,0
1789091766.369264,38,ciclo1_AC_AP,concentrator_trafo_2_12,prosumer12,cfp,100,1.025828,0
1789091766.369450,38,ciclo1_AC_AP,concentrator_trafo_2_12,prosumer13,cfp,100,0.402912,0
1789091766.369587,38,ciclo1_AC_AP,concentrator_trafo_2_12,prosumer14,cfp,100,1.556861,0
1789091766.369706,38,ciclo1_AC_AP,concentrator_trafo_2_12,prosumer15,cfp,100,3.448462,0
1789091766.369817,38,ciclo1_AC_AP,concentrator_trafo_2_12,prosumer16,cfp,100,3.013604,0
1789091766.369927,38,ciclo1_AC_AP,concentrator_trafo_2_12,prosumer17,cfp,100,3.843797,0
1789091766.370035,38,ciclo1_AC_AP,concentrator_trafo_2_12,prosumer18,cfp,100,3.141178,0
1789091766.370145,38,ciclo1_AC_AP,concentrator_trafo_2_12,prosumer19,cfp,100,3.448098,0
1789091766.370256,38,ciclo1_AC_AP,concentrator_trafo_2_12,prosumer20,cfp,100,2.329502,0
1789091766.370365,38,ciclo1_AC_AP,concentrator_trafo_2_12,prosumer21,cfp,100,0.177165,0
1789091766.371117,38,ciclo1_AC_AP,concentrator_trafo_3_22,prosumer22,cfp,100,2.128233,0
1789091766.371258,38,ciclo1_AC_AP,concentrator_trafo_3_22,prosumer23,cfp,100,2.426464,0
1789091766.371379,38,ciclo1_AC_AP,concentrator_trafo_3_22,prosumer24,cfp,100,3.253425,0
1789091766.371634,38,ciclo1_AC_AP,concentrator_trafo_3_22,prosumer25,cfp,100,5.103373,0
1789091766.372203,38,ciclo1_AC_AP,concentrator_trafo_3_22,prosumer26,cfp,100,5.618800,0
1789091766.372844,38,ciclo1_AC_AP,concentrator_trafo_3_22,prosumer27,cfp,100,5.901179,0
1789091766.373200,38,ciclo1_AC_AP,concentrator_trafo_3_22,prosumer28,cfp,100,2.338713,0
1789091766.373442,38,ciclo1_AC_AP,concentrator_trafo_3_22,prosumer29,cfp,100,4.381943,0
1789091766.373696,38,ciclo1_AC_AP,concentrator_trafo_3_22,prosumer30,cfp,100,3.496327,0
1789091766.373935,38,ciclo1_AC_AP,concentrator_trafo_3_22,prosumer31,cfp,100,3.105290,0
1789091766.374273,38,ciclo1_AC_AP,concentrator_trafo_3_22,prosumer32,cfp,100,4.266129,0
1789091766.374462,38,ciclo1_AC_AP,concentrator_trafo_3_22,prosumer33,cfp,100,3.073847,0
1789091766.375462,38,ciclo1_AC_AP,concentrator_trafo_4_34,prosumer34,cfp,100,1.244528,0
1789091766.375638,38,ciclo1_AC_AP,concentrator_trafo_4_34,prosumer35,cfp,100,5.405777,0
1789091766.375783,38,ciclo1_AC_AP,concentrator_trafo_4_34,prosumer36,cfp,100,4.016652,0
1789091766.375910,38,ciclo1_AC_AP,concentrator_trafo_4_34,prosumer37,cfp,100,5.931082,0
1789091766.376023,38,ciclo1_AC_AP,concentrator_trafo_4_34,prosumer38,cfp,100,1.647299,0
1789091766.376134,38,ciclo1_AC_AP,concentrator_trafo_4_34,prosumer39,cfp,100,5.546220,0
1789091766.376242,38,ciclo1_AC_AP,concentrator_trafo_4_34,prosumer40,cfp,100,0.909998,0
1789091766.376358,38,ciclo1_AC_AP,concentrator_trafo_4_34,prosumer41,cfp,100,1.708149,0
1789091766.376474,38,ciclo1_AC_AP,concentrator_trafo_4_34,prosumer42,cfp,100,3.946487,0
1789091766.376595,38,ciclo1_AC_AP,concentrator_trafo_4_34,prosumer43,cfp,100,1.470911,0
1789091766.376711,38,ciclo1_AC_AP,concentrator_trafo_4_34,prosumer44,cfp,100,2.199112,0
1789091766.376826,38,ciclo1_AC_AP,concentrator_trafo_4_34,prosumer45,cfp,100,3.799989,0
1789091766.376942,38,ciclo1_AC_AP,concentrator_trafo_4_34,prosumer46,cfp,100,0.151653,0
1789091766.384273,38,ciclo1_AC_AP,prosumer11,concentrator_trafo_1_5,propose,143,3.199452,0
1789091766.388302,38,ciclo1_AC_AP,prosumer10,concentrator_trafo_1_5,propose,118,2.830472,0
1789091766.389377,38,ciclo1_AC_AP,prosumer21,concentrator_trafo_2_12,propose,105,0.496384,0
1789091766.393080,38,ciclo1_AC_AP,prosumer13,concentrator_trafo_2_12,propose,159,14.132593,0
1789091766.396699,38,ciclo1_AC_AP,prosumer9,concentrator_trafo_1_5,propose,285,6.972059,0
1789091766.401397,38,ciclo1_AC_AP,prosumer46,concentrator_trafo_4_34,propose,469,9.119630,0
1789091766.407381,38,ciclo1_AC_AP,prosumer12,concentrator_trafo_2_12,propose,346,7.461068,0
1789091766.407973,38,ciclo1_AC_AP,prosumer6,concentrator_trafo_1_5,propose,262,5.691627,0
1789091766.409846,38,ciclo1_AC_AP,prosumer14,concentrator_trafo_2_12,propose,155,3.684220,0
1789091766.411771,38,ciclo1_AC_AP,prosumer40,concentrator_trafo_4_34,propose,446,7.365450,0
1789091766.413723,38,ciclo1_AC_AP,prosumer34,concentrator_trafo_4_34,propose,331,5.173760,0
1789091766.414266,38,ciclo1_AC_AP,prosumer8,concentrator_trafo_1_5,propose,288,4.117755,0
1789091766.416098,38,ciclo1_AC_AP,prosumer5,concentrator_trafo_1_5,propose,399,7.144623,0
1789091766.416651,38,ciclo1_AC_AP,prosumer43,concentrator_trafo_4_34,propose,456,6.255182,0
1789091766.418619,38,ciclo1_AC_AP,prosumer22,concentrator_trafo_3_22,propose,229,3.431457,0
1789091766.420575,38,ciclo1_AC_AP,prosumer38,concentrator_trafo_4_34,propose,441,13.572476,0
1789091766.422511,38,ciclo1_AC_AP,prosumer41,concentrator_trafo_4_34,propose,349,5.415416,0
1789091766.424440,38,ciclo1_AC_AP,prosumer20,concentrator_trafo_2_12,propose,497,9.163961,0
1789091766.426849,38,ciclo1_AC_AP,prosumer23,concentrator_trafo_3_22,propose,217,2.717721,0
1789091766.427388,38,ciclo1_AC_AP,prosumer28,concentrator_trafo_3_22,propose,181,6.995641,0
1789091766.430159,38,ciclo1_AC_AP,prosumer44,concentrator_trafo_4_34,propose,387,15.731813,0
1789091766.430662,38,ciclo1_AC_AP,prosumer16,concentrator_trafo_2_12,propose,382,8.652771,0
1789091766.432610,38,ciclo1_AC_AP,prosumer7,concentrator_trafo_1_5,propose,139,7.959671,0
1789091766.434511,38,ciclo1_AC_AP,prosumer18,concentrator_trafo_2_12,propose,499,6.296239,0
1789091766.437675,38,ciclo1_AC_AP,prosumer24,concentrator_trafo_3_22,propose,360,6.840415,0
1789091766.439660,38,ciclo1_AC_AP,prosumer15,concentrator_trafo_2_12,propose,186,7.716115,0
1789091766.441913,38,ciclo1_AC_AP,prosumer19,concentrator_trafo_2_12,propose,113,1.221660,0
1789091766.444311,38,ciclo1_AC_AP,prosumer31,concentrator_trafo_3_22,propose,429,9.718675,0
1789091766.446225,38,ciclo1_AC_AP,prosumer33,concentrator_trafo_3_22,propose,185,3.049325,0
1789091766.448134,38,ciclo1_AC_AP,prosumer17,concentrator_trafo_2_12,propose,364,5.311347,0
1789091766.448645,38,ciclo1_AC_AP,prosumer30,concentrator_trafo_3_22,propose,309,5.767365,0
1789091766.450609,38,ciclo1_AC_AP,prosumer45,concentrator_trafo_4_34,propose,411,15.400451,0
1789091766.451159,38,ciclo1_AC_AP,prosumer42,concentrator_trafo_4_34,propose,438,16.914010,0
1789091766.453051,38,ciclo1_AC_AP,prosumer36,concentrator_trafo_4_34,propose,206,10.400248,0
1789091766.455331,38,ciclo1_AC_AP,prosumer32,concentrator_trafo_3_22,propose,324,13.498210,0
1789091766.457152,38,ciclo1_AC_AP,prosumer29,concentrator_trafo_3_22,propose,462,17.731428,0
1789091766.457630,38,ciclo1_AC_AP,prosumer25,concentrator_trafo_3_22,propose,450,15.154201,0
1789091766.459827,38,ciclo1_AC_AP,prosumer26,concentrator_trafo_3_22,propose,307,11.864781,0
1789091766.461652,38,ciclo1_AC_AP,prosumer35,concentrator_trafo_4_34,propose,235,11.625806,0
1789091766.463482,38,ciclo1_AC_AP,prosumer39,concentrator_trafo_4_34,propose,110,4.542911,0
1789091766.465354,38,ciclo1_AC_AP,prosumer27,concentrator_trafo_3_22,propose,400,15.473348,0
1789091766.467396,38,ciclo1_AC_AP,prosumer37,concentrator_trafo_4_34,propose,168,9.888277,0
1789091766.642314,38,ciclo2_AD_AC,dso,concentrator_trafo_1_5,cfp,100,1.942517,0
1789091766.642706,38,ciclo2_AD_AC,dso,concentrator_trafo_2_12,cfp,100,2.840251,0
1789091766.642966,38,ciclo2_AD_AC,dso,concentrator_trafo_3_22,cfp,100,4.398789,0
1789091766.643205,38,ciclo2_AD_AC,dso,concentrator_trafo_4_34,cfp,100,6.878570,0
1789091766.670613,38,ciclo2_AD_AC,concentrator_trafo_1_5,dso,propose,1470,47.114145,0
1789091766.676585,38,ciclo2_AD_AC,concentrator_trafo_2_12,dso,propose,1198,18.464879,0
1789091766.695566,38,ciclo2_AD_AC,concentrator_trafo_3_22,dso,propose,1087,37.039174,0
1789091766.722992,38,ciclo2_AD_AC,concentrator_trafo_4_34,dso,propose,1453,75.472307,0
1789091767.488943,38,ciclo3_AM_AC_AD,market,dso,cfp,100,0.351317,0
1789091767.502919,38,ciclo3_AM_AC_AD,dso,market,propose,1225,21.814446,0
1789091767.731329,38,ciclo3_AM_AC_AD,market,concentrator_trafo_1_5,cfp,100,2.963780,0
1789091767.731958,38,ciclo3_AM_AC_AD,market,concentrator_trafo_2_12,cfp,100,2.883393,0
1789091767.732413,38,ciclo3_AM_AC_AD,market,concentrator_trafo_3_22,cfp,100,2.176601,0
1789091767.732639,38,ciclo3_AM_AC_AD,market,concentrator_trafo_4_34,cfp,100,5.717095,0
1789091767.732870,38,ciclo3_AM_AC_AD,market,dso,cfp,100,3.294372,0
1789091767.805414,38,ciclo3_AM_AC_AD,concentrator_trafo_3_22,market,propose,1289,22.491273,0
1789091767.812934,38,ciclo3_AM_AC_AD,concentrator_trafo_1_5,market,propose,1027,35.536208,0
1789091767.819271,38,ciclo3_AM_AC_AD,concentrator_trafo_2_12,market,propose,1469,49.107783,0
1789091767.828232,38,ciclo3_AM_AC_AD,dso,market,propose,1192,18.791010,0
1789091767.834288,38,ciclo3_AM_AC_AD,concentrator_trafo_4_34,market,propose,1475,50.512673,0
1789091768.417079,39,ciclo1_AC_AP,concentrator_trafo_1_5,prosumer5,cfp,100,1.362306,0
1789091768.417403,39,ciclo1_AC_AP,concentrator_trafo_1_5,prosumer6,cfp,100,2.984610,0
1789091768.417568,39,ciclo1_AC_AP,concentrator_trafo_1_5,prosumer7,cfp,100,3.766839,0
1789091768.417712,39,ciclo1_AC_AP,concentrator_trafo_1_5,prosumer8,cfp,100,1.642821,0
1789091768.417847,39,ciclo1_AC_AP,concentrator_trafo_1_5,prosumer9,cfp,100,1.401891,0
1789091768.417979,39,ciclo1_AC_AP,concentrator_trafo_1_5,prosumer10,cfp,100,1.285735,0
1789091768.418106,39,ciclo1_AC_AP,concentrator_trafo_1_5,prosumer11,cfp,100,0.978293,0
1789091768.419213,39,ciclo1_AC_AP,concentrator_trafo_2_12,prosumer12,cfp,100,0.060261,0
1789091768.419490,39,ciclo1_AC_AP,concentrator_trafo_2_12,prosumer13,cfp,100,0.924272,0
1789091768.419709,39,ciclo1_AC_AP,concentrator_trafo_2_12,prosumer14,cfp,100,3.103930,0
1789091768.419876,39,ciclo1_AC_AP,concentrator_trafo_2_12,prosumer15,cfp,100,2.077133,0
1789091768.420017,39,ciclo1_AC_AP,concentrator_trafo_2_12,prosumer16,cfp,100,2.242741,0
1789091768.420165,39,ciclo1_AC_AP,concentrator_trafo_2_12,prosumer17,cfp,100,1.238552,0
1789091768.420302,39,ciclo1_AC_AP,concentrator_trafo_2_12,prosumer18,cfp,100,1.482533,0
1789091768.420439,39,ciclo1_AC_AP,concentrator_trafo_2_12,prosumer19,cfp,100,3.581511,0
1789091768.420587,39,ciclo1_AC_AP,concentrator_trafo_2_12,prosumer20,cfp,100,3.790074,0
1789091768.420728,39,ciclo1_AC_AP,concentrator_trafo_2_12,prosumer21,cfp,100,3.025560,0
1789091768.421462,39,ciclo1_AC_AP,concentrator_trafo_3_22,prosumer22,cfp,100,2.044694,0
1789091768.421687,39,ciclo1_AC_AP,concentrator_trafo_3_22,prosumer23,cfp,100,3.815639,0
1789091768.421890,39,ciclo1_AC_AP,concentrator_trafo_3_22,prosumer24,cfp,100,1.585719,0
1789091768.422091,39,ciclo1_AC_AP,concentrator_trafo_3_22,prosumer25,cfp,100,1.526356,0
1789091768.422283,39,ciclo1_AC_AP,concentrator_trafo_3_22,prosumer26,cfp,100,4.090856,0
1789091768.422473,39,ciclo1_AC_AP,concentrator_trafo_3_22,prosumer27,cfp,100,7.649831,0
1789091768.422670,39,ciclo1_AC_AP,concentrator_trafo_3_22,prosumer28,cfp,100,4.541478,0
1789091768.422803,39,ciclo1_AC_AP,concentrator_trafo_3_22,prosumer29,cfp,100,7.185242,0
1789091768.422930,39,ciclo1_AC_AP,concentrator_trafo_3_22,prosumer30,cfp,100,3.854872,0
1789091768.423053,39,ciclo1_AC_AP,concentrator_trafo_3_22,prosumer31,cfp,100,0.744379,0
1789091768.423178,39,ciclo1_AC_AP,concentrator_trafo_3_22,prosumer32,cfp,100,1.462291,0
1789091768.423302,39,ciclo1_AC_AP,concentrator_trafo_3_22,prosumer33,cfp,100,3.287186,0
1789091768.424020,39,ciclo1_AC_AP,concentrator_trafo_4_34,prosumer34,cfp,100,2.560230,0
1789091768.424177,39,ciclo1_AC_AP,concentrator_trafo_4_34,prosumer35,cfp,100,2.308002,0
1789091768.424320,39,ciclo1_AC_AP,concentrator_trafo_4_34,prosumer36,cfp,100,7.024390,0
1789091768.424458,39,ciclo1_AC_AP,concentrator_trafo_4_34,prosumer37,cfp,100,3.572186,0
1789091768.424601,39,ciclo1_AC_AP,concentrator_trafo_4_34,prosumer38,cfp,100,0.294190,0
1789091768.424741,39,ciclo1_AC_AP,concentrator_trafo_4_34,prosumer39,cfp,100,4.976340,0
1789091768.424877,39,ciclo1_AC_AP,concentrator_trafo_4_34,prosumer40,cfp,100,1.908320,0
1789091768.425014,39,ciclo1_AC_AP,concentrator_trafo_4_34,prosumer41,cfp,100,3.728043,0
1789091768.425150,39,ciclo1_AC_AP,concentrator_trafo_4_34,prosumer42,cfp,100,4.562340,0
1789091768.425283,39,ciclo1_AC_AP,concentrator_trafo_4_34,prosumer43,cfp,100,1.701859,0
1789091768.425417,39,ciclo1_AC_AP,concentrator_trafo_4_34,prosumer44,cfp,100,4.061247,0
1789091768.425555,39,ciclo1_AC_AP,concentrator_trafo_4_34,prosumer45,cfp,100,4.437503,0
1789091768.425693,39,ciclo1_AC_AP,concentrator_trafo_4_34,prosumer46,cfp,100,1.709698,0
1789091768.430625,39,ciclo1_AC_AP,prosumer12,concentrator_trafo_2_12,propose,144,5.608418,0
1789091768.437287,39,ciclo1_AC_AP,prosumer38,concentrator_trafo_4_34,propose,429,9.654626,0
1789091768.438359,39,ciclo1_AC_AP,prosumer11,concentrator_trafo_1_5,propose,401,7.878613,0
1789091768.442040,39,ciclo1_AC_AP,prosumer13,concentrator_trafo_2_12,propose,307,11.845982,0
1789091768.443108,39,ciclo1_AC_AP,prosumer31,concentrator_trafo_3_22,propose,271,4.122442,0
1789091768.446836,39,ciclo1_AC_AP,prosumer5,concentrator_trafo_1_5,propose,219,3.315304,0
1789091768.450405,39,ciclo1_AC_AP,prosumer10,concentrator_trafo_1_5,propose,359,5.581612,0
1789091768.452606,39,ciclo1_AC_AP,prosumer9,concentrator_trafo_1_5,propose,333,4.319762,0
1789091768.455749,39,ciclo1_AC_AP,prosumer17,concentrator_trafo_2_12,propose,120,3.400027,0
1789091768.460083,39,ciclo1_AC_AP,prosumer8,concentrator_trafo_1_5,propose,345,7.491783,0
1789091768.462010,39,ciclo1_AC_AP,prosumer18,concentrator_trafo_2_12,propose,417,6.347909,0
1789091768.464442,39,ciclo1_AC_AP,prosumer25,concentrator_trafo_3_22,propose,152,7.025621,0
1789091768.465006,39,ciclo1_AC_AP,prosumer24,concentrator_trafo_3_22,propose,237,2.717821,0
1789091768.466858,39,ciclo1_AC_AP,prosumer32,concentrator_trafo_3_22,propose,359,12.719724,0
1789091768.467357,39,ciclo1_AC_AP,prosumer15,concentrator_trafo_2_12,propose,351,10.362064,0
1789091768.469201,39,ciclo1_AC_AP,prosumer22,concentrator_trafo_3_22,propose,382,10.019801,0
1789091768.469673,39,ciclo1_AC_AP,prosumer43,concentrator_trafo_4_34,propose,430,7.995971,0
1789091768.471522,39,ciclo1_AC_AP,prosumer16,concentrator_trafo_2_12,propose,301,5.317879,0
1789091768.472085,39,ciclo1_AC_AP,prosumer46,concentrator_trafo_4_34,propose,342,7.563038,0
1789091768.473933,39,ciclo1_AC_AP,prosumer40,concentrator_trafo_4_34,propose,235,3.136335,0
1789091768.474527,39,ciclo1_AC_AP,prosumer6,concentrator_trafo_1_5,propose,192,3.974786,0
1789091768.475060,39,ciclo1_AC_AP,prosumer35,concentrator_trafo_4_34,propose,217,7.956709,0
1789091768.476970,39,ciclo1_AC_AP,prosumer34,concentrator_trafo_4_34,propose,376,7.356328,0
1789091768.477590,39,ciclo1_AC_AP,prosumer14,concentrator_trafo_2_12,propose,286,4.599582,0
1789091768.480072,39,ciclo1_AC_AP,prosumer21,concentrator_trafo_2_12,propose,181,3.204230,0
1789091768.480887,39,ciclo1_AC_AP,prosumer7,concentrator_trafo_1_5,propose,254,3.718487,0
1789091768.482723,39,ciclo1_AC_AP,prosumer33,concentrator_trafo_3_22,propose,411,8.940713,0
1789091768.484585,39,ciclo1_AC_AP,prosumer19,concentrator_trafo_2_12,propose,173,4.603192,0
1789091768.488024,39,ciclo1_AC_AP,prosumer20,concentrator_trafo_2_12,propose,333,7.884377,0
1789091768.490014,39,ciclo1_AC_AP,prosumer23,concentrator_trafo_3_22,propose,135,2.331773,0
1789091768.490598,39,ciclo1_AC_AP,prosumer37,concentrator_trafo_4_34,propose,135,9.701254,0
1789091768.492598,39,ciclo1_AC_AP,prosumer30,concentrator_trafo_3_22,propose,344,5.691907,0
1789091768.493125,39,ciclo1_AC_AP,prosumer41,concentrator_trafo_4_34,propose,301,4.345867,0
1789091768.495235,39,ciclo1_AC_AP,prosumer26,concentrator_trafo_3_22,propose,389,12.617354,0
1789091768.497110,39,ciclo1_AC_AP,prosumer44,concentrator_trafo_4_34,propose,309,11.032253,0
1789091768.498955,39,ciclo1_AC_AP,prosumer28,concentrator_trafo_3_22,propose,384,17.311080,0
1789091768.500783,39,ciclo1_AC_AP,prosumer45,concentrator_trafo_4_34,propose,147,6.144340,0
1789091768.501286,39,ciclo1_AC_AP,prosumer42,concentrator_trafo_4_34,propose,235,6.550406,0
1789091768.503181,39,ciclo1_AC_AP,prosumer39,concentrator_trafo_4_34,propose,346,15.434847,0
1789091768.507433,39,ciclo1_AC_AP,prosumer36,concentrator_trafo_4_34,propose,217,9.834692,0
1789091768.507952,39,ciclo1_AC_AP,prosumer29,concentrator_trafo_3_22,propose,156,6.250807,0
1789091768.508614,39,ciclo1_AC_AP,prosumer27,concentrator_trafo_3_22,propose,251,9.625076,0
1789091768.680339,39,ciclo2_AD_AC,dso,concentrator_trafo_1_5,cfp,100,6.209809,0
1789091768.680668,39,ciclo2_AD_AC,dso,concentrator_trafo_2_12,cfp,100,1.364497,0
1789091768.680836,39,ciclo2_AD_AC,dso,concentrator_trafo_3_22,cfp,100,5.366866,0
1789091768.680980,39,ciclo2_AD_AC,dso,concentrator_trafo_4_34,cfp,100,6.302628,0
1789091768.702161,39,ciclo2_AD_AC,concentrator_trafo_2_12,dso,propose,1072,17.004626,0
1789091768.742054,39,ciclo2_AD_AC,concentrator_trafo_3_22,dso,propose,1184,38.961801,0
1789091768.748778,39,ciclo2_AD_AC,concentrator_trafo_1_5,dso,propose,1415,45.242860,0
1789091768.753577,39,ciclo2_AD_AC,concentrator_trafo_4_34,dso,propose,1048,53.217968,0
1789091769.296032,39,ciclo3_AM_AC_AD,market,dso,cfp,100,0.860479,0
1789091769.317179,39,ciclo3_AM_AC_AD,dso,market,propose,1070,16.573771,0
1789091769.493198,39,ciclo3_AM_AC_AD,market,concentrator_trafo_1_5,cfp,100,2.594810,0
1789091769.493789,39,ciclo3_AM_AC_AD,market,concentrator_trafo_2_12,cfp,100,3.536566,0
1789091769.494280,39,ciclo3_AM_AC_AD,market,concentrator_trafo_3_22,cfp,100,4.838022,0
1789091769.494761,39,ciclo3_AM_AC_AD,market,concentrator_trafo_4_34,cfp,100,4.325832,0
1789091769.495223,39,ciclo3_AM_AC_AD,market,dso,cfp,100,1.570849,0
1789091769.555833,39,ciclo3_AM_AC_AD,concentrator_trafo_2_12,market,propose,1337,45.674362,0
1789091769.558081,39,ciclo3_AM_AC_AD,concentrator_trafo_1_5,market,propose,1442,51.150011,0
1789091769.560602,39,ciclo3_AM_AC_AD,dso,market,propose,1029,19.777378,0
1789091769.562636,39,ciclo3_AM_AC_AD,concentrator_trafo_4_34,market,propose,1421,49.793079,0
1789091769.564639,39,ciclo3_AM_AC_AD,concentrator_trafo_3_22,market,propose,1340,21.866722,0
1789091770.145196,40,ciclo1_AC_AP,concentrator_trafo_1_5,prosumer5,cfp,100,2.785785,0
1789091770.145528,40,ciclo1_AC_AP,concentrator_trafo_1_5,prosumer6,cfp,100,2.066584,0
1789091770.145712,40,ciclo1_AC_AP,concentrator_trafo_1_5,prosumer7,cfp,100,0.137188,0
1789091770.145890,40,ciclo1_AC_AP,concentrator_trafo_1_5,prosumer8,cfp,100,2.279655,0
1789091770.146067,40,ciclo1_AC_AP,concentrator_trafo_1_5,prosumer9,cfp,100,2.604226,0
1789091770.146213,40,ciclo1_AC_AP,concentrator_trafo_1_5,prosumer10,cfp,100,1.320163,0
1789091770.146343,40,ciclo1_AC_AP,concentrator_trafo_1_5,prosumer11,cfp,100,2.416820,0
1789091770.147073,40,ciclo1_AC_AP,concentrator_trafo_2_12,prosumer12,cfp,100,1.025884,0
1789091770.147259,40,ciclo1_AC_AP,concentrator_trafo_2_12,prosumer13,cfp,100,7.910132,0
1789091770.147441,40,ciclo1_AC_AP,concentrator_trafo_2_12,prosumer14,cfp,100,0.202353,0
1789091770.147634,40,ciclo1_AC_AP,concentrator_trafo_2_12,prosumer15,cfp,100,5.077024,0
1789091770.147775,40,ciclo1_AC_AP,concentrator_trafo_2_12,prosumer16,cfp,100,0.206856,0
1789091770.147951,40,ciclo1_AC_AP,concentrator_trafo_2_12,prosumer17,cfp,100,2.608417,0
1789091770.148098,40,ciclo1_AC_AP,concentrator_trafo_2_12,prosumer18,cfp,100,2.290714,0
1789091770.148227,40,ciclo1_AC_AP,concentrator_trafo_2_12,prosumer19,cfp,100,2.910403,0
1789091770.148354,40,ciclo1_AC_AP,concentrator_trafo_2_12,prosumer20,cfp,100,0.357766,0
1789091770.148488,40,ciclo1_AC_AP,concentrator_trafo_2_12,prosumer21,cfp,100,1.119307,0
1789091770.149159,40,ciclo1_AC_AP,concentrator_trafo_3_22,prosumer22,cfp,100,2.454994,0
1789091770.149325,40,ciclo1_AC_AP,concentrator_trafo_3_22,prosumer23,cfp,100,3.560608,0
1789091770.149509,40,ciclo1_AC_AP,concentrator_trafo_3_22,prosumer24,cfp,100,2.078669,0
1789091770.149693,40,ciclo1_AC_AP,concentrator_trafo_3_22,prosumer25,cfp,100,4.097742,0
1789091770.149804,40,ciclo1_AC_AP,concentrator_trafo_3_22,prosumer26,cfp,100,3.641904,0
1789091770.149906,40,ciclo1_AC_AP,concentrator_trafo_3_22,prosumer27,cfp,100,5.678420,0
1789091770.150009,40,ciclo1_AC_AP,concentrator_trafo_3_22,prosumer28,cfp,100,4.600855,0
1789091770.150179,40,ciclo1_AC_AP,concentrator_trafo_3_22,prosumer29,cfp,100,3.820555,0
1789091770.150329,40,ciclo1_AC_AP,concentrator_trafo_3_22,prosumer30,cfp,100,1.594013,0
1789091770.150518,40,ciclo1_AC_AP,concentrator_trafo_3_22,prosumer31,cfp,100,2.307316,0
1789091770.150686,40,ciclo1_AC_AP,concentrator_trafo_3_22,prosumer32,cfp,100,4.140660,0
1789091770.150887,40,ciclo1_AC_AP,concentrator_trafo_3_22,prosumer33,cfp,100,0.394465,0
1789091770.151688,40,ciclo1_AC_AP,concentrator_trafo_4_34,prosumer34,cfp,100,0.120309,0
1789091770.151959,40,ciclo1_AC_AP,concentrator_trafo_4_34,prosumer35,cfp,100,6.414967,0
1789091770.152203,40,ciclo1_AC_AP,concentrator_trafo_4_34,prosumer36,cfp,100,4.676698,0
1789091770.152496,40,ciclo1_AC_AP,concentrator_trafo_4_34,prosumer37,cfp,100,4.605669,0
1789091770.152797,40,ciclo1_AC_AP,concentrator_trafo_4_34,prosumer38,cfp,100,3.426894,0
1789091770.152989,40,ciclo1_AC_AP,concentrator_trafo_4_34,prosumer39,cfp,100,3.786912,0
1789091770.153133,40,ciclo1_AC_AP,concentrator_trafo_4_34,prosumer40,cfp,100,3.590533,0
1789091770.153275,40,ciclo1_AC_AP,concentrator_trafo_4_34,prosumer41,cfp,100,0.693067,0
1789091770.153409,40,ciclo1_AC_AP,concentrator_trafo_4_34,prosumer42,cfp,100,3.033611,0
1789091770.153549,40,ciclo1_AC_AP,concentrator_trafo_4_34,prosumer43,cfp,100,3.766887,0
1789091770.153683,40,ciclo1_AC_AP,concentrator_trafo_4_34,prosumer44,cfp,100,5.568866,0
1789091770.153814,40,ciclo1_AC_AP,concentrator_trafo_4_34,prosumer45,cfp,100,3.316787,0
1789091770.154026,40,ciclo1_AC_AP,concentrator_trafo_4_34,prosumer46,cfp,100,2.758977,0
1789091770.160618,40,ciclo1_AC_AP,prosumer7,concentrator_trafo_1_5,propose,170,6.532434,0
1789091770.164985,40,ciclo1_AC_AP,prosumer14,concentrator_trafo_2_12,propose,400,9.084317,0
1789091770.166118,40,ciclo1_AC_AP,prosumer16,concentrator_trafo_2_12,propose,386,7.199253,0
1789091770.170331,40,ciclo1_AC_AP,prosumer20,concentrator_trafo_2_12,propose,201,2.888150,0
1789091770.174608,40,ciclo1_AC_AP,prosumer34,concentrator_trafo_4_34,propose,103,1.802854,0
1789091770.176991,40,ciclo1_AC_AP,prosumer33,concentrator_trafo_3_22,propose,116,1.357104,0
1789091770.184529,40,ciclo1_AC_AP,prosumer12,concentrator_trafo_2_12,propose,307,5.817176,0
1789091770.188629,40,ciclo1_AC_AP,prosumer10,concentrator_trafo_1_5,propose,385,9.618800,0
1789091770.189485,40,ciclo1_AC_AP,prosumer21,concentrator_trafo_2_12,propose,458,6.589245,0
1789091770.191159,40,ciclo1_AC_AP,prosumer41,concentrator_trafo_4_34,propose,486,6.252717,0
1789091770.192354,40,ciclo1_AC_AP,prosumer6,concentrator_trafo_1_5,propose,408,8.289560,0
1789091770.196422,40,ciclo1_AC_AP,prosumer30,concentrator_trafo_3_22,propose,351,5.883638,0
1789091770.199851,40,ciclo1_AC_AP,prosumer8,concentrator_trafo_1_5,propose,465,9.097653,0
1789091770.201341,40,ciclo1_AC_AP,prosumer24,concentrator_trafo_3_22,propose,453,9.116822,0
1789091770.204582,40,ciclo1_AC_AP,prosumer11,concentrator_trafo_1_5,propose,154,5.337666,0
1789091770.207566,40,ciclo1_AC_AP,prosumer18,concentrator_trafo_2_12,propose,342,5.171033,0
1789091770.210445,40,ciclo1_AC_AP,prosumer9,concentrator_trafo_1_5,propose,386,6.390851,0
1789091770.213972,40,ciclo1_AC_AP,prosumer5,concentrator_trafo_1_5,propose,277,7.792706,0
1789091770.216894,40,ciclo1_AC_AP,prosumer31,concentrator_trafo_3_22,propose,499,8.409793,0
1789091770.219199,40,ciclo1_AC_AP,prosumer22,concentrator_trafo_3_22,propose,275,7.156697,0
1789091770.221119,40,ciclo1_AC_AP,prosumer17,concentrator_trafo_2_12,propose,149,3.793543,0
1789091770.223928,40,ciclo1_AC_AP,prosumer19,concentrator_trafo_2_12,propose,451,9.883804,0
1789091770.227808,40,ciclo1_AC_AP,prosumer46,concentrator_trafo_4_34,propose,102,2.077608,0
1789091770.229754,40,ciclo1_AC_AP,prosumer42,concentrator_trafo_4_34,propose,223,6.292001,0
1789091770.230315,40,ciclo1_AC_AP,prosumer23,concentrator_trafo_3_22,propose,216,4.106258,0
1789091770.232204,40,ciclo1_AC_AP,prosumer26,concentrator_trafo_3_22,propose,354,8.694781,0
1789091770.232784,40,ciclo1_AC_AP,prosumer45,concentrator_trafo_4_34,propose,259,9.539135,0
1789091770.234775,40,ciclo1_AC_AP,prosumer38,concentrator_trafo_4_34,propose,240,7.307698,0
1789091770.235339,40,ciclo1_AC_AP,prosumer29,concentrator_trafo_3_22,propose,215,10.471531,0
1789091770.237277,40,ciclo1_AC_AP,prosumer40,concentrator_trafo_4_34,propose,104,2.621687,0
1789091770.239520,40,ciclo1_AC_AP,prosumer25,concentrator_trafo_3_22,propose,353,13.972105,0
1789091770.240063,40,ciclo1_AC_AP,prosumer39,concentrator_trafo_4_34,propose,281,15.069044,0
1789091770.240610,40,ciclo1_AC_AP,prosumer43,concentrator_trafo_4_34,propose,360,7.591564,0
1789091770.241137,40,ciclo1_AC_AP,prosumer32,concentrator_trafo_3_22,propose,274,11.255019,0
1789091770.243260,40,ciclo1_AC_AP,prosumer28,concentrator_trafo_3_22,propose,146,6.899496,0
1789091770.243830,40,ciclo1_AC_AP,prosumer15,concentrator_trafo_2_12,propose,139,9.787360,0
1789091770.245718,40,ciclo1_AC_AP,prosumer37,concentrator_trafo_4_34,propose,256,15.398342,0
1789091770.247685,40,ciclo1_AC_AP,prosumer36,concentrator_trafo_4_34,propose,393,14.578970,0
1789091770.249916,40,ciclo1_AC_AP,prosumer27,concentrator_trafo_3_22,propose,316,11.346063,0
1789091770.251854,40,ciclo1_AC_AP,prosumer44,concentrator_trafo_4_34,propose,215,7.792640,0
1789091770.253844,40,ciclo1_AC_AP,prosumer35,concentrator_trafo_4_34,propose,478,15.123821,0
1789091770.256821,40,ciclo1_AC_AP,prosumer13,concentrator_trafo_2_12,propose,288,6.530637,0
1789091770.413113,40,ciclo2_AD_AC,dso,concentrator_trafo_1_5,cfp,100,4.908377,0
1789091770.413421,40,ciclo2_AD_AC,dso,concentrator_trafo_2_12,cfp,100,2.171960,0
1789091770.413574,40,ciclo2_AD_AC,dso,concentrator_trafo_3_22,cfp,100,4.870680,0
1789091770.413880,40,ciclo2_AD_AC,dso,concentrator_trafo_4_34,cfp,100,5.800210,0
1789091770.443951,40,ciclo2_AD_AC,concentrator_trafo_2_12,dso,propose,1493,25.942867,0
1789091770.470589,40,ciclo2_AD_AC,concentrator_trafo_1_5,dso,propose,1195,41.769978,0
1789091770.475225,40,ciclo2_AD_AC,concentrator_trafo_3_22,dso,propose,1440,50.782542,0
1789091770.479816,40,ciclo2_AD_AC,concentrator_trafo_4_34,dso,propose,1388,66.740938,0
1789091771.158079,40,ciclo3_AM_AC_AD,market,dso,cfp,100,2.083817,0
1789091771.192062,40,ciclo3_AM_AC_AD,dso,market,propose,1074,18.854656,0
1789091771.388562,40,ciclo3_AM_AC_AD,market,concentrator_trafo_1_5,cfp,100,3.099470,0
1789091771.389142,40,ciclo3_AM_AC_AD,market,concentrator_trafo_2_12,cfp,100,2.792357,0
1789091771.389487,40,ciclo3_AM_AC_AD,market,concentrator_trafo_3_22,cfp,100,3.476758,0
1789091771.389636,40,ciclo3_AM_AC_AD,market,concentrator_trafo_4_34,cfp,100,5.412653,0
1789091771.389752,40,ciclo3_AM_AC_AD,market,dso,cfp,100,1.035501,0
1789091771.453044,40,ciclo3_AM_AC_AD,dso,market,propose,1118,16.613643,0
1789091771.457144,40,ciclo3_AM_AC_AD,concentrator_trafo_2_12,market,propose,1147,39.795490,0
1789091771.461735,40,ciclo3_AM_AC_AD,concentrator_trafo_1_5,market,propose,1479,46.430251,0
1789091771.465509,40,ciclo3_AM_AC_AD,concentrator_trafo_3_22,market,propose,1102,18.999362,0
1789091771.483665,40,ciclo3_AM_AC_AD,concentrator_trafo_4_34,market,propose,1380,47.944077,0
1789091772.040164,41,ciclo1_AC_AP,concentrator_trafo_1_5,prosumer5,cfp,100,3.394714,0
1789091772.040781,41,ciclo1_AC_AP,concentrator_trafo_1_5,prosumer6,cfp,100,0.068419,0
1789091772.041580,41,ciclo1_AC_AP,concentrator_trafo_1_5,prosumer7,cfp,100,2.311033,0
1789091772.042057,41,ciclo1_AC_AP,concentrator_trafo_1_5,prosumer8,cfp,100,0.676366,0
1789091772.042470,41,ciclo1_AC_AP,concentrator_trafo_1_5,prosumer9,cfp,100,3.972456,0
1789091772.042805,41,ciclo1_AC_AP,concentrator_trafo_1_5,prosumer10,cfp,100,2.411846,0
1789091772.043059,41,ciclo1_AC_AP,concentrator_trafo_1_5,prosumer11,cfp,100,3.344221,0
1789091772.043808,41,ciclo1_AC_AP,concentrator_trafo_2_12,prosumer12,cfp,100,3.356292,0
1789091772.043955,41,ciclo1_AC_AP,concentrator_trafo_2_12,prosumer13,cfp,100,3.620982,0
1789091772.044076,41,ciclo1_AC_AP,concentrator_trafo_2_12,prosumer14,cfp,100,0.183446,0
1789091772.044196,41,ciclo1_AC_AP,concentrator_trafo_2_12,prosumer15,cfp,100,5.575946,0
1789091772.044307,41,ciclo1_AC_AP,concentrator_trafo_2_12,prosumer16,cfp,100,3.869514,0
1789091772.044410,41,ciclo1_AC_AP,concentrator_trafo_2_12,prosumer17,cfp,100,2.158288,0
1789091772.044510,41,ciclo1_AC_AP,concentrator_trafo_2_12,prosumer18,cfp,100,2.559419,0
1789091772.044629,41,ciclo1_AC_AP,concentrator_trafo_2_12,prosumer19,cfp,100,3.269149,0
1789091772.044732,41,ciclo1_AC_AP,concentrator_trafo_2_12,prosumer20,cfp,100,0.452824,0
1789091772.044834,41,ciclo1_AC_AP,concentrator_trafo_2_12,prosumer21,cfp,100,1.557544,0
1789091772.045513,41,ciclo1_AC_AP,concentrator_trafo_3_22,prosumer22,cfp,100,2.773103,0
1789091772.045659,41,ciclo1_AC_AP,concentrator_trafo_3_22,prosumer23,cfp,100,0.552617,0
1789091772.045770,41,ciclo1_AC_AP,concentrator_trafo_3_22,prosumer24,cfp,100,3.628295,0
1789091772.045880,41,ciclo1_AC_AP,concentrator_trafo_3_22,prosumer25,cfp,100,3.539630,0
1789091772.045984,41,ciclo1_AC_AP,concentrator_trafo_3_22,prosumer26,cfp,100,4.234935,0
1789091772.046088,41,ciclo1_AC_AP,concentrator_trafo_3_22,prosumer27,cfp,100,0.497367,0
1789091772.046191,41,ciclo1_AC_AP,concentrator_trafo_3_22,prosumer28,cfp,100,4.283368,0
1789091772.046293,41,ciclo1_AC_AP,concentrator_trafo_3_22,prosumer29,cfp,100,1.882091,0
1789091772.046393,41,ciclo1_AC_AP,concentrator_trafo_3_22,prosumer30,cfp,100,0.531875,0
1789091772.046495,41,ciclo1_AC_AP,concentrator_trafo_3_22,prosumer31,cfp,100,0.731353,0
1789091772.046606,41,ciclo1_AC_AP,concentrator_trafo_3_22,prosumer32,cfp,100,2.958935,0
1789091772.046708,41,ciclo1_AC_AP,concentrator_trafo_3_22,prosumer33,cfp,100,1.202631,0
1789091772.047376,41,ciclo1_AC_AP,concentrator_trafo_4_34,prosumer34,cfp,100,0.293982,0
1789091772.047495,41,ciclo1_AC_AP,concentrator_trafo_4_34,prosumer35,cfp,100,1.920662,0
1789091772.047602,41,ciclo1_AC_AP,concentrator_trafo_4_34,prosumer36,cfp,100,1.936821,0
1789091772.047704,41,ciclo1_AC_AP,concentrator_trafo_4_34,prosumer37,cfp,100,0.167217,0
1789091772.047816,41,ciclo1_AC_AP,concentrator_trafo_4_34,prosumer38,cfp,100,3.098000,0
1789091772.047912,41,ciclo1_AC_AP,concentrator_trafo_4_34,prosumer39,cfp,100,4.898957,0
1789091772.048005,41,ciclo1_AC_AP,concentrator_trafo_4_34,prosumer40,cfp,100,2.743919,0
1789091772.048099,41,ciclo1_AC_AP,concentrator_trafo_4_34,prosumer41,cfp,100,2.995404,0
1789091772.048192,41,ciclo1_AC_AP,concentrator_trafo_4_34,prosumer42,cfp,100,4.614446,0
1789091772.048287,41,ciclo1_AC_AP,concentrator_trafo_4_34,prosumer43,cfp,100,2.542639,0
1789091772.048385,41,ciclo1_AC_AP,concentrator_trafo_4_34,prosumer44,cfp,100,4.138251,0
1789091772.048481,41,ciclo1_AC_AP,concentrator_trafo_4_34,prosumer45,cfp,100,6.905231,0
1789091772.048588,41,ciclo1_AC_AP,concentrator_trafo_4_34,prosumer46,cfp,100,0.532624,0
1789091772.054237,41,ciclo1_AC_AP,prosumer6,concentrator_trafo_1_5,propose,497,8.783343,0
1789091772.057425,41,ciclo1_AC_AP,prosumer14,concentrator_trafo_2_12,propose,346,7.950787,0
1789091772.060075,41,ciclo1_AC_AP,prosumer8,concentrator_trafo_1_5,propose,437,7.448875,0
1789091772.060855,41,ciclo1_AC_AP,prosumer20,concentrator_trafo_2_12,propose,500,6.374180,0
1789091772.062789,41,ciclo1_AC_AP,prosumer37,concentrator_trafo_4_34,propose,283,11.135875,0
1789091772.065602,41,ciclo1_AC_AP,prosumer34,concentrator_trafo_4_34,propose,244,5.131655,0
1789091772.067879,41,ciclo1_AC_AP,prosumer27,concentrator_trafo_3_22,propose,296,9.803950,0
1789091772.069809,41,ciclo1_AC_AP,prosumer23,concentrator_trafo_3_22,propose,413,7.215984,0
1789091772.071743,41,ciclo1_AC_AP,prosumer30,concentrator_trafo_3_22,propose,166,3.465352,0
1789091772.073673,41,ciclo1_AC_AP,prosumer31,concentrator_trafo_3_22,propose,498,6.427680,0
1789091772.075731,41,ciclo1_AC_AP,prosumer46,concentrator_trafo_4_34,propose,161,2.365198,0
1789091772.080110,41,ciclo1_AC_AP,prosumer33,concentrator_trafo_3_22,propose,305,4.241364,0
1789091772.081297,41,ciclo1_AC_AP,prosumer21,concentrator_trafo_2_12,propose,281,5.997400,0
1789091772.083644,41,ciclo1_AC_AP,prosumer7,concentrator_trafo_1_5,propose,356,8.984658,0
1789091772.084198,41,ciclo1_AC_AP,prosumer29,concentrator_trafo_3_22,propose,341,13.404650,0
1789091772.086604,41,ciclo1_AC_AP,prosumer17,concentrator_trafo_2_12,propose,217,2.933000,0
1789091772.088586,41,ciclo1_AC_AP,prosumer35,concentrator_trafo_4_34,propose,435,14.021369,0
1789091772.089108,41,ciclo1_AC_AP,prosumer10,concentrator_trafo_1_5,propose,463,6.324948,0
1789091772.091045,41,ciclo1_AC_AP,prosumer36,concentrator_trafo_4_34,propose,291,11.088833,0
1789091772.092942,41,ciclo1_AC_AP,prosumer18,concentrator_trafo_2_12,propose,423,9.950345,0
1789091772.094800,41,ciclo1_AC_AP,prosumer22,concentrator_trafo_3_22,propose,283,4.118301,0
1789091772.095386,41,ciclo1_AC_AP,prosumer43,concentrator_trafo_4_34,propose,321,5.479250,0
1789091772.097243,41,ciclo1_AC_AP,prosumer5,concentrator_trafo_1_5,propose,242,3.759820,0
1789091772.099113,41,ciclo1_AC_AP,prosumer40,concentrator_trafo_4_34,propose,283,6.450636,0
1789091772.099656,41,ciclo1_AC_AP,prosumer32,concentrator_trafo_3_22,propose,305,9.259111,0
1789091772.101597,41,ciclo1_AC_AP,prosumer11,concentrator_trafo_1_5,propose,492,6.193963,0
1789091772.102545,41,ciclo1_AC_AP,prosumer19,concentrator_trafo_2_12,propose,492,7.335148,0
1789091772.103072,41,ciclo1_AC_AP,prosumer12,concentrator_trafo_2_12,propose,465,7.762714,0
1789091772.105022,41,ciclo1_AC_AP,prosumer41,concentrator_trafo_4_34,propose,244,6.030801,0
1789091772.105529,41,ciclo1_AC_AP,prosumer38,concentrator_trafo_4_34,propose,153,2.972806,0
1789091772.107493,41,ciclo1_AC_AP,prosumer13,concentrator_trafo_2_12,propose,345,4.810332,0
1789091772.109626,41,ciclo1_AC_AP,prosumer25,concentrator_trafo_3_22,propose,249,7.830897,0
1789091772.110282,41,ciclo1_AC_AP,prosumer24,concentrator_trafo_3_22,propose,161,5.556603,0
1789091772.112218,41,ciclo1_AC_AP,prosumer9,concentrator_trafo_1_5,propose,328,5.385526,0
1789091772.115160,41,ciclo1_AC_AP,prosumer16,concentrator_trafo_2_12,propose,178,5.734514,0
1789091772.117429,41,ciclo1_AC_AP,prosumer26,concentrator_trafo_3_22,propose,276,10.121125,0
1789091772.119325,41,ciclo1_AC_AP,prosumer28,concentrator_trafo_3_22,propose,224,6.076874,0
1789091772.121269,41,ciclo1_AC_AP,prosumer44,concentrator_trafo_4_34,propose,480,15.508281,0
1789091772.123199,41,ciclo1_AC_AP,prosumer42,concentrator_trafo_4_34,propose,195,4.254124,0
1789091772.125356,41,ciclo1_AC_AP,prosumer39,concentrator_trafo_4_34,propose,273,8.921757,0
1789091772.126249,41,ciclo1_AC_AP,prosumer15,concentrator_trafo_2_12,propose,355,9.718654,0
1789091772.129753,41,ciclo1_AC_AP,prosumer45,concentrator_trafo_4_34,propose,217,7.630141,0
1789091772.284949,41,ciclo2_AD_AC,dso,concentrator_trafo_1_5,cfp,100,5.199490,0
1789091772.285505,41,ciclo2_AD_AC,dso,concentrator_trafo_2_12,cfp,100,1.321764,0
1789091772.286031,41,ciclo2_AD_AC,dso,concentrator_trafo_3_22,cfp,100,2.178220,0
1789091772.286397,41,ciclo2_AD_AC,dso,concentrator_trafo_4_34,cfp,100,4.161834,0
1789091772.307238,41,ciclo2_AD_AC,concentrator_trafo_2_12,dso,propose,1056,17.957550,0
1789091772.313394,41,ciclo2_AD_AC,concentrator_trafo_3_22,dso,propose,1348,46.712619,0
1789091772.336684,41,ciclo2_AD_AC,concentrator_trafo_4_34,dso,propose,1196,62.018937,0
1789091772.341614,41,ciclo2_AD_AC,concentrator_trafo_1_5,dso,propose,1499,49.752081,0
1789091772.967210,41,ciclo3_AM_AC_AD,market,dso,cfp,100,2.543573,0
1789091773.005947,41,ciclo3_AM_AC_AD,dso,market,propose,1199,18.787690,0
1789091773.202713,41,ciclo3_AM_AC_AD,market,concentrator_trafo_1_5,cfp,100,0.693519,0
1789091773.202948,41,ciclo3_AM_AC_AD,market,concentrator_trafo_2_12,cfp,100,1.203296,0
1789091773.203094,41,ciclo3_AM_AC_AD,market,concentrator_trafo_3_22,cfp,100,0.400988,0
1789091773.203213,41,ciclo3_AM_AC_AD,market,concentrator_trafo_4_34,cfp,100,2.288945,0
1789091773.203324,41,ciclo3_AM_AC_AD,market,dso,cfp,100,1.520026,0
1789091773.258060,41,ciclo3_AM_AC_AD,concentrator_trafo_3_22,market,propose,1237,22.226014,0
1789091773.263824,41,ciclo3_AM_AC_AD,concentrator_trafo_1_5,market,propose,1262,39.545803,0
1789091773.272773,41,ciclo3_AM_AC_AD,concentrator_trafo_2_12,market,propose,1236,40.821964,0
1789091773.277292,41,ciclo3_AM_AC_AD,dso,market,propose,1479,25.228897,0
1789091773.278795,41,ciclo3_AM_AC_AD,concentrator_trafo_4_34,market,propose,1500,50.653206,0
1789091773.861949,42,ciclo1_AC_AP,concentrator_trafo_1_5,prosumer5,cfp,100,0.362191,0
1789091773.862535,42,ciclo1_AC_AP,concentrator_trafo_1_5,prosumer6,cfp,100,0.393646,0
1789091773.863015,42,ciclo1_AC_AP,concentrator_trafo_1_5,prosumer7,cfp,100,7.942881,0
1789091773.863507,42,ciclo1_AC_AP,concentrator_trafo_1_5,prosumer8,cfp,100,0.813459,0
1789091773.863782,42,ciclo1_AC_AP,concentrator_trafo_1_5,prosumer9,cfp,100,0.739610,0
1789091773.864017,42,ciclo1_AC_AP,concentrator_trafo_1_5,prosumer10,cfp,100,3.764282,0
1789091773.864142,42,ciclo1_AC_AP,concentrator_trafo_1_5,prosumer11,cfp,100,2.645446,0
1789091773.864908,42,ciclo1_AC_AP,concentrator_trafo_2_12,prosumer12,cfp,100,1.867840,0
1789091773.865056,42,ciclo1_AC_AP,concentrator_trafo_2_12,prosumer13,cfp,100,6.644566,0
1789091773.865174,42,ciclo1_AC_AP,concentrator_trafo_2_12,prosumer14,cfp,100,0.126833,0
1789091773.865290,42,ciclo1_AC_AP,concentrator_trafo_2_12,prosumer15,cfp,100,6.444032,0
1789091773.865393,42,ciclo1_AC_AP,concentrator_trafo_2_12,prosumer16,cfp,100,1.488196,0
1789091773.865497,42,ciclo1_AC_AP,concentrator_trafo_2_12,prosumer17,cfp,100,0.971024,0
1789091773.865609,42,ciclo1_AC_AP,concentrator_trafo_2_12,prosumer18,cfp,100,0.670479,0
1789091773.865715,42,ciclo1_AC_AP,concentrator_trafo_2_12,prosumer19,cfp,100,1.100621,0
1789091773.865819,42,ciclo1_AC_AP,concentrator_trafo_2_12,prosumer20,cfp,100,3.215178,0
1789091773.865925,42,ciclo1_AC_AP,concentrator_trafo_2_12,prosumer21,cfp,100,3.784847,0
1789091773.866581,42,ciclo1_AC_AP,concentrator_trafo_3_22,prosumer22,cfp,100,3.835611,0
1789091773.866754,42,ciclo1_AC_AP,concentrator_trafo_3_22,prosumer23,cfp,100,1.845399,0
1789091773.866872,42,ciclo1_AC_AP,concentrator_trafo_3_22,prosumer24,cfp,100,3.999376,0
1789091773.866994,42,ciclo1_AC_AP,concentrator_trafo_3_22,prosumer25,cfp,100,2.494078,0
1789091773.867098,42,ciclo1_AC_AP,concentrator_trafo_3_22,prosumer26,cfp,100,5.608399,0
1789091773.867203,42,ciclo1_AC_AP,concentrator_trafo_3_22,prosumer27,cfp,100,4.175786,0
1789091773.867305,42,ciclo1_AC_AP,concentrator_trafo_3_22,prosumer28,cfp,100,2.944250,0
1789091773.867409,42,ciclo1_AC_AP,concentrator_trafo_3_22,prosumer29,cfp,100,2.745342,0
1789091773.867513,42,ciclo1_AC_AP,concentrator_trafo_3_22,prosumer30,cfp,100,3.789441,0
1789091773.867625,42,ciclo1_AC_AP,concentrator_trafo_3_22,prosumer31,cfp,100,0.215194,0
1789091773.867793,42,ciclo1_AC_AP,concentrator_trafo_3_22,prosumer32,cfp,100,2.272975,0
1789091773.867998,42,ciclo1_AC_AP,concentrator_trafo_3_22,prosumer33,cfp,100,3.709061,0
1789091773.868847,42,ciclo1_AC_AP,concentrator_trafo_4_34,prosumer34,cfp,100,3.994123,0
1789091773.869174,42,ciclo1_AC_AP,concentrator_trafo_4_34,prosumer35,cfp,100,2.689380,0
1789091773.869375,42,ciclo1_AC_AP,concentrator_trafo_4_34,prosumer36,cfp,100,4.979116,0
1789091773.869477,42,ciclo1_AC_AP,concentrator_trafo_4_34,prosumer37,cfp,100,4.268147,0
1789091773.869594,42,ciclo1_AC_AP,concentrator_trafo_4_34,prosumer38,cfp,100,8.984039,0
1789091773.869695,42,ciclo1_AC_AP,concentrator_trafo_4_34,prosumer39,cfp,100,0.909784,0
1789091773.869792,42,ciclo1_AC_AP,concentrator_trafo_4_34,prosumer40,cfp,100,3.526919,0
1789091773.869887,42,ciclo1_AC_AP,concentrator_trafo_4_34,prosumer41,cfp,100,0.911693,0
1789091773.869985,42,ciclo1_AC_AP,concentrator_trafo_4_34,prosumer42,cfp,100,1.975456,0
1789091773.870082,42,ciclo1_AC_AP,concentrator_trafo_4_34,prosumer43,cfp,100,0.202527,0
1789091773.870178,42,ciclo1_AC_AP,concentrator_trafo_4_34,prosumer44,cfp,100,5.948336,0
1789091773.870273,42,ciclo1_AC_AP,concentrator_trafo_4_34,prosumer45,cfp,100,5.240592,0
1789091773.870368,42,ciclo1_AC_AP,concentrator_trafo_4_34,prosumer46,cfp,100,1.200458,0
1789091773.876289,42,ciclo1_AC_AP,prosumer5,concentrator_trafo_1_5,propose,389,9.524855,0
1789091773.877422,42,ciclo1_AC_AP,prosumer14,concentrator_trafo_2_12,propose,416,7.075037,0
1789091773.880476,42,ciclo1_AC_AP,prosumer6,concentrator_trafo_1_5,propose,212,4.761217,0
1789091773.882836,42,ciclo1_AC_AP,prosumer31,concentrator_trafo_3_22,propose,445,8.691709,0
1789091773.885518,42,ciclo1_AC_AP,prosumer9,concentrator_trafo_1_5,propose,304,5.535506,0
1789091773.886702,42,ciclo1_AC_AP,prosumer8,concentrator_trafo_1_5,propose,357,5.710670,0
1789091773.887446,42,ciclo1_AC_AP,prosumer43,concentrator_trafo_4_34,propose,259,4.230599,0
1789091773.888211,42,ciclo1_AC_AP,prosumer18,concentrator_trafo_2_12,propose,349,6.870352,0
1789091773.890105,42,ciclo1_AC_AP,prosumer17,concentrator_trafo_2_12,propose,219,3.999767,0
1789091773.892008,42,ciclo1_AC_AP,prosumer19,concentrator_trafo_2_12,propose,261,6.184871,0
1789091773.892572,42,ciclo1_AC_AP,prosumer39,concentrator_trafo_4_34,propose,365,13.373468,0
1789091773.894482,42,ciclo1_AC_AP,prosumer41,concentrator_trafo_4_34,propose,450,9.513911,0
1789091773.896380,42,ciclo1_AC_AP,prosumer16,concentrator_trafo_2_12,propose,100,1.574488,0
1789091773.898426,42,ciclo1_AC_AP,prosumer46,concentrator_trafo_4_34,propose,147,2.029628,0
1789091773.900831,42,ciclo1_AC_AP,prosumer12,concentrator_trafo_2_12,propose,341,5.211663,0
1789091773.901391,42,ciclo1_AC_AP,prosumer23,concentrator_trafo_3_22,propose,262,6.411313,0
1789091773.903132,42,ciclo1_AC_AP,prosumer42,concentrator_trafo_4_34,propose,301,13.813710,0
1789091773.905139,42,ciclo1_AC_AP,prosumer32,concentrator_trafo_3_22,propose,216,5.126988,0
1789091773.907097,42,ciclo1_AC_AP,prosumer11,concentrator_trafo_1_5,propose,320,4.235322,0
1789091773.909242,42,ciclo1_AC_AP,prosumer25,concentrator_trafo_3_22,propose,124,4.319736,0
1789091773.911258,42,ciclo1_AC_AP,prosumer29,concentrator_trafo_3_22,propose,394,16.527569,0
1789091773.911792,42,ciclo1_AC_AP,prosumer35,concentrator_trafo_4_34,propose,494,15.871103,0
1789091773.913687,42,ciclo1_AC_AP,prosumer28,concentrator_trafo_3_22,propose,120,1.864264,0
1789091773.915766,42,ciclo1_AC_AP,prosumer20,concentrator_trafo_2_12,propose,308,4.660928,0
1789091773.918355,42,ciclo1_AC_AP,prosumer10,concentrator_trafo_1_5,propose,147,5.589983,0
1789091773.920178,42,ciclo1_AC_AP,prosumer21,concentrator_trafo_2_12,propose,234,5.308568,0
1789091773.920723,42,ciclo1_AC_AP,prosumer22,concentrator_trafo_3_22,propose,202,2.252912,0
1789091773.922848,42,ciclo1_AC_AP,prosumer40,concentrator_trafo_4_34,propose,471,6.827841,0
1789091773.924951,42,ciclo1_AC_AP,prosumer33,concentrator_trafo_3_22,propose,267,5.409555,0
1789091773.926988,42,ciclo1_AC_AP,prosumer30,concentrator_trafo_3_22,propose,191,2.863537,0
1789091773.927703,42,ciclo1_AC_AP,prosumer24,concentrator_trafo_3_22,propose,157,3.511128,0
1789091773.928291,42,ciclo1_AC_AP,prosumer34,concentrator_trafo_4_34,propose,192,4.910431,0
1789091773.930222,42,ciclo1_AC_AP,prosumer27,concentrator_trafo_3_22,propose,457,15.865788,0
1789091773.932344,42,ciclo1_AC_AP,prosumer37,concentrator_trafo_4_34,propose,286,13.529111,0
1789091773.935699,42,ciclo1_AC_AP,prosumer36,concentrator_trafo_4_34,propose,114,4.101486,0
1789091773.937836,42,ciclo1_AC_AP,prosumer45,concentrator_trafo_4_34,propose,219,9.612686,0
1789091773.939812,42,ciclo1_AC_AP,prosumer26,concentrator_trafo_3_22,propose,122,4.621847,0
1789091773.940599,42,ciclo1_AC_AP,prosumer44,concentrator_trafo_4_34,propose,104,2.267694,0
1789091773.942590,42,ciclo1_AC_AP,prosumer15,concentrator_trafo_2_12,propose,295,9.167577,0
1789091773.943548,42,ciclo1_AC_AP,prosumer13,concentrator_trafo_2_12,propose,373,10.147172,0
1789091773.946557,42,ciclo1_AC_AP,prosumer7,concentrator_trafo_1_5,propose,102,3.724205,0
1789091773.962091,42,ciclo1_AC_AP,prosumer38,concentrator_trafo_4_34,propose,166,2.702351,0
1789091774.096361,42,ciclo2_AD_AC,dso,concentrator_trafo_1_5,cfp,100,3.641899,0
1789091774.096727,42,ciclo2_AD_AC,dso,concentrator_trafo_2_12,cfp,100,2.899155,0
1789091774.096941,42,ciclo2_AD_AC,dso,concentrator_trafo_3_22,cfp,100,2.877570,0
1789091774.097076,42,ciclo2_AD_AC,dso,concentrator_trafo_4_34,cfp,100,3.488821,0
1789091774.134083,42,ciclo2_AD_AC,concentrator_trafo_3_22,dso,propose,1059,36.418707,0
1789091774.138283,42,ciclo2_AD_AC,concentrator_trafo_2_12,dso,propose,1420,23.200481,0
1789091774.144016,42,ciclo2_AD_AC,concentrator_trafo_4_34,dso,propose,1309,61.396698,0
1789091774.145221,42,ciclo2_AD_AC,concentrator_trafo_1_5,dso,propose,1310,43.349654,0
1789091774.768189,42,ciclo3_AM_AC_AD,market,dso,cfp,100,2.916420,0
1789091774.810040,42,ciclo3_AM_AC_AD,dso,market,propose,1478,24.971111,0
1789091775.068697,42,ciclo3_AM_AC_AD,market,concentrator_trafo_1_5,cfp,100,3.545186,0
1789091775.068974,42,ciclo3_AM_AC_AD,market,concentrator_trafo_2_12,cfp,100,7.071755,0
1789091775.069155,42,ciclo3_AM_AC_AD,market,concentrator_trafo_3_22,cfp,100,1.355714,0
1789091775.069288,42,ciclo3_AM_AC_AD,market,concentrator_trafo_4_34,cfp,100,3.821176,0
1789091775.069348,42,ciclo3_AM_AC_AD,market,dso,cfp,100,1.324370,0
1789091775.104853,42,ciclo3_AM_AC_AD,concentrator_trafo_3_22,market,propose,1467,25.391260,0
1789091775.115284,42,ciclo3_AM_AC_AD,dso,market,propose,1102,20.082671,0
1789091775.116266,42,ciclo3_AM_AC_AD,concentrator_trafo_1_5,market,propose,1041,33.602547,0
1789091775.121648,42,ciclo3_AM_AC_AD,concentrator_trafo_4_34,market,propose,1379,49.911456,0
1789091775.165185,42,ciclo3_AM_AC_AD,concentrator_trafo_2_12,market,propose,1238,41.458346,0
1789091775.698952,43,ciclo1_AC_AP,concentrator_trafo_1_5,prosumer5,cfp,100,0.736806,0
1789091775.699562,43,ciclo1_AC_AP,concentrator_trafo_1_5,prosumer6,cfp,100,2.256550,0
1789091775.700203,43,ciclo1_AC_AP,concentrator_trafo_1_5,prosumer7,cfp,100,1.215218,0
1789091775.700491,43,ciclo1_AC_AP,concentrator_trafo_1_5,prosumer8,cfp,100,2.212796,0
1789091775.700767,43,ciclo1_AC_AP,concentrator_trafo_1_5,prosumer9,cfp,100,4.226719,0
1789091775.700930,43,ciclo1_AC_AP,concentrator_trafo_1_5,prosumer10,cfp,100,0.885683,0
1789091775.701073,43,ciclo1_AC_AP,concentrator_trafo_1_5,prosumer11,cfp,100,1.988140,0
1789091775.701922,43,ciclo1_AC_AP,concentrator_trafo_2_12,prosumer12,cfp,100,1.361601,0
1789091775.702106,43,ciclo1_AC_AP,concentrator_trafo_2_12,prosumer13,cfp,100,2.593675,0
1789091775.702246,43,ciclo1_AC_AP,concentrator_trafo_2_12,prosumer14,cfp,100,0.661459,0
1789091775.702372,43,ciclo1_AC_AP,concentrator_trafo_2_12,prosumer15,cfp,100,5.354373,0
1789091775.702489,43,ciclo1_AC_AP,concentrator_trafo_2_12,prosumer16,cfp,100,3.093745,0
1789091775.702618,43,ciclo1_AC_AP,concentrator_trafo_2_12,prosumer17,cfp,100,0.544450,0
1789091775.702736,43,ciclo1_AC_AP,concentrator_trafo_2_12,prosumer18,cfp,100,0.910074,0
1789091775.702849,43,ciclo1_AC_AP,concentrator_trafo_2_12,prosumer19,cfp,100,3.818385,0
1789091775.702960,43,ciclo1_AC_AP,concentrator_trafo_2_12,prosumer20,cfp,100,3.479004,0
1789091775.703069,43,ciclo1_AC_AP,concentrator_trafo_2_12,prosumer21,cfp,100,0.547454,0
1789091775.703833,43,ciclo1_AC_AP,concentrator_trafo_3_22,prosumer22,cfp,100,2.067860,0
1789091775.704015,43,ciclo1_AC_AP,concentrator_trafo_3_22,prosumer23,cfp,100,0.107665,0
1789091775.704156,43,ciclo1_AC_AP,concentrator_trafo_3_22,prosumer24,cfp,100,4.011580,0
1789091775.704282,43,ciclo1_AC_AP,concentrator_trafo_3_22,prosumer25,cfp,100,5.727908,0
1789091775.704399,43,ciclo1_AC_AP,concentrator_trafo_3_22,prosumer26,cfp,100,4.990562,0
1789091775.704517,43,ciclo1_AC_AP,concentrator_trafo_3_22,prosumer27,cfp,100,1.165136,0
1789091775.704654,43,ciclo1_AC_AP,concentrator_trafo_3_22,prosumer28,cfp,100,2.714618,0
1789091775.704768,43,ciclo1_AC_AP,concentrator_trafo_3_22,prosumer29,cfp,100,3.254688,0
1789091775.704879,43,ciclo1_AC_AP,concentrator_trafo_3_22,prosumer30,cfp,100,2.867144,0
1789091775.704988,43,ciclo1_AC_AP,concentrator_trafo_3_22,prosumer31,cfp,100,3.860555,0
1789091775.705095,43,ciclo1_AC_AP,concentrator_trafo_3_22,prosumer32,cfp,100,3.361474,0
1789091775.705203,43,ciclo1_AC_AP,concentrator_trafo_3_22,prosumer33,cfp,100,2.153831,0
1789091775.705919,43,ciclo1_AC_AP,concentrator_trafo_4_34,prosumer34,cfp,100,1.294581,0
1789091775.706083,43,ciclo1_AC_AP,concentrator_trafo_4_34,prosumer35,cfp,100,3.305771,0
1789091775.706214,43,ciclo1_AC_AP,concentrator_trafo_4_34,prosumer36,cfp,100,2.995963,0
1789091775.706335,43,ciclo1_AC_AP,concentrator_trafo_4_34,prosumer37,cfp,100,1.284394,0
1789091775.706457,43,ciclo1_AC_AP,concentrator_trafo_4_34,prosumer38,cfp,100,3.929902,0
1789091775.706583,43,ciclo1_AC_AP,concentrator_trafo_4_34,prosumer39,cfp,100,5.835109,0
1789091775.706701,43,ciclo1_AC_AP,concentrator_trafo_4_34,prosumer40,cfp,100,0.534479,0
1789091775.706813,43,ciclo1_AC_AP,concentrator_trafo_4_34,prosumer41,cfp,100,0.789491,0
1789091775.706924,43,ciclo1_AC_AP,concentrator_trafo_4_34,prosumer42,cfp,100,6.025041,0
1789091775.707036,43,ciclo1_AC_AP,concentrator_trafo_4_34,prosumer43,cfp,100,3.123067,0
1789091775.707147,43,ciclo1_AC_AP,concentrator_trafo_4_34,prosumer44,cfp,100,4.381883,0
1789091775.707255,43,ciclo1_AC_AP,concentrator_trafo_4_34,prosumer45,cfp,100,3.378438,0
1789091775.707366,43,ciclo1_AC_AP,concentrator_trafo_4_34,prosumer46,cfp,100,2.270376,0
1789091775.712450,43,ciclo1_AC_AP,prosumer23,concentrator_trafo_3_22,propose,201,4.337033,0
1789091775.715213,43,ciclo1_AC_AP,prosumer5,concentrator_trafo_1_5,propose,100,1.162478,0
1789091775.717807,43,ciclo1_AC_AP,prosumer17,concentrator_trafo_2_12,propose,366,5.066292,0
1789091775.720609,43,ciclo1_AC_AP,prosumer21,concentrator_trafo_2_12,propose,418,7.334931,0
1789091775.722828,43,ciclo1_AC_AP,prosumer14,concentrator_trafo_2_12,propose,312,7.821077,0
1789091775.724746,43,ciclo1_AC_AP,prosumer10,concentrator_trafo_1_5,propose,134,5.814229,0
1789091775.726622,43,ciclo1_AC_AP,prosumer18,concentrator_trafo_2_12,propose,374,6.867650,0
1789091775.728525,43,ciclo1_AC_AP,prosumer40,concentrator_trafo_4_34,propose,190,3.617913,0
1789091775.729047,43,ciclo1_AC_AP,prosumer7,concentrator_trafo_1_5,propose,219,3.450686,0
1789091775.729572,43,ciclo1_AC_AP,prosumer41,concentrator_trafo_4_34,propose,216,4.497637,0
1789091775.731729,43,ciclo1_AC_AP,prosumer12,concentrator_trafo_2_12,propose,312,6.342150,0
1789091775.732669,43,ciclo1_AC_AP,prosumer27,concentrator_trafo_3_22,propose,295,11.357467,0
1789091775.734207,43,ciclo1_AC_AP,prosumer34,concentrator_trafo_4_34,propose,343,4.701445,0
1789091775.736550,43,ciclo1_AC_AP,prosumer37,concentrator_trafo_4_34,propose,100,3.946657,0
1789091775.738704,43,ciclo1_AC_AP,prosumer11,concentrator_trafo_1_5,propose,323,7.924348,0
1789091775.740619,43,ciclo1_AC_AP,prosumer6,concentrator_trafo_1_5,propose,207,2.878163,0
1789091775.742546,43,ciclo1_AC_AP,prosumer8,concentrator_trafo_1_5,propose,295,4.204365,0
1789091775.744447,43,ciclo1_AC_AP,prosumer22,concentrator_trafo_3_22,propose,491,7.938990,0
1789091775.746309,43,ciclo1_AC_AP,prosumer33,concentrator_trafo_3_22,propose,121,3.883032,0
1789091775.748439,43,ciclo1_AC_AP,prosumer13,concentrator_trafo_2_12,propose,415,17.333508,0
1789091775.751349,43,ciclo1_AC_AP,prosumer46,concentrator_trafo_4_34,propose,237,5.943025,0
1789091775.753265,43,ciclo1_AC_AP,prosumer28,concentrator_trafo_3_22,propose,114,6.347584,0
1789091775.756467,43,ciclo1_AC_AP,prosumer16,concentrator_trafo_2_12,propose,398,9.425844,0
1789091775.758320,43,ciclo1_AC_AP,prosumer30,concentrator_trafo_3_22,propose,277,4.724639,0
1789091775.760652,43,ciclo1_AC_AP,prosumer36,concentrator_trafo_4_34,propose,460,18.868371,0
1789091775.762778,43,ciclo1_AC_AP,prosumer29,concentrator_trafo_3_22,propose,288,12.522888,0
1789091775.763280,43,ciclo1_AC_AP,prosumer20,concentrator_trafo_2_12,propose,272,5.307972,0
1789091775.765115,43,ciclo1_AC_AP,prosumer43,concentrator_trafo_4_34,propose,446,7.565036,0
1789091775.766952,43,ciclo1_AC_AP,prosumer32,concentrator_trafo_3_22,propose,332,10.754014,0
1789091775.768747,43,ciclo1_AC_AP,prosumer35,concentrator_trafo_4_34,propose,428,16.732723,0
1789091775.770647,43,ciclo1_AC_AP,prosumer19,concentrator_trafo_2_12,propose,168,3.746696,0
1789091775.772633,43,ciclo1_AC_AP,prosumer45,concentrator_trafo_4_34,propose,405,16.322387,0
1789091775.774559,43,ciclo1_AC_AP,prosumer9,concentrator_trafo_1_5,propose,364,5.185485,0
1789091775.776465,43,ciclo1_AC_AP,prosumer31,concentrator_trafo_3_22,propose,147,5.441873,0
1789091775.777013,43,ciclo1_AC_AP,prosumer24,concentrator_trafo_3_22,propose,228,5.328471,0
1789091775.777514,43,ciclo1_AC_AP,prosumer38,concentrator_trafo_4_34,propose,152,5.230644,0
1789091775.779868,43,ciclo1_AC_AP,prosumer44,concentrator_trafo_4_34,propose,465,15.912177,0
1789091775.781997,43,ciclo1_AC_AP,prosumer26,concentrator_trafo_3_22,propose,152,5.961823,0
1789091775.783425,43,ciclo1_AC_AP,prosumer15,concentrator_trafo_2_12,propose,239,9.487217,0
1789091775.785758,43,ciclo1_AC_AP,prosumer25,concentrator_trafo_3_22,propose,112,7.359925,0
1789091775.788192,43,ciclo1_AC_AP,prosumer39,concentrator_trafo_4_34,propose,454,18.518450,0
1789091775.790122,43,ciclo1_AC_AP,prosumer42,concentrator_trafo_4_34,propose,172,10.384749,0
1789091775.982127,43,ciclo2_AD_AC,dso,concentrator_trafo_1_5,cfp,100,2.878812,0
1789091775.982748,43,ciclo2_AD_AC,dso,concentrator_trafo_2_12,cfp,100,0.199706,0
1789091775.983444,43,ciclo2_AD_AC,dso,concentrator_trafo_3_22,cfp,100,5.580556,0
1789091775.984175,43,ciclo2_AD_AC,dso,concentrator_trafo_4_34,cfp,100,2.889983,0
1789091775.990412,43,ciclo2_AD_AC,concentrator_trafo_2_12,dso,propose,1317,22.975888,0
1789091776.015445,43,ciclo2_AD_AC,concentrator_trafo_1_5,dso,propose,1395,46.796492,0
1789091776.018411,43,ciclo2_AD_AC,concentrator_trafo_4_34,dso,propose,1337,68.793846,0
1789091776.045050,43,ciclo2_AD_AC,concentrator_trafo_3_22,dso,propose,1069,39.517355,0
1789091776.716305,43,ciclo3_AM_AC_AD,market,dso,cfp,100,0.930094,0
1789091776.738633,43,ciclo3_AM_AC_AD,dso,market,propose,1194,18.653212,0
1789091776.936236,43,ciclo3_AM_AC_AD,market,concentrator_trafo_1_5,cfp,100,3.465215,0
1789091776.937262,43,ciclo3_AM_AC_AD,market,concentrator_trafo_2_12,cfp,100,4.971720,0
1789091776.938025,43,ciclo3_AM_AC_AD,market,concentrator_trafo_3_22,cfp,100,1.030885,0
1789091776.938564,43,ciclo3_AM_AC_AD,market,concentrator_trafo_4_34,cfp,100,4.115229,0
1789091776.939082,43,ciclo3_AM_AC_AD,market,dso,cfp,100,3.158592,0
1789091776.975745,43,ciclo3_AM_AC_AD,concentrator_trafo_3_22,market,propose,1106,16.429136,0
1789091777.013230,43,ciclo3_AM_AC_AD,concentrator_trafo_1_5,market,propose,1293,42.852864,0
1789091777.017618,43,ciclo3_AM_AC_AD,dso,market,propose,1499,25.339147,0
1789091777.020212,43,ciclo3_AM_AC_AD,concentrator_trafo_2_12,market,propose,1337,45.943233,0
1789091777.022113,43,ciclo3_AM_AC_AD,concentrator_trafo_4_34,market,propose,1163,45.984908,0
1789091777.553656,44,ciclo1_AC_AP,concentrator_trafo_1_5,prosumer5,cfp,100,1.721269,0
1789091777.553847,44,ciclo1_AC_AP,concentrator_trafo_1_5,prosumer6,cfp,100,2.160024,0
1789091777.554229,44,ciclo1_AC_AP,concentrator_trafo_1_5,prosumer7,cfp,100,3.773290,0
1789091777.554619,44,ciclo1_AC_AP,concentrator_trafo_1_5,prosumer8,cfp,100,0.194969,0
1789091777.554868,44,ciclo1_AC_AP,concentrator_trafo_1_5,prosumer9,cfp,100,1.561770,0
1789091777.555068,44,ciclo1_AC_AP,concentrator_trafo_1_5,prosumer10,cfp,100,3.260081,0
1789091777.555248,44,ciclo1_AC_AP,concentrator_trafo_1_5,prosumer11,cfp,100,3.713848,0
1789091777.556321,44,ciclo1_AC_AP,concentrator_trafo_2_12,prosumer12,cfp,100,2.076010,0
1789091777.556528,44,ciclo1_AC_AP,concentrator_trafo_2_12,prosumer13,cfp,100,1.256204,0
1789091777.556782,44,ciclo1_AC_AP,concentrator_trafo_2_12,prosumer14,cfp,100,3.549183,0
1789091777.556940,44,ciclo1_AC_AP,concentrator_trafo_2_12,prosumer15,cfp,100,3.665828,0
1789091777.557074,44,ciclo1_AC_AP,concentrator_trafo_2_12,prosumer16,cfp,100,2.457874,0
1789091777.557202,44,ciclo1_AC_AP,concentrator_trafo_2_12,prosumer17,cfp,100,0.554271,0
1789091777.557331,44,ciclo1_AC_AP,concentrator_trafo_2_12,prosumer18,cfp,100,3.460126,0
1789091777.557456,44,ciclo1_AC_AP,concentrator_trafo_2_12,prosumer19,cfp,100,0.497279,0
1789091777.557588,44,ciclo1_AC_AP,concentrator_trafo_2_12,prosumer20,cfp,100,1.600221,0
1789091777.557718,44,ciclo1_AC_AP,concentrator_trafo_2_12,prosumer21,cfp,100,1.602748,0
1789091777.558454,44,ciclo1_AC_AP,concentrator_trafo_3_22,prosumer22,cfp,100,3.175979,0
1789091777.558623,44,ciclo1_AC_AP,concentrator_trafo_3_22,prosumer23,cfp,100,0.497215,0
1789091777.558763,44,ciclo1_AC_AP,concentrator_trafo_3_22,prosumer24,cfp,100,0.708582,0
1789091777.558900,44,ciclo1_AC_AP,concentrator_trafo_3_22,prosumer25,cfp,100,6.287661,0
1789091777.559030,44,ciclo1_AC_AP,concentrator_trafo_3_22,prosumer26,cfp,100,2.784944,0
1789091777.559157,44,ciclo1_AC_AP,concentrator_trafo_3_22,prosumer27,cfp,100,5.364797,0
1789091777.559285,44,ciclo1_AC_AP,concentrator_trafo_3_22,prosumer28,cfp,100,3.425151,0
1789091777.559412,44,ciclo1_AC_AP,concentrator_trafo_3_22,prosumer29,cfp,100,6.142112,0
1789091777.559537,44,ciclo1_AC_AP,concentrator_trafo_3_22,prosumer30,cfp,100,1.526808,0
1789091777.559681,44,ciclo1_AC_AP,concentrator_trafo_3_22,prosumer31,cfp,100,3.023157,0
1789091777.559804,44,ciclo1_AC_AP,concentrator_trafo_3_22,prosumer32,cfp,100,5.387206,0
1789091777.559922,44,ciclo1_AC_AP,concentrator_trafo_3_22,prosumer33,cfp,100,0.934714,0
1789091777.560581,44,ciclo1_AC_AP,concentrator_trafo_4_34,prosumer34,cfp,100,0.277753,0
1789091777.560743,44,ciclo1_AC_AP,concentrator_trafo_4_34,prosumer35,cfp,100,2.385284,0
1789091777.560875,44,ciclo1_AC_AP,concentrator_trafo_4_34,prosumer36,cfp,100,1.641837,0
1789091777.561001,44,ciclo1_AC_AP,concentrator_trafo_4_34,prosumer37,cfp,100,1.506122,0
1789091777.561125,44,ciclo1_AC_AP,concentrator_trafo_4_34,prosumer38,cfp,100,2.310521,0
1789091777.561245,44,ciclo1_AC_AP,concentrator_trafo_4_34,prosumer39,cfp,100,2.845243,0
1789091777.561365,44,ciclo1_AC_AP,concentrator_trafo_4_34,prosumer40,cfp,100,0.549028,0
1789091777.561485,44,ciclo1_AC_AP,concentrator_trafo_4_34,prosumer41,cfp,100,2.748189,0
1789091777.561656,44,ciclo1_AC_AP,concentrator_trafo_4_34,prosumer42,cfp,100,7.258730,0
1789091777.561792,44,ciclo1_AC_AP,concentrator_trafo_4_34,prosumer43,cfp,100,3.973905,0
1789091777.561918,44,ciclo1_AC_AP,concentrator_trafo_4_34,prosumer44,cfp,100,1.331211,0
1789091777.562038,44,ciclo1_AC_AP,concentrator_trafo_4_34,prosumer45,cfp,100,4.337175,0
1789091777.562175,44,ciclo1_AC_AP,concentrator_trafo_4_34,prosumer46,cfp,100,0.254429,0
1789091777.567825,44,ciclo1_AC_AP,prosumer8,concentrator_trafo_1_5,propose,203,5.222197,0
1789091777.572766,44,ciclo1_AC_AP,prosumer19,concentrator_trafo_2_12,propose,315,6.002438,0
1789091777.574742,44,ciclo1_AC_AP,prosumer17,concentrator_trafo_2_12,propose,360,4.325447,0
1789091777.577312,44,ciclo1_AC_AP,prosumer34,concentrator_trafo_4_34,propose,356,4.748342,0
1789091777.581091,44,ciclo1_AC_AP,prosumer23,concentrator_trafo_3_22,propose,161,5.079747,0
1789091777.584674,44,ciclo1_AC_AP,prosumer46,concentrator_trafo_4_34,propose,386,6.516697,0
1789091777.587749,44,ciclo1_AC_AP,prosumer24,concentrator_trafo_3_22,propose,154,5.240547,0
1789091777.590378,44,ciclo1_AC_AP,prosumer40,concentrator_trafo_4_34,propose,454,8.139091,0
1789091777.594433,44,ciclo1_AC_AP,prosumer13,concentrator_trafo_2_12,propose,343,7.789917,0
1789091777.596861,44,ciclo1_AC_AP,prosumer33,concentrator_trafo_3_22,propose,163,5.722066,0
1789091777.598982,44,ciclo1_AC_AP,prosumer9,concentrator_trafo_1_5,propose,360,9.996602,0
1789091777.599616,44,ciclo1_AC_AP,prosumer5,concentrator_trafo_1_5,propose,329,6.129229,0
1789091777.600227,44,ciclo1_AC_AP,prosumer20,concentrator_trafo_2_12,propose,340,5.994658,0
1789091777.602763,44,ciclo1_AC_AP,prosumer21,concentrator_trafo_2_12,propose,191,4.200083,0
1789091777.608653,44,ciclo1_AC_AP,prosumer30,concentrator_trafo_3_22,propose,332,7.527045,0
1789091777.610364,44,ciclo1_AC_AP,prosumer44,concentrator_trafo_4_34,propose,380,13.810071,0
1789091777.611256,44,ciclo1_AC_AP,prosumer6,concentrator_trafo_1_5,propose,273,4.801323,0
1789091777.614771,44,ciclo1_AC_AP,prosumer37,concentrator_trafo_4_34,propose,165,6.512700,0
1789091777.618707,44,ciclo1_AC_AP,prosumer12,concentrator_trafo_2_12,propose,313,5.661141,0
1789091777.620893,44,ciclo1_AC_AP,prosumer36,concentrator_trafo_4_34,propose,230,7.604598,0
1789091777.622825,44,ciclo1_AC_AP,prosumer16,concentrator_trafo_2_12,propose,293,6.005340,0
1789091777.624748,44,ciclo1_AC_AP,prosumer38,concentrator_trafo_4_34,propose,140,3.707701,0
1789091777.626713,44,ciclo1_AC_AP,prosumer35,concentrator_trafo_4_34,propose,389,14.982408,0
1789091777.628659,44,ciclo1_AC_AP,prosumer26,concentrator_trafo_3_22,propose,358,13.289630,0
1789091777.629275,44,ciclo1_AC_AP,prosumer10,concentrator_trafo_1_5,propose,271,7.797815,0
1789091777.631186,44,ciclo1_AC_AP,prosumer41,concentrator_trafo_4_34,propose,219,4.239543,0
1789091777.633047,44,ciclo1_AC_AP,prosumer39,concentrator_trafo_4_34,propose,332,13.682554,0
1789091777.634847,44,ciclo1_AC_AP,prosumer31,concentrator_trafo_3_22,propose,227,3.377253,0
1789091777.636674,44,ciclo1_AC_AP,prosumer22,concentrator_trafo_3_22,propose,279,4.306234,0
1789091777.638091,44,ciclo1_AC_AP,prosumer18,concentrator_trafo_2_12,propose,346,4.962589,0
1789091777.639979,44,ciclo1_AC_AP,prosumer7,concentrator_trafo_1_5,propose,496,9.240433,0
1789091777.641826,44,ciclo1_AC_AP,prosumer14,concentrator_trafo_2_12,propose,310,5.088962,0
1789091777.643679,44,ciclo1_AC_AP,prosumer11,concentrator_trafo_1_5,propose,112,3.873100,0
1789091777.645613,44,ciclo1_AC_AP,prosumer28,concentrator_trafo_3_22,propose,328,15.755004,0
1789091777.647807,44,ciclo1_AC_AP,prosumer15,concentrator_trafo_2_12,propose,470,15.085615,0
1789091777.649786,44,ciclo1_AC_AP,prosumer43,concentrator_trafo_4_34,propose,103,2.890756,0
1789091777.652376,44,ciclo1_AC_AP,prosumer45,concentrator_trafo_4_34,propose,382,18.028506,0
1789091777.654568,44,ciclo1_AC_AP,prosumer27,concentrator_trafo_3_22,propose,307,14.136368,0
1789091777.656465,44,ciclo1_AC_AP,prosumer32,concentrator_trafo_3_22,propose,491,12.442093,0
1789091777.657773,44,ciclo1_AC_AP,prosumer29,concentrator_trafo_3_22,propose,496,17.852344,0
1789091777.659648,44,ciclo1_AC_AP,prosumer25,concentrator_trafo_3_22,propose,328,13.357628,0
1789091777.662156,44,ciclo1_AC_AP,prosumer42,concentrator_trafo_4_34,propose,214,7.628350,0
1789091777.842934,44,ciclo2_AD_AC,dso,concentrator_trafo_1_5,cfp,100,5.176123,0
1789091777.843461,44,ciclo2_AD_AC,dso,concentrator_trafo_2_12,cfp,100,3.522532,0
1789091777.843793,44,ciclo2_AD_AC,dso,concentrator_trafo_3_22,cfp,100,2.660191,0
1789091777.844095,44,ciclo2_AD_AC,dso,concentrator_trafo_4_34,cfp,100,7.651437,0
1789091777.878764,44,ciclo2_AD_AC,concentrator_trafo_3_22,dso,propose,1219,42.674495,0
1789091777.883772,44,ciclo2_AD_AC,concentrator_trafo_2_12,dso,propose,1123,19.507272,0
1789091777.897180,44,ciclo2_AD_AC,concentrator_trafo_1_5,dso,propose,1129,36.877331,0
1789091777.929528,44,ciclo2_AD_AC,concentrator_trafo_4_34,dso,propose,1244,64.685648,0
1789091778.585752,44,ciclo3_AM_AC_AD,market,dso,cfp,100,0.496895,0
1789091778.600578,44,ciclo3_AM_AC_AD,dso,market,propose,1243,19.572162,0
1789091778.809557,44,ciclo3_AM_AC_AD,market,concentrator_trafo_1_5,cfp,100,4.508590,0
1789091778.810001,44,ciclo3_AM_AC_AD,market,concentrator_trafo_2_12,cfp,100,5.603003,0
1789091778.810246,44,ciclo3_AM_AC_AD,market,concentrator_trafo_3_22,cfp,100,3.119997,0
1789091778.810448,44,ciclo3_AM_AC_AD,market,concentrator_trafo_4_34,cfp,100,4.131246,0
1789091778.810974,44,ciclo3_AM_AC_AD,market,dso,cfp,100,2.838284,0
1789091778.901706,44,ciclo3_AM_AC_AD,concentrator_trafo_3_22,market,propose,1072,19.554822,0
1789091778.903664,44,ciclo3_AM_AC_AD,dso,market,propose,1116,16.530372,0
1789091778.906847,44,ciclo3_AM_AC_AD,concentrator_trafo_1_5,market,propose,1225,41.989077,0
1789091778.907473,44,ciclo3_AM_AC_AD,concentrator_trafo_4_34,market,propose,1145,44.724614,0
1789091778.907995,44,ciclo3_AM_AC_AD,concentrator_trafo_2_12,market,propose,1184,40.587640,0
1789091779.428814,45,ciclo1_AC_AP,concentrator_trafo_1_5,prosumer5,cfp,100,2.556819,0
1789091779.429096,45,ciclo1_AC_AP,concentrator_trafo_1_5,prosumer6,cfp,100,0.688842,0
1789091779.429278,45,ciclo1_AC_AP,concentrator_trafo_1_5,prosumer7,cfp,100,3.963194,0
1789091779.429420,45,ciclo1_AC_AP,concentrator_trafo_1_5,prosumer8,cfp,100,0.901531,0
1789091779.429568,45,ciclo1_AC_AP,concentrator_trafo_1_5,prosumer9,cfp,100,3.951954,0
1789091779.429718,45,ciclo1_AC_AP,concentrator_trafo_1_5,prosumer10,cfp,100,1.804422,0
1789091779.429847,45,ciclo1_AC_AP,concentrator_trafo_1_5,prosumer11,cfp,100,0.642286,0
1789091779.430666,45,ciclo1_AC_AP,concentrator_trafo_2_12,prosumer12,cfp,100,1.633681,0
1789091779.430827,45,ciclo1_AC_AP,concentrator_trafo_2_12,prosumer13,cfp,100,3.197983,0
1789091779.430953,45,ciclo1_AC_AP,concentrator_trafo_2_12,prosumer14,cfp,100,3.756477,0
1789091779.431073,45,ciclo1_AC_AP,concentrator_trafo_2_12,prosumer15,cfp,100,4.083389,0
1789091779.431186,45,ciclo1_AC_AP,concentrator_trafo_2_12,prosumer16,cfp,100,2.628087,0
1789091779.431301,45,ciclo1_AC_AP,concentrator_trafo_2_12,prosumer17,cfp,100,0.349602,0
1789091779.431418,45,ciclo1_AC_AP,concentrator_trafo_2_12,prosumer18,cfp,100,0.235814,0
1789091779.431522,45,ciclo1_AC_AP,concentrator_trafo_2_12,prosumer19,cfp,100,1.354360,0
1789091779.431644,45,ciclo1_AC_AP,concentrator_trafo_2_12,prosumer20,cfp,100,2.278703,0
1789091779.431751,45,ciclo1_AC_AP,concentrator_trafo_2_12,prosumer21,cfp,100,2.547362,0
1789091779.432462,45,ciclo1_AC_AP,concentrator_trafo_3_22,prosumer22,cfp,100,3.258001,0
1789091779.432609,45,ciclo1_AC_AP,concentrator_trafo_3_22,prosumer23,cfp,100,3.930563,0
1789091779.432719,45,ciclo1_AC_AP,concentrator_trafo_3_22,prosumer24,cfp,100,2.502389,0
1789091779.432828,45,ciclo1_AC_AP,concentrator_trafo_3_22,prosumer25,cfp,100,5.056212,0
1789091779.432927,45,ciclo1_AC_AP,concentrator_trafo_3_22,prosumer26,cfp,100,7.669415,0
1789091779.433025,45,ciclo1_AC_AP,concentrator_trafo_3_22,prosumer27,cfp,100,0.455045,0
1789091779.433124,45,ciclo1_AC_AP,concentrator_trafo_3_22,prosumer28,cfp,100,5.256311,0
1789091779.433221,45,ciclo1_AC_AP,concentrator_trafo_3_22,prosumer29,cfp,100,3.458594,0
1789091779.433317,45,ciclo1_AC_AP,concentrator_trafo_3_22,prosumer30,cfp,100,3.119960,0
1789091779.433412,45,ciclo1_AC_AP,concentrator_trafo_3_22,prosumer31,cfp,100,3.503888,0
1789091779.433508,45,ciclo1_AC_AP,concentrator_trafo_3_22,prosumer32,cfp,100,5.727757,0
1789091779.433642,45,ciclo1_AC_AP,concentrator_trafo_3_22,prosumer33,cfp,100,0.283251,0
1789091779.434317,45,ciclo1_AC_AP,concentrator_trafo_4_34,prosumer34,cfp,100,1.001606,0
1789091779.434447,45,ciclo1_AC_AP,concentrator_trafo_4_34,prosumer35,cfp,100,1.895547,0
1789091779.434570,45,ciclo1_AC_AP,concentrator_trafo_4_34,prosumer36,cfp,100,7.556340,0
1789091779.434673,45,ciclo1_AC_AP,concentrator_trafo_4_34,prosumer37,cfp,100,6.988233,0
1789091779.434767,45,ciclo1_AC_AP,concentrator_trafo_4_34,prosumer38,cfp,100,4.925338,0
1789091779.434856,45,ciclo1_AC_AP,concentrator_trafo_4_34,prosumer39,cfp,100,4.324723,0
1789091779.434945,45,ciclo1_AC_AP,concentrator_trafo_4_34,prosumer40,cfp,100,1.819190,0
1789091779.435038,45,ciclo1_AC_AP,concentrator_trafo_4_34,prosumer41,cfp,100,2.115762,0
1789091779.435129,45,ciclo1_AC_AP,concentrator_trafo_4_34,prosumer42,cfp,100,4.882418,0
1789091779.435220,45,ciclo1_AC_AP,concentrator_trafo_4_34,prosumer43,cfp,100,0.456597,0
1789091779.435311,45,ciclo1_AC_AP,concentrator_trafo_4_34,prosumer44,cfp,100,4.842822,0
1789091779.435406,45,ciclo1_AC_AP,concentrator_trafo_4_34,prosumer45,cfp,100,4.089421,0
1789091779.435493,45,ciclo1_AC_AP,concentrator_trafo_4_34,prosumer46,cfp,100,3.274901,0
1789091779.440662,45,ciclo1_AC_AP,prosumer18,concentrator_trafo_2_12,propose,434,6.075263,0
1789091779.443705,45,ciclo1_AC_AP,prosumer17,concentrator_trafo_2_12,propose,348,5.730729,0
1789091779.446421,45,ciclo1_AC_AP,prosumer6,concentrator_trafo_1_5,propose,406,6.320056,0
1789091779.448252,45,ciclo1_AC_AP,prosumer11,concentrator_trafo_1_5,propose,176,2.443429,0
1789091779.450567,45,ciclo1_AC_AP,prosumer33,concentrator_trafo_3_22,propose,367,5.199503,0
1789091779.453083,45,ciclo1_AC_AP,prosumer27,concentrator_trafo_3_22,propose,450,19.239607,0
1789091779.455043,45,ciclo1_AC_AP,prosumer8,concentrator_trafo_1_5,propose,144,2.763564,0
1789091779.455612,45,ciclo1_AC_AP,prosumer43,concentrator_trafo_4_34,propose,196,2.022887,0
1789091779.456479,45,ciclo1_AC_AP,prosumer34,concentrator_trafo_4_34,propose,253,3.878291,0
1789091779.458412,45,ciclo1_AC_AP,prosumer19,concentrator_trafo_2_12,propose,365,5.547121,0
1789091779.460357,45,ciclo1_AC_AP,prosumer12,concentrator_trafo_2_12,propose,423,8.406314,0
1789091779.460890,45,ciclo1_AC_AP,prosumer10,concentrator_trafo_1_5,propose,444,7.294699,0
1789091779.463778,45,ciclo1_AC_AP,prosumer40,concentrator_trafo_4_34,propose,162,5.837386,0
1789091779.464343,45,ciclo1_AC_AP,prosumer35,concentrator_trafo_4_34,propose,130,6.986021,0
1789091779.465164,45,ciclo1_AC_AP,prosumer5,concentrator_trafo_1_5,propose,179,6.013873,0
1789091779.467103,45,ciclo1_AC_AP,prosumer20,concentrator_trafo_2_12,propose,275,6.592815,0
1789091779.469301,45,ciclo1_AC_AP,prosumer41,concentrator_trafo_4_34,propose,118,3.865204,0
1789091779.471236,45,ciclo1_AC_AP,prosumer21,concentrator_trafo_2_12,propose,271,6.713891,0
1789091779.473206,45,ciclo1_AC_AP,prosumer16,concentrator_trafo_2_12,propose,418,9.679231,0
1789091779.475097,45,ciclo1_AC_AP,prosumer24,concentrator_trafo_3_22,propose,182,3.812097,0
1789091779.478753,45,ciclo1_AC_AP,prosumer13,concentrator_trafo_2_12,propose,492,11.482678,0
1789091779.480897,45,ciclo1_AC_AP,prosumer30,concentrator_trafo_3_22,propose,339,5.002038,0
1789091779.481560,45,ciclo1_AC_AP,prosumer22,concentrator_trafo_3_22,propose,299,5.056331,0
1789091779.484364,45,ciclo1_AC_AP,prosumer29,concentrator_trafo_3_22,propose,447,17.182764,0
1789091779.486520,45,ciclo1_AC_AP,prosumer46,concentrator_trafo_4_34,propose,196,4.315116,0
1789091779.488554,45,ciclo1_AC_AP,prosumer31,concentrator_trafo_3_22,propose,310,6.302732,0
1789091779.489215,45,ciclo1_AC_AP,prosumer14,concentrator_trafo_2_12,propose,354,4.173514,0
1789091779.491091,45,ciclo1_AC_AP,prosumer7,concentrator_trafo_1_5,propose,198,2.136562,0
1789091779.491640,45,ciclo1_AC_AP,prosumer9,concentrator_trafo_1_5,propose,185,3.247748,0
1789091779.493604,45,ciclo1_AC_AP,prosumer15,concentrator_trafo_2_12,propose,300,12.784362,0
1789091779.495529,45,ciclo1_AC_AP,prosumer23,concentrator_trafo_3_22,propose,124,0.576306,0
1789091779.498423,45,ciclo1_AC_AP,prosumer45,concentrator_trafo_4_34,propose,495,15.987641,0
1789091779.501070,45,ciclo1_AC_AP,prosumer39,concentrator_trafo_4_34,propose,273,12.214619,0
1789091779.503600,45,ciclo1_AC_AP,prosumer25,concentrator_trafo_3_22,propose,489,16.605400,0
1789091779.504174,45,ciclo1_AC_AP,prosumer44,concentrator_trafo_4_34,propose,449,16.912162,0
1789091779.506052,45,ciclo1_AC_AP,prosumer42,concentrator_trafo_4_34,propose,366,8.307240,0
1789091779.507982,45,ciclo1_AC_AP,prosumer38,concentrator_trafo_4_34,propose,196,6.454306,0
1789091779.510325,45,ciclo1_AC_AP,prosumer28,concentrator_trafo_3_22,propose,470,15.354912,0
1789091779.512902,45,ciclo1_AC_AP,prosumer32,concentrator_trafo_3_22,propose,267,12.115191,0
1789091779.520313,45,ciclo1_AC_AP,prosumer37,concentrator_trafo_4_34,propose,193,7.146733,0
1789091779.523760,45,ciclo1_AC_AP,prosumer26,concentrator_trafo_3_22,propose,365,11.211446,0
1789091779.524821,45,ciclo1_AC_AP,prosumer36,concentrator_trafo_4_34,propose,377,14.234348,0
1789091779.680481,45,ciclo2_AD_AC,dso,concentrator_trafo_1_5,cfp,100,2.187214,0
1789091779.680954,45,ciclo2_AD_AC,dso,concentrator_trafo_2_12,cfp,100,0.944508,0
1789091779.681355,45,ciclo2_AD_AC,dso,concentrator_trafo_3_22,cfp,100,5.181578,0
1789091779.681587,45,ciclo2_AD_AC,dso,concentrator_trafo_4_34,cfp,100,2.506820,0
1789091779.698202,45,ciclo2_AD_AC,concentrator_trafo_2_12,dso,propose,1364,22.568479,0
1789091779.708211,45,ciclo2_AD_AC,concentrator_trafo_1_5,dso,propose,1435,47.662270,0
1789091779.713134,45,ciclo2_AD_AC,concentrator_trafo_4_34,dso,propose,1304,63.844365,0
1789091779.736917,45,ciclo2_AD_AC,concentrator_trafo_3_22,dso,propose,1298,43.856733,0
1789091780.360998,45,ciclo3_AM_AC_AD,market,dso,cfp,100,2.267025,0
1789091780.426714,45,ciclo3_AM_AC_AD,dso,market,propose,1222,21.745950,0
1789091780.654444,45,ciclo3_AM_AC_AD,market,concentrator_trafo_1_5,cfp,100,3.137830,0
1789091780.655364,45,ciclo3_AM_AC_AD,market,concentrator_trafo_2_12,cfp,100,1.138147,0
1789091780.656074,45,ciclo3_AM_AC_AD,market,concentrator_trafo_3_22,cfp,100,0.695688,0
1789091780.656512,45,ciclo3_AM_AC_AD,market,concentrator_trafo_4_34,cfp,100,4.723498,0
1789091780.656816,45,ciclo3_AM_AC_AD,market,dso,cfp,100,0.604953,0
1789091780.715346,45,ciclo3_AM_AC_AD,concentrator_trafo_3_22,market,propose,1077,17.337575,0
1789091780.722028,45,ciclo3_AM_AC_AD,concentrator_trafo_2_12,market,propose,1324,41.775500,0
1789091780.723125,45,ciclo3_AM_AC_AD,dso,market,propose,1352,21.724434,0
1789091780.724077,45,ciclo3_AM_AC_AD,concentrator_trafo_1_5,market,propose,1316,46.083500,0
1789091780.740381,45,ciclo3_AM_AC_AD,concentrator_trafo_4_34,market,propose,1252,45.707026,0
1789091781.270850,46,ciclo1_AC_AP,concentrator_trafo_1_5,prosumer5,cfp,100,2.005292,0
1789091781.271355,46,ciclo1_AC_AP,concentrator_trafo_1_5,prosumer6,cfp,100,3.864572,0
1789091781.271500,46,ciclo1_AC_AP,concentrator_trafo_1_5,prosumer7,cfp,100,0.337096,0
1789091781.271779,46,ciclo1_AC_AP,concentrator_trafo_1_5,prosumer8,cfp,100,1.543676,0
1789091781.271991,46,ciclo1_AC_AP,concentrator_trafo_1_5,prosumer9,cfp,100,1.727819,0
1789091781.272122,46,ciclo1_AC_AP,concentrator_trafo_1_5,prosumer10,cfp,100,0.370327,0
1789091781.272238,46,ciclo1_AC_AP,concentrator_trafo_1_5,prosumer11,cfp,100,1.041793,0
1789091781.272926,46,ciclo1_AC_AP,concentrator_trafo_2_12,prosumer12,cfp,100,0.379219,0
1789091781.273060,46,ciclo1_AC_AP,concentrator_trafo_2_12,prosumer13,cfp,100,5.472207,0
1789091781.273167,46,ciclo1_AC_AP,concentrator_trafo_2_12,prosumer14,cfp,100,2.406158,0
1789091781.273275,46,ciclo1_AC_AP,concentrator_trafo_2_12,prosumer15,cfp,100,5.184315,0
1789091781.273373,46,ciclo1_AC_AP,concentrator_trafo_2_12,prosumer16,cfp,100,2.262964,0
1789091781.273478,46,ciclo1_AC_AP,concentrator_trafo_2_12,prosumer17,cfp,100,3.159576,0
1789091781.273755,46,ciclo1_AC_AP,concentrator_trafo_2_12,prosumer18,cfp,100,2.924171,0
1789091781.273952,46,ciclo1_AC_AP,concentrator_trafo_2_12,prosumer19,cfp,100,3.696903,0
1789091781.274182,46,ciclo1_AC_AP,concentrator_trafo_2_12,prosumer20,cfp,100,2.199274,0
1789091781.274388,46,ciclo1_AC_AP,concentrator_trafo_2_12,prosumer21,cfp,100,0.333377,0
1789091781.275174,46,ciclo1_AC_AP,concentrator_trafo_3_22,prosumer22,cfp,100,2.964578,0
1789091781.275391,46,ciclo1_AC_AP,concentrator_trafo_3_22,prosumer23,cfp,100,2.738979,0
1789091781.275621,46,ciclo1_AC_AP,concentrator_trafo_3_22,prosumer24,cfp,100,3.290458,0
1789091781.275730,46,ciclo1_AC_AP,concentrator_trafo_3_22,prosumer25,cfp,100,5.631405,0
1789091781.275831,46,ciclo1_AC_AP,concentrator_trafo_3_22,prosumer26,cfp,100,2.166292,0
1789091781.275930,46,ciclo1_AC_AP,concentrator_trafo_3_22,prosumer27,cfp,100,3.790616,0
1789091781.276029,46,ciclo1_AC_AP,concentrator_trafo_3_22,prosumer28,cfp,100,0.755756,0
1789091781.276127,46,ciclo1_AC_AP,concentrator_trafo_3_22,prosumer29,cfp,100,5.535233,0
1789091781.276224,46,ciclo1_AC_AP,concentrator_trafo_3_22,prosumer30,cfp,100,1.254412,0
1789091781.276321,46,ciclo1_AC_AP,concentrator_trafo_3_22,prosumer31,cfp,100,2.619180,0
1789091781.276420,46,ciclo1_AC_AP,concentrator_trafo_3_22,prosumer32,cfp,100,3.996786,0
1789091781.276517,46,ciclo1_AC_AP,concentrator_trafo_3_22,prosumer33,cfp,100,3.008555,0
1789091781.277167,46,ciclo1_AC_AP,concentrator_trafo_4_34,prosumer34,cfp,100,2.442682,0
1789091781.277292,46,ciclo1_AC_AP,concentrator_trafo_4_34,prosumer35,cfp,100,6.368340,0
1789091781.277402,46,ciclo1_AC_AP,concentrator_trafo_4_34,prosumer36,cfp,100,2.752493,0
1789091781.277510,46,ciclo1_AC_AP,concentrator_trafo_4_34,prosumer37,cfp,100,2.369887,0
1789091781.277719,46,ciclo1_AC_AP,concentrator_trafo_4_34,prosumer38,cfp,100,2.167691,0
1789091781.277931,46,ciclo1_AC_AP,concentrator_trafo_4_34,prosumer39,cfp,100,2.494333,0
1789091781.278059,46,ciclo1_AC_AP,concentrator_trafo_4_34,prosumer40,cfp,100,1.305325,0
1789091781.278180,46,ciclo1_AC_AP,concentrator_trafo_4_34,prosumer41,cfp,100,1.634341,0
1789091781.278312,46,ciclo1_AC_AP,concentrator_trafo_4_34,prosumer42,cfp,100,1.765733,0
1789091781.278446,46,ciclo1_AC_AP,concentrator_trafo_4_34,prosumer43,cfp,100,1.268989,0
1789091781.278582,46,ciclo1_AC_AP,concentrator_trafo_4_34,prosumer44,cfp,100,2.377340,0
1789091781.278706,46,ciclo1_AC_AP,concentrator_trafo_4_34,prosumer45,cfp,100,2.511803,0
1789091781.278810,46,ciclo1_AC_AP,concentrator_trafo_4_34,prosumer46,cfp,100,3.096531,0
1789091781.284919,46,ciclo1_AC_AP,prosumer7,concentrator_trafo_1_5,propose,439,16.618632,0
1789091781.286289,46,ciclo1_AC_AP,prosumer10,concentrator_trafo_1_5,propose,392,7.009929,0
1789091781.290647,46,ciclo1_AC_AP,prosumer12,concentrator_trafo_2_12,propose,209,3.182898,0
1789091781.294529,46,ciclo1_AC_AP,prosumer21,concentrator_trafo_2_12,propose,406,9.153983,0
1789091781.301864,46,ciclo1_AC_AP,prosumer11,concentrator_trafo_1_5,propose,325,5.279524,0
1789091781.305490,46,ciclo1_AC_AP,prosumer28,concentrator_trafo_3_22,propose,116,6.107717,0
1789091781.309282,46,ciclo1_AC_AP,prosumer8,concentrator_trafo_1_5,propose,224,4.770995,0
1789091781.313209,46,ciclo1_AC_AP,prosumer30,concentrator_trafo_3_22,propose,349,8.049487,0
1789091781.317069,46,ciclo1_AC_AP,prosumer9,concentrator_trafo_1_5,propose,409,8.713275,0
1789091781.319935,46,ciclo1_AC_AP,prosumer5,concentrator_trafo_1_5,propose,262,6.914153,0
1789091781.322268,46,ciclo1_AC_AP,prosumer40,concentrator_trafo_4_34,propose,384,9.814462,0
1789091781.322817,46,ciclo1_AC_AP,prosumer43,concentrator_trafo_4_34,propose,474,8.005563,0
1789091781.324767,46,ciclo1_AC_AP,prosumer41,concentrator_trafo_4_34,propose,200,4.306632,0
1789091781.328273,46,ciclo1_AC_AP,prosumer42,concentrator_trafo_4_34,propose,100,6.433232,0
1789091781.328848,46,ciclo1_AC_AP,prosumer16,concentrator_trafo_2_12,propose,122,0.070170,0
1789091781.330759,46,ciclo1_AC_AP,prosumer20,concentrator_trafo_2_12,propose,131,3.580542,0
1789091781.333320,46,ciclo1_AC_AP,prosumer14,concentrator_trafo_2_12,propose,168,5.992580,0
1789091781.333882,46,ciclo1_AC_AP,prosumer26,concentrator_trafo_3_22,propose,224,4.992978,0
1789091781.336282,46,ciclo1_AC_AP,prosumer38,concentrator_trafo_4_34,propose,326,9.179442,0
1789091781.338214,46,ciclo1_AC_AP,prosumer37,concentrator_trafo_4_34,propose,445,14.735613,0
1789091781.338731,46,ciclo1_AC_AP,prosumer34,concentrator_trafo_4_34,propose,412,7.127240,0
1789091781.340639,46,ciclo1_AC_AP,prosumer44,concentrator_trafo_4_34,propose,214,8.031157,0
1789091781.342640,46,ciclo1_AC_AP,prosumer31,concentrator_trafo_3_22,propose,438,9.482012,0
1789091781.343299,46,ciclo1_AC_AP,prosumer23,concentrator_trafo_3_22,propose,450,8.077658,0
1789091781.345205,46,ciclo1_AC_AP,prosumer39,concentrator_trafo_4_34,propose,155,7.899642,0
1789091781.347120,46,ciclo1_AC_AP,prosumer18,concentrator_trafo_2_12,propose,487,6.161829,0
1789091781.349088,46,ciclo1_AC_AP,prosumer45,concentrator_trafo_4_34,propose,364,10.535405,0
1789091781.349657,46,ciclo1_AC_AP,prosumer22,concentrator_trafo_3_22,propose,317,4.331646,0
1789091781.351552,46,ciclo1_AC_AP,prosumer36,concentrator_trafo_4_34,propose,430,14.778269,0
1789091781.352094,46,ciclo1_AC_AP,prosumer17,concentrator_trafo_2_12,propose,424,9.485294,0
1789091781.354107,46,ciclo1_AC_AP,prosumer33,concentrator_trafo_3_22,propose,246,5.007160,0
1789091781.356207,46,ciclo1_AC_AP,prosumer24,concentrator_trafo_3_22,propose,449,8.383566,0
1789091781.358095,46,ciclo1_AC_AP,prosumer46,concentrator_trafo_4_34,propose,273,7.810790,0
1789091781.358668,46,ciclo1_AC_AP,prosumer6,concentrator_trafo_1_5,propose,352,4.679259,0
1789091781.360610,46,ciclo1_AC_AP,prosumer19,concentrator_trafo_2_12,propose,450,6.762628,0
1789091781.362550,46,ciclo1_AC_AP,prosumer27,concentrator_trafo_3_22,propose,198,10.959280,0
1789091781.363099,46,ciclo1_AC_AP,prosumer32,concentrator_trafo_3_22,propose,183,9.767867,0
1789091781.365537,46,ciclo1_AC_AP,prosumer15,concentrator_trafo_2_12,propose,290,12.586106,0
1789091781.367613,46,ciclo1_AC_AP,prosumer13,concentrator_trafo_2_12,propose,385,11.512154,0
1789091781.369869,46,ciclo1_AC_AP,prosumer29,concentrator_trafo_3_22,propose,282,9.088224,0
1789091781.371902,46,ciclo1_AC_AP,prosumer25,concentrator_trafo_3_22,propose,467,16.859508,0
1789091781.374726,46,ciclo1_AC_AP,prosumer35,concentrator_trafo_4_34,propose,324,11.864154,0
1789091781.548769,46,ciclo2_AD_AC,dso,concentrator_trafo_1_5,cfp,100,5.256700,0
1789091781.549450,46,ciclo2_AD_AC,dso,concentrator_trafo_2_12,cfp,100,0.580071,0
1789091781.550112,46,ciclo2_AD_AC,dso,concentrator_trafo_3_22,cfp,100,4.737140,0
1789091781.550625,46,ciclo2_AD_AC,dso,concentrator_trafo_4_34,cfp,100,4.931695,0
1789091781.562573,46,ciclo2_AD_AC,concentrator_trafo_2_12,dso,propose,1200,20.840513,0
1789091781.600485,46,ciclo2_AD_AC,concentrator_trafo_3_22,dso,propose,1224,38.688873,0
1789091781.605903,46,ciclo2_AD_AC,concentrator_trafo_4_34,dso,propose,1339,69.737422,0
1789091781.608728,46,ciclo2_AD_AC,concentrator_trafo_1_5,dso,propose,1162,40.145891,0
1789091782.312817,46,ciclo3_AM_AC_AD,market,dso,cfp,100,2.971959,0
1789091782.355569,46,ciclo3_AM_AC_AD,dso,market,propose,1433,25.545236,0
1789091782.621395,46,ciclo3_AM_AC_AD,market,concentrator_trafo_1_5,cfp,100,1.725009,0
1789091782.621739,46,ciclo3_AM_AC_AD,market,concentrator_trafo_2_12,cfp,100,2.089168,0
1789091782.622040,46,ciclo3_AM_AC_AD,market,concentrator_trafo_3_22,cfp,100,1.113193,0
1789091782.622350,46,ciclo3_AM_AC_AD,market,concentrator_trafo_4_34,cfp,100,2.978953,0
1789091782.622481,46,ciclo3_AM_AC_AD,market,dso,cfp,100,3.304830,0
1789091782.676363,46,ciclo3_AM_AC_AD,concentrator_trafo_3_22,market,propose,1239,23.206450,0
1789091782.703654,46,ciclo3_AM_AC_AD,concentrator_trafo_2_12,market,propose,1034,36.470792,0
1789091782.704770,46,ciclo3_AM_AC_AD,concentrator_trafo_1_5,market,propose,1075,35.116205,0
1789091782.706642,46,ciclo3_AM_AC_AD,concentrator_trafo_4_34,market,propose,1112,43.358174,0
1789091782.725087,46,ciclo3_AM_AC_AD,dso,market,propose,1386,20.869223,0
1789091783.216664,47,ciclo1_AC_AP,concentrator_trafo_1_5,prosumer5,cfp,100,1.124865,0
1789091783.217578,47,ciclo1_AC_AP,concentrator_trafo_1_5,prosumer6,cfp,100,2.588163,0
1789091783.218327,47,ciclo1_AC_AP,concentrator_trafo_1_5,prosumer7,cfp,100,4.424231,0
1789091783.218921,47,ciclo1_AC_AP,concentrator_trafo_1_5,prosumer8,cfp,100,3.710142,0
1789091783.219371,47,ciclo1_AC_AP,concentrator_trafo_1_5,prosumer9,cfp,100,2.268237,0
1789091783.219800,47,ciclo1_AC_AP,concentrator_trafo_1_5,prosumer10,cfp,100,2.051032,0
1789091783.220052,47,ciclo1_AC_AP,concentrator_trafo_1_5,prosumer11,cfp,100,1.019336,0
1789091783.220848,47,ciclo1_AC_AP,concentrator_trafo_2_12,prosumer12,cfp,100,3.321195,0
1789091783.221024,47,ciclo1_AC_AP,concentrator_trafo_2_12,prosumer13,cfp,100,0.218906,0
1789091783.221161,47,ciclo1_AC_AP,concentrator_trafo_2_12,prosumer14,cfp,100,0.187713,0
1789091783.221357,47,ciclo1_AC_AP,concentrator_trafo_2_12,prosumer15,cfp,100,5.878128,0
1789091783.221645,47,ciclo1_AC_AP,concentrator_trafo_2_12,prosumer16,cfp,100,0.430729,0
1789091783.222001,47,ciclo1_AC_AP,concentrator_trafo_2_12,prosumer17,cfp,100,1.979104,0
1789091783.222215,47,ciclo1_AC_AP,concentrator_trafo_2_12,prosumer18,cfp,100,3.707624,0
1789091783.222386,47,ciclo1_AC_AP,concentrator_trafo_2_12,prosumer19,cfp,100,0.729795,0
1789091783.222558,47,ciclo1_AC_AP,concentrator_trafo_2_12,prosumer20,cfp,100,3.741742,0
1789091783.222736,47,ciclo1_AC_AP,concentrator_trafo_2_12,prosumer21,cfp,100,3.103785,0
1789091783.223685,47,ciclo1_AC_AP,concentrator_trafo_3_22,prosumer22,cfp,100,1.751299,0
1789091783.223871,47,ciclo1_AC_AP,concentrator_trafo_3_22,prosumer23,cfp,100,3.270706,0
1789091783.224038,47,ciclo1_AC_AP,concentrator_trafo_3_22,prosumer24,cfp,100,1.428880,0
1789091783.224202,47,ciclo1_AC_AP,concentrator_trafo_3_22,prosumer25,cfp,100,5.423649,0
1789091783.224361,47,ciclo1_AC_AP,concentrator_trafo_3_22,prosumer26,cfp,100,3.122902,0
1789091783.224517,47,ciclo1_AC_AP,concentrator_trafo_3_22,prosumer27,cfp,100,5.150195,0
1789091783.224698,47,ciclo1_AC_AP,concentrator_trafo_3_22,prosumer28,cfp,100,6.828871,0
1789091783.224861,47,ciclo1_AC_AP,concentrator_trafo_3_22,prosumer29,cfp,100,4.424699,0
1789091783.225021,47,ciclo1_AC_AP,concentrator_trafo_3_22,prosumer30,cfp,100,2.473757,0
1789091783.225288,47,ciclo1_AC_AP,concentrator_trafo_3_22,prosumer31,cfp,100,1.360497,0
1789091783.225440,47,ciclo1_AC_AP,concentrator_trafo_3_22,prosumer32,cfp,100,3.204421,0
1789091783.225627,47,ciclo1_AC_AP,concentrator_trafo_3_22,prosumer33,cfp,100,0.912855,0
1789091783.226628,47,ciclo1_AC_AP,concentrator_trafo_4_34,prosumer34,cfp,100,1.768431,0
1789091783.226830,47,ciclo1_AC_AP,concentrator_trafo_4_34,prosumer35,cfp,100,2.084161,0
1789091783.227004,47,ciclo1_AC_AP,concentrator_trafo_4_34,prosumer36,cfp,100,3.203937,0
1789091783.227171,47,ciclo1_AC_AP,concentrator_trafo_4_34,prosumer37,cfp,100,4.458364,0
1789091783.227334,47,ciclo1_AC_AP,concentrator_trafo_4_34,prosumer38,cfp,100,1.048214,0
1789091783.227494,47,ciclo1_AC_AP,concentrator_trafo_4_34,prosumer39,cfp,100,3.668801,0
1789091783.227672,47,ciclo1_AC_AP,concentrator_trafo_4_34,prosumer40,cfp,100,1.188549,0
1789091783.227833,47,ciclo1_AC_AP,concentrator_trafo_4_34,prosumer41,cfp,100,3.734354,0
1789091783.227993,47,ciclo1_AC_AP,concentrator_trafo_4_34,prosumer42,cfp,100,6.501406,0
1789091783.228153,47,ciclo1_AC_AP,concentrator_trafo_4_34,prosumer43,cfp,100,2.070410,0
1789091783.228312,47,ciclo1_AC_AP,concentrator_trafo_4_34,prosumer44,cfp,100,2.925000,0
1789091783.228470,47,ciclo1_AC_AP,concentrator_trafo_4_34,prosumer45,cfp,100,5.204960,0
1789091783.228638,47,ciclo1_AC_AP,concentrator_trafo_4_34,prosumer46,cfp,100,0.983201,0
1789091783.235930,47,ciclo1_AC_AP,prosumer14,concentrator_trafo_2_12,propose,158,2.056203,0
1789091783.240669,47,ciclo1_AC_AP,prosumer13,concentrator_trafo_2_12,propose,484,12.446056,1
1789091783.244785,47,ciclo1_AC_AP,prosumer16,concentrator_trafo_2_12,propose,179,4.257021,0
1789091783.248588,47,ciclo1_AC_AP,prosumer5,concentrator_trafo_1_5,propose,301,5.659569,0
1789091783.250782,47,ciclo1_AC_AP,prosumer19,concentrator_trafo_2_12,propose,337,5.509581,0
1789091783.254320,47,ciclo1_AC_AP,prosumer11,concentrator_trafo_1_5,propose,462,8.660789,0
1789091783.261761,47,ciclo1_AC_AP,prosumer33,concentrator_trafo_3_22,propose,376,5.495300,0
1789091783.265663,47,ciclo1_AC_AP,prosumer38,concentrator_trafo_4_34,propose,207,2.134415,0
1789091783.268849,47,ciclo1_AC_AP,prosumer24,concentrator_trafo_3_22,propose,288,6.383303,0
1789091783.271294,47,ciclo1_AC_AP,prosumer46,concentrator_trafo_4_34,propose,460,8.114583,0
1789091783.273384,47,ciclo1_AC_AP,prosumer31,concentrator_trafo_3_22,propose,123,0.659289,0
1789091783.274104,47,ciclo1_AC_AP,prosumer40,concentrator_trafo_4_34,propose,110,2.572323,0
1789091783.276135,47,ciclo1_AC_AP,prosumer10,concentrator_trafo_1_5,propose,307,4.692655,0
1789091783.278133,47,ciclo1_AC_AP,prosumer22,concentrator_trafo_3_22,propose,206,4.893618,0
1789091783.278738,47,ciclo1_AC_AP,prosumer17,concentrator_trafo_2_12,propose,144,5.071882,0
1789091783.280658,47,ciclo1_AC_AP,prosumer9,concentrator_trafo_1_5,propose,311,5.730530,0
1789091783.282599,47,ciclo1_AC_AP,prosumer6,concentrator_trafo_1_5,propose,399,9.445225,0
1789091783.283162,47,ciclo1_AC_AP,prosumer34,concentrator_trafo_4_34,propose,391,7.856655,0
1789091783.285637,47,ciclo1_AC_AP,prosumer35,concentrator_trafo_4_34,propose,310,13.436054,0
1789091783.286237,47,ciclo1_AC_AP,prosumer43,concentrator_trafo_4_34,propose,376,7.176187,0
1789091783.289535,47,ciclo1_AC_AP,prosumer30,concentrator_trafo_3_22,propose,207,2.494477,0
1789091783.291553,47,ciclo1_AC_AP,prosumer21,concentrator_trafo_2_12,propose,424,7.076759,0
1789091783.293490,47,ciclo1_AC_AP,prosumer12,concentrator_trafo_2_12,propose,102,1.959466,0
1789091783.295435,47,ciclo1_AC_AP,prosumer26,concentrator_trafo_3_22,propose,442,16.692482,0
1789091783.297385,47,ciclo1_AC_AP,prosumer8,concentrator_trafo_1_5,propose,169,5.587618,0
1789091783.300744,47,ciclo1_AC_AP,prosumer23,concentrator_trafo_3_22,propose,371,7.634893,0
1789091783.303176,47,ciclo1_AC_AP,prosumer32,concentrator_trafo_3_22,propose,429,17.851379,0
1789091783.305238,47,ciclo1_AC_AP,prosumer44,concentrator_trafo_4_34,propose,350,15.301879,0
1789091783.306366,47,ciclo1_AC_AP,prosumer36,concentrator_trafo_4_34,propose,258,14.151211,0
1789091783.306915,47,ciclo1_AC_AP,prosumer18,concentrator_trafo_2_12,propose,294,4.451025,0
1789091783.307427,47,ciclo1_AC_AP,prosumer20,concentrator_trafo_2_12,propose,378,8.036044,0
1789091783.307899,47,ciclo1_AC_AP,prosumer7,concentrator_trafo_1_5,propose,375,9.936728,0
1789091783.310078,47,ciclo1_AC_AP,prosumer39,concentrator_trafo_4_34,propose,133,6.352863,0
1789091783.310829,47,ciclo1_AC_AP,prosumer41,concentrator_trafo_4_34,propose,140,3.610682,0
1789091783.312951,47,ciclo1_AC_AP,prosumer29,concentrator_trafo_3_22,propose,409,18.125569,0
1789091783.313675,47,ciclo1_AC_AP,prosumer37,concentrator_trafo_4_34,propose,474,16.214839,0
1789091783.315797,47,ciclo1_AC_AP,prosumer27,concentrator_trafo_3_22,propose,352,11.649517,0
1789091783.317871,47,ciclo1_AC_AP,prosumer25,concentrator_trafo_3_22,propose,485,17.189906,0
1789091783.320068,47,ciclo1_AC_AP,prosumer15,concentrator_trafo_2_12,propose,107,3.082907,0
1789091783.322036,47,ciclo1_AC_AP,prosumer45,concentrator_trafo_4_34,propose,204,7.900283,0
1789091783.325053,47,ciclo1_AC_AP,prosumer28,concentrator_trafo_3_22,propose,314,12.523733,0
1789091783.326984,47,ciclo1_AC_AP,prosumer42,concentrator_trafo_4_34,propose,415,16.075182,0
1789091803.324153,47,ciclo1_AC_AP,concentrator_trafo_2_12,prosumer13,cfp,100,6.361826,0
1789091803.395833,47,ciclo1_AC_AP,prosumer13,concentrator_trafo_2_12,propose,487,9.310593,0
1789091803.498121,47,ciclo2_AD_AC,dso,concentrator_trafo_1_5,cfp,100,0.675094,0
1789091803.498438,47,ciclo2_AD_AC,dso,concentrator_trafo_2_12,cfp,100,3.981232,0
1789091803.498754,47,ciclo2_AD_AC,dso,concentrator_trafo_3_22,cfp,100,2.855844,0
1789091803.499016,47,ciclo2_AD_AC,dso,concentrator_trafo_4_34,cfp,100,6.635155,0
1789091803.511338,47,ciclo2_AD_AC,concentrator_trafo_1_5,dso,propose,1184,42.248439,0
1789091803.529677,47,ciclo2_AD_AC,concentrator_trafo_3_22,dso,propose,1159,40.747408,0
1789091803.545975,47,ciclo2_AD_AC,concentrator_trafo_2_12,dso,propose,1042,19.467455,0
1789091803.572860,47,ciclo2_AD_AC,concentrator_trafo_4_34,dso,propose,1381,67.971891,0
1789091804.263064,47,ciclo3_AM_AC_AD,market,dso,cfp,100,3.434443,0
1789091804.310470,47,ciclo3_AM_AC_AD,dso,market,propose,1011,15.040923,0
1789091804.469645,47,ciclo3_AM_AC_AD,market,concentrator_trafo_1_5,cfp,100,3.430317,0
1789091804.470436,47,ciclo3_AM_AC_AD,market,concentrator_trafo_2_12,cfp,100,3.657375,0
1789091804.471145,47,ciclo3_AM_AC_AD,market,concentrator_trafo_3_22,cfp,100,2.051852,0
1789091804.471562,47,ciclo3_AM_AC_AD,market,concentrator_trafo_4_34,cfp,100,3.737908,0
1789091804.471760,47,ciclo3_AM_AC_AD,market,dso,cfp,100,3.352978,0
1789091804.556427,47,ciclo3_AM_AC_AD,dso,market,propose,1392,21.284623,0
1789091804.559254,47,ciclo3_AM_AC_AD,concentrator_trafo_3_22,market,propose,1413,26.851052,0
1789091804.561483,47,ciclo3_AM_AC_AD,concentrator_trafo_1_5,market,propose,1122,35.151704,0
1789091804.563429,47,ciclo3_AM_AC_AD,concentrator_trafo_2_12,market,propose,1314,45.855522,0
1789091804.565331,47,ciclo3_AM_AC_AD,concentrator_trafo_4_34,market,propose,1495,55.184630,0
1789091805.195279,48,ciclo1_AC_AP,concentrator_trafo_1_5,prosumer5,cfp,100,2.596981,0
1789091805.196216,48,ciclo1_AC_AP,concentrator_trafo_1_5,prosumer6,cfp,100,0.685581,0
1789091805.196969,48,ciclo1_AC_AP,concentrator_trafo_1_5,prosumer7,cfp,100,1.320179,0
1789091805.197514,48,ciclo1_AC_AP,concentrator_trafo_1_5,prosumer8,cfp,100,2.655578,0
1789091805.198158,48,ciclo1_AC_AP,concentrator_trafo_1_5,prosumer9,cfp,100,2.522970,0
1789091805.198501,48,ciclo1_AC_AP,concentrator_trafo_1_5,prosumer10,cfp,100,0.641688,0
1789091805.198759,48,ciclo1_AC_AP,concentrator_trafo_1_5,prosumer11,cfp,100,1.767494,0
1789091805.199443,48,ciclo1_AC_AP,concentrator_trafo_2_12,prosumer12,cfp,100,0.848225,0
1789091805.199593,48,ciclo1_AC_AP,concentrator_trafo_2_12,prosumer13,cfp,100,1.221924,0
1789091805.200022,48,ciclo1_AC_AP,concentrator_trafo_2_12,prosumer14,cfp,100,0.496671,0
1789091805.200276,48,ciclo1_AC_AP,concentrator_trafo_2_12,prosumer15,cfp,100,1.075307,0
1789091805.200384,48,ciclo1_AC_AP,concentrator_trafo_2_12,prosumer16,cfp,100,0.181786,0
1789091805.200487,48,ciclo1_AC_AP,concentrator_trafo_2_12,prosumer17,cfp,100,0.742663,0
1789091805.200605,48,ciclo1_AC_AP,concentrator_trafo_2_12,prosumer18,cfp,100,0.311831,0
1789091805.200708,48,ciclo1_AC_AP,concentrator_trafo_2_12,prosumer19,cfp,100,1.627538,0
1789091805.200807,48,ciclo1_AC_AP,concentrator_trafo_2_12,prosumer20,cfp,100,0.370424,0
1789091805.200906,48,ciclo1_AC_AP,concentrator_trafo_2_12,prosumer21,cfp,100,2.524518,0
1789091805.201668,48,ciclo1_AC_AP,concentrator_trafo_3_22,prosumer22,cfp,100,3.417742,0
1789091805.201795,48,ciclo1_AC_AP,concentrator_trafo_3_22,prosumer23,cfp,100,1.827191,0
1789091805.201897,48,ciclo1_AC_AP,concentrator_trafo_3_22,prosumer24,cfp,100,0.832101,0
1789091805.202000,48,ciclo1_AC_AP,concentrator_trafo_3_22,prosumer25,cfp,100,4.786596,0
1789091805.202101,48,ciclo1_AC_AP,concentrator_trafo_3_22,prosumer26,cfp,100,6.756965,0
1789091805.202203,48,ciclo1_AC_AP,concentrator_trafo_3_22,prosumer27,cfp,100,2.976459,0
1789091805.202302,48,ciclo1_AC_AP,concentrator_trafo_3_22,prosumer28,cfp,100,5.395549,0
1789091805.202400,48,ciclo1_AC_AP,concentrator_trafo_3_22,prosumer29,cfp,100,6.175609,0
1789091805.202496,48,ciclo1_AC_AP,concentrator_trafo_3_22,prosumer30,cfp,100,1.984454,0
1789091805.202605,48,ciclo1_AC_AP,concentrator_trafo_3_22,prosumer31,cfp,100,1.922871,0
1789091805.202704,48,ciclo1_AC_AP,concentrator_trafo_3_22,prosumer32,cfp,100,2.615905,0
1789091805.202800,48,ciclo1_AC_AP,concentrator_trafo_3_22,prosumer33,cfp,100,3.178089,0
1789091805.203398,48,ciclo1_AC_AP,concentrator_trafo_4_34,prosumer34,cfp,100,1.258607,0
1789091805.203514,48,ciclo1_AC_AP,concentrator_trafo_4_34,prosumer35,cfp,100,3.687631,0
1789091805.203628,48,ciclo1_AC_AP,concentrator_trafo_4_34,prosumer36,cfp,100,2.789653,0
1789091805.203731,48,ciclo1_AC_AP,concentrator_trafo_4_34,prosumer37,cfp,100,4.465663,0
1789091805.203833,48,ciclo1_AC_AP,concentrator_trafo_4_34,prosumer38,cfp,100,5.988090,0
1789091805.203942,48,ciclo1_AC_AP,concentrator_trafo_4_34,prosumer39,cfp,100,3.745935,0
1789091805.204040,48,ciclo1_AC_AP,concentrator_trafo_4_34,prosumer40,cfp,100,3.232585,0
1789091805.204136,48,ciclo1_AC_AP,concentrator_trafo_4_34,prosumer41,cfp,100,3.197893,0
1789091805.204232,48,ciclo1_AC_AP,concentrator_trafo_4_34,prosumer42,cfp,100,3.882136,0
1789091805.204330,48,ciclo1_AC_AP,concentrator_trafo_4_34,prosumer43,cfp,100,0.627267,0
1789091805.204426,48,ciclo1_AC_AP,concentrator_trafo_4_34,prosumer44,cfp,100,1.521423,0
1789091805.204520,48,ciclo1_AC_AP,concentrator_trafo_4_34,prosumer45,cfp,100,4.487248,0
1789091805.204632,48,ciclo1_AC_AP,concentrator_trafo_4_34,prosumer46,cfp,100,1.115753,0
1789091805.207687,48,ciclo1_AC_AP,prosumer16,concentrator_trafo_2_12,propose,114,0.616669,0
1789091805.211614,48,ciclo1_AC_AP,prosumer6,concentrator_trafo_1_5,propose,401,8.577851,0
1789091805.215771,48,ciclo1_AC_AP,prosumer18,concentrator_trafo_2_12,propose,362,4.242499,0
1789091805.216929,48,ciclo1_AC_AP,prosumer20,concentrator_trafo_2_12,propose,288,5.485456,0
1789091805.221344,48,ciclo1_AC_AP,prosumer10,concentrator_trafo_1_5,propose,178,5.253069,0
1789091805.225496,48,ciclo1_AC_AP,prosumer14,concentrator_trafo_2_12,propose,338,5.636444,0
1789091805.232498,48,ciclo1_AC_AP,prosumer17,concentrator_trafo_2_12,propose,232,4.157736,0
1789091805.233526,48,ciclo1_AC_AP,prosumer12,concentrator_trafo_2_12,propose,156,4.605007,0
1789091805.237404,48,ciclo1_AC_AP,prosumer7,concentrator_trafo_1_5,propose,403,10.290984,0
1789091805.240881,48,ciclo1_AC_AP,prosumer24,concentrator_trafo_3_22,propose,328,7.521601,0
1789091805.243995,48,ciclo1_AC_AP,prosumer43,concentrator_trafo_4_34,propose,242,4.393309,0
1789091805.244847,48,ciclo1_AC_AP,prosumer15,concentrator_trafo_2_12,propose,212,6.333346,0
1789091805.247617,48,ciclo1_AC_AP,prosumer13,concentrator_trafo_2_12,propose,295,6.946426,0
1789091805.248692,48,ciclo1_AC_AP,prosumer46,concentrator_trafo_4_34,propose,296,7.177182,0
1789091805.251339,48,ciclo1_AC_AP,prosumer34,concentrator_trafo_4_34,propose,481,8.628679,0
1789091805.253654,48,ciclo1_AC_AP,prosumer11,concentrator_trafo_1_5,propose,359,4.526157,0
1789091805.254566,48,ciclo1_AC_AP,prosumer19,concentrator_trafo_2_12,propose,273,6.587779,0
1789091805.257449,48,ciclo1_AC_AP,prosumer44,concentrator_trafo_4_34,propose,216,7.104786,0
1789091805.259748,48,ciclo1_AC_AP,prosumer23,concentrator_trafo_3_22,propose,402,8.696203,0
1789091805.261802,48,ciclo1_AC_AP,prosumer5,concentrator_trafo_1_5,propose,235,4.574775,0
1789091805.262828,48,ciclo1_AC_AP,prosumer31,concentrator_trafo_3_22,propose,145,2.829222,0
1789091805.264859,48,ciclo1_AC_AP,prosumer30,concentrator_trafo_3_22,propose,122,3.648762,0
1789091805.266910,48,ciclo1_AC_AP,prosumer9,concentrator_trafo_1_5,propose,179,2.181030,0
1789091805.268971,48,ciclo1_AC_AP,prosumer8,concentrator_trafo_1_5,propose,261,6.994999,0
1789091805.270986,48,ciclo1_AC_AP,prosumer21,concentrator_trafo_2_12,propose,420,6.832019,0
1789091805.273003,48,ciclo1_AC_AP,prosumer32,concentrator_trafo_3_22,propose,399,13.912065,0
1789091805.274053,48,ciclo1_AC_AP,prosumer36,concentrator_trafo_4_34,propose,388,14.564939,0
1789091805.276112,48,ciclo1_AC_AP,prosumer27,concentrator_trafo_3_22,propose,348,13.848323,0
1789091805.278147,48,ciclo1_AC_AP,prosumer33,concentrator_trafo_3_22,propose,132,5.919363,0
1789091805.280189,48,ciclo1_AC_AP,prosumer22,concentrator_trafo_3_22,propose,369,5.412477,0
1789091805.280853,48,ciclo1_AC_AP,prosumer41,concentrator_trafo_4_34,propose,345,5.189763,0
1789091805.281519,48,ciclo1_AC_AP,prosumer40,concentrator_trafo_4_34,propose,322,6.062496,0
1789091805.282071,48,ciclo1_AC_AP,prosumer35,concentrator_trafo_4_34,propose,263,11.858240,0
1789091805.282578,48,ciclo1_AC_AP,prosumer39,concentrator_trafo_4_34,propose,297,12.525881,0
1789091805.284575,48,ciclo1_AC_AP,prosumer42,concentrator_trafo_4_34,propose,473,16.089451,0
1789091805.286567,48,ciclo1_AC_AP,prosumer37,concentrator_trafo_4_34,propose,112,2.569359,0
1789091805.288467,48,ciclo1_AC_AP,prosumer45,concentrator_trafo_4_34,propose,159,11.111861,0
1789091805.290618,48,ciclo1_AC_AP,prosumer25,concentrator_trafo_3_22,propose,322,12.197765,0
1789091805.292820,48,ciclo1_AC_AP,prosumer28,concentrator_trafo_3_22,propose,410,18.982446,0
1789091805.293765,48,ciclo1_AC_AP,prosumer38,concentrator_trafo_4_34,propose,440,8.717161,0
1789091805.295646,48,ciclo1_AC_AP,prosumer29,concentrator_trafo_3_22,propose,168,8.307720,0
1789091805.297576,48,ciclo1_AC_AP,prosumer26,concentrator_trafo_3_22,propose,489,15.231670,0
1789091805.491383,48,ciclo2_AD_AC,dso,concentrator_trafo_1_5,cfp,100,1.811417,0
1789091805.492157,48,ciclo2_AD_AC,dso,concentrator_trafo_2_12,cfp,100,2.164697,0
1789091805.492784,48,ciclo2_AD_AC,dso,concentrator_trafo_3_22,cfp,100,7.644315,0
1789091805.493401,48,ciclo2_AD_AC,dso,concentrator_trafo_4_34,cfp,100,8.113764,0
1789091805.518060,48,ciclo2_AD_AC,concentrator_trafo_1_5,dso,propose,1072,36.925150,0
1789091805.523601,48,ciclo2_AD_AC,concentrator_trafo_2_12,dso,propose,1453,24.675274,0
1789091805.578300,48,ciclo2_AD_AC,concentrator_trafo_3_22,dso,propose,1015,33.174905,0
1789091805.583570,48,ciclo2_AD_AC,concentrator_trafo_4_34,dso,propose,1060,54.659722,0
1789091806.137301,48,ciclo3_AM_AC_AD,market,dso,cfp,100,3.102818,0
1789091806.233398,48,ciclo3_AM_AC_AD,dso,market,propose,1361,23.821800,0
1789091806.483374,48,ciclo3_AM_AC_AD,market,concentrator_trafo_1_5,cfp,100,2.442968,0
1789091806.484319,48,ciclo3_AM_AC_AD,market,concentrator_trafo_2_12,cfp,100,5.488200,0
1789091806.485340,48,ciclo3_AM_AC_AD,market,concentrator_trafo_3_22,cfp,100,0.519115,0
1789091806.486269,48,ciclo3_AM_AC_AD,market,concentrator_trafo_4_34,cfp,100,4.921582,0
1789091806.487208,48,ciclo3_AM_AC_AD,market,dso,cfp,100,0.666486,0
1789091806.519595,48,ciclo3_AM_AC_AD,concentrator_trafo_3_22,market,propose,1220,18.823202,0
1789091806.527856,48,ciclo3_AM_AC_AD,concentrator_trafo_1_5,market,propose,1126,35.623527,0
1789091806.530720,48,ciclo3_AM_AC_AD,dso,market,propose,1016,14.373474,0
1789091806.559955,48,ciclo3_AM_AC_AD,concentrator_trafo_4_34,market,propose,1322,46.602201,0
1789091806.564933,48,ciclo3_AM_AC_AD,concentrator_trafo_2_12,market,propose,1139,35.704809,0
1789091807.105171,49,ciclo1_AC_AP,concentrator_trafo_1_5,prosumer5,cfp,100,0.279067,0
1789091807.106121,49,ciclo1_AC_AP,concentrator_trafo_1_5,prosumer6,cfp,100,3.414272,0
1789091807.106759,49,ciclo1_AC_AP,concentrator_trafo_1_5,prosumer7,cfp,100,5.162160,0
1789091807.107337,49,ciclo1_AC_AP,concentrator_trafo_1_5,prosumer8,cfp,100,2.077041,0
1789091807.107661,49,ciclo1_AC_AP,concentrator_trafo_1_5,prosumer9,cfp,100,1.635959,0
1789091807.107946,49,ciclo1_AC_AP,concentrator_trafo_1_5,prosumer10,cfp,100,3.201460,0
1789091807.108211,49,ciclo1_AC_AP,concentrator_trafo_1_5,prosumer11,cfp,100,3.475169,0
1789091807.109050,49,ciclo1_AC_AP,concentrator_trafo_2_12,prosumer12,cfp,100,0.296271,0
1789091807.109214,49,ciclo1_AC_AP,concentrator_trafo_2_12,prosumer13,cfp,100,3.463079,0
1789091807.109354,49,ciclo1_AC_AP,concentrator_trafo_2_12,prosumer14,cfp,100,0.179322,0
1789091807.109481,49,ciclo1_AC_AP,concentrator_trafo_2_12,prosumer15,cfp,100,3.737849,0
1789091807.109613,49,ciclo1_AC_AP,concentrator_trafo_2_12,prosumer16,cfp,100,3.192156,0
1789091807.109739,49,ciclo1_AC_AP,concentrator_trafo_2_12,prosumer17,cfp,100,1.901123,0
1789091807.109861,49,ciclo1_AC_AP,concentrator_trafo_2_12,prosumer18,cfp,100,1.791964,0
1789091807.109983,49,ciclo1_AC_AP,concentrator_trafo_2_12,prosumer19,cfp,100,1.661695,0
1789091807.110104,49,ciclo1_AC_AP,concentrator_trafo_2_12,prosumer20,cfp,100,1.527243,0
1789091807.110224,49,ciclo1_AC_AP,concentrator_trafo_2_12,prosumer21,cfp,100,3.820416,0
1789091807.110874,49,ciclo1_AC_AP,concentrator_trafo_3_22,prosumer22,cfp,100,2.417143,0
1789091807.111063,49,ciclo1_AC_AP,concentrator_trafo_3_22,prosumer23,cfp,100,0.474063,0
1789091807.111205,49,ciclo1_AC_AP,concentrator_trafo_3_22,prosumer24,cfp,100,0.765141,0
1789091807.111444,49,ciclo1_AC_AP,concentrator_trafo_3_22,prosumer25,cfp,100,1.770025,0
1789091807.111766,49,ciclo1_AC_AP,concentrator_trafo_3_22,prosumer26,cfp,100,2.045605,0
1789091807.111980,49,ciclo1_AC_AP,concentrator_trafo_3_22,prosumer27,cfp,100,4.108172,0
1789091807.112156,49,ciclo1_AC_AP,concentrator_trafo_3_22,prosumer28,cfp,100,6.747687,0
1789091807.112367,49,ciclo1_AC_AP,concentrator_trafo_3_22,prosumer29,cfp,100,3.808141,0
1789091807.112948,49,ciclo1_AC_AP,concentrator_trafo_3_22,prosumer30,cfp,100,3.149418,0
1789091807.113556,49,ciclo1_AC_AP,concentrator_trafo_3_22,prosumer31,cfp,100,0.751563,0
1789091807.114134,49,ciclo1_AC_AP,concentrator_trafo_3_22,prosumer32,cfp,100,5.814917,0
1789091807.114367,49,ciclo1_AC_AP,concentrator_trafo_3_22,prosumer33,cfp,100,3.449760,0
1789091807.115228,49,ciclo1_AC_AP,concentrator_trafo_4_34,prosumer34,cfp,100,0.769919,0
1789091807.115380,49,ciclo1_AC_AP,concentrator_trafo_4_34,prosumer35,cfp,100,5.531791,0
1789091807.115500,49,ciclo1_AC_AP,concentrator_trafo_4_34,prosumer36,cfp,100,7.007157,0
1789091807.115647,49,ciclo1_AC_AP,concentrator_trafo_4_34,prosumer37,cfp,100,1.623739,0
1789091807.115768,49,ciclo1_AC_AP,concentrator_trafo_4_34,prosumer38,cfp,100,0.038162,0
1789091807.115877,49,ciclo1_AC_AP,concentrator_trafo_4_34,prosumer39,cfp,100,4.006384,0
1789091807.115984,49,ciclo1_AC_AP,concentrator_trafo_4_34,prosumer40,cfp,100,0.557233,0
1789091807.116088,49,ciclo1_AC_AP,concentrator_trafo_4_34,prosumer41,cfp,100,2.693635,0
1789091807.116193,49,ciclo1_AC_AP,concentrator_trafo_4_34,prosumer42,cfp,100,6.950330,0
1789091807.116300,49,ciclo1_AC_AP,concentrator_trafo_4_34,prosumer43,cfp,100,3.286717,0
1789091807.116403,49,ciclo1_AC_AP,concentrator_trafo_4_34,prosumer44,cfp,100,3.250742,0
1789091807.116505,49,ciclo1_AC_AP,concentrator_trafo_4_34,prosumer45,cfp,100,5.219328,0
1789091807.116622,49,ciclo1_AC_AP,concentrator_trafo_4_34,prosumer46,cfp,100,0.406261,0
1789091807.122549,49,ciclo1_AC_AP,prosumer5,concentrator_trafo_1_5,propose,235,3.234534,0
1789091807.125961,49,ciclo1_AC_AP,prosumer14,concentrator_trafo_2_12,propose,296,7.659295,0
1789091807.128419,49,ciclo1_AC_AP,prosumer12,concentrator_trafo_2_12,propose,159,4.609637,0
1789091807.130397,49,ciclo1_AC_AP,prosumer23,concentrator_trafo_3_22,propose,276,6.777040,0
1789091807.132325,49,ciclo1_AC_AP,prosumer38,concentrator_trafo_4_34,propose,249,4.157381,0
1789091807.136072,49,ciclo1_AC_AP,prosumer24,concentrator_trafo_3_22,propose,291,4.830467,0
1789091807.137993,49,ciclo1_AC_AP,prosumer46,concentrator_trafo_4_34,propose,415,9.536571,0
1789091807.138506,49,ciclo1_AC_AP,prosumer31,concentrator_trafo_3_22,propose,426,8.690501,0
1789091807.140368,49,ciclo1_AC_AP,prosumer40,concentrator_trafo_4_34,propose,197,2.314756,0
1789091807.142245,49,ciclo1_AC_AP,prosumer34,concentrator_trafo_4_34,propose,481,8.145147,0
1789091807.144126,49,ciclo1_AC_AP,prosumer9,concentrator_trafo_1_5,propose,377,7.602586,0
1789091807.144662,49,ciclo1_AC_AP,prosumer20,concentrator_trafo_2_12,propose,377,4.439179,0
1789091807.147067,49,ciclo1_AC_AP,prosumer19,concentrator_trafo_2_12,propose,130,5.014650,0
1789091807.149185,49,ciclo1_AC_AP,prosumer18,concentrator_trafo_2_12,propose,273,4.154408,0
1789091807.149868,49,ciclo1_AC_AP,prosumer8,concentrator_trafo_1_5,propose,363,4.223080,0
1789091807.151932,49,ciclo1_AC_AP,prosumer17,concentrator_trafo_2_12,propose,382,8.030925,0
1789091807.154041,49,ciclo1_AC_AP,prosumer25,concentrator_trafo_3_22,propose,107,3.975347,0
1789091807.156182,49,ciclo1_AC_AP,prosumer37,concentrator_trafo_4_34,propose,182,10.980127,0
1789091807.158270,49,ciclo1_AC_AP,prosumer26,concentrator_trafo_3_22,propose,353,10.967214,0
1789091807.162601,49,ciclo1_AC_AP,prosumer22,concentrator_trafo_3_22,propose,111,0.220496,0
1789091807.164710,49,ciclo1_AC_AP,prosumer10,concentrator_trafo_1_5,propose,426,8.558819,0
1789091807.166801,49,ciclo1_AC_AP,prosumer6,concentrator_trafo_1_5,propose,232,3.619079,0
1789091807.168895,49,ciclo1_AC_AP,prosumer16,concentrator_trafo_2_12,propose,269,6.284060,0
1789091807.170973,49,ciclo1_AC_AP,prosumer11,concentrator_trafo_1_5,propose,170,2.527910,0
1789091807.173045,49,ciclo1_AC_AP,prosumer41,concentrator_trafo_4_34,propose,276,5.054267,0
1789091807.175157,49,ciclo1_AC_AP,prosumer13,concentrator_trafo_2_12,propose,150,5.409964,0
1789091807.177078,49,ciclo1_AC_AP,prosumer30,concentrator_trafo_3_22,propose,414,8.720988,0
1789091807.177625,49,ciclo1_AC_AP,prosumer15,concentrator_trafo_2_12,propose,387,13.769040,0
1789091807.179556,49,ciclo1_AC_AP,prosumer21,concentrator_trafo_2_12,propose,313,4.497517,0
1789091807.181508,49,ciclo1_AC_AP,prosumer33,concentrator_trafo_3_22,propose,488,7.270550,0
1789091807.183465,49,ciclo1_AC_AP,prosumer44,concentrator_trafo_4_34,propose,134,5.601661,0
1789091807.184037,49,ciclo1_AC_AP,prosumer43,concentrator_trafo_4_34,propose,228,4.201283,0
1789091807.185966,49,ciclo1_AC_AP,prosumer29,concentrator_trafo_3_22,propose,392,14.444152,0
1789091807.187819,49,ciclo1_AC_AP,prosumer27,concentrator_trafo_3_22,propose,153,5.832250,0
1789091807.190037,49,ciclo1_AC_AP,prosumer39,concentrator_trafo_4_34,propose,366,12.920023,0
1789091807.192192,49,ciclo1_AC_AP,prosumer7,concentrator_trafo_1_5,propose,138,8.584389,0
1789091807.196101,49,ciclo1_AC_AP,prosumer45,concentrator_trafo_4_34,propose,400,18.890365,0
1789091807.198045,49,ciclo1_AC_AP,prosumer35,concentrator_trafo_4_34,propose,165,9.798787,0
1789091807.199972,49,ciclo1_AC_AP,prosumer32,concentrator_trafo_3_22,propose,348,12.761379,0
1789091807.202384,49,ciclo1_AC_AP,prosumer28,concentrator_trafo_3_22,propose,117,3.573672,0
1789091807.204559,49,ciclo1_AC_AP,prosumer36,concentrator_trafo_4_34,propose,366,12.279988,0
1789091807.206425,49,ciclo1_AC_AP,prosumer42,concentrator_trafo_4_34,propose,500,14.150336,0
1789091807.394802,49,ciclo2_AD_AC,dso,concentrator_trafo_1_5,cfp,100,7.283378,0
1789091807.395401,49,ciclo2_AD_AC,dso,concentrator_trafo_2_12,cfp,100,1.934882,0
1789091807.395836,49,ciclo2_AD_AC,dso,concentrator_trafo_3_22,cfp,100,2.243202,0
1789091807.396056,49,ciclo2_AD_AC,dso,concentrator_trafo_4_34,cfp,100,3.173072,0
1789091807.420717,49,ciclo2_AD_AC,concentrator_trafo_2_12,dso,propose,1114,16.765720,0
1789091807.425568,49,ciclo2_AD_AC,concentrator_trafo_3_22,dso,propose,1177,41.226461,0
1789091807.433249,49,ciclo2_AD_AC,concentrator_trafo_4_34,dso,propose,1049,53.676110,0
1789091807.477758,49,ciclo2_AD_AC,concentrator_trafo_1_5,dso,propose,1285,43.370056,0
1789091807.978714,49,ciclo3_AM_AC_AD,market,dso,cfp,100,1.255390,0
1789091808.032481,49,ciclo3_AM_AC_AD,dso,market,propose,1428,26.019106,0
1789091808.299458,49,ciclo3_AM_AC_AD,market,concentrator_trafo_1_5,cfp,100,5.942930,0
1789091808.300204,49,ciclo3_AM_AC_AD,market,concentrator_trafo_2_12,cfp,100,5.774458,0
1789091808.301003,49,ciclo3_AM_AC_AD,market,concentrator_trafo_3_22,cfp,100,0.800769,0
1789091808.301367,49,ciclo3_AM_AC_AD,market,concentrator_trafo_4_34,cfp,100,5.194456,0
1789091808.301503,49,ciclo3_AM_AC_AD,market,dso,cfp,100,1.320398,0
1789091808.340970,49,ciclo3_AM_AC_AD,concentrator_trafo_3_22,market,propose,1362,23.254669,0
1789091808.351663,49,ciclo3_AM_AC_AD,dso,market,propose,1111,19.901054,0
1789091808.379808,49,ciclo3_AM_AC_AD,concentrator_trafo_4_34,market,propose,1090,40.237909,0
1789091808.391661,49,ciclo3_AM_AC_AD,concentrator_trafo_2_12,market,propose,1355,42.657170,0
1789091808.393784,49,ciclo3_AM_AC_AD,concentrator_trafo_1_5,market,propose,1339,44.023673,0
1789091808.907886,50,ciclo1_AC_AP,concentrator_trafo_1_5,prosumer5,cfp,100,0.051644,0
1789091808.908489,50,ciclo1_AC_AP,concentrator_trafo_1_5,prosumer6,cfp,100,0.541693,0
1789091808.908959,50,ciclo1_AC_AP,concentrator_trafo_1_5,prosumer7,cfp,100,0.518378,0
1789091808.909404,50,ciclo1_AC_AP,concentrator_trafo_1_5,prosumer8,cfp,100,3.223515,0
1789091808.909625,50,ciclo1_AC_AP,concentrator_trafo_1_5,prosumer9,cfp,100,3.305387,0
1789091808.909750,50,ciclo1_AC_AP,concentrator_trafo_1_5,prosumer10,cfp,100,1.012804,0
1789091808.909861,50,ciclo1_AC_AP,concentrator_trafo_1_5,prosumer11,cfp,100,3.098849,0
1789091808.910551,50,ciclo1_AC_AP,concentrator_trafo_2_12,prosumer12,cfp,100,1.204947,0
1789091808.910688,50,ciclo1_AC_AP,concentrator_trafo_2_12,prosumer13,cfp,100,5.954275,0
1789091808.910823,50,ciclo1_AC_AP,concentrator_trafo_2_12,prosumer14,cfp,100,1.920113,0
1789091808.910938,50,ciclo1_AC_AP,concentrator_trafo_2_12,prosumer15,cfp,100,6.690406,0
1789091808.911054,50,ciclo1_AC_AP,concentrator_trafo_2_12,prosumer16,cfp,100,0.978103,0
1789091808.911165,50,ciclo1_AC_AP,concentrator_trafo_2_12,prosumer17,cfp,100,0.836682,0
1789091808.911278,50,ciclo1_AC_AP,concentrator_trafo_2_12,prosumer18,cfp,100,0.585409,0
1789091808.911388,50,ciclo1_AC_AP,concentrator_trafo_2_12,prosumer19,cfp,100,2.915446,0
1789091808.911502,50,ciclo1_AC_AP,concentrator_trafo_2_12,prosumer20,cfp,100,1.333613,0
1789091808.911624,50,ciclo1_AC_AP,concentrator_trafo_2_12,prosumer21,cfp,100,4.043788,0
1789091808.912357,50,ciclo1_AC_AP,concentrator_trafo_3_22,prosumer22,cfp,100,3.962223,0
1789091808.912484,50,ciclo1_AC_AP,concentrator_trafo_3_22,prosumer23,cfp,100,0.881288,0
1789091808.912605,50,ciclo1_AC_AP,concentrator_trafo_3_22,prosumer24,cfp,100,3.578649,0
1789091808.912715,50,ciclo1_AC_AP,concentrator_trafo_3_22,prosumer25,cfp,100,3.099057,0
1789091808.912822,50,ciclo1_AC_AP,concentrator_trafo_3_22,prosumer26,cfp,100,5.414364,0
1789091808.912925,50,ciclo1_AC_AP,concentrator_trafo_3_22,prosumer27,cfp,100,5.381808,0
1789091808.913030,50,ciclo1_AC_AP,concentrator_trafo_3_22,prosumer28,cfp,100,2.400772,0
1789091808.913134,50,ciclo1_AC_AP,concentrator_trafo_3_22,prosumer29,cfp,100,4.302812,0
1789091808.913237,50,ciclo1_AC_AP,concentrator_trafo_3_22,prosumer30,cfp,100,2.980004,0
1789091808.913339,50,ciclo1_AC_AP,concentrator_trafo_3_22,prosumer31,cfp,100,1.187173,0
1789091808.913440,50,ciclo1_AC_AP,concentrator_trafo_3_22,prosumer32,cfp,100,5.711314,0
1789091808.913548,50,ciclo1_AC_AP,concentrator_trafo_3_22,prosumer33,cfp,100,3.805121,0
1789091808.914232,50,ciclo1_AC_AP,concentrator_trafo_4_34,prosumer34,cfp,100,0.924602,0
1789091808.914359,50,ciclo1_AC_AP,concentrator_trafo_4_34,prosumer35,cfp,100,3.738973,0
1789091808.914470,50,ciclo1_AC_AP,concentrator_trafo_4_34,prosumer36,cfp,100,5.918390,0
1789091808.914581,50,ciclo1_AC_AP,concentrator_trafo_4_34,prosumer37,cfp,100,3.171868,0
1789091808.914689,50,ciclo1_AC_AP,concentrator_trafo_4_34,prosumer38,cfp,100,1.852176,0
1789091808.914794,50,ciclo1_AC_AP,concentrator_trafo_4_34,prosumer39,cfp,100,3.874369,0
1789091808.914896,50,ciclo1_AC_AP,concentrator_trafo_4_34,prosumer40,cfp,100,1.547686,0
1789091808.914999,50,ciclo1_AC_AP,concentrator_trafo_4_34,prosumer41,cfp,100,0.266009,0
1789091808.915102,50,ciclo1_AC_AP,concentrator_trafo_4_34,prosumer42,cfp,100,2.686516,0
1789091808.915207,50,ciclo1_AC_AP,concentrator_trafo_4_34,prosumer43,cfp,100,1.748589,0
1789091808.915309,50,ciclo1_AC_AP,concentrator_trafo_4_34,prosumer44,cfp,100,5.775976,0
1789091808.915410,50,ciclo1_AC_AP,concentrator_trafo_4_34,prosumer45,cfp,100,3.102646,0
1789091808.915511,50,ciclo1_AC_AP,concentrator_trafo_4_34,prosumer46,cfp,100,0.348600,0
1789091808.921161,50,ciclo1_AC_AP,prosumer5,concentrator_trafo_1_5,propose,217,5.021969,0
1789091808.925385,50,ciclo1_AC_AP,prosumer6,concentrator_trafo_1_5,propose,304,5.312135,0
1789091808.929176,50,ciclo1_AC_AP,prosumer7,concentrator_trafo_1_5,propose,203,5.011555,0
1789091808.933892,50,ciclo1_AC_AP,prosumer18,concentrator_trafo_2_12,propose,411,8.109938,0
1789091808.934465,50,ciclo1_AC_AP,prosumer41,concentrator_trafo_4_34,propose,457,10.026082,0
1789091808.935009,50,ciclo1_AC_AP,prosumer46,concentrator_trafo_4_34,propose,481,9.156434,0
1789091808.936925,50,ciclo1_AC_AP,prosumer17,concentrator_trafo_2_12,propose,324,5.320156,0
1789091808.937469,50,ciclo1_AC_AP,prosumer10,concentrator_trafo_1_5,propose,278,7.697947,0
1789091808.939321,50,ciclo1_AC_AP,prosumer16,concentrator_trafo_2_12,propose,180,4.018978,0
1789091808.939885,50,ciclo1_AC_AP,prosumer23,concentrator_trafo_3_22,propose,237,3.472603,0
1789091808.941809,50,ciclo1_AC_AP,prosumer12,concentrator_trafo_2_12,propose,469,7.536606,0
1789091808.943700,50,ciclo1_AC_AP,prosumer34,concentrator_trafo_4_34,propose,278,4.478652,0
1789091808.944246,50,ciclo1_AC_AP,prosumer20,concentrator_trafo_2_12,propose,380,5.627127,0
1789091808.946193,50,ciclo1_AC_AP,prosumer31,concentrator_trafo_3_22,propose,202,3.989478,0
1789091808.947206,50,ciclo1_AC_AP,prosumer14,concentrator_trafo_2_12,propose,210,3.178976,0
1789091808.949517,50,ciclo1_AC_AP,prosumer40,concentrator_trafo_4_34,propose,338,5.790214,0
1789091808.951322,50,ciclo1_AC_AP,prosumer43,concentrator_trafo_4_34,propose,260,4.618365,0
1789091808.953237,50,ciclo1_AC_AP,prosumer38,concentrator_trafo_4_34,propose,165,4.184963,0
1789091808.953802,50,ciclo1_AC_AP,prosumer28,concentrator_trafo_3_22,propose,241,9.487090,0
1789091808.955779,50,ciclo1_AC_AP,prosumer19,concentrator_trafo_2_12,propose,387,10.032001,0
1789091808.956321,50,ciclo1_AC_AP,prosumer11,concentrator_trafo_1_5,propose,440,8.055638,0
1789091808.956773,50,ciclo1_AC_AP,prosumer8,concentrator_trafo_1_5,propose,497,8.404951,0
1789091808.957239,50,ciclo1_AC_AP,prosumer42,concentrator_trafo_4_34,propose,494,16.021112,0
1789091808.959112,50,ciclo1_AC_AP,prosumer9,concentrator_trafo_1_5,propose,100,0.336120,0
1789091808.961097,50,ciclo1_AC_AP,prosumer30,concentrator_trafo_3_22,propose,142,3.601626,0
1789091808.963001,50,ciclo1_AC_AP,prosumer25,concentrator_trafo_3_22,propose,438,14.785043,0
1789091808.964941,50,ciclo1_AC_AP,prosumer37,concentrator_trafo_4_34,propose,267,10.240781,0
1789091808.965643,50,ciclo1_AC_AP,prosumer45,concentrator_trafo_4_34,propose,257,12.738453,0
1789091808.967771,50,ciclo1_AC_AP,prosumer24,concentrator_trafo_3_22,propose,461,8.789677,0
1789091808.969242,50,ciclo1_AC_AP,prosumer33,concentrator_trafo_3_22,propose,500,9.634955,0
1789091808.971162,50,ciclo1_AC_AP,prosumer35,concentrator_trafo_4_34,propose,265,14.651131,0
1789091808.973122,50,ciclo1_AC_AP,prosumer22,concentrator_trafo_3_22,propose,117,0.349277,0
1789091808.974993,50,ciclo1_AC_AP,prosumer21,concentrator_trafo_2_12,propose,143,2.578759,0
1789091808.976884,50,ciclo1_AC_AP,prosumer39,concentrator_trafo_4_34,propose,413,15.919413,0
1789091808.978736,50,ciclo1_AC_AP,prosumer29,concentrator_trafo_3_22,propose,107,4.399669,0
1789091808.981402,50,ciclo1_AC_AP,prosumer27,concentrator_trafo_3_22,propose,249,7.744825,0
1789091808.983651,50,ciclo1_AC_AP,prosumer26,concentrator_trafo_3_22,propose,158,10.680723,0
1789091808.985356,50,ciclo1_AC_AP,prosumer13,concentrator_trafo_2_12,propose,185,6.677402,0
1789091808.987396,50,ciclo1_AC_AP,prosumer32,concentrator_trafo_3_22,propose,464,18.627482,0
1789091808.989567,50,ciclo1_AC_AP,prosumer44,concentrator_trafo_4_34,propose,240,7.811577,0
1789091808.990064,50,ciclo1_AC_AP,prosumer36,concentrator_trafo_4_34,propose,203,9.430564,0
1789091808.992436,50,ciclo1_AC_AP,prosumer15,concentrator_trafo_2_12,propose,362,13.631411,0
1789091809.181687,50,ciclo2_AD_AC,dso,concentrator_trafo_1_5,cfp,100,2.297909,0
1789091809.182272,50,ciclo2_AD_AC,dso,concentrator_trafo_2_12,cfp,100,3.020081,0
1789091809.182564,50,ciclo2_AD_AC,dso,concentrator_trafo_3_22,cfp,100,4.184825,0
1789091809.182873,50,ciclo2_AD_AC,dso,concentrator_trafo_4_34,cfp,100,4.671418,0
1789091809.213438,50,ciclo2_AD_AC,concentrator_trafo_1_5,dso,propose,1283,43.047546,0
1789091809.218656,50,ciclo2_AD_AC,concentrator_trafo_2_12,dso,propose,1177,19.412192,0
1789091809.230889,50,ciclo2_AD_AC,concentrator_trafo_3_22,dso,propose,1442,50.006947,0
1789091809.235345,50,ciclo2_AD_AC,concentrator_trafo_4_34,dso,propose,1229,63.445166,0
1789091809.881212,50,ciclo3_AM_AC_AD,market,dso,cfp,100,2.573793,0
1789091809.919747,50,ciclo3_AM_AC_AD,dso,market,propose,1045,19.516198,0
1789091810.121225,50,ciclo3_AM_AC_AD,market,concentrator_trafo_1_5,cfp,100,7.372984,0
1789091810.121564,50,ciclo3_AM_AC_AD,market,concentrator_trafo_2_12,cfp,100,3.607891,0
1789091810.121906,50,ciclo3_AM_AC_AD,market,concentrator_trafo_3_22,cfp,100,0.476960,0
1789091810.122127,50,ciclo3_AM_AC_AD,market,concentrator_trafo_4_34,cfp,100,0.362677,0
1789091810.122272,50,ciclo3_AM_AC_AD,market,dso,cfp,100,2.402402,0
1789091810.156857,50,ciclo3_AM_AC_AD,concentrator_trafo_4_34,market,propose,1212,42.448370,0
1789091810.173426,50,ciclo3_AM_AC_AD,concentrator_trafo_3_22,market,propose,1257,18.405719,0
1789091810.198288,50,ciclo3_AM_AC_AD,concentrator_trafo_2_12,market,propose,1272,42.936262,0
1789091810.203487,50,ciclo3_AM_AC_AD,dso,market,propose,1425,24.762148,0
1789091810.222374,50,ciclo3_AM_AC_AD,concentrator_trafo_1_5,market,propose,1209,37.619489,0
1789091810.704888,51,ciclo1_AC_AP,concentrator_trafo_1_5,prosumer5,cfp,100,2.290902,0
1789091810.705139,51,ciclo1_AC_AP,concentrator_trafo_1_5,prosumer6,cfp,100,1.236771,0
1789091810.705378,51,ciclo1_AC_AP,concentrator_trafo_1_5,prosumer7,cfp,100,5.150458,0
1789091810.705522,51,ciclo1_AC_AP,concentrator_trafo_1_5,prosumer8,cfp,100,0.315621,0
1789091810.705688,51,ciclo1_AC_AP,concentrator_trafo_1_5,prosumer9,cfp,100,2.532499,0
1789091810.705750,51,ciclo1_AC_AP,concentrator_trafo_1_5,prosumer10,cfp,100,0.970124,0
1789091810.705805,51,ciclo1_AC_AP,concentrator_trafo_1_5,prosumer11,cfp,100,2.194775,0
1789091810.706256,51,ciclo1_AC_AP,concentrator_trafo_2_12,prosumer12,cfp,100,3.295616,0
1789091810.706326,51,ciclo1_AC_AP,concentrator_trafo_2_12,prosumer13,cfp,100,1.273278,0
1789091810.706377,51,ciclo1_AC_AP,concentrator_trafo_2_12,prosumer14,cfp,100,3.434641,0
1789091810.706431,51,ciclo1_AC_AP,concentrator_trafo_2_12,prosumer15,cfp,100,3.200149,0
1789091810.706480,51,ciclo1_AC_AP,concentrator_trafo_2_12,prosumer16,cfp,100,1.031350,0
1789091810.706527,51,ciclo1_AC_AP,concentrator_trafo_2_12,prosumer17,cfp,100,3.673855,0
1789091810.706674,51,ciclo1_AC_AP,concentrator_trafo_2_12,prosumer18,cfp,100,1.671449,0
1789091810.706726,51,ciclo1_AC_AP,concentrator_trafo_2_12,prosumer19,cfp,100,4.021027,0
1789091810.706772,51,ciclo1_AC_AP,concentrator_trafo_2_12,prosumer20,cfp,100,4.029863,0
1789091810.706820,51,ciclo1_AC_AP,concentrator_trafo_2_12,prosumer21,cfp,100,3.676436,0
1789091810.707287,51,ciclo1_AC_AP,concentrator_trafo_3_22,prosumer22,cfp,100,0.367598,0
1789091810.707446,51,ciclo1_AC_AP,concentrator_trafo_3_22,prosumer23,cfp,100,3.143731,0
1789091810.707586,51,ciclo1_AC_AP,concentrator_trafo_3_22,prosumer24,cfp,100,3.585659,0
1789091810.707714,51,ciclo1_AC_AP,concentrator_trafo_3_22,prosumer25,cfp,100,2.355207,0
1789091810.707836,51,ciclo1_AC_AP,concentrator_trafo_3_22,prosumer26,cfp,100,1.513881,0
1789091810.707961,51,ciclo1_AC_AP,concentrator_trafo_3_22,prosumer27,cfp,100,3.878760,0
1789091810.708079,51,ciclo1_AC_AP,concentrator_trafo_3_22,prosumer28,cfp,100,4.416798,0
1789091810.708200,51,ciclo1_AC_AP,concentrator_trafo_3_22,prosumer29,cfp,100,4.519972,0
1789091810.708314,51,ciclo1_AC_AP,concentrator_trafo_3_22,prosumer30,cfp,100,0.684283,0
1789091810.708420,51,ciclo1_AC_AP,concentrator_trafo_3_22,prosumer31,cfp,100,0.099504,0
1789091810.708526,51,ciclo1_AC_AP,concentrator_trafo_3_22,prosumer32,cfp,100,4.472892,0
1789091810.708653,51,ciclo1_AC_AP,concentrator_trafo_3_22,prosumer33,cfp,100,2.037824,0
1789091810.709360,51,ciclo1_AC_AP,concentrator_trafo_4_34,prosumer34,cfp,100,0.124173,0
1789091810.709513,51,ciclo1_AC_AP,concentrator_trafo_4_34,prosumer35,cfp,100,3.068358,0
1789091810.709665,51,ciclo1_AC_AP,concentrator_trafo_4_34,prosumer36,cfp,100,4.010581,0
1789091810.709778,51,ciclo1_AC_AP,concentrator_trafo_4_34,prosumer37,cfp,100,4.293937,0
1789091810.709882,51,ciclo1_AC_AP,concentrator_trafo_4_34,prosumer38,cfp,100,0.062175,0
1789091810.709985,51,ciclo1_AC_AP,concentrator_trafo_4_34,prosumer39,cfp,100,4.477350,0
1789091810.710087,51,ciclo1_AC_AP,concentrator_trafo_4_34,prosumer40,cfp,100,2.609121,0
1789091810.710187,51,ciclo1_AC_AP,concentrator_trafo_4_34,prosumer41,cfp,100,0.338265,0
1789091810.710286,51,ciclo1_AC_AP,concentrator_trafo_4_34,prosumer42,cfp,100,4.501503,0
1789091810.710392,51,ciclo1_AC_AP,concentrator_trafo_4_34,prosumer43,cfp,100,0.429914,0
1789091810.710485,51,ciclo1_AC_AP,concentrator_trafo_4_34,prosumer44,cfp,100,5.042801,0
1789091810.710588,51,ciclo1_AC_AP,concentrator_trafo_4_34,prosumer45,cfp,100,3.948193,0
1789091810.710685,51,ciclo1_AC_AP,concentrator_trafo_4_34,prosumer46,cfp,100,1.773771,0
1789091810.716576,51,ciclo1_AC_AP,prosumer8,concentrator_trafo_1_5,propose,162,4.868706,0
1789091810.717773,51,ciclo1_AC_AP,prosumer31,concentrator_trafo_3_22,propose,141,3.870796,0
1789091810.721397,51,ciclo1_AC_AP,prosumer38,concentrator_trafo_4_34,propose,403,7.925199,0
1789091810.725319,51,ciclo1_AC_AP,prosumer34,concentrator_trafo_4_34,propose,337,5.598578,0
1789091810.727036,51,ciclo1_AC_AP,prosumer22,concentrator_trafo_3_22,propose,265,6.183968,0
1789091810.733063,51,ciclo1_AC_AP,prosumer41,concentrator_trafo_4_34,propose,189,4.039314,0
1789091810.734051,51,ciclo1_AC_AP,prosumer43,concentrator_trafo_4_34,propose,251,2.048159,0
1789091810.734954,51,ciclo1_AC_AP,prosumer30,concentrator_trafo_3_22,propose,223,6.024300,0
1789091810.737902,51,ciclo1_AC_AP,prosumer10,concentrator_trafo_1_5,propose,421,8.463157,0
1789091810.741000,51,ciclo1_AC_AP,prosumer16,concentrator_trafo_2_12,propose,323,4.485658,0
1789091810.744415,51,ciclo1_AC_AP,prosumer6,concentrator_trafo_1_5,propose,444,6.894611,0
1789091810.745363,51,ciclo1_AC_AP,prosumer13,concentrator_trafo_2_12,propose,457,9.425778,0
1789091810.748798,51,ciclo1_AC_AP,prosumer26,concentrator_trafo_3_22,propose,246,9.609710,0
1789091810.751875,51,ciclo1_AC_AP,prosumer18,concentrator_trafo_2_12,propose,116,2.231789,0
1789091810.754605,51,ciclo1_AC_AP,prosumer11,concentrator_trafo_1_5,propose,111,3.764167,0
1789091810.755469,51,ciclo1_AC_AP,prosumer5,concentrator_trafo_1_5,propose,104,2.316694,0
1789091810.758601,51,ciclo1_AC_AP,prosumer46,concentrator_trafo_4_34,propose,426,7.430494,0
1789091810.763804,51,ciclo1_AC_AP,prosumer33,concentrator_trafo_3_22,propose,237,5.434964,0
1789091810.766703,51,ciclo1_AC_AP,prosumer9,concentrator_trafo_1_5,propose,139,3.090386,0
1789091810.769307,51,ciclo1_AC_AP,prosumer25,concentrator_trafo_3_22,propose,438,17.663158,0
1789091810.772099,51,ciclo1_AC_AP,prosumer40,concentrator_trafo_4_34,propose,260,5.220309,0
1789091810.772888,51,ciclo1_AC_AP,prosumer15,concentrator_trafo_2_12,propose,262,11.883540,0
1789091810.773596,51,ciclo1_AC_AP,prosumer23,concentrator_trafo_3_22,propose,380,5.691504,0
1789091810.776439,51,ciclo1_AC_AP,prosumer12,concentrator_trafo_2_12,propose,434,7.159667,0
1789091810.779110,51,ciclo1_AC_AP,prosumer35,concentrator_trafo_4_34,propose,247,5.816682,0
1789091810.781455,51,ciclo1_AC_AP,prosumer14,concentrator_trafo_2_12,propose,124,3.582373,0
1789091810.783544,51,ciclo1_AC_AP,prosumer17,concentrator_trafo_2_12,propose,462,9.423564,0
1789091810.785488,51,ciclo1_AC_AP,prosumer24,concentrator_trafo_3_22,propose,227,2.951648,0
1789091810.787420,51,ciclo1_AC_AP,prosumer21,concentrator_trafo_2_12,propose,454,8.032302,0
1789091810.789253,51,ciclo1_AC_AP,prosumer27,concentrator_trafo_3_22,propose,364,11.044430,0
1789091810.791196,51,ciclo1_AC_AP,prosumer19,concentrator_trafo_2_12,propose,171,5.136951,0
1789091810.791678,51,ciclo1_AC_AP,prosumer20,concentrator_trafo_2_12,propose,232,2.554135,0
1789091810.793576,51,ciclo1_AC_AP,prosumer36,concentrator_trafo_4_34,propose,405,17.060047,0
1789091810.795509,51,ciclo1_AC_AP,prosumer45,concentrator_trafo_4_34,propose,128,8.412423,0
1789091810.797405,51,ciclo1_AC_AP,prosumer28,concentrator_trafo_3_22,propose,298,10.920776,0
1789091810.798660,51,ciclo1_AC_AP,prosumer37,concentrator_trafo_4_34,propose,314,12.447649,0
1789091810.800599,51,ciclo1_AC_AP,prosumer32,concentrator_trafo_3_22,propose,243,8.945996,0
1789091810.802575,51,ciclo1_AC_AP,prosumer29,concentrator_trafo_3_22,propose,398,17.684594,0
1789091810.805284,51,ciclo1_AC_AP,prosumer39,concentrator_trafo_4_34,propose,215,9.869870,0
1789091810.805859,51,ciclo1_AC_AP,prosumer42,concentrator_trafo_4_34,propose,229,8.603862,0
1789091810.808033,51,ciclo1_AC_AP,prosumer7,concentrator_trafo_1_5,propose,260,7.344604,0
1789091810.809158,51,ciclo1_AC_AP,prosumer44,concentrator_trafo_4_34,propose,372,11.825384,0
1789091810.987428,51,ciclo2_AD_AC,dso,concentrator_trafo_1_5,cfp,100,1.320069,0
1789091810.988139,51,ciclo2_AD_AC,dso,concentrator_trafo_2_12,cfp,100,1.323686,0
1789091810.988554,51,ciclo2_AD_AC,dso,concentrator_trafo_3_22,cfp,100,2.929241,0
1789091810.989166,51,ciclo2_AD_AC,dso,concentrator_trafo_4_34,cfp,100,8.364266,0
1789091811.009362,51,ciclo2_AD_AC,concentrator_trafo_1_5,dso,propose,1250,41.136165,0
1789091811.014036,51,ciclo2_AD_AC,concentrator_trafo_2_12,dso,propose,1455,25.354023,0
1789091811.023728,51,ciclo2_AD_AC,concentrator_trafo_3_22,dso,propose,1229,40.304405,0
1789091811.082813,51,ciclo2_AD_AC,concentrator_trafo_4_34,dso,propose,1362,63.211372,0
1789091811.725724,51,ciclo3_AM_AC_AD,market,dso,cfp,100,2.927807,0
1789091811.764878,51,ciclo3_AM_AC_AD,dso,market,propose,1062,16.569888,0
1789091811.938396,51,ciclo3_AM_AC_AD,market,concentrator_trafo_1_5,cfp,100,4.631896,0
1789091811.939199,51,ciclo3_AM_AC_AD,market,concentrator_trafo_2_12,cfp,100,3.854348,0
1789091811.939705,51,ciclo3_AM_AC_AD,market,concentrator_trafo_3_22,cfp,100,0.148158,0
1789091811.940083,51,ciclo3_AM_AC_AD,market,concentrator_trafo_4_34,cfp,100,5.375738,0
1789091811.940516,51,ciclo3_AM_AC_AD,market,dso,cfp,100,1.980785,0
1789091811.968694,51,ciclo3_AM_AC_AD,concentrator_trafo_3_22,market,propose,1216,18.671795,0
1789091811.997509,51,ciclo3_AM_AC_AD,concentrator_trafo_2_12,market,propose,1191,41.478169,0
1789091812.001669,51,ciclo3_AM_AC_AD,concentrator_trafo_1_5,market,propose,1086,36.628656,0
1789091812.004071,51,ciclo3_AM_AC_AD,dso,market,propose,1266,19.861541,0
1789091812.014944,51,ciclo3_AM_AC_AD,concentrator_trafo_4_34,market,propose,1026,42.502796,0
1789091812.515757,52,ciclo1_AC_AP,concentrator_trafo_1_5,prosumer5,cfp,100,0.855842,0
1789091812.516386,52,ciclo1_AC_AP,concentrator_trafo_1_5,prosumer6,cfp,100,3.861930,0
1789091812.516694,52,ciclo1_AC_AP,concentrator_trafo_1_5,prosumer7,cfp,100,3.204265,0
1789091812.516878,52,ciclo1_AC_AP,concentrator_trafo_1_5,prosumer8,cfp,100,1.766756,0
1789091812.517023,52,ciclo1_AC_AP,concentrator_trafo_1_5,prosumer9,cfp,100,3.930718,0
1789091812.517245,52,ciclo1_AC_AP,concentrator_trafo_1_5,prosumer10,cfp,100,3.951542,0
1789091812.517575,52,ciclo1_AC_AP,concentrator_trafo_1_5,prosumer11,cfp,100,1.914286,0
1789091812.518476,52,ciclo1_AC_AP,concentrator_trafo_2_12,prosumer12,cfp,100,1.946656,0
1789091812.518657,52,ciclo1_AC_AP,concentrator_trafo_2_12,prosumer13,cfp,100,0.473984,0
1789091812.518805,52,ciclo1_AC_AP,concentrator_trafo_2_12,prosumer14,cfp,100,2.137050,0
1789091812.518931,52,ciclo1_AC_AP,concentrator_trafo_2_12,prosumer15,cfp,100,0.790752,0
1789091812.519052,52,ciclo1_AC_AP,concentrator_trafo_2_12,prosumer16,cfp,100,1.419459,0
1789091812.519169,52,ciclo1_AC_AP,concentrator_trafo_2_12,prosumer17,cfp,100,2.905035,0
1789091812.519286,52,ciclo1_AC_AP,concentrator_trafo_2_12,prosumer18,cfp,100,2.296390,0
1789091812.519399,52,ciclo1_AC_AP,concentrator_trafo_2_12,prosumer19,cfp,100,2.074774,0
1789091812.519513,52,ciclo1_AC_AP,concentrator_trafo_2_12,prosumer20,cfp,100,1.098514,0
1789091812.519647,52,ciclo1_AC_AP,concentrator_trafo_2_12,prosumer21,cfp,100,0.637071,0
1789091812.520415,52,ciclo1_AC_AP,concentrator_trafo_3_22,prosumer22,cfp,100,1.265674,0
1789091812.520775,52,ciclo1_AC_AP,concentrator_trafo_3_22,prosumer23,cfp,100,2.323221,0
1789091812.521128,52,ciclo1_AC_AP,concentrator_trafo_3_22,prosumer24,cfp,100,2.260046,0
1789091812.521324,52,ciclo1_AC_AP,concentrator_trafo_3_22,prosumer25,cfp,100,3.840595,0
1789091812.521440,52,ciclo1_AC_AP,concentrator_trafo_3_22,prosumer26,cfp,100,2.052132,0
1789091812.521558,52,ciclo1_AC_AP,concentrator_trafo_3_22,prosumer27,cfp,100,3.507305,0
1789091812.521765,52,ciclo1_AC_AP,concentrator_trafo_3_22,prosumer28,cfp,100,1.222905,0
1789091812.521952,52,ciclo1_AC_AP,concentrator_trafo_3_22,prosumer29,cfp,100,3.323883,0
1789091812.522069,52,ciclo1_AC_AP,concentrator_trafo_3_22,prosumer30,cfp,100,3.434811,0
1789091812.522175,52,ciclo1_AC_AP,concentrator_trafo_3_22,prosumer31,cfp,100,4.028124,0
1789091812.522271,52,ciclo1_AC_AP,concentrator_trafo_3_22,prosumer32,cfp,100,5.191531,0
1789091812.522370,52,ciclo1_AC_AP,concentrator_trafo_3_22,prosumer33,cfp,100,3.570044,0
1789091812.523140,52,ciclo1_AC_AP,concentrator_trafo_4_34,prosumer34,cfp,100,2.127740,0
1789091812.523276,52,ciclo1_AC_AP,concentrator_trafo_4_34,prosumer35,cfp,100,5.086166,0
1789091812.523380,52,ciclo1_AC_AP,concentrator_trafo_4_34,prosumer36,cfp,100,3.135370,0
1789091812.523484,52,ciclo1_AC_AP,concentrator_trafo_4_34,prosumer37,cfp,100,2.283578,0
1789091812.523600,52,ciclo1_AC_AP,concentrator_trafo_4_34,prosumer38,cfp,100,0.240337,0
1789091812.523702,52,ciclo1_AC_AP,concentrator_trafo_4_34,prosumer39,cfp,100,4.782733,0
1789091812.523801,52,ciclo1_AC_AP,concentrator_trafo_4_34,prosumer40,cfp,100,0.036858,0
1789091812.523898,52,ciclo1_AC_AP,concentrator_trafo_4_34,prosumer41,cfp,100,2.994914,0
1789091812.523993,52,ciclo1_AC_AP,concentrator_trafo_4_34,prosumer42,cfp,100,4.547467,0
1789091812.524089,52,ciclo1_AC_AP,concentrator_trafo_4_34,prosumer43,cfp,100,3.999903,0
1789091812.524185,52,ciclo1_AC_AP,concentrator_trafo_4_34,prosumer44,cfp,100,1.381102,0
1789091812.524280,52,ciclo1_AC_AP,concentrator_trafo_4_34,prosumer45,cfp,100,6.739371,0
1789091812.524374,52,ciclo1_AC_AP,concentrator_trafo_4_34,prosumer46,cfp,100,2.192324,0
1789091812.529905,52,ciclo1_AC_AP,prosumer13,concentrator_trafo_2_12,propose,218,4.704170,0
1789091812.533696,52,ciclo1_AC_AP,prosumer40,concentrator_trafo_4_34,propose,461,8.590954,0
1789091812.536370,52,ciclo1_AC_AP,prosumer5,concentrator_trafo_1_5,propose,344,4.687477,0
1789091812.538290,52,ciclo1_AC_AP,prosumer38,concentrator_trafo_4_34,propose,296,4.790261,0
1789091812.540227,52,ciclo1_AC_AP,prosumer21,concentrator_trafo_2_12,propose,115,1.342946,0
1789091812.542156,52,ciclo1_AC_AP,prosumer15,concentrator_trafo_2_12,propose,222,9.420849,0
1789091812.542732,52,ciclo1_AC_AP,prosumer20,concentrator_trafo_2_12,propose,141,2.713731,0
1789091812.544622,52,ciclo1_AC_AP,prosumer22,concentrator_trafo_3_22,propose,257,7.393904,0
1789091812.546497,52,ciclo1_AC_AP,prosumer16,concentrator_trafo_2_12,propose,150,2.826810,0
1789091812.547031,52,ciclo1_AC_AP,prosumer28,concentrator_trafo_3_22,propose,193,11.447713,0
1789091812.547534,52,ciclo1_AC_AP,prosumer8,concentrator_trafo_1_5,propose,165,2.744204,0
1789091812.549669,52,ciclo1_AC_AP,prosumer11,concentrator_trafo_1_5,propose,324,4.340538,0
1789091812.552977,52,ciclo1_AC_AP,prosumer12,concentrator_trafo_2_12,propose,107,2.673904,0
1789091812.555366,52,ciclo1_AC_AP,prosumer44,concentrator_trafo_4_34,propose,485,16.684339,0
1789091812.557277,52,ciclo1_AC_AP,prosumer19,concentrator_trafo_2_12,propose,285,7.369908,0
1789091812.557831,52,ciclo1_AC_AP,prosumer14,concentrator_trafo_2_12,propose,369,4.356606,0
1789091812.558346,52,ciclo1_AC_AP,prosumer26,concentrator_trafo_3_22,propose,311,8.656153,0
1789091812.560222,52,ciclo1_AC_AP,prosumer18,concentrator_trafo_2_12,propose,163,2.184567,0
1789091812.562112,52,ciclo1_AC_AP,prosumer24,concentrator_trafo_3_22,propose,369,8.014908,0
1789091812.563998,52,ciclo1_AC_AP,prosumer23,concentrator_trafo_3_22,propose,226,4.203658,0
1789091812.565907,52,ciclo1_AC_AP,prosumer34,concentrator_trafo_4_34,propose,355,6.229801,0
1789091812.567805,52,ciclo1_AC_AP,prosumer46,concentrator_trafo_4_34,propose,244,5.845607,0
1789091812.568344,52,ciclo1_AC_AP,prosumer37,concentrator_trafo_4_34,propose,237,9.830632,0
1789091812.570513,52,ciclo1_AC_AP,prosumer17,concentrator_trafo_2_12,propose,306,4.412702,0
1789091812.571049,52,ciclo1_AC_AP,prosumer7,concentrator_trafo_1_5,propose,320,5.409734,0
1789091812.573601,52,ciclo1_AC_AP,prosumer41,concentrator_trafo_4_34,propose,341,7.011064,0
1789091812.575484,52,ciclo1_AC_AP,prosumer36,concentrator_trafo_4_34,propose,457,17.262590,0
1789091812.577357,52,ciclo1_AC_AP,prosumer6,concentrator_trafo_1_5,propose,129,3.075773,0
1789091812.577899,52,ciclo1_AC_AP,prosumer29,concentrator_trafo_3_22,propose,184,7.604599,0
1789091812.579739,52,ciclo1_AC_AP,prosumer9,concentrator_trafo_1_5,propose,463,9.146774,0
1789091812.581634,52,ciclo1_AC_AP,prosumer30,concentrator_trafo_3_22,propose,368,6.698249,0
1789091812.582177,52,ciclo1_AC_AP,prosumer27,concentrator_trafo_3_22,propose,282,13.721787,0
1789091812.584054,52,ciclo1_AC_AP,prosumer10,concentrator_trafo_1_5,propose,203,5.821874,0
1789091812.584650,52,ciclo1_AC_AP,prosumer33,concentrator_trafo_3_22,propose,227,3.730868,0
1789091812.585239,52,ciclo1_AC_AP,prosumer25,concentrator_trafo_3_22,propose,177,8.267538,0
1789091812.585727,52,ciclo1_AC_AP,prosumer31,concentrator_trafo_3_22,propose,213,5.231987,0
1789091812.586233,52,ciclo1_AC_AP,prosumer43,concentrator_trafo_4_34,propose,254,4.548142,0
1789091812.586996,52,ciclo1_AC_AP,prosumer42,concentrator_trafo_4_34,propose,174,6.941621,0
1789091812.587881,52,ciclo1_AC_AP,prosumer39,concentrator_trafo_4_34,propose,195,5.016756,0
1789091812.590533,52,ciclo1_AC_AP,prosumer35,concentrator_trafo_4_34,propose,382,16.501605,0
1789091812.592404,52,ciclo1_AC_AP,prosumer32,concentrator_trafo_3_22,propose,228,8.710604,0
1789091812.596149,52,ciclo1_AC_AP,prosumer45,concentrator_trafo_4_34,propose,378,14.220865,0
1789091812.762573,52,ciclo2_AD_AC,dso,concentrator_trafo_1_5,cfp,100,5.749789,0
1789091812.762869,52,ciclo2_AD_AC,dso,concentrator_trafo_2_12,cfp,100,2.421471,0
1789091812.763062,52,ciclo2_AD_AC,dso,concentrator_trafo_3_22,cfp,100,5.973537,0
1789091812.763202,52,ciclo2_AD_AC,dso,concentrator_trafo_4_34,cfp,100,5.074365,0
1789091812.795030,52,ciclo2_AD_AC,concentrator_trafo_2_12,dso,propose,1013,14.979327,0
1789091812.821910,52,ciclo2_AD_AC,concentrator_trafo_4_34,dso,propose,1092,54.092817,0
1789091812.824048,52,ciclo2_AD_AC,concentrator_trafo_1_5,dso,propose,1119,38.326273,0
1789091812.828130,52,ciclo2_AD_AC,concentrator_trafo_3_22,dso,propose,1442,50.305424,0
1789091813.370983,52,ciclo3_AM_AC_AD,market,dso,cfp,100,3.285748,0
1789091813.413923,52,ciclo3_AM_AC_AD,dso,market,propose,1420,26.179583,0
1789091813.684861,52,ciclo3_AM_AC_AD,market,concentrator_trafo_1_5,cfp,100,2.589346,0
1789091813.684973,52,ciclo3_AM_AC_AD,market,concentrator_trafo_2_12,cfp,100,3.715161,0
1789091813.685056,52,ciclo3_AM_AC_AD,market,concentrator_trafo_3_22,cfp,100,2.853551,0
1789091813.685152,52,ciclo3_AM_AC_AD,market,concentrator_trafo_4_34,cfp,100,5.654740,0
1789091813.685233,52,ciclo3_AM_AC_AD,market,dso,cfp,100,3.092376,0
1789091813.756442,52,ciclo3_AM_AC_AD,concentrator_trafo_1_5,market,propose,1369,42.663784,0
1789091813.762180,52,ciclo3_AM_AC_AD,concentrator_trafo_3_22,market,propose,1213,20.638947,0
1789091813.771502,52,ciclo3_AM_AC_AD,dso,market,propose,1473,26.039145,0
1789091813.772240,52,ciclo3_AM_AC_AD,concentrator_trafo_2_12,market,propose,1452,51.708207,0
1789091813.780081,52,ciclo3_AM_AC_AD,concentrator_trafo_4_34,market,propose,1361,46.851766,0
1789091814.366215,53,ciclo1_AC_AP,concentrator_trafo_1_5,prosumer5,cfp,100,1.749354,0
1789091814.366670,53,ciclo1_AC_AP,concentrator_trafo_1_5,prosumer6,cfp,100,3.774988,0
1789091814.366919,53,ciclo1_AC_AP,concentrator_trafo_1_5,prosumer7,cfp,100,3.396170,0
1789091814.367147,53,ciclo1_AC_AP,concentrator_trafo_1_5,prosumer8,cfp,100,3.433997,0
1789091814.367370,53,ciclo1_AC_AP,concentrator_trafo_1_5,prosumer9,cfp,100,2.988368,0
1789091814.367594,53,ciclo1_AC_AP,concentrator_trafo_1_5,prosumer10,cfp,100,2.874452,0
1789091814.367813,53,ciclo1_AC_AP,concentrator_trafo_1_5,prosumer11,cfp,100,2.139484,0
1789091814.368649,53,ciclo1_AC_AP,concentrator_trafo_2_12,prosumer12,cfp,100,1.817327,0
1789091814.368808,53,ciclo1_AC_AP,concentrator_trafo_2_12,prosumer13,cfp,100,1.481769,0
1789091814.368934,53,ciclo1_AC_AP,concentrator_trafo_2_12,prosumer14,cfp,100,1.535255,0
1789091814.369060,53,ciclo1_AC_AP,concentrator_trafo_2_12,prosumer15,cfp,100,5.968014,0
1789091814.369171,53,ciclo1_AC_AP,concentrator_trafo_2_12,prosumer16,cfp,100,2.336456,0
1789091814.369281,53,ciclo1_AC_AP,concentrator_trafo_2_12,prosumer17,cfp,100,2.401943,0
1789091814.369392,53,ciclo1_AC_AP,concentrator_trafo_2_12,prosumer18,cfp,100,0.380124,0
1789091814.369503,53,ciclo1_AC_AP,concentrator_trafo_2_12,prosumer19,cfp,100,1.860588,0
1789091814.369623,53,ciclo1_AC_AP,concentrator_trafo_2_12,prosumer20,cfp,100,0.981932,0
1789091814.369735,53,ciclo1_AC_AP,concentrator_trafo_2_12,prosumer21,cfp,100,3.919286,0
1789091814.370432,53,ciclo1_AC_AP,concentrator_trafo_3_22,prosumer22,cfp,100,1.372258,0
1789091814.370584,53,ciclo1_AC_AP,concentrator_trafo_3_22,prosumer23,cfp,100,2.728784,0
1789091814.370705,53,ciclo1_AC_AP,concentrator_trafo_3_22,prosumer24,cfp,100,3.758105,0
1789091814.370816,53,ciclo1_AC_AP,concentrator_trafo_3_22,prosumer25,cfp,100,2.345861,0
1789091814.370922,53,ciclo1_AC_AP,concentrator_trafo_3_22,prosumer26,cfp,100,4.870727,0
1789091814.371017,53,ciclo1_AC_AP,concentrator_trafo_3_22,prosumer27,cfp,100,2.476897,0
1789091814.371112,53,ciclo1_AC_AP,concentrator_trafo_3_22,prosumer28,cfp,100,3.602503,0
1789091814.371208,53,ciclo1_AC_AP,concentrator_trafo_3_22,prosumer29,cfp,100,6.173839,0
1789091814.371301,53,ciclo1_AC_AP,concentrator_trafo_3_22,prosumer30,cfp,100,3.898350,0
1789091814.371396,53,ciclo1_AC_AP,concentrator_trafo_3_22,prosumer31,cfp,100,3.608136,0
1789091814.371490,53,ciclo1_AC_AP,concentrator_trafo_3_22,prosumer32,cfp,100,2.892338,0
1789091814.371600,53,ciclo1_AC_AP,concentrator_trafo_3_22,prosumer33,cfp,100,0.028438,0
1789091814.372261,53,ciclo1_AC_AP,concentrator_trafo_4_34,prosumer34,cfp,100,3.394726,0
1789091814.372387,53,ciclo1_AC_AP,concentrator_trafo_4_34,prosumer35,cfp,100,1.380578,0
1789091814.372491,53,ciclo1_AC_AP,concentrator_trafo_4_34,prosumer36,cfp,100,4.508250,0
1789091814.372608,53,ciclo1_AC_AP,concentrator_trafo_4_34,prosumer37,cfp,100,5.529759,0
1789091814.372708,53,ciclo1_AC_AP,concentrator_trafo_4_34,prosumer38,cfp,100,3.849936,0
1789091814.372810,53,ciclo1_AC_AP,concentrator_trafo_4_34,prosumer39,cfp,100,2.312722,0
1789091814.372905,53,ciclo1_AC_AP,concentrator_trafo_4_34,prosumer40,cfp,100,4.010390,0
1789091814.373001,53,ciclo1_AC_AP,concentrator_trafo_4_34,prosumer41,cfp,100,2.709137,0
1789091814.373096,53,ciclo1_AC_AP,concentrator_trafo_4_34,prosumer42,cfp,100,3.434078,0
1789091814.373193,53,ciclo1_AC_AP,concentrator_trafo_4_34,prosumer43,cfp,100,0.070092,0
1789091814.373289,53,ciclo1_AC_AP,concentrator_trafo_4_34,prosumer44,cfp,100,5.294225,0
1789091814.373384,53,ciclo1_AC_AP,concentrator_trafo_4_34,prosumer45,cfp,100,3.507783,0
1789091814.373477,53,ciclo1_AC_AP,concentrator_trafo_4_34,prosumer46,cfp,100,0.545126,0
1789091814.378700,53,ciclo1_AC_AP,prosumer33,concentrator_trafo_3_22,propose,180,2.216346,0
1789091814.379755,53,ciclo1_AC_AP,prosumer18,concentrator_trafo_2_12,propose,224,3.405726,0
1789091814.383874,53,ciclo1_AC_AP,prosumer43,concentrator_trafo_4_34,propose,488,7.865562,0
1789091814.386496,53,ciclo1_AC_AP,prosumer46,concentrator_trafo_4_34,propose,386,9.156145,0
1789091814.390049,53,ciclo1_AC_AP,prosumer20,concentrator_trafo_2_12,propose,165,2.656337,0
1789091814.394193,53,ciclo1_AC_AP,prosumer13,concentrator_trafo_2_12,propose,397,8.316703,0
1789091814.395153,53,ciclo1_AC_AP,prosumer5,concentrator_trafo_1_5,propose,448,9.926040,0
1789091814.398692,53,ciclo1_AC_AP,prosumer22,concentrator_trafo_3_22,propose,186,2.681476,0
1789091814.404954,53,ciclo1_AC_AP,prosumer14,concentrator_trafo_2_12,propose,481,9.837159,0
1789091814.412585,53,ciclo1_AC_AP,prosumer35,concentrator_trafo_4_34,propose,226,9.864815,0
1789091814.415719,53,ciclo1_AC_AP,prosumer12,concentrator_trafo_2_12,propose,368,7.097379,0
1789091814.418664,53,ciclo1_AC_AP,prosumer19,concentrator_trafo_2_12,propose,496,9.375224,0
1789091814.421476,53,ciclo1_AC_AP,prosumer11,concentrator_trafo_1_5,propose,253,5.407986,0
1789091814.426176,53,ciclo1_AC_AP,prosumer16,concentrator_trafo_2_12,propose,462,6.272932,0
1789091814.427204,53,ciclo1_AC_AP,prosumer17,concentrator_trafo_2_12,propose,479,7.664552,0
1789091814.429281,53,ciclo1_AC_AP,prosumer25,concentrator_trafo_3_22,propose,110,2.820223,0
1789091814.431352,53,ciclo1_AC_AP,prosumer27,concentrator_trafo_3_22,propose,469,16.510297,0
1789091814.433339,53,ciclo1_AC_AP,prosumer39,concentrator_trafo_4_34,propose,335,9.239710,0
1789091814.435370,53,ciclo1_AC_AP,prosumer10,concentrator_trafo_1_5,propose,202,2.300281,0
1789091814.436052,53,ciclo1_AC_AP,prosumer9,concentrator_trafo_1_5,propose,131,5.111153,0
1789091814.438057,53,ciclo1_AC_AP,prosumer23,concentrator_trafo_3_22,propose,310,7.779903,0
1789091814.440113,53,ciclo1_AC_AP,prosumer41,concentrator_trafo_4_34,propose,185,2.039967,0
1789091814.442192,53,ciclo1_AC_AP,prosumer32,concentrator_trafo_3_22,propose,295,11.921856,0
1789091814.443213,53,ciclo1_AC_AP,prosumer7,concentrator_trafo_1_5,propose,358,12.366364,1
1789091814.443773,53,ciclo1_AC_AP,prosumer8,concentrator_trafo_1_5,propose,298,7.307872,0
1789091814.445722,53,ciclo1_AC_AP,prosumer6,concentrator_trafo_1_5,propose,208,6.041112,0
1789091814.448524,53,ciclo1_AC_AP,prosumer34,concentrator_trafo_4_34,propose,297,7.987408,0
1789091814.449444,53,ciclo1_AC_AP,prosumer28,concentrator_trafo_3_22,propose,373,12.985046,0
1789091814.449958,53,ciclo1_AC_AP,prosumer42,concentrator_trafo_4_34,propose,369,12.972503,0
1789091814.450469,53,ciclo1_AC_AP,prosumer31,concentrator_trafo_3_22,propose,352,6.450457,0
1789091814.452332,53,ciclo1_AC_AP,prosumer24,concentrator_trafo_3_22,propose,152,6.037745,0
1789091814.452957,53,ciclo1_AC_AP,prosumer45,concentrator_trafo_4_34,propose,164,8.032309,0
1789091814.453545,53,ciclo1_AC_AP,prosumer21,concentrator_trafo_2_12,propose,144,2.674845,0
1789091814.455978,53,ciclo1_AC_AP,prosumer30,concentrator_trafo_3_22,propose,372,7.849883,0
1789091814.457863,53,ciclo1_AC_AP,prosumer38,concentrator_trafo_4_34,propose,105,0.383925,0
1789091814.459697,53,ciclo1_AC_AP,prosumer40,concentrator_trafo_4_34,propose,141,3.567983,0
1789091814.462226,53,ciclo1_AC_AP,prosumer36,concentrator_trafo_4_34,propose,105,4.945547,0
1789091814.464180,53,ciclo1_AC_AP,prosumer26,concentrator_trafo_3_22,propose,482,17.530280,0
1789091814.466835,53,ciclo1_AC_AP,prosumer44,concentrator_trafo_4_34,propose,224,8.819172,0
1789091814.468814,53,ciclo1_AC_AP,prosumer37,concentrator_trafo_4_34,propose,481,16.494933,0
1789091814.470790,53,ciclo1_AC_AP,prosumer15,concentrator_trafo_2_12,propose,302,9.934691,0
1789091814.471359,53,ciclo1_AC_AP,prosumer29,concentrator_trafo_3_22,propose,330,14.313422,0
1789091834.455144,53,ciclo1_AC_AP,concentrator_trafo_1_5,prosumer7,cfp,100,0.623138,0
1789091834.467883,53,ciclo1_AC_AP,prosumer7,concentrator_trafo_1_5,propose,445,11.357716,0
1789091834.590783,53,ciclo2_AD_AC,dso,concentrator_trafo_1_5,cfp,100,3.698586,0
1789091834.591061,53,ciclo2_AD_AC,dso,concentrator_trafo_2_12,cfp,100,2.806671,0
1789091834.591233,53,ciclo2_AD_AC,dso,concentrator_trafo_3_22,cfp,100,4.390496,0
1789091834.591379,53,ciclo2_AD_AC,dso,concentrator_trafo_4_34,cfp,100,9.925395,0
1789091834.627931,53,ciclo2_AD_AC,concentrator_trafo_2_12,dso,propose,1141,19.658540,0
1789091834.633374,53,ciclo2_AD_AC,concentrator_trafo_1_5,dso,propose,1211,42.098986,0
1789091834.640745,53,ciclo2_AD_AC,concentrator_trafo_3_22,dso,propose,1498,46.629279,0
1789091834.699048,53,ciclo2_AD_AC,concentrator_trafo_4_34,dso,propose,1176,62.323290,0
1789091835.329103,53,ciclo3_AM_AC_AD,market,dso,cfp,100,3.787560,0
1789091835.379370,53,ciclo3_AM_AC_AD,dso,market,propose,1338,21.191970,0
1789091835.601531,53,ciclo3_AM_AC_AD,market,concentrator_trafo_1_5,cfp,100,2.298645,0
1789091835.602072,53,ciclo3_AM_AC_AD,market,concentrator_trafo_2_12,cfp,100,3.841814,0
1789091835.602297,53,ciclo3_AM_AC_AD,market,concentrator_trafo_3_22,cfp,100,2.550135,0
1789091835.602435,53,ciclo3_AM_AC_AD,market,concentrator_trafo_4_34,cfp,100,5.638221,0
1789091835.602578,53,ciclo3_AM_AC_AD,market,dso,cfp,100,0.394440,0
1789091835.650302,53,ciclo3_AM_AC_AD,concentrator_trafo_1_5,market,propose,1202,37.037389,0
1789091835.655092,53,ciclo3_AM_AC_AD,dso,market,propose,1132,19.622607,0
1789091835.657836,53,ciclo3_AM_AC_AD,concentrator_trafo_3_22,market,propose,1371,20.305835,0
1789091835.669025,53,ciclo3_AM_AC_AD,concentrator_trafo_2_12,market,propose,1039,35.291325,0
1789091835.672156,53,ciclo3_AM_AC_AD,concentrator_trafo_4_34,market,propose,1456,51.170366,0
1789091836.261957,54,ciclo1_AC_AP,concentrator_trafo_1_5,prosumer5,cfp,100,2.867886,0
1789091836.262478,54,ciclo1_AC_AP,concentrator_trafo_1_5,prosumer6,cfp,100,3.704381,0
1789091836.262922,54,ciclo1_AC_AP,concentrator_trafo_1_5,prosumer7,cfp,100,0.566636,0
1789091836.263224,54,ciclo1_AC_AP,concentrator_trafo_1_5,prosumer8,cfp,100,3.529173,0
1789091836.263382,54,ciclo1_AC_AP,concentrator_trafo_1_5,prosumer9,cfp,100,3.834451,0
1789091836.263529,54,ciclo1_AC_AP,concentrator_trafo_1_5,prosumer10,cfp,100,3.505162,0
1789091836.263680,54,ciclo1_AC_AP,concentrator_trafo_1_5,prosumer11,cfp,100,2.042644,0
1789091836.264520,54,ciclo1_AC_AP,concentrator_trafo_2_12,prosumer12,cfp,100,0.590973,0
1789091836.264717,54,ciclo1_AC_AP,concentrator_trafo_2_12,prosumer13,cfp,100,5.277670,0
1789091836.264852,54,ciclo1_AC_AP,concentrator_trafo_2_12,prosumer14,cfp,100,2.269511,0
1789091836.264974,54,ciclo1_AC_AP,concentrator_trafo_2_12,prosumer15,cfp,100,3.026287,0
1789091836.265090,54,ciclo1_AC_AP,concentrator_trafo_2_12,prosumer16,cfp,100,3.477218,0
1789091836.265203,54,ciclo1_AC_AP,concentrator_trafo_2_12,prosumer17,cfp,100,3.629592,0
1789091836.265311,54,ciclo1_AC_AP,concentrator_trafo_2_12,prosumer18,cfp,100,2.272552,0
1789091836.265420,54,ciclo1_AC_AP,concentrator_trafo_2_12,prosumer19,cfp,100,1.152096,0
1789091836.265530,54,ciclo1_AC_AP,concentrator_trafo_2_12,prosumer20,cfp,100,0.379257,0
1789091836.265664,54,ciclo1_AC_AP,concentrator_trafo_2_12,prosumer21,cfp,100,1.513047,0
1789091836.266392,54,ciclo1_AC_AP,concentrator_trafo_3_22,prosumer22,cfp,100,1.288260,0
1789091836.266536,54,ciclo1_AC_AP,concentrator_trafo_3_22,prosumer23,cfp,100,1.996221,0
1789091836.266678,54,ciclo1_AC_AP,concentrator_trafo_3_22,prosumer24,cfp,100,2.909467,0
1789091836.266795,54,ciclo1_AC_AP,concentrator_trafo_3_22,prosumer25,cfp,100,5.307973,0
1789091836.266908,54,ciclo1_AC_AP,concentrator_trafo_3_22,prosumer26,cfp,100,2.990184,0
1789091836.267010,54,ciclo1_AC_AP,concentrator_trafo_3_22,prosumer27,cfp,100,6.855734,0
1789091836.267113,54,ciclo1_AC_AP,concentrator_trafo_3_22,prosumer28,cfp,100,4.011933,0
1789091836.267213,54,ciclo1_AC_AP,concentrator_trafo_3_22,prosumer29,cfp,100,3.508641,0
1789091836.267305,54,ciclo1_AC_AP,concentrator_trafo_3_22,prosumer30,cfp,100,1.495433,0
1789091836.267399,54,ciclo1_AC_AP,concentrator_trafo_3_22,prosumer31,cfp,100,1.766304,0
1789091836.267493,54,ciclo1_AC_AP,concentrator_trafo_3_22,prosumer32,cfp,100,3.387638,0
1789091836.267600,54,ciclo1_AC_AP,concentrator_trafo_3_22,prosumer33,cfp,100,2.981784,0
1789091836.268278,54,ciclo1_AC_AP,concentrator_trafo_4_34,prosumer34,cfp,100,1.905003,0
1789091836.268409,54,ciclo1_AC_AP,concentrator_trafo_4_34,prosumer35,cfp,100,4.286599,0
1789091836.268517,54,ciclo1_AC_AP,concentrator_trafo_4_34,prosumer36,cfp,100,3.524579,0
1789091836.268640,54,ciclo1_AC_AP,concentrator_trafo_4_34,prosumer37,cfp,100,7.393578,0
1789091836.268743,54,ciclo1_AC_AP,concentrator_trafo_4_34,prosumer38,cfp,100,3.133725,0
1789091836.268841,54,ciclo1_AC_AP,concentrator_trafo_4_34,prosumer39,cfp,100,2.161154,0
1789091836.268937,54,ciclo1_AC_AP,concentrator_trafo_4_34,prosumer40,cfp,100,1.464111,0
1789091836.269032,54,ciclo1_AC_AP,concentrator_trafo_4_34,prosumer41,cfp,100,2.254829,0
1789091836.269130,54,ciclo1_AC_AP,concentrator_trafo_4_34,prosumer42,cfp,100,2.801040,0
1789091836.269228,54,ciclo1_AC_AP,concentrator_trafo_4_34,prosumer43,cfp,100,1.281256,0
1789091836.269325,54,ciclo1_AC_AP,concentrator_trafo_4_34,prosumer44,cfp,100,4.510391,0
1789091836.269418,54,ciclo1_AC_AP,concentrator_trafo_4_34,prosumer45,cfp,100,4.557878,0
1789091836.269559,54,ciclo1_AC_AP,concentrator_trafo_4_34,prosumer46,cfp,100,3.692269,0
1789091836.274199,54,ciclo1_AC_AP,prosumer7,concentrator_trafo_1_5,propose,490,13.900727,0
1789091836.276961,54,ciclo1_AC_AP,prosumer20,concentrator_trafo_2_12,propose,180,5.625890,0
1789091836.279432,54,ciclo1_AC_AP,prosumer12,concentrator_trafo_2_12,propose,400,6.195874,0
1789091836.281501,54,ciclo1_AC_AP,prosumer19,concentrator_trafo_2_12,propose,224,4.702085,0
1789091836.283752,54,ciclo1_AC_AP,prosumer22,concentrator_trafo_3_22,propose,479,7.590806,0
1789091836.285912,54,ciclo1_AC_AP,prosumer21,concentrator_trafo_2_12,propose,207,5.775120,0
1789091836.288563,54,ciclo1_AC_AP,prosumer43,concentrator_trafo_4_34,propose,123,3.324464,0
1789091836.290467,54,ciclo1_AC_AP,prosumer30,concentrator_trafo_3_22,propose,489,8.833893,0
1789091836.292374,54,ciclo1_AC_AP,prosumer40,concentrator_trafo_4_34,propose,127,1.007912,0
1789091836.294753,54,ciclo1_AC_AP,prosumer11,concentrator_trafo_1_5,propose,361,5.178380,0
1789091836.296654,54,ciclo1_AC_AP,prosumer31,concentrator_trafo_3_22,propose,134,6.039955,0
1789091836.299412,54,ciclo1_AC_AP,prosumer23,concentrator_trafo_3_22,propose,454,7.781399,0
1789091836.302007,54,ciclo1_AC_AP,prosumer34,concentrator_trafo_4_34,propose,328,6.563823,0
1789091836.304141,54,ciclo1_AC_AP,prosumer14,concentrator_trafo_2_12,propose,227,3.821313,0
1789091836.306230,54,ciclo1_AC_AP,prosumer18,concentrator_trafo_2_12,propose,330,5.598169,0
1789091836.308313,54,ciclo1_AC_AP,prosumer39,concentrator_trafo_4_34,propose,463,15.498132,0
1789091836.309264,54,ciclo1_AC_AP,prosumer5,concentrator_trafo_1_5,propose,498,7.458060,0
1789091836.309751,54,ciclo1_AC_AP,prosumer41,concentrator_trafo_4_34,propose,489,8.919627,0
1789091836.311198,54,ciclo1_AC_AP,prosumer15,concentrator_trafo_2_12,propose,438,16.150228,0
1789091836.313144,54,ciclo1_AC_AP,prosumer24,concentrator_trafo_3_22,propose,168,5.914288,0
1789091836.315036,54,ciclo1_AC_AP,prosumer26,concentrator_trafo_3_22,propose,407,17.129258,0
1789091836.315622,54,ciclo1_AC_AP,prosumer42,concentrator_trafo_4_34,propose,420,14.931823,0
1789091836.318381,54,ciclo1_AC_AP,prosumer33,concentrator_trafo_3_22,propose,360,7.052412,0
1789091836.320660,54,ciclo1_AC_AP,prosumer8,concentrator_trafo_1_5,propose,248,3.050406,0
1789091836.322611,54,ciclo1_AC_AP,prosumer10,concentrator_trafo_1_5,propose,106,0.254142,0
1789091836.324532,54,ciclo1_AC_AP,prosumer6,concentrator_trafo_1_5,propose,406,7.898971,0
1789091836.326479,54,ciclo1_AC_AP,prosumer16,concentrator_trafo_2_12,propose,175,5.279574,0
1789091836.328855,54,ciclo1_AC_AP,prosumer38,concentrator_trafo_4_34,propose,279,5.673266,0
1789091836.330758,54,ciclo1_AC_AP,prosumer32,concentrator_trafo_3_22,propose,441,18.759133,0
1789091836.332711,54,ciclo1_AC_AP,prosumer17,concentrator_trafo_2_12,propose,283,4.347335,0
1789091836.333230,54,ciclo1_AC_AP,prosumer9,concentrator_trafo_1_5,propose,287,5.838027,0
1789091836.335156,54,ciclo1_AC_AP,prosumer29,concentrator_trafo_3_22,propose,252,10.551490,0
1789091836.337420,54,ciclo1_AC_AP,prosumer36,concentrator_trafo_4_34,propose,356,12.201778,0
1789091836.339345,54,ciclo1_AC_AP,prosumer46,concentrator_trafo_4_34,propose,428,6.267637,0
1789091836.339890,54,ciclo1_AC_AP,prosumer28,concentrator_trafo_3_22,propose,452,18.481426,0
1789091836.342595,54,ciclo1_AC_AP,prosumer35,concentrator_trafo_4_34,propose,229,9.075584,0
1789091836.343134,54,ciclo1_AC_AP,prosumer44,concentrator_trafo_4_34,propose,168,8.540311,0
1789091836.345050,54,ciclo1_AC_AP,prosumer45,concentrator_trafo_4_34,propose,111,5.509902,0
1789091836.347465,54,ciclo1_AC_AP,prosumer13,concentrator_trafo_2_12,propose,345,19.960415,0
1789091836.349814,54,ciclo1_AC_AP,prosumer25,concentrator_trafo_3_22,propose,475,16.378981,0
1789091836.353056,54,ciclo1_AC_AP,prosumer27,concentrator_trafo_3_22,propose,202,9.485187,0
1789091836.355864,54,ciclo1_AC_AP,prosumer37,concentrator_trafo_4_34,propose,411,16.195536,0
1789091836.555773,54,ciclo2_AD_AC,dso,concentrator_trafo_1_5,cfp,100,7.043712,0
1789091836.556441,54,ciclo2_AD_AC,dso,concentrator_trafo_2_12,cfp,100,1.914176,0
1789091836.556978,54,ciclo2_AD_AC,dso,concentrator_trafo_3_22,cfp,100,5.442021,0
1789091836.557466,54,ciclo2_AD_AC,dso,concentrator_trafo_4_34,cfp,100,6.323059,0
1789091836.579727,54,ciclo2_AD_AC,concentrator_trafo_2_12,dso,propose,1203,20.581690,0
1789091836.615095,54,ciclo2_AD_AC,concentrator_trafo_3_22,dso,propose,1173,38.684373,0
1789091836.624612,54,ciclo2_AD_AC,concentrator_trafo_4_34,dso,propose,1242,59.361182,0
1789091836.629050,54,ciclo2_AD_AC,concentrator_trafo_1_5,dso,propose,1154,39.518495,0
1789091837.228418,54,ciclo3_AM_AC_AD,market,dso,cfp,100,1.135728,0
1789091837.250622,54,ciclo3_AM_AC_AD,dso,market,propose,1225,20.711303,0
1789091837.466719,54,ciclo3_AM_AC_AD,market,concentrator_trafo_1_5,cfp,100,5.327217,0
1789091837.467337,54,ciclo3_AM_AC_AD,market,concentrator_trafo_2_12,cfp,100,1.801238,0
1789091837.467828,54,ciclo3_AM_AC_AD,market,concentrator_trafo_3_22,cfp,100,3.919881,0
1789091837.468321,54,ciclo3_AM_AC_AD,market,concentrator_trafo_4_34,cfp,100,6.392959,0
1789091837.468564,54,ciclo3_AM_AC_AD,market,dso,cfp,100,1.723901,0
1789091837.522469,54,ciclo3_AM_AC_AD,concentrator_trafo_2_12,market,propose,1071,36.197504,0
1789091837.533304,54,ciclo3_AM_AC_AD,dso,market,propose,1243,18.572590,0
1789091837.535191,54,ciclo3_AM_AC_AD,concentrator_trafo_3_22,market,propose,1419,22.359253,0
1789091837.543974,54,ciclo3_AM_AC_AD,concentrator_trafo_1_5,market,propose,1151,41.147235,0
1789091837.551651,54,ciclo3_AM_AC_AD,concentrator_trafo_4_34,market,propose,1480,51.119715,0
1789091838.140405,55,ciclo1_AC_AP,concentrator_trafo_1_5,prosumer5,cfp,100,1.450108,0
1789091838.141303,55,ciclo1_AC_AP,concentrator_trafo_1_5,prosumer6,cfp,100,1.551975,0
1789091838.142102,55,ciclo1_AC_AP,concentrator_trafo_1_5,prosumer7,cfp,100,2.911221,0
1789091838.142615,55,ciclo1_AC_AP,concentrator_trafo_1_5,prosumer8,cfp,100,1.392256,0
1789091838.142913,55,ciclo1_AC_AP,concentrator_trafo_1_5,prosumer9,cfp,100,0.682438,0
1789091838.143050,55,ciclo1_AC_AP,concentrator_trafo_1_5,prosumer10,cfp,100,2.489576,0
1789091838.143170,55,ciclo1_AC_AP,concentrator_trafo_1_5,prosumer11,cfp,100,1.037621,0
1789091838.144080,55,ciclo1_AC_AP,concentrator_trafo_2_12,prosumer12,cfp,100,3.917736,0
1789091838.144333,55,ciclo1_AC_AP,concentrator_trafo_2_12,prosumer13,cfp,100,1.277233,0
1789091838.144452,55,ciclo1_AC_AP,concentrator_trafo_2_12,prosumer14,cfp,100,2.204146,0
1789091838.144566,55,ciclo1_AC_AP,concentrator_trafo_2_12,prosumer15,cfp,100,4.371386,0
1789091838.144768,55,ciclo1_AC_AP,concentrator_trafo_2_12,prosumer16,cfp,100,2.876866,0
1789091838.144880,55,ciclo1_AC_AP,concentrator_trafo_2_12,prosumer17,cfp,100,1.039969,0
1789091838.144982,55,ciclo1_AC_AP,concentrator_trafo_2_12,prosumer18,cfp,100,3.580588,0
1789091838.145086,55,ciclo1_AC_AP,concentrator_trafo_2_12,prosumer19,cfp,100,3.503042,0
1789091838.145194,55,ciclo1_AC_AP,concentrator_trafo_2_12,prosumer20,cfp,100,2.676998,0
1789091838.145301,55,ciclo1_AC_AP,concentrator_trafo_2_12,prosumer21,cfp,100,3.996970,0
1789091838.146051,55,ciclo1_AC_AP,concentrator_trafo_3_22,prosumer22,cfp,100,3.899105,0
1789091838.146179,55,ciclo1_AC_AP,concentrator_trafo_3_22,prosumer23,cfp,100,1.803560,0
1789091838.146287,55,ciclo1_AC_AP,concentrator_trafo_3_22,prosumer24,cfp,100,0.096836,0
1789091838.146393,55,ciclo1_AC_AP,concentrator_trafo_3_22,prosumer25,cfp,100,3.533541,0
1789091838.146496,55,ciclo1_AC_AP,concentrator_trafo_3_22,prosumer26,cfp,100,2.802056,0
1789091838.146614,55,ciclo1_AC_AP,concentrator_trafo_3_22,prosumer27,cfp,100,4.418126,0
1789091838.146720,55,ciclo1_AC_AP,concentrator_trafo_3_22,prosumer28,cfp,100,3.213146,0
1789091838.146823,55,ciclo1_AC_AP,concentrator_trafo_3_22,prosumer29,cfp,100,7.190288,0
1789091838.146926,55,ciclo1_AC_AP,concentrator_trafo_3_22,prosumer30,cfp,100,3.594509,0
1789091838.147029,55,ciclo1_AC_AP,concentrator_trafo_3_22,prosumer31,cfp,100,3.354555,0
1789091838.147135,55,ciclo1_AC_AP,concentrator_trafo_3_22,prosumer32,cfp,100,6.309306,0
1789091838.147236,55,ciclo1_AC_AP,concentrator_trafo_3_22,prosumer33,cfp,100,1.245214,0
1789091838.147883,55,ciclo1_AC_AP,concentrator_trafo_4_34,prosumer34,cfp,100,3.960453,0
1789091838.148012,55,ciclo1_AC_AP,concentrator_trafo_4_34,prosumer35,cfp,100,5.286519,0
1789091838.148122,55,ciclo1_AC_AP,concentrator_trafo_4_34,prosumer36,cfp,100,3.941121,0
1789091838.148228,55,ciclo1_AC_AP,concentrator_trafo_4_34,prosumer37,cfp,100,6.629653,0
1789091838.148332,55,ciclo1_AC_AP,concentrator_trafo_4_34,prosumer38,cfp,100,5.172670,0
1789091838.148432,55,ciclo1_AC_AP,concentrator_trafo_4_34,prosumer39,cfp,100,2.307893,0
1789091838.148533,55,ciclo1_AC_AP,concentrator_trafo_4_34,prosumer40,cfp,100,0.738965,0
1789091838.148807,55,ciclo1_AC_AP,concentrator_trafo_4_34,prosumer41,cfp,100,1.698101,0
1789091838.148958,55,ciclo1_AC_AP,concentrator_trafo_4_34,prosumer42,cfp,100,6.429739,0
1789091838.149076,55,ciclo1_AC_AP,concentrator_trafo_4_34,prosumer43,cfp,100,2.346236,0
1789091838.149186,55,ciclo1_AC_AP,concentrator_trafo_4_34,prosumer44,cfp,100,2.558423,0
1789091838.149288,55,ciclo1_AC_AP,concentrator_trafo_4_34,prosumer45,cfp,100,3.282598,0
1789091838.149393,55,ciclo1_AC_AP,concentrator_trafo_4_34,prosumer46,cfp,100,1.776844,0
1789091838.154700,55,ciclo1_AC_AP,prosumer24,concentrator_trafo_3_22,propose,458,6.196511,0
1789091838.159488,55,ciclo1_AC_AP,prosumer9,concentrator_trafo_1_5,propose,269,6.375960,0
1789091838.162445,55,ciclo1_AC_AP,prosumer11,concentrator_trafo_1_5,propose,278,6.236966,0
1789091838.165205,55,ciclo1_AC_AP,prosumer5,concentrator_trafo_1_5,propose,426,7.060873,0
1789091838.166064,55,ciclo1_AC_AP,prosumer17,concentrator_trafo_2_12,propose,408,6.728932,0
1789091838.168137,55,ciclo1_AC_AP,prosumer40,concentrator_trafo_4_34,propose,294,6.096937,0
1789091838.168659,55,ciclo1_AC_AP,prosumer8,concentrator_trafo_1_5,propose,302,7.566996,0
1789091838.170558,55,ciclo1_AC_AP,prosumer6,concentrator_trafo_1_5,propose,396,7.552615,0
1789091838.172490,55,ciclo1_AC_AP,prosumer13,concentrator_trafo_2_12,propose,305,12.083950,1
1789091838.174370,55,ciclo1_AC_AP,prosumer33,concentrator_trafo_3_22,propose,456,7.731655,0
1789091838.177680,55,ciclo1_AC_AP,prosumer23,concentrator_trafo_3_22,propose,356,7.113595,0
1789091838.179960,55,ciclo1_AC_AP,prosumer41,concentrator_trafo_4_34,propose,252,5.826840,0
1789091838.182034,55,ciclo1_AC_AP,prosumer14,concentrator_trafo_2_12,propose,445,7.926494,0
1789091838.182616,55,ciclo1_AC_AP,prosumer46,concentrator_trafo_4_34,propose,487,7.477750,0
1789091838.183141,55,ciclo1_AC_AP,prosumer10,concentrator_trafo_1_5,propose,389,7.035106,0
1789091838.185294,55,ciclo1_AC_AP,prosumer7,concentrator_trafo_1_5,propose,220,4.123118,0
1789091838.185796,55,ciclo1_AC_AP,prosumer39,concentrator_trafo_4_34,propose,196,6.552118,0
1789091838.187672,55,ciclo1_AC_AP,prosumer20,concentrator_trafo_2_12,propose,320,4.750624,0
1789091838.189538,55,ciclo1_AC_AP,prosumer43,concentrator_trafo_4_34,propose,210,2.441636,0
1789091838.190130,55,ciclo1_AC_AP,prosumer16,concentrator_trafo_2_12,propose,235,5.676229,0
1789091838.192116,55,ciclo1_AC_AP,prosumer26,concentrator_trafo_3_22,propose,363,12.344582,0
1789091838.194384,55,ciclo1_AC_AP,prosumer44,concentrator_trafo_4_34,propose,185,7.101759,0
1789091838.198002,55,ciclo1_AC_AP,prosumer28,concentrator_trafo_3_22,propose,360,14.229651,0
1789091838.199984,55,ciclo1_AC_AP,prosumer19,concentrator_trafo_2_12,propose,171,5.575995,0
1789091838.202029,55,ciclo1_AC_AP,prosumer31,concentrator_trafo_3_22,propose,405,9.869628,0
1789091838.204047,55,ciclo1_AC_AP,prosumer18,concentrator_trafo_2_12,propose,364,4.550539,0
1789091838.205972,55,ciclo1_AC_AP,prosumer25,concentrator_trafo_3_22,propose,487,15.085152,0
1789091838.207949,55,ciclo1_AC_AP,prosumer45,concentrator_trafo_4_34,propose,372,9.043704,0
1789091838.209918,55,ciclo1_AC_AP,prosumer30,concentrator_trafo_3_22,propose,498,7.410725,0
1789091838.211873,55,ciclo1_AC_AP,prosumer12,concentrator_trafo_2_12,propose,359,5.362930,0
1789091838.213825,55,ciclo1_AC_AP,prosumer22,concentrator_trafo_3_22,propose,431,6.435875,0
1789091838.215755,55,ciclo1_AC_AP,prosumer21,concentrator_trafo_2_12,propose,343,6.754406,0
1789091838.216276,55,ciclo1_AC_AP,prosumer34,concentrator_trafo_4_34,propose,274,4.499941,0
1789091838.218209,55,ciclo1_AC_AP,prosumer36,concentrator_trafo_4_34,propose,232,8.360627,0
1789091838.220145,55,ciclo1_AC_AP,prosumer15,concentrator_trafo_2_12,propose,321,12.704681,0
1789091838.222337,55,ciclo1_AC_AP,prosumer27,concentrator_trafo_3_22,propose,254,7.322138,0
1789091838.225518,55,ciclo1_AC_AP,prosumer38,concentrator_trafo_4_34,propose,333,5.549586,0
1789091838.227694,55,ciclo1_AC_AP,prosumer35,concentrator_trafo_4_34,propose,433,14.700624,0
1789091838.229643,55,ciclo1_AC_AP,prosumer32,concentrator_trafo_3_22,propose,369,10.766132,0
1789091838.231622,55,ciclo1_AC_AP,prosumer42,concentrator_trafo_4_34,propose,126,2.931411,0
1789091838.233820,55,ciclo1_AC_AP,prosumer37,concentrator_trafo_4_34,propose,473,13.179253,0
1789091838.235992,55,ciclo1_AC_AP,prosumer29,concentrator_trafo_3_22,propose,199,8.175722,0
1789091858.245741,55,ciclo1_AC_AP,concentrator_trafo_2_12,prosumer13,cfp,100,0.147888,0
1789091858.253098,55,ciclo1_AC_AP,prosumer13,concentrator_trafo_2_12,propose,231,11.598818,0
1789091858.375691,55,ciclo2_AD_AC,dso,concentrator_trafo_1_5,cfp,100,4.003924,0
1789091858.376328,55,ciclo2_AD_AC,dso,concentrator_trafo_2_12,cfp,100,0.144466,0
1789091858.376704,55,ciclo2_AD_AC,dso,concentrator_trafo_3_22,cfp,100,4.253316,0
1789091858.377007,55,ciclo2_AD_AC,dso,concentrator_trafo_4_34,cfp,100,9.476522,0
1789091858.382928,55,ciclo2_AD_AC,concentrator_trafo_2_12,dso,propose,1234,22.161328,0
1789091858.424071,55,ciclo2_AD_AC,concentrator_trafo_1_5,dso,propose,1353,43.442818,0
1789091858.429710,55,ciclo2_AD_AC,concentrator_trafo_3_22,dso,propose,1035,36.281861,0
1789091858.480308,55,ciclo2_AD_AC,concentrator_trafo_4_34,dso,propose,1009,52.245521,0
1789091859.012740,55,ciclo3_AM_AC_AD,market,dso,cfp,100,2.868423,0
1789091859.054521,55,ciclo3_AM_AC_AD,dso,market,propose,1103,17.502803,0
1789091859.240156,55,ciclo3_AM_AC_AD,market,concentrator_trafo_1_5,cfp,100,2.312390,0
1789091859.241092,55,ciclo3_AM_AC_AD,market,concentrator_trafo_2_12,cfp,100,7.397054,0
1789091859.241954,55,ciclo3_AM_AC_AD,market,concentrator_trafo_3_22,cfp,100,0.467134,0
1789091859.242414,55,ciclo3_AM_AC_AD,market,concentrator_trafo_4_34,cfp,100,3.550176,0
1789091859.242814,55,ciclo3_AM_AC_AD,market,dso,cfp,100,2.280997,0
1789091859.275139,55,ciclo3_AM_AC_AD,concentrator_trafo_3_22,market,propose,1305,23.012948,0
1789091859.307484,55,ciclo3_AM_AC_AD,concentrator_trafo_1_5,market,propose,1052,35.872467,0
1789091859.324509,55,ciclo3_AM_AC_AD,concentrator_trafo_4_34,market,propose,1438,54.513421,0
1789091859.329777,55,ciclo3_AM_AC_AD,dso,market,propose,1131,17.106848,0
1789091859.347995,55,ciclo3_AM_AC_AD,concentrator_trafo_2_12,market,propose,1406,51.915257,0
1789091859.946467,56,ciclo1_AC_AP,concentrator_trafo_1_5,prosumer5,cfp,100,1.485416,0
1789091859.947180,56,ciclo1_AC_AP,concentrator_trafo_1_5,prosumer6,cfp,100,1.505664,0
1789091859.947826,56,ciclo1_AC_AP,concentrator_trafo_1_5,prosumer7,cfp,100,0.871918,0
1789091859.948385,56,ciclo1_AC_AP,concentrator_trafo_1_5,prosumer8,cfp,100,1.518816,0
1789091859.948724,56,ciclo1_AC_AP,concentrator_trafo_1_5,prosumer9,cfp,100,1.725917,0
1789091859.948909,56,ciclo1_AC_AP,concentrator_trafo_1_5,prosumer10,cfp,100,3.937021,0
1789091859.949045,56,ciclo1_AC_AP,concentrator_trafo_1_5,prosumer11,cfp,100,1.633823,0
1789091859.949729,56,ciclo1_AC_AP,concentrator_trafo_2_12,prosumer12,cfp,100,1.719173,0
1789091859.949880,56,ciclo1_AC_AP,concentrator_trafo_2_12,prosumer13,cfp,100,2.098813,0
1789091859.950003,56,ciclo1_AC_AP,concentrator_trafo_2_12,prosumer14,cfp,100,3.832493,0
1789091859.950277,56,ciclo1_AC_AP,concentrator_trafo_2_12,prosumer15,cfp,100,4.113295,0
1789091859.950513,56,ciclo1_AC_AP,concentrator_trafo_2_12,prosumer16,cfp,100,3.290994,0
1789091859.950748,56,ciclo1_AC_AP,concentrator_trafo_2_12,prosumer17,cfp,100,0.267869,0
1789091859.950964,56,ciclo1_AC_AP,concentrator_trafo_2_12,prosumer18,cfp,100,2.777532,0
1789091859.951165,56,ciclo1_AC_AP,concentrator_trafo_2_12,prosumer19,cfp,100,0.562521,0
1789091859.951368,56,ciclo1_AC_AP,concentrator_trafo_2_12,prosumer20,cfp,100,0.801787,0
1789091859.951513,56,ciclo1_AC_AP,concentrator_trafo_2_12,prosumer21,cfp,100,1.412556,0
1789091859.952215,56,ciclo1_AC_AP,concentrator_trafo_3_22,prosumer22,cfp,100,3.944085,0
1789091859.952354,56,ciclo1_AC_AP,concentrator_trafo_3_22,prosumer23,cfp,100,1.094661,0
1789091859.952467,56,ciclo1_AC_AP,concentrator_trafo_3_22,prosumer24,cfp,100,3.832511,0
1789091859.952596,56,ciclo1_AC_AP,concentrator_trafo_3_22,prosumer25,cfp,100,2.263219,0
1789091859.952730,56,ciclo1_AC_AP,concentrator_trafo_3_22,prosumer26,cfp,100,3.570739,0
1789091859.952841,56,ciclo1_AC_AP,concentrator_trafo_3_22,prosumer27,cfp,100,3.344615,0
1789091859.952949,56,ciclo1_AC_AP,concentrator_trafo_3_22,prosumer28,cfp,100,1.173086,0
1789091859.953057,56,ciclo1_AC_AP,concentrator_trafo_3_22,prosumer29,cfp,100,5.420003,0
1789091859.953164,56,ciclo1_AC_AP,concentrator_trafo_3_22,prosumer30,cfp,100,3.967931,0
1789091859.953271,56,ciclo1_AC_AP,concentrator_trafo_3_22,prosumer31,cfp,100,1.055055,0
1789091859.953377,56,ciclo1_AC_AP,concentrator_trafo_3_22,prosumer32,cfp,100,5.758926,0
1789091859.953481,56,ciclo1_AC_AP,concentrator_trafo_3_22,prosumer33,cfp,100,1.504671,0
1789091859.954214,56,ciclo1_AC_AP,concentrator_trafo_4_34,prosumer34,cfp,100,3.196915,0
1789091859.954358,56,ciclo1_AC_AP,concentrator_trafo_4_34,prosumer35,cfp,100,3.792507,0
1789091859.954470,56,ciclo1_AC_AP,concentrator_trafo_4_34,prosumer36,cfp,100,5.909929,0
1789091859.954595,56,ciclo1_AC_AP,concentrator_trafo_4_34,prosumer37,cfp,100,3.732834,0
1789091859.954707,56,ciclo1_AC_AP,concentrator_trafo_4_34,prosumer38,cfp,100,0.739091,0
1789091859.954814,56,ciclo1_AC_AP,concentrator_trafo_4_34,prosumer39,cfp,100,2.372392,0
1789091859.954915,56,ciclo1_AC_AP,concentrator_trafo_4_34,prosumer40,cfp,100,0.972327,0
1789091859.955017,56,ciclo1_AC_AP,concentrator_trafo_4_34,prosumer41,cfp,100,2.180340,0
1789091859.955119,56,ciclo1_AC_AP,concentrator_trafo_4_34,prosumer42,cfp,100,4.976996,0
1789091859.955222,56,ciclo1_AC_AP,concentrator_trafo_4_34,prosumer43,cfp,100,1.149480,0
1789091859.955322,56,ciclo1_AC_AP,concentrator_trafo_4_34,prosumer44,cfp,100,3.613599,0
1789091859.955423,56,ciclo1_AC_AP,concentrator_trafo_4_34,prosumer45,cfp,100,4.473469,0
1789091859.955523,56,ciclo1_AC_AP,concentrator_trafo_4_34,prosumer46,cfp,100,1.544305,0
1789091859.957218,56,ciclo1_AC_AP,prosumer17,concentrator_trafo_2_12,propose,100,0.791085,0
1789091859.961910,56,ciclo1_AC_AP,prosumer7,concentrator_trafo_1_5,propose,210,11.208481,1
1789091859.962994,56,ciclo1_AC_AP,prosumer19,concentrator_trafo_2_12,propose,194,2.398695,0
1789091859.966830,56,ciclo1_AC_AP,prosumer20,concentrator_trafo_2_12,propose,416,7.087704,0
1789091859.968804,56,ciclo1_AC_AP,prosumer5,concentrator_trafo_1_5,propose,188,2.801097,0
1789091859.970735,56,ciclo1_AC_AP,prosumer38,concentrator_trafo_4_34,propose,438,12.689412,0
1789091859.972669,56,ciclo1_AC_AP,prosumer6,concentrator_trafo_1_5,propose,284,6.968901,0
1789091859.974944,56,ciclo1_AC_AP,prosumer23,concentrator_trafo_3_22,propose,412,9.266290,0
1789091859.977002,56,ciclo1_AC_AP,prosumer8,concentrator_trafo_1_5,propose,237,4.077852,0
1789091859.978981,56,ciclo1_AC_AP,prosumer31,concentrator_trafo_3_22,propose,104,1.093706,0
1789091859.982445,56,ciclo1_AC_AP,prosumer40,concentrator_trafo_4_34,propose,445,7.025026,0
1789091859.983016,56,ciclo1_AC_AP,prosumer28,concentrator_trafo_3_22,propose,436,15.900416,0
1789091859.985204,56,ciclo1_AC_AP,prosumer11,concentrator_trafo_1_5,propose,108,0.659336,0
1789091859.985707,56,ciclo1_AC_AP,prosumer21,concentrator_trafo_2_12,propose,110,2.429690,0
1789091859.987653,56,ciclo1_AC_AP,prosumer9,concentrator_trafo_1_5,propose,411,8.216577,0
1789091859.989538,56,ciclo1_AC_AP,prosumer43,concentrator_trafo_4_34,propose,185,5.366906,0
1789091859.991477,56,ciclo1_AC_AP,prosumer12,concentrator_trafo_2_12,propose,258,4.599355,0
1789091859.993824,56,ciclo1_AC_AP,prosumer33,concentrator_trafo_3_22,propose,220,4.925114,0
1789091859.995826,56,ciclo1_AC_AP,prosumer13,concentrator_trafo_2_12,propose,301,7.663542,0
1789091859.996408,56,ciclo1_AC_AP,prosumer46,concentrator_trafo_4_34,propose,355,7.293874,0
1789091859.999044,56,ciclo1_AC_AP,prosumer25,concentrator_trafo_3_22,propose,478,14.742879,0
1789091860.000882,56,ciclo1_AC_AP,prosumer41,concentrator_trafo_4_34,propose,285,5.668519,0
1789091860.001405,56,ciclo1_AC_AP,prosumer39,concentrator_trafo_4_34,propose,281,13.270747,0
1789091860.003247,56,ciclo1_AC_AP,prosumer18,concentrator_trafo_2_12,propose,144,5.561133,0
1789091860.006823,56,ciclo1_AC_AP,prosumer16,concentrator_trafo_2_12,propose,398,7.607081,0
1789091860.008711,56,ciclo1_AC_AP,prosumer34,concentrator_trafo_4_34,propose,321,6.408324,0
1789091860.010629,56,ciclo1_AC_AP,prosumer27,concentrator_trafo_3_22,propose,500,16.656577,0
1789091860.012694,56,ciclo1_AC_AP,prosumer10,concentrator_trafo_1_5,propose,159,4.730864,0
1789091860.014633,56,ciclo1_AC_AP,prosumer14,concentrator_trafo_2_12,propose,458,10.091482,0
1789091860.016564,56,ciclo1_AC_AP,prosumer26,concentrator_trafo_3_22,propose,112,3.603646,0
1789091860.018728,56,ciclo1_AC_AP,prosumer24,concentrator_trafo_3_22,propose,493,9.880443,0
1789091860.020642,56,ciclo1_AC_AP,prosumer15,concentrator_trafo_2_12,propose,188,8.334378,0
1789091860.022660,56,ciclo1_AC_AP,prosumer44,concentrator_trafo_4_34,propose,107,2.992348,0
1789091860.024609,56,ciclo1_AC_AP,prosumer22,concentrator_trafo_3_22,propose,404,8.177180,0
1789091860.026707,56,ciclo1_AC_AP,prosumer37,concentrator_trafo_4_34,propose,372,10.990977,0
1789091860.028651,56,ciclo1_AC_AP,prosumer35,concentrator_trafo_4_34,propose,239,6.536656,0
1789091860.030598,56,ciclo1_AC_AP,prosumer30,concentrator_trafo_3_22,propose,280,6.687010,0
1789091860.033192,56,ciclo1_AC_AP,prosumer45,concentrator_trafo_4_34,propose,478,15.876056,0
1789091860.035770,56,ciclo1_AC_AP,prosumer42,concentrator_trafo_4_34,propose,206,10.148875,0
1789091860.037781,56,ciclo1_AC_AP,prosumer29,concentrator_trafo_3_22,propose,296,10.662608,0
1789091860.039901,56,ciclo1_AC_AP,prosumer32,concentrator_trafo_3_22,propose,200,6.895110,0
1789091860.041753,56,ciclo1_AC_AP,prosumer36,concentrator_trafo_4_34,propose,263,14.534723,0
1789091880.055516,56,ciclo1_AC_AP,concentrator_trafo_1_5,prosumer7,cfp,100,5.587331,0
1789091880.120061,56,ciclo1_AC_AP,prosumer7,concentrator_trafo_1_5,propose,194,8.693032,0
1789091880.216821,56,ciclo2_AD_AC,dso,concentrator_trafo_1_5,cfp,100,3.915012,0
1789091880.217733,56,ciclo2_AD_AC,dso,concentrator_trafo_2_12,cfp,100,2.923759,0
1789091880.218476,56,ciclo2_AD_AC,dso,concentrator_trafo_3_22,cfp,100,2.751255,0
1789091880.219071,56,ciclo2_AD_AC,dso,concentrator_trafo_4_34,cfp,100,2.960663,0
1789091880.254436,56,ciclo2_AD_AC,concentrator_trafo_3_22,dso,propose,1407,48.098393,0
1789091880.259212,56,ciclo2_AD_AC,concentrator_trafo_2_12,dso,propose,1091,16.504170,0
1789091880.264349,56,ciclo2_AD_AC,concentrator_trafo_4_34,dso,propose,1254,58.434405,0
1789091880.268746,56,ciclo2_AD_AC,concentrator_trafo_1_5,dso,propose,1336,47.593714,0
1789091880.858463,56,ciclo3_AM_AC_AD,market,dso,cfp,100,2.009313,0
1789091880.891099,56,ciclo3_AM_AC_AD,dso,market,propose,1077,20.128135,0
1789091881.103294,56,ciclo3_AM_AC_AD,market,concentrator_trafo_1_5,cfp,100,3.696282,0
1789091881.104107,56,ciclo3_AM_AC_AD,market,concentrator_trafo_2_12,cfp,100,5.769752,0
1789091881.104918,56,ciclo3_AM_AC_AD,market,concentrator_trafo_3_22,cfp,100,1.288237,0
1789091881.105436,56,ciclo3_AM_AC_AD,market,concentrator_trafo_4_34,cfp,100,2.392166,0
1789091881.105604,56,ciclo3_AM_AC_AD,market,dso,cfp,100,2.505244,0
1789091881.156553,56,ciclo3_AM_AC_AD,concentrator_trafo_3_22,market,propose,1313,23.572544,0
1789091881.157845,56,ciclo3_AM_AC_AD,concentrator_trafo_4_34,market,propose,1302,49.987134,0
1789091881.164771,56,ciclo3_AM_AC_AD,concentrator_trafo_1_5,market,propose,1258,41.520055,0
1789091881.166355,56,ciclo3_AM_AC_AD,dso,market,propose,1208,22.040516,0
1789091881.181246,56,ciclo3_AM_AC_AD,concentrator_trafo_2_12,market,propose,1300,43.817704,0
1789091881.735597,57,ciclo1_AC_AP,concentrator_trafo_1_5,prosumer5,cfp,100,1.785024,0
1789091881.736001,57,ciclo1_AC_AP,concentrator_trafo_1_5,prosumer6,cfp,100,0.317211,0
1789091881.736240,57,ciclo1_AC_AP,concentrator_trafo_1_5,prosumer7,cfp,100,0.330201,0
1789091881.736431,57,ciclo1_AC_AP,concentrator_trafo_1_5,prosumer8,cfp,100,3.192417,0
1789091881.736610,57,ciclo1_AC_AP,concentrator_trafo_1_5,prosumer9,cfp,100,3.491280,0
1789091881.736793,57,ciclo1_AC_AP,concentrator_trafo_1_5,prosumer10,cfp,100,1.318632,0
1789091881.736961,57,ciclo1_AC_AP,concentrator_trafo_1_5,prosumer11,cfp,100,3.519410,0
1789091881.737941,57,ciclo1_AC_AP,concentrator_trafo_2_12,prosumer12,cfp,100,3.873601,0
1789091881.738159,57,ciclo1_AC_AP,concentrator_trafo_2_12,prosumer13,cfp,100,0.774286,0
1789091881.738324,57,ciclo1_AC_AP,concentrator_trafo_2_12,prosumer14,cfp,100,2.606530,0
1789091881.738468,57,ciclo1_AC_AP,concentrator_trafo_2_12,prosumer15,cfp,100,2.816487,0
1789091881.738633,57,ciclo1_AC_AP,concentrator_trafo_2_12,prosumer16,cfp,100,3.595628,0
1789091881.738790,57,ciclo1_AC_AP,concentrator_trafo_2_12,prosumer17,cfp,100,0.456700,0
1789091881.738934,57,ciclo1_AC_AP,concentrator_trafo_2_12,prosumer18,cfp,100,3.083262,0
1789091881.739068,57,ciclo1_AC_AP,concentrator_trafo_2_12,prosumer19,cfp,100,2.112758,0
1789091881.739191,57,ciclo1_AC_AP,concentrator_trafo_2_12,prosumer20,cfp,100,2.927404,0
1789091881.739311,57,ciclo1_AC_AP,concentrator_trafo_2_12,prosumer21,cfp,100,1.339955,0
1789091881.740063,57,ciclo1_AC_AP,concentrator_trafo_3_22,prosumer22,cfp,100,3.150684,0
1789091881.740236,57,ciclo1_AC_AP,concentrator_trafo_3_22,prosumer23,cfp,100,3.752519,0
1789091881.740375,57,ciclo1_AC_AP,concentrator_trafo_3_22,prosumer24,cfp,100,1.960411,0
1789091881.740528,57,ciclo1_AC_AP,concentrator_trafo_3_22,prosumer25,cfp,100,6.088003,0
1789091881.740685,57,ciclo1_AC_AP,concentrator_trafo_3_22,prosumer26,cfp,100,2.913423,0
1789091881.740812,57,ciclo1_AC_AP,concentrator_trafo_3_22,prosumer27,cfp,100,2.610392,0
1789091881.740925,57,ciclo1_AC_AP,concentrator_trafo_3_22,prosumer28,cfp,100,4.811188,0
1789091881.741038,57,ciclo1_AC_AP,concentrator_trafo_3_22,prosumer29,cfp,100,1.075972,0
1789091881.741149,57,ciclo1_AC_AP,concentrator_trafo_3_22,prosumer30,cfp,100,0.806173,0
1789091881.741260,57,ciclo1_AC_AP,concentrator_trafo_3_22,prosumer31,cfp,100,3.152673,0
1789091881.741369,57,ciclo1_AC_AP,concentrator_trafo_3_22,prosumer32,cfp,100,5.731164,0
1789091881.741484,57,ciclo1_AC_AP,concentrator_trafo_3_22,prosumer33,cfp,100,1.393940,0
1789091881.742268,57,ciclo1_AC_AP,concentrator_trafo_4_34,prosumer34,cfp,100,3.766537,0
1789091881.742453,57,ciclo1_AC_AP,concentrator_trafo_4_34,prosumer35,cfp,100,3.724121,0
1789091881.742608,57,ciclo1_AC_AP,concentrator_trafo_4_34,prosumer36,cfp,100,0.789603,0
1789091881.742740,57,ciclo1_AC_AP,concentrator_trafo_4_34,prosumer37,cfp,100,2.325467,0
1789091881.742857,57,ciclo1_AC_AP,concentrator_trafo_4_34,prosumer38,cfp,100,1.881548,0
1789091881.742979,57,ciclo1_AC_AP,concentrator_trafo_4_34,prosumer39,cfp,100,5.932919,0
1789091881.743089,57,ciclo1_AC_AP,concentrator_trafo_4_34,prosumer40,cfp,100,1.588753,0
1789091881.743199,57,ciclo1_AC_AP,concentrator_trafo_4_34,prosumer41,cfp,100,0.525178,0
1789091881.743310,57,ciclo1_AC_AP,concentrator_trafo_4_34,prosumer42,cfp,100,6.057396,0
1789091881.743419,57,ciclo1_AC_AP,concentrator_trafo_4_34,prosumer43,cfp,100,0.323991,0
1789091881.743528,57,ciclo1_AC_AP,concentrator_trafo_4_34,prosumer44,cfp,100,2.286307,0
1789091881.743649,57,ciclo1_AC_AP,concentrator_trafo_4_34,prosumer45,cfp,100,5.221651,0
1789091881.743759,57,ciclo1_AC_AP,concentrator_trafo_4_34,prosumer46,cfp,100,0.624971,0
1789091881.748523,57,ciclo1_AC_AP,prosumer6,concentrator_trafo_1_5,propose,421,7.373775,0
1789091881.751304,57,ciclo1_AC_AP,prosumer7,concentrator_trafo_1_5,propose,216,8.843912,0
1789091881.753409,57,ciclo1_AC_AP,prosumer17,concentrator_trafo_2_12,propose,101,0.857055,0
1789091881.755394,57,ciclo1_AC_AP,prosumer13,concentrator_trafo_2_12,propose,127,2.134790,0
1789091881.757319,57,ciclo1_AC_AP,prosumer43,concentrator_trafo_4_34,propose,323,4.914362,0
1789091881.759225,57,ciclo1_AC_AP,prosumer41,concentrator_trafo_4_34,propose,409,10.007716,0
1789091881.761199,57,ciclo1_AC_AP,prosumer30,concentrator_trafo_3_22,propose,116,0.922058,0
1789091881.763381,57,ciclo1_AC_AP,prosumer10,concentrator_trafo_1_5,propose,430,10.096794,0
1789091881.764118,57,ciclo1_AC_AP,prosumer46,concentrator_trafo_4_34,propose,431,6.331416,0
1789091881.764797,57,ciclo1_AC_AP,prosumer36,concentrator_trafo_4_34,propose,431,14.537036,0
1789091881.766747,57,ciclo1_AC_AP,prosumer29,concentrator_trafo_3_22,propose,169,10.683277,0
1789091881.768744,57,ciclo1_AC_AP,prosumer21,concentrator_trafo_2_12,propose,357,4.236676,0
1789091881.770721,57,ciclo1_AC_AP,prosumer5,concentrator_trafo_1_5,propose,143,5.646601,0
1789091881.775225,57,ciclo1_AC_AP,prosumer33,concentrator_trafo_3_22,propose,314,7.111512,0
1789091881.775811,57,ciclo1_AC_AP,prosumer40,concentrator_trafo_4_34,propose,258,8.067925,0
1789091881.776353,57,ciclo1_AC_AP,prosumer24,concentrator_trafo_3_22,propose,269,6.567990,0
1789091881.778304,57,ciclo1_AC_AP,prosumer19,concentrator_trafo_2_12,propose,424,8.381107,0
1789091881.779489,57,ciclo1_AC_AP,prosumer38,concentrator_trafo_4_34,propose,420,6.211646,0
1789091881.780320,57,ciclo1_AC_AP,prosumer14,concentrator_trafo_2_12,propose,416,6.253507,0
1789091881.782198,57,ciclo1_AC_AP,prosumer37,concentrator_trafo_4_34,propose,196,7.315276,0
1789091881.784091,57,ciclo1_AC_AP,prosumer44,concentrator_trafo_4_34,propose,465,18.280339,0
1789091881.786018,57,ciclo1_AC_AP,prosumer15,concentrator_trafo_2_12,propose,131,7.399233,0
1789091881.787975,57,ciclo1_AC_AP,prosumer27,concentrator_trafo_3_22,propose,273,14.616692,0
1789091881.789867,57,ciclo1_AC_AP,prosumer8,concentrator_trafo_1_5,propose,170,2.951558,0
1789091881.791733,57,ciclo1_AC_AP,prosumer20,concentrator_trafo_2_12,propose,261,4.086509,0
1789091881.793602,57,ciclo1_AC_AP,prosumer18,concentrator_trafo_2_12,propose,436,6.675457,0
1789091881.794163,57,ciclo1_AC_AP,prosumer26,concentrator_trafo_3_22,propose,482,16.762078,0
1789091881.796898,57,ciclo1_AC_AP,prosumer9,concentrator_trafo_1_5,propose,240,2.354619,0
1789091881.798787,57,ciclo1_AC_AP,prosumer22,concentrator_trafo_3_22,propose,348,4.374142,0
1789091881.799318,57,ciclo1_AC_AP,prosumer11,concentrator_trafo_1_5,propose,346,8.054265,0
1789091881.801837,57,ciclo1_AC_AP,prosumer31,concentrator_trafo_3_22,propose,411,6.628164,0
1789091881.804282,57,ciclo1_AC_AP,prosumer16,concentrator_trafo_2_12,propose,269,6.049656,0
1789091881.806177,57,ciclo1_AC_AP,prosumer12,concentrator_trafo_2_12,propose,238,4.751157,0
1789091881.808367,57,ciclo1_AC_AP,prosumer23,concentrator_trafo_3_22,propose,430,8.920554,0
1789091881.810334,57,ciclo1_AC_AP,prosumer35,concentrator_trafo_4_34,propose,139,9.999701,0
1789091881.812228,57,ciclo1_AC_AP,prosumer34,concentrator_trafo_4_34,propose,334,4.517671,0
1789091881.814122,57,ciclo1_AC_AP,prosumer28,concentrator_trafo_3_22,propose,486,15.929232,0
1789091881.816572,57,ciclo1_AC_AP,prosumer45,concentrator_trafo_4_34,propose,181,9.084532,0
1789091881.817123,57,ciclo1_AC_AP,prosumer32,concentrator_trafo_3_22,propose,155,8.160438,0
1789091881.819340,57,ciclo1_AC_AP,prosumer25,concentrator_trafo_3_22,propose,362,8.432941,0
1789091881.821373,57,ciclo1_AC_AP,prosumer39,concentrator_trafo_4_34,propose,232,6.722286,0
1789091881.823369,57,ciclo1_AC_AP,prosumer42,concentrator_trafo_4_34,propose,386,19.340213,0
1789091882.025594,57,ciclo2_AD_AC,dso,concentrator_trafo_1_5,cfp,100,2.748370,0
1789091882.025929,57,ciclo2_AD_AC,dso,concentrator_trafo_2_12,cfp,100,0.792749,0
1789091882.026166,57,ciclo2_AD_AC,dso,concentrator_trafo_3_22,cfp,100,3.873841,0
1789091882.026354,57,ciclo2_AD_AC,dso,concentrator_trafo_4_34,cfp,100,6.798862,0
1789091882.041840,57,ciclo2_AD_AC,concentrator_trafo_2_12,dso,propose,1365,23.259279,0
1789091882.060628,57,ciclo2_AD_AC,concentrator_trafo_1_5,dso,propose,1207,42.927772,0
1789091882.070152,57,ciclo2_AD_AC,concentrator_trafo_3_22,dso,propose,1311,46.474266,0
1789091882.102797,57,ciclo2_AD_AC,concentrator_trafo_4_34,dso,propose,1229,61.149487,0
1789091882.722475,57,ciclo3_AM_AC_AD,market,dso,cfp,100,2.017360,0
1789091882.754728,57,ciclo3_AM_AC_AD,dso,market,propose,1215,19.689007,0
1789091882.960999,57,ciclo3_AM_AC_AD,market,concentrator_trafo_1_5,cfp,100,6.787539,0
1789091882.961423,57,ciclo3_AM_AC_AD,market,concentrator_trafo_2_12,cfp,100,3.972190,0
1789091882.961765,57,ciclo3_AM_AC_AD,market,concentrator_trafo_3_22,cfp,100,0.114381,0
1789091882.962053,57,ciclo3_AM_AC_AD,market,concentrator_trafo_4_34,cfp,100,4.148684,0
1789091882.962269,57,ciclo3_AM_AC_AD,market,dso,cfp,100,0.850763,0
1789091883.001493,57,ciclo3_AM_AC_AD,concentrator_trafo_3_22,market,propose,1343,23.657741,0
1789091883.030092,57,ciclo3_AM_AC_AD,dso,market,propose,1081,16.878081,0
1789091883.036381,57,ciclo3_AM_AC_AD,concentrator_trafo_2_12,market,propose,1311,43.668848,0
1789091883.040879,57,ciclo3_AM_AC_AD,concentrator_trafo_4_34,market,propose,1472,57.954004,0
1789091883.061021,57,ciclo3_AM_AC_AD,concentrator_trafo_1_5,market,propose,1214,41.751276,0
1789091883.698455,58,ciclo1_AC_AP,concentrator_trafo_1_5,prosumer5,cfp,100,3.579620,0
1789091883.698913,58,ciclo1_AC_AP,concentrator_trafo_1_5,prosumer6,cfp,100,3.523393,0
1789091883.699140,58,ciclo1_AC_AP,concentrator_trafo_1_5,prosumer7,cfp,100,3.432663,0
1789091883.699284,58,ciclo1_AC_AP,concentrator_trafo_1_5,prosumer8,cfp,100,0.776062,0
1789091883.699424,58,ciclo1_AC_AP,concentrator_trafo_1_5,prosumer9,cfp,100,0.346331,0
1789091883.699559,58,ciclo1_AC_AP,concentrator_trafo_1_5,prosumer10,cfp,100,2.121281,0
1789091883.699675,58,ciclo1_AC_AP,concentrator_trafo_1_5,prosumer11,cfp,100,2.572940,0
1789091883.700453,58,ciclo1_AC_AP,concentrator_trafo_2_12,prosumer12,cfp,100,0.554544,0
1789091883.700613,58,ciclo1_AC_AP,concentrator_trafo_2_12,prosumer13,cfp,100,3.135707,0
1789091883.700724,58,ciclo1_AC_AP,concentrator_trafo_2_12,prosumer14,cfp,100,2.165531,0
1789091883.700831,58,ciclo1_AC_AP,concentrator_trafo_2_12,prosumer15,cfp,100,4.454949,0
1789091883.700933,58,ciclo1_AC_AP,concentrator_trafo_2_12,prosumer16,cfp,100,2.566407,0
1789091883.701037,58,ciclo1_AC_AP,concentrator_trafo_2_12,prosumer17,cfp,100,0.459318,0
1789091883.701144,58,ciclo1_AC_AP,concentrator_trafo_2_12,prosumer18,cfp,100,2.886097,0
1789091883.701246,58,ciclo1_AC_AP,concentrator_trafo_2_12,prosumer19,cfp,100,2.203509,0
1789091883.701347,58,ciclo1_AC_AP,concentrator_trafo_2_12,prosumer20,cfp,100,3.990292,0
1789091883.701449,58,ciclo1_AC_AP,concentrator_trafo_2_12,prosumer21,cfp,100,1.133384,0
1789091883.702105,58,ciclo1_AC_AP,concentrator_trafo_3_22,prosumer22,cfp,100,1.682278,0
1789091883.702224,58,ciclo1_AC_AP,concentrator_trafo_3_22,prosumer23,cfp,100,2.115724,0
1789091883.702326,58,ciclo1_AC_AP,concentrator_trafo_3_22,prosumer24,cfp,100,0.404995,0
1789091883.702427,58,ciclo1_AC_AP,concentrator_trafo_3_22,prosumer25,cfp,100,3.824155,0
1789091883.702523,58,ciclo1_AC_AP,concentrator_trafo_3_22,prosumer26,cfp,100,6.739413,0
1789091883.702641,58,ciclo1_AC_AP,concentrator_trafo_3_22,prosumer27,cfp,100,4.841850,0
1789091883.702739,58,ciclo1_AC_AP,concentrator_trafo_3_22,prosumer28,cfp,100,4.676746,0
1789091883.702834,58,ciclo1_AC_AP,concentrator_trafo_3_22,prosumer29,cfp,100,2.984728,0
1789091883.702927,58,ciclo1_AC_AP,concentrator_trafo_3_22,prosumer30,cfp,100,3.158185,0
1789091883.703089,58,ciclo1_AC_AP,concentrator_trafo_3_22,prosumer31,cfp,100,3.221053,0
1789091883.703322,58,ciclo1_AC_AP,concentrator_trafo_3_22,prosumer32,cfp,100,3.769288,0
1789091883.703549,58,ciclo1_AC_AP,concentrator_trafo_3_22,prosumer33,cfp,100,0.856378,0
1789091883.704281,58,ciclo1_AC_AP,concentrator_trafo_4_34,prosumer34,cfp,100,3.355101,0
1789091883.704439,58,ciclo1_AC_AP,concentrator_trafo_4_34,prosumer35,cfp,100,5.205234,0
1789091883.704564,58,ciclo1_AC_AP,concentrator_trafo_4_34,prosumer36,cfp,100,2.324312,0
1789091883.704671,58,ciclo1_AC_AP,concentrator_trafo_4_34,prosumer37,cfp,100,1.261253,0
1789091883.704770,58,ciclo1_AC_AP,concentrator_trafo_4_34,prosumer38,cfp,100,1.452214,0
1789091883.704868,58,ciclo1_AC_AP,concentrator_trafo_4_34,prosumer39,cfp,100,3.057702,0
1789091883.704967,58,ciclo1_AC_AP,concentrator_trafo_4_34,prosumer40,cfp,100,0.952204,0
1789091883.705065,58,ciclo1_AC_AP,concentrator_trafo_4_34,prosumer41,cfp,100,3.644309,0
1789091883.705160,58,ciclo1_AC_AP,concentrator_trafo_4_34,prosumer42,cfp,100,2.782430,0
1789091883.705259,58,ciclo1_AC_AP,concentrator_trafo_4_34,prosumer43,cfp,100,3.621696,0
1789091883.705356,58,ciclo1_AC_AP,concentrator_trafo_4_34,prosumer44,cfp,100,4.878776,0
1789091883.705468,58,ciclo1_AC_AP,concentrator_trafo_4_34,prosumer45,cfp,100,3.590284,0
1789091883.705570,58,ciclo1_AC_AP,concentrator_trafo_4_34,prosumer46,cfp,100,0.694513,0
1789091883.710682,58,ciclo1_AC_AP,prosumer9,concentrator_trafo_1_5,propose,492,8.781878,0
1789091883.713789,58,ciclo1_AC_AP,prosumer17,concentrator_trafo_2_12,propose,164,2.979575,0
1789091883.716125,58,ciclo1_AC_AP,prosumer12,concentrator_trafo_2_12,propose,451,9.196180,0
1789091883.716882,58,ciclo1_AC_AP,prosumer24,concentrator_trafo_3_22,propose,436,6.277668,0
1789091883.717956,58,ciclo1_AC_AP,prosumer8,concentrator_trafo_1_5,propose,496,7.388374,0
1789091883.720056,58,ciclo1_AC_AP,prosumer33,concentrator_trafo_3_22,propose,157,3.820570,0
1789091883.721968,58,ciclo1_AC_AP,prosumer46,concentrator_trafo_4_34,propose,399,6.897858,0
1789091883.722509,58,ciclo1_AC_AP,prosumer21,concentrator_trafo_2_12,propose,495,7.864759,0
1789091883.724587,58,ciclo1_AC_AP,prosumer40,concentrator_trafo_4_34,propose,157,3.135278,0
1789091883.725329,58,ciclo1_AC_AP,prosumer37,concentrator_trafo_4_34,propose,195,10.021909,0
1789091883.728049,58,ciclo1_AC_AP,prosumer22,concentrator_trafo_3_22,propose,482,6.128274,0
1789091883.729960,58,ciclo1_AC_AP,prosumer38,concentrator_trafo_4_34,propose,346,6.504947,0
1789091883.731830,58,ciclo1_AC_AP,prosumer10,concentrator_trafo_1_5,propose,250,5.369342,0
1789091883.733646,58,ciclo1_AC_AP,prosumer14,concentrator_trafo_2_12,propose,451,6.249743,0
1789091883.734782,58,ciclo1_AC_AP,prosumer19,concentrator_trafo_2_12,propose,473,8.480488,0
1789091883.736661,58,ciclo1_AC_AP,prosumer23,concentrator_trafo_3_22,propose,151,5.296040,0
1789091883.738799,58,ciclo1_AC_AP,prosumer11,concentrator_trafo_1_5,propose,450,7.169156,0
1789091883.740652,58,ciclo1_AC_AP,prosumer16,concentrator_trafo_2_12,propose,491,9.804437,0
1789091883.742573,58,ciclo1_AC_AP,prosumer36,concentrator_trafo_4_34,propose,317,10.863492,0
1789091883.744465,58,ciclo1_AC_AP,prosumer18,concentrator_trafo_2_12,propose,234,4.429006,0
1789091883.744956,58,ciclo1_AC_AP,prosumer13,concentrator_trafo_2_12,propose,241,4.242268,0
1789091883.745446,58,ciclo1_AC_AP,prosumer29,concentrator_trafo_3_22,propose,156,11.169751,0
1789091883.747304,58,ciclo1_AC_AP,prosumer42,concentrator_trafo_4_34,propose,425,16.363278,0
1789091883.749142,58,ciclo1_AC_AP,prosumer7,concentrator_trafo_1_5,propose,282,11.192710,0
1789091883.749919,58,ciclo1_AC_AP,prosumer6,concentrator_trafo_1_5,propose,360,4.285436,0
1789091883.750407,58,ciclo1_AC_AP,prosumer5,concentrator_trafo_1_5,propose,374,5.746780,0
1789091883.752234,58,ciclo1_AC_AP,prosumer30,concentrator_trafo_3_22,propose,138,4.521795,0
1789091883.754145,58,ciclo1_AC_AP,prosumer31,concentrator_trafo_3_22,propose,104,2.097629,0
1789091883.754747,58,ciclo1_AC_AP,prosumer39,concentrator_trafo_4_34,propose,120,4.010459,0
1789091883.756981,58,ciclo1_AC_AP,prosumer34,concentrator_trafo_4_34,propose,411,7.707313,0
1789091883.760395,58,ciclo1_AC_AP,prosumer25,concentrator_trafo_3_22,propose,107,3.105481,0
1789091883.762315,58,ciclo1_AC_AP,prosumer32,concentrator_trafo_3_22,propose,497,18.017606,0
1789091883.764261,58,ciclo1_AC_AP,prosumer20,concentrator_trafo_2_12,propose,170,2.569395,0
1789091883.764785,58,ciclo1_AC_AP,prosumer45,concentrator_trafo_4_34,propose,162,8.334262,0
1789091883.766678,58,ciclo1_AC_AP,prosumer43,concentrator_trafo_4_34,propose,308,4.340446,0
1789091883.767232,58,ciclo1_AC_AP,prosumer41,concentrator_trafo_4_34,propose,297,7.953405,0
1789091883.767956,58,ciclo1_AC_AP,prosumer15,concentrator_trafo_2_12,propose,346,9.165842,0
1789091883.770013,58,ciclo1_AC_AP,prosumer28,concentrator_trafo_3_22,propose,113,3.225297,0
1789091883.772042,58,ciclo1_AC_AP,prosumer27,concentrator_trafo_3_22,propose,260,14.252963,0
1789091883.773941,58,ciclo1_AC_AP,prosumer44,concentrator_trafo_4_34,propose,423,14.954665,0
1789091883.776224,58,ciclo1_AC_AP,prosumer35,concentrator_trafo_4_34,propose,171,4.752193,0
1789091883.777454,58,ciclo1_AC_AP,prosumer26,concentrator_trafo_3_22,propose,143,4.945153,0
1789091883.951449,58,ciclo2_AD_AC,dso,concentrator_trafo_1_5,cfp,100,4.281248,0
1789091883.951696,58,ciclo2_AD_AC,dso,concentrator_trafo_2_12,cfp,100,1.535622,0
1789091883.951867,58,ciclo2_AD_AC,dso,concentrator_trafo_3_22,cfp,100,2.182058,0
1789091883.952015,58,ciclo2_AD_AC,dso,concentrator_trafo_4_34,cfp,100,6.442783,0
1789091883.975130,58,ciclo2_AD_AC,concentrator_trafo_2_12,dso,propose,1359,22.302635,0
1789091883.979840,58,ciclo2_AD_AC,concentrator_trafo_3_22,dso,propose,1200,42.824334,0
1789091884.002487,58,ciclo2_AD_AC,concentrator_trafo_1_5,dso,propose,1329,46.214007,0
1789091884.020212,58,ciclo2_AD_AC,concentrator_trafo_4_34,dso,propose,1296,68.331653,0
1789091884.714163,58,ciclo3_AM_AC_AD,market,dso,cfp,100,0.286690,0
1789091884.726830,58,ciclo3_AM_AC_AD,dso,market,propose,1383,23.901674,0
1789091884.975741,58,ciclo3_AM_AC_AD,market,concentrator_trafo_1_5,cfp,100,6.289080,0
1789091884.976071,58,ciclo3_AM_AC_AD,market,concentrator_trafo_2_12,cfp,100,3.281388,0
1789091884.976277,58,ciclo3_AM_AC_AD,market,concentrator_trafo_3_22,cfp,100,3.556270,0
1789091884.976425,58,ciclo3_AM_AC_AD,market,concentrator_trafo_4_34,cfp,100,2.194787,0
1789091884.976582,58,ciclo3_AM_AC_AD,market,dso,cfp,100,3.826212,0
1789091885.058924,58,ciclo3_AM_AC_AD,concentrator_trafo_2_12,market,propose,1115,39.938441,0
1789091885.061867,58,ciclo3_AM_AC_AD,concentrator_trafo_4_34,market,propose,1024,43.869025,0
1789091885.063945,58,ciclo3_AM_AC_AD,concentrator_trafo_3_22,market,propose,1107,18.027641,0
1789091885.068141,58,ciclo3_AM_AC_AD,dso,market,propose,1211,18.230384,0
1789091885.071588,58,ciclo3_AM_AC_AD,concentrator_trafo_1_5,market,propose,1468,45.532400,0
1789091885.602303,59,ciclo1_AC_AP,concentrator_trafo_1_5,prosumer5,cfp,100,2.194285,0
1789091885.602641,59,ciclo1_AC_AP,concentrator_trafo_1_5,prosumer6,cfp,100,1.098954,0
1789091885.602863,59,ciclo1_AC_AP,concentrator_trafo_1_5,prosumer7,cfp,100,4.832826,0
1789091885.603229,59,ciclo1_AC_AP,concentrator_trafo_1_5,prosumer8,cfp,100,3.106960,0
1789091885.603400,59,ciclo1_AC_AP,concentrator_trafo_1_5,prosumer9,cfp,100,0.008878,0
1789091885.603598,59,ciclo1_AC_AP,concentrator_trafo_1_5,prosumer10,cfp,100,3.461949,0
1789091885.603932,59,ciclo1_AC_AP,concentrator_trafo_1_5,prosumer11,cfp,100,0.708905,0
1789091885.604735,59,ciclo1_AC_AP,concentrator_trafo_2_12,prosumer12,cfp,100,0.219180,0
1789091885.604877,59,ciclo1_AC_AP,concentrator_trafo_2_12,prosumer13,cfp,100,3.778675,0
1789091885.604988,59,ciclo1_AC_AP,concentrator_trafo_2_12,prosumer14,cfp,100,2.973451,0
1789091885.605101,59,ciclo1_AC_AP,concentrator_trafo_2_12,prosumer15,cfp,100,2.890496,0
1789091885.605207,59,ciclo1_AC_AP,concentrator_trafo_2_12,prosumer16,cfp,100,2.398479,0
1789091885.605324,59,ciclo1_AC_AP,concentrator_trafo_2_12,prosumer17,cfp,100,3.433023,0
1789091885.605458,59,ciclo1_AC_AP,concentrator_trafo_2_12,prosumer18,cfp,100,0.020551,0
1789091885.605580,59,ciclo1_AC_AP,concentrator_trafo_2_12,prosumer19,cfp,100,2.842669,0
1789091885.605687,59,ciclo1_AC_AP,concentrator_trafo_2_12,prosumer20,cfp,100,3.217991,0
1789091885.605790,59,ciclo1_AC_AP,concentrator_trafo_2_12,prosumer21,cfp,100,2.053731,0
1789091885.606567,59,ciclo1_AC_AP,concentrator_trafo_3_22,prosumer22,cfp,100,3.849141,0
1789091885.606701,59,ciclo1_AC_AP,concentrator_trafo_3_22,prosumer23,cfp,100,3.931337,0
1789091885.606811,59,ciclo1_AC_AP,concentrator_trafo_3_22,prosumer24,cfp,100,1.402833,0
1789091885.606920,59,ciclo1_AC_AP,concentrator_trafo_3_22,prosumer25,cfp,100,1.950437,0
1789091885.607022,59,ciclo1_AC_AP,concentrator_trafo_3_22,prosumer26,cfp,100,6.245318,0
1789091885.607124,59,ciclo1_AC_AP,concentrator_trafo_3_22,prosumer27,cfp,100,2.814605,0
1789091885.607229,59,ciclo1_AC_AP,concentrator_trafo_3_22,prosumer28,cfp,100,3.614426,0
1789091885.607330,59,ciclo1_AC_AP,concentrator_trafo_3_22,prosumer29,cfp,100,7.369780,0
1789091885.607431,59,ciclo1_AC_AP,concentrator_trafo_3_22,prosumer30,cfp,100,3.513632,0
1789091885.607532,59,ciclo1_AC_AP,concentrator_trafo_3_22,prosumer31,cfp,100,3.506743,0
1789091885.607657,59,ciclo1_AC_AP,concentrator_trafo_3_22,prosumer32,cfp,100,3.096466,0
1789091885.607759,59,ciclo1_AC_AP,concentrator_trafo_3_22,prosumer33,cfp,100,0.910409,0
1789091885.608490,59,ciclo1_AC_AP,concentrator_trafo_4_34,prosumer34,cfp,100,0.256458,0
1789091885.608645,59,ciclo1_AC_AP,concentrator_trafo_4_34,prosumer35,cfp,100,5.189545,0
1789091885.608758,59,ciclo1_AC_AP,concentrator_trafo_4_34,prosumer36,cfp,100,2.558224,0
1789091885.608868,59,ciclo1_AC_AP,concentrator_trafo_4_34,prosumer37,cfp,100,4.174502,0
1789091885.608972,59,ciclo1_AC_AP,concentrator_trafo_4_34,prosumer38,cfp,100,0.695467,0
1789091885.609076,59,ciclo1_AC_AP,concentrator_trafo_4_34,prosumer39,cfp,100,4.800901,0
1789091885.609176,59,ciclo1_AC_AP,concentrator_trafo_4_34,prosumer40,cfp,100,0.642291,0
1789091885.609277,59,ciclo1_AC_AP,concentrator_trafo_4_34,prosumer41,cfp,100,1.909993,0
1789091885.609378,59,ciclo1_AC_AP,concentrator_trafo_4_34,prosumer42,cfp,100,4.696789,0
1789091885.609482,59,ciclo1_AC_AP,concentrator_trafo_4_34,prosumer43,cfp,100,0.796168,0
1789091885.609595,59,ciclo1_AC_AP,concentrator_trafo_4_34,prosumer44,cfp,100,1.295966,0
1789091885.609701,59,ciclo1_AC_AP,concentrator_trafo_4_34,prosumer45,cfp,100,1.661522,0
1789091885.609803,59,ciclo1_AC_AP,concentrator_trafo_4_34,prosumer46,cfp,100,3.601986,0
1789091885.612403,59,ciclo1_AC_AP,prosumer9,concentrator_trafo_1_5,propose,114,1.522655,0
1789091885.613497,59,ciclo1_AC_AP,prosumer18,concentrator_trafo_2_12,propose,124,3.798163,0
1789091885.617434,59,ciclo1_AC_AP,prosumer12,concentrator_trafo_2_12,propose,406,8.724057,0
1789091885.620226,59,ciclo1_AC_AP,prosumer11,concentrator_trafo_1_5,propose,500,7.283954,0
1789091885.623712,59,ciclo1_AC_AP,prosumer34,concentrator_trafo_4_34,propose,304,6.809053,0
1789091885.627729,59,ciclo1_AC_AP,prosumer6,concentrator_trafo_1_5,propose,167,2.773828,0
1789091885.631444,59,ciclo1_AC_AP,prosumer40,concentrator_trafo_4_34,propose,386,8.968648,0
1789091885.632572,59,ciclo1_AC_AP,prosumer38,concentrator_trafo_4_34,propose,474,6.327777,0
1789091885.633553,59,ciclo1_AC_AP,prosumer33,concentrator_trafo_3_22,propose,460,9.876902,0
1789091885.637194,59,ciclo1_AC_AP,prosumer43,concentrator_trafo_4_34,propose,252,4.325627,0
1789091885.643752,59,ciclo1_AC_AP,prosumer24,concentrator_trafo_3_22,propose,308,4.634875,0
1789091885.644689,59,ciclo1_AC_AP,prosumer44,concentrator_trafo_4_34,propose,307,10.615897,0
1789091885.646559,59,ciclo1_AC_AP,prosumer5,concentrator_trafo_1_5,propose,379,5.720582,0
1789091885.649823,59,ciclo1_AC_AP,prosumer45,concentrator_trafo_4_34,propose,128,7.933663,0
1789091885.652199,59,ciclo1_AC_AP,prosumer21,concentrator_trafo_2_12,propose,480,6.841826,0
1789091885.654684,59,ciclo1_AC_AP,prosumer25,concentrator_trafo_3_22,propose,328,14.151428,0
1789091885.655725,59,ciclo1_AC_AP,prosumer41,concentrator_trafo_4_34,propose,377,5.892878,0
1789091885.658522,59,ciclo1_AC_AP,prosumer16,concentrator_trafo_2_12,propose,174,2.494377,0
1789091885.661637,59,ciclo1_AC_AP,prosumer15,concentrator_trafo_2_12,propose,387,17.804835,0
1789091885.664821,59,ciclo1_AC_AP,prosumer19,concentrator_trafo_2_12,propose,165,4.904068,0
1789091885.667979,59,ciclo1_AC_AP,prosumer8,concentrator_trafo_1_5,propose,429,9.657201,0
1789091885.671108,59,ciclo1_AC_AP,prosumer36,concentrator_trafo_4_34,propose,206,7.451891,0
1789091885.674362,59,ciclo1_AC_AP,prosumer14,concentrator_trafo_2_12,propose,401,6.152240,0
1789091885.677893,59,ciclo1_AC_AP,prosumer27,concentrator_trafo_3_22,propose,186,5.273832,0
1789091885.680069,59,ciclo1_AC_AP,prosumer20,concentrator_trafo_2_12,propose,145,4.826052,0
1789091885.683424,59,ciclo1_AC_AP,prosumer10,concentrator_trafo_1_5,propose,395,10.087502,0
1789091885.686649,59,ciclo1_AC_AP,prosumer32,concentrator_trafo_3_22,propose,340,14.131771,0
1789091885.690394,59,ciclo1_AC_AP,prosumer17,concentrator_trafo_2_12,propose,247,4.432629,0
1789091885.692280,59,ciclo1_AC_AP,prosumer30,concentrator_trafo_3_22,propose,237,2.253146,0
1789091885.693115,59,ciclo1_AC_AP,prosumer31,concentrator_trafo_3_22,propose,229,5.653674,0
1789091885.693933,59,ciclo1_AC_AP,prosumer13,concentrator_trafo_2_12,propose,208,5.653453,0
1789091885.696794,59,ciclo1_AC_AP,prosumer28,concentrator_trafo_3_22,propose,306,11.656975,0
1789091885.699774,59,ciclo1_AC_AP,prosumer22,concentrator_trafo_3_22,propose,450,7.024513,0
1789091885.703161,59,ciclo1_AC_AP,prosumer46,concentrator_trafo_4_34,propose,104,1.608947,0
1789091885.705545,59,ciclo1_AC_AP,prosumer23,concentrator_trafo_3_22,propose,425,8.446924,0
1789091885.708053,59,ciclo1_AC_AP,prosumer37,concentrator_trafo_4_34,propose,126,4.288690,0
1789091885.710017,59,ciclo1_AC_AP,prosumer7,concentrator_trafo_1_5,propose,368,8.328772,0
1789091885.712435,59,ciclo1_AC_AP,prosumer42,concentrator_trafo_4_34,propose,496,19.826619,0
1789091885.712999,59,ciclo1_AC_AP,prosumer39,concentrator_trafo_4_34,propose,498,13.878756,0
1789091885.714956,59,ciclo1_AC_AP,prosumer35,concentrator_trafo_4_34,propose,135,7.989125,0
1789091885.716836,59,ciclo1_AC_AP,prosumer26,concentrator_trafo_3_22,propose,105,6.377864,0
1789091885.719568,59,ciclo1_AC_AP,prosumer29,concentrator_trafo_3_22,propose,427,14.980957,0
1789091885.919447,59,ciclo2_AD_AC,dso,concentrator_trafo_1_5,cfp,100,6.882790,0
1789091885.920147,59,ciclo2_AD_AC,dso,concentrator_trafo_2_12,cfp,100,3.416465,0
1789091885.920486,59,ciclo2_AD_AC,dso,concentrator_trafo_3_22,cfp,100,2.841280,0
1789091885.920785,59,ciclo2_AD_AC,dso,concentrator_trafo_4_34,cfp,100,8.129002,0
1789091885.957246,59,ciclo2_AD_AC,concentrator_trafo_3_22,dso,propose,1145,40.022463,0
1789091885.962760,59,ciclo2_AD_AC,concentrator_trafo_2_12,dso,propose,1079,17.398366,0
1789091885.996784,59,ciclo2_AD_AC,concentrator_trafo_1_5,dso,propose,1395,44.987908,0
1789091886.007507,59,ciclo2_AD_AC,concentrator_trafo_4_34,dso,propose,1072,53.143769,0
1789091886.549410,59,ciclo3_AM_AC_AD,market,dso,cfp,100,3.372329,0
1789091886.596439,59,ciclo3_AM_AC_AD,dso,market,propose,1426,25.891220,0
1789091886.866251,59,ciclo3_AM_AC_AD,market,concentrator_trafo_1_5,cfp,100,3.647147,0
1789091886.866930,59,ciclo3_AM_AC_AD,market,concentrator_trafo_2_12,cfp,100,6.793436,0
1789091886.867412,59,ciclo3_AM_AC_AD,market,concentrator_trafo_3_22,cfp,100,0.890764,0
1789091886.867855,59,ciclo3_AM_AC_AD,market,concentrator_trafo_4_34,cfp,100,5.799994,0
1789091886.868190,59,ciclo3_AM_AC_AD,market,dso,cfp,100,1.797830,0
1789091886.916770,59,ciclo3_AM_AC_AD,concentrator_trafo_3_22,market,propose,1389,22.411076,0
1789091886.928375,59,ciclo3_AM_AC_AD,concentrator_trafo_1_5,market,propose,1259,38.853124,0
1789091886.932364,59,ciclo3_AM_AC_AD,dso,market,propose,1068,16.609068,0
1789091886.955884,59,ciclo3_AM_AC_AD,concentrator_trafo_4_34,market,propose,1480,55.773681,0
1789091886.960716,59,ciclo3_AM_AC_AD,concentrator_trafo_2_12,market,propose,1058,35.452952,0
1789091887.596750,60,ciclo1_AC_AP,concentrator_trafo_1_5,prosumer5,cfp,100,1.459301,0
1789091887.597832,60,ciclo1_AC_AP,concentrator_trafo_1_5,prosumer6,cfp,100,0.910361,0
1789091887.598780,60,ciclo1_AC_AP,concentrator_trafo_1_5,prosumer7,cfp,100,3.386710,0
1789091887.599605,60,ciclo1_AC_AP,concentrator_trafo_1_5,prosumer8,cfp,100,0.936271,0
1789091887.600307,60,ciclo1_AC_AP,concentrator_trafo_1_5,prosumer9,cfp,100,1.939486,0
1789091887.600638,60,ciclo1_AC_AP,concentrator_trafo_1_5,prosumer10,cfp,100,3.525875,0
1789091887.600787,60,ciclo1_AC_AP,concentrator_trafo_1_5,prosumer11,cfp,100,3.794273,0
1789091887.601888,60,ciclo1_AC_AP,concentrator_trafo_2_12,prosumer12,cfp,100,2.351350,0
1789091887.602495,60,ciclo1_AC_AP,concentrator_trafo_2_12,prosumer13,cfp,100,3.894280,0
1789091887.603154,60,ciclo1_AC_AP,concentrator_trafo_2_12,prosumer14,cfp,100,0.454355,0
1789091887.603462,60,ciclo1_AC_AP,concentrator_trafo_2_12,prosumer15,cfp,100,2.236416,0
1789091887.603740,60,ciclo1_AC_AP,concentrator_trafo_2_12,prosumer16,cfp,100,2.670455,0
1789091887.603964,60,ciclo1_AC_AP,concentrator_trafo_2_12,prosumer17,cfp,100,0.429607,0
1789091887.604126,60,ciclo1_AC_AP,concentrator_trafo_2_12,prosumer18,cfp,100,1.720325,0
1789091887.604278,60,ciclo1_AC_AP,concentrator_trafo_2_12,prosumer19,cfp,100,0.081371,0
1789091887.604443,60,ciclo1_AC_AP,concentrator_trafo_2_12,prosumer20,cfp,100,1.386839,0
1789091887.604609,60,ciclo1_AC_AP,concentrator_trafo_2_12,prosumer21,cfp,100,1.710618,0
1789091887.605366,60,ciclo1_AC_AP,concentrator_trafo_3_22,prosumer22,cfp,100,3.266585,0
1789091887.605537,60,ciclo1_AC_AP,concentrator_trafo_3_22,prosumer23,cfp,100,1.199449,0
1789091887.605716,60,ciclo1_AC_AP,concentrator_trafo_3_22,prosumer24,cfp,100,3.361767,0
1789091887.605877,60,ciclo1_AC_AP,concentrator_trafo_3_22,prosumer25,cfp,100,2.810275,0
1789091887.606031,60,ciclo1_AC_AP,concentrator_trafo_3_22,prosumer26,cfp,100,6.677581,0
1789091887.606183,60,ciclo1_AC_AP,concentrator_trafo_3_22,prosumer27,cfp,100,3.103843,0
1789091887.606338,60,ciclo1_AC_AP,concentrator_trafo_3_22,prosumer28,cfp,100,4.426966,0
1789091887.606491,60,ciclo1_AC_AP,concentrator_trafo_3_22,prosumer29,cfp,100,3.931122,0
1789091887.606659,60,ciclo1_AC_AP,concentrator_trafo_3_22,prosumer30,cfp,100,2.438534,0
1789091887.606813,60,ciclo1_AC_AP,concentrator_trafo_3_22,prosumer31,cfp,100,0.962555,0
1789091887.606961,60,ciclo1_AC_AP,concentrator_trafo_3_22,prosumer32,cfp,100,0.836984,0
1789091887.607105,60,ciclo1_AC_AP,concentrator_trafo_3_22,prosumer33,cfp,100,3.562463,0
1789091887.607756,60,ciclo1_AC_AP,concentrator_trafo_4_34,prosumer34,cfp,100,0.792577,0
1789091887.607917,60,ciclo1_AC_AP,concentrator_trafo_4_34,prosumer35,cfp,100,4.910936,0
1789091887.608067,60,ciclo1_AC_AP,concentrator_trafo_4_34,prosumer36,cfp,100,4.761127,0
1789091887.608210,60,ciclo1_AC_AP,concentrator_trafo_4_34,prosumer37,cfp,100,2.758011,0
1789091887.608356,60,ciclo1_AC_AP,concentrator_trafo_4_34,prosumer38,cfp,100,2.690451,0
1789091887.608498,60,ciclo1_AC_AP,concentrator_trafo_4_34,prosumer39,cfp,100,4.511781,0
1789091887.608649,60,ciclo1_AC_AP,concentrator_trafo_4_34,prosumer40,cfp,100,2.332065,0
1789091887.608799,60,ciclo1_AC_AP,concentrator_trafo_4_34,prosumer41,cfp,100,0.748502,0
1789091887.608947,60,ciclo1_AC_AP,concentrator_trafo_4_34,prosumer42,cfp,100,0.841022,0
1789091887.609093,60,ciclo1_AC_AP,concentrator_trafo_4_34,prosumer43,cfp,100,3.409903,0
1789091887.609239,60,ciclo1_AC_AP,concentrator_trafo_4_34,prosumer44,cfp,100,6.901223,0
1789091887.609381,60,ciclo1_AC_AP,concentrator_trafo_4_34,prosumer45,cfp,100,3.636648,0
1789091887.609525,60,ciclo1_AC_AP,concentrator_trafo_4_34,prosumer46,cfp,100,0.887106,0
1789091887.616640,60,ciclo1_AC_AP,prosumer19,concentrator_trafo_2_12,propose,270,5.626942,0
1789091887.621880,60,ciclo1_AC_AP,prosumer6,concentrator_trafo_1_5,propose,103,0.155975,0
1789091887.626238,60,ciclo1_AC_AP,prosumer14,concentrator_trafo_2_12,propose,479,8.572914,0
1789091887.630239,60,ciclo1_AC_AP,prosumer17,concentrator_trafo_2_12,propose,265,6.370745,0
1789091887.634359,60,ciclo1_AC_AP,prosumer8,concentrator_trafo_1_5,propose,174,2.899800,0
1789091887.645955,60,ciclo1_AC_AP,prosumer5,concentrator_trafo_1_5,propose,269,6.829362,0
1789091887.651500,60,ciclo1_AC_AP,prosumer32,concentrator_trafo_3_22,propose,396,13.353911,0
1789091887.652784,60,ciclo1_AC_AP,prosumer34,concentrator_trafo_4_34,propose,484,9.003746,0
1789091887.656621,60,ciclo1_AC_AP,prosumer41,concentrator_trafo_4_34,propose,132,4.435325,0
1789091887.657758,60,ciclo1_AC_AP,prosumer31,concentrator_trafo_3_22,propose,144,3.979796,0
1789091887.661613,60,ciclo1_AC_AP,prosumer42,concentrator_trafo_4_34,propose,290,15.131064,0
1789091887.665370,60,ciclo1_AC_AP,prosumer23,concentrator_trafo_3_22,propose,206,2.923308,0
1789091887.667180,60,ciclo1_AC_AP,prosumer20,concentrator_trafo_2_12,propose,229,5.753843,0
1789091887.671151,60,ciclo1_AC_AP,prosumer46,concentrator_trafo_4_34,propose,330,6.540686,0
1789091887.672431,60,ciclo1_AC_AP,prosumer9,concentrator_trafo_1_5,propose,269,6.761526,0
1789091887.676245,60,ciclo1_AC_AP,prosumer18,concentrator_trafo_2_12,propose,449,7.854776,0
1789091887.679908,60,ciclo1_AC_AP,prosumer21,concentrator_trafo_2_12,propose,348,6.399442,0
1789091887.681416,60,ciclo1_AC_AP,prosumer12,concentrator_trafo_2_12,propose,340,4.729514,0
1789091887.682585,60,ciclo1_AC_AP,prosumer15,concentrator_trafo_2_12,propose,374,13.342640,0
1789091887.683686,60,ciclo1_AC_AP,prosumer16,concentrator_trafo_2_12,propose,369,5.926753,0
1789091887.687733,60,ciclo1_AC_AP,prosumer30,concentrator_trafo_3_22,propose,143,2.263687,0
1789091887.688822,60,ciclo1_AC_AP,prosumer40,concentrator_trafo_4_34,propose,141,4.746940,0
1789091887.692421,60,ciclo1_AC_AP,prosumer7,concentrator_trafo_1_5,propose,261,6.561731,0
1789091887.693477,60,ciclo1_AC_AP,prosumer25,concentrator_trafo_3_22,propose,324,13.743396,0
1789091887.695501,60,ciclo1_AC_AP,prosumer38,concentrator_trafo_4_34,propose,296,7.863404,0
1789091887.700015,60,ciclo1_AC_AP,prosumer37,concentrator_trafo_4_34,propose,497,16.831515,0
1789091887.703496,60,ciclo1_AC_AP,prosumer10,concentrator_trafo_1_5,propose,306,6.333092,0
1789091887.704560,60,ciclo1_AC_AP,prosumer27,concentrator_trafo_3_22,propose,377,10.434551,0
1789091887.705626,60,ciclo1_AC_AP,prosumer22,concentrator_trafo_3_22,propose,345,6.722965,0
1789091887.709112,60,ciclo1_AC_AP,prosumer11,concentrator_trafo_1_5,propose,382,8.439188,0
1789091887.712244,60,ciclo1_AC_AP,prosumer24,concentrator_trafo_3_22,propose,318,4.909264,0
1789091887.714268,60,ciclo1_AC_AP,prosumer13,concentrator_trafo_2_12,propose,365,5.130756,0
1789091887.718164,60,ciclo1_AC_AP,prosumer33,concentrator_trafo_3_22,propose,137,2.717626,0
1789091887.719069,60,ciclo1_AC_AP,prosumer43,concentrator_trafo_4_34,propose,212,4.037210,0
1789091887.719841,60,ciclo1_AC_AP,prosumer45,concentrator_trafo_4_34,propose,173,7.018188,0
1789091887.722806,60,ciclo1_AC_AP,prosumer29,concentrator_trafo_3_22,propose,429,13.602283,0
1789091887.726144,60,ciclo1_AC_AP,prosumer28,concentrator_trafo_3_22,propose,304,13.096653,0
1789091887.726812,60,ciclo1_AC_AP,prosumer39,concentrator_trafo_4_34,propose,361,14.320708,0
1789091887.727650,60,ciclo1_AC_AP,prosumer36,concentrator_trafo_4_34,propose,260,15.666039,0
1789091887.730329,60,ciclo1_AC_AP,prosumer35,concentrator_trafo_4_34,propose,175,10.420733,0
1789091887.731404,60,ciclo1_AC_AP,prosumer26,concentrator_trafo_3_22,propose,136,7.020259,0
1789091887.732458,60,ciclo1_AC_AP,prosumer44,concentrator_trafo_4_34,propose,173,8.089007,0
1789091887.890992,60,ciclo2_AD_AC,dso,concentrator_trafo_1_5,cfp,100,5.871654,0
1789091887.891583,60,ciclo2_AD_AC,dso,concentrator_trafo_2_12,cfp,100,1.215713,0
1789091887.892123,60,ciclo2_AD_AC,dso,concentrator_trafo_3_22,cfp,100,2.560150,0
1789091887.892659,60,ciclo2_AD_AC,dso,concentrator_trafo_4_34,cfp,100,3.403382,0
1789091887.909781,60,ciclo2_AD_AC,concentrator_trafo_2_12,dso,propose,1079,16.542869,0
1789091887.921402,60,ciclo2_AD_AC,concentrator_trafo_3_22,dso,propose,1017,34.057456,0
1789091887.933505,60,ciclo2_AD_AC,concentrator_trafo_4_34,dso,propose,1196,63.745762,0
1789091887.957712,60,ciclo2_AD_AC,concentrator_trafo_1_5,dso,propose,1330,42.379474,0
1789091888.580128,60,ciclo3_AM_AC_AD,market,dso,cfp,100,1.528944,0
1789091888.635434,60,ciclo3_AM_AC_AD,dso,market,propose,1289,21.303611,0
1789091888.858139,60,ciclo3_AM_AC_AD,market,concentrator_trafo_1_5,cfp,100,2.579174,0
1789091888.858522,60,ciclo3_AM_AC_AD,market,concentrator_trafo_2_12,cfp,100,2.137767,0
1789091888.858784,60,ciclo3_AM_AC_AD,market,concentrator_trafo_3_22,cfp,100,3.006328,0
1789091888.858925,60,ciclo3_AM_AC_AD,market,concentrator_trafo_4_34,cfp,100,5.088279,0
1789091888.859051,60,ciclo3_AM_AC_AD,market,dso,cfp,100,1.844857,0
1789091888.938796,60,ciclo3_AM_AC_AD,concentrator_trafo_2_12,market,propose,1059,33.476649,0
1789091888.943022,60,ciclo3_AM_AC_AD,dso,market,propose,1340,23.163862,0
1789091888.946622,60,ciclo3_AM_AC_AD,concentrator_trafo_1_5,market,propose,1034,39.227628,0
1789091888.948621,60,ciclo3_AM_AC_AD,concentrator_trafo_3_22,market,propose,1268,21.015802,0
1789091888.950629,60,ciclo3_AM_AC_AD,concentrator_trafo_4_34,market,propose,1137,49.138944,0
1789091889.515057,61,ciclo1_AC_AP,concentrator_trafo_1_5,prosumer5,cfp,100,2.371800,0
1789091889.515757,61,ciclo1_AC_AP,concentrator_trafo_1_5,prosumer6,cfp,100,3.887280,0
1789091889.516297,61,ciclo1_AC_AP,concentrator_trafo_1_5,prosumer7,cfp,100,2.497932,0
1789091889.516529,61,ciclo1_AC_AP,concentrator_trafo_1_5,prosumer8,cfp,100,2.324643,0
1789091889.516912,61,ciclo1_AC_AP,concentrator_trafo_1_5,prosumer9,cfp,100,3.196661,0
1789091889.517108,61,ciclo1_AC_AP,concentrator_trafo_1_5,prosumer10,cfp,100,3.064937,0
1789091889.517255,61,ciclo1_AC_AP,concentrator_trafo_1_5,prosumer11,cfp,100,2.164585,0
1789091889.518131,61,ciclo1_AC_AP,concentrator_trafo_2_12,prosumer12,cfp,100,2.737842,0
1789091889.518301,61,ciclo1_AC_AP,concentrator_trafo_2_12,prosumer13,cfp,100,0.395982,0
1789091889.518443,61,ciclo1_AC_AP,concentrator_trafo_2_12,prosumer14,cfp,100,0.309466,0
1789091889.518585,61,ciclo1_AC_AP,concentrator_trafo_2_12,prosumer15,cfp,100,4.808845,0
1789091889.518706,61,ciclo1_AC_AP,concentrator_trafo_2_12,prosumer16,cfp,100,2.927562,0
1789091889.518821,61,ciclo1_AC_AP,concentrator_trafo_2_12,prosumer17,cfp,100,0.792937,0
1789091889.518935,61,ciclo1_AC_AP,concentrator_trafo_2_12,prosumer18,cfp,100,0.949079,0
1789091889.519048,61,ciclo1_AC_AP,concentrator_trafo_2_12,prosumer19,cfp,100,1.450538,0
1789091889.519162,61,ciclo1_AC_AP,concentrator_trafo_2_12,prosumer20,cfp,100,0.148378,0
1789091889.519274,61,ciclo1_AC_AP,concentrator_trafo_2_12,prosumer21,cfp,100,3.061578,0
1789091889.519992,61,ciclo1_AC_AP,concentrator_trafo_3_22,prosumer22,cfp,100,2.539909,0
1789091889.520136,61,ciclo1_AC_AP,concentrator_trafo_3_22,prosumer23,cfp,100,2.864302,0
1789091889.520261,61,ciclo1_AC_AP,concentrator_trafo_3_22,prosumer24,cfp,100,3.122425,0
1789091889.520382,61,ciclo1_AC_AP,concentrator_trafo_3_22,prosumer25,cfp,100,4.793549,0
1789091889.520496,61,ciclo1_AC_AP,concentrator_trafo_3_22,prosumer26,cfp,100,5.655721,0
1789091889.520623,61,ciclo1_AC_AP,concentrator_trafo_3_22,prosumer27,cfp,100,4.041947,0
1789091889.520737,61,ciclo1_AC_AP,concentrator_trafo_3_22,prosumer28,cfp,100,5.529379,0
1789091889.520850,61,ciclo1_AC_AP,concentrator_trafo_3_22,prosumer29,cfp,100,3.105212,0
1789091889.520962,61,ciclo1_AC_AP,concentrator_trafo_3_22,prosumer30,cfp,100,0.214424,0
1789091889.521073,61,ciclo1_AC_AP,concentrator_trafo_3_22,prosumer31,cfp,100,3.019532,0
1789091889.521183,61,ciclo1_AC_AP,concentrator_trafo_3_22,prosumer32,cfp,100,5.463284,0
1789091889.521296,61,ciclo1_AC_AP,concentrator_trafo_3_22,prosumer33,cfp,100,3.186083,0
1789091889.522035,61,ciclo1_AC_AP,concentrator_trafo_4_34,prosumer34,cfp,100,1.843440,0
1789091889.522198,61,ciclo1_AC_AP,concentrator_trafo_4_34,prosumer35,cfp,100,3.498218,0
1789091889.522332,61,ciclo1_AC_AP,concentrator_trafo_4_34,prosumer36,cfp,100,5.950233,0
1789091889.522455,61,ciclo1_AC_AP,concentrator_trafo_4_34,prosumer37,cfp,100,1.692141,0
1789091889.522580,61,ciclo1_AC_AP,concentrator_trafo_4_34,prosumer38,cfp,100,2.760638,0
1789091889.522702,61,ciclo1_AC_AP,concentrator_trafo_4_34,prosumer39,cfp,100,3.264828,0
1789091889.522815,61,ciclo1_AC_AP,concentrator_trafo_4_34,prosumer40,cfp,100,3.882248,0
1789091889.522928,61,ciclo1_AC_AP,concentrator_trafo_4_34,prosumer41,cfp,100,0.856376,0
1789091889.523041,61,ciclo1_AC_AP,concentrator_trafo_4_34,prosumer42,cfp,100,5.180822,0
1789091889.523154,61,ciclo1_AC_AP,concentrator_trafo_4_34,prosumer43,cfp,100,2.547082,0
1789091889.523268,61,ciclo1_AC_AP,concentrator_trafo_4_34,prosumer44,cfp,100,2.864897,0
1789091889.523420,61,ciclo1_AC_AP,concentrator_trafo_4_34,prosumer45,cfp,100,0.923390,0
1789091889.523643,61,ciclo1_AC_AP,concentrator_trafo_4_34,prosumer46,cfp,100,3.575001,0
1789091889.529048,61,ciclo1_AC_AP,prosumer20,concentrator_trafo_2_12,propose,389,9.609478,0
1789091889.532358,61,ciclo1_AC_AP,prosumer14,concentrator_trafo_2_12,propose,254,3.829453,0
1789091889.534791,61,ciclo1_AC_AP,prosumer13,concentrator_trafo_2_12,propose,280,9.574979,0
1789091889.536759,61,ciclo1_AC_AP,prosumer30,concentrator_trafo_3_22,propose,440,9.544661,0
1789091889.538092,61,ciclo1_AC_AP,prosumer17,concentrator_trafo_2_12,propose,472,8.589742,0
1789091889.540052,61,ciclo1_AC_AP,prosumer18,concentrator_trafo_2_12,propose,344,7.683167,0
1789091889.540637,61,ciclo1_AC_AP,prosumer41,concentrator_trafo_4_34,propose,305,4.886245,0
1789091889.542577,61,ciclo1_AC_AP,prosumer45,concentrator_trafo_4_34,propose,402,15.619642,0
1789091889.544503,61,ciclo1_AC_AP,prosumer19,concentrator_trafo_2_12,propose,263,6.465220,0
1789091889.547374,61,ciclo1_AC_AP,prosumer5,concentrator_trafo_1_5,propose,480,9.281619,0
1789091889.547953,61,ciclo1_AC_AP,prosumer11,concentrator_trafo_1_5,propose,442,9.243006,0
1789091889.548494,61,ciclo1_AC_AP,prosumer37,concentrator_trafo_4_34,propose,418,18.457279,0
1789091889.550477,61,ciclo1_AC_AP,prosumer8,concentrator_trafo_1_5,propose,338,6.652680,0
1789091889.551063,61,ciclo1_AC_AP,prosumer34,concentrator_trafo_4_34,propose,362,7.247800,0
1789091889.551576,61,ciclo1_AC_AP,prosumer7,concentrator_trafo_1_5,propose,276,6.357491,0
1789091889.555337,61,ciclo1_AC_AP,prosumer22,concentrator_trafo_3_22,propose,218,4.548435,0
1789091889.558011,61,ciclo1_AC_AP,prosumer12,concentrator_trafo_2_12,propose,497,6.937374,0
1789091889.559984,61,ciclo1_AC_AP,prosumer10,concentrator_trafo_1_5,propose,357,5.132677,0
1789091889.561942,61,ciclo1_AC_AP,prosumer16,concentrator_trafo_2_12,propose,119,2.516882,0
1789091889.563908,61,ciclo1_AC_AP,prosumer43,concentrator_trafo_4_34,propose,471,7.584342,0
1789091889.565876,61,ciclo1_AC_AP,prosumer23,concentrator_trafo_3_22,propose,296,7.958069,0
1789091889.567837,61,ciclo1_AC_AP,prosumer9,concentrator_trafo_1_5,propose,500,8.227343,0
1789091889.569735,61,ciclo1_AC_AP,prosumer21,concentrator_trafo_2_12,propose,287,6.723223,0
1789091889.570275,61,ciclo1_AC_AP,prosumer38,concentrator_trafo_4_34,propose,275,7.900216,0
1789091889.570750,61,ciclo1_AC_AP,prosumer31,concentrator_trafo_3_22,propose,362,7.914218,0
1789091889.572639,61,ciclo1_AC_AP,prosumer24,concentrator_trafo_3_22,propose,103,2.691069,0
1789091889.575071,61,ciclo1_AC_AP,prosumer29,concentrator_trafo_3_22,propose,227,7.825246,0
1789091889.577040,61,ciclo1_AC_AP,prosumer44,concentrator_trafo_4_34,propose,394,17.792613,0
1789091889.579302,61,ciclo1_AC_AP,prosumer33,concentrator_trafo_3_22,propose,139,5.992673,0
1789091889.581949,61,ciclo1_AC_AP,prosumer6,concentrator_trafo_1_5,propose,343,5.430573,0
1789091889.583841,61,ciclo1_AC_AP,prosumer39,concentrator_trafo_4_34,propose,156,6.846902,0
1789091889.586504,61,ciclo1_AC_AP,prosumer35,concentrator_trafo_4_34,propose,288,10.989866,0
1789091889.587080,61,ciclo1_AC_AP,prosumer46,concentrator_trafo_4_34,propose,322,6.438101,0
1789091889.588980,61,ciclo1_AC_AP,prosumer27,concentrator_trafo_3_22,propose,492,18.088021,0
1789091889.589556,61,ciclo1_AC_AP,prosumer40,concentrator_trafo_4_34,propose,416,7.540681,0
1789091889.591477,61,ciclo1_AC_AP,prosumer15,concentrator_trafo_2_12,propose,224,5.791890,0
1789091889.593431,61,ciclo1_AC_AP,prosumer25,concentrator_trafo_3_22,propose,379,10.630073,0
1789091889.595881,61,ciclo1_AC_AP,prosumer42,concentrator_trafo_4_34,propose,112,0.225379,0
1789091889.597815,61,ciclo1_AC_AP,prosumer32,concentrator_trafo_3_22,propose,365,13.977378,0
1789091889.598373,61,ciclo1_AC_AP,prosumer28,concentrator_trafo_3_22,propose,359,13.483597,0
1789091889.600238,61,ciclo1_AC_AP,prosumer26,concentrator_trafo_3_22,propose,157,7.176794,0
1789091889.602658,61,ciclo1_AC_AP,prosumer36,concentrator_trafo_4_34,propose,120,6.803752,0
1789091889.774799,61,ciclo2_AD_AC,dso,concentrator_trafo_1_5,cfp,100,4.838586,0
1789091889.775680,61,ciclo2_AD_AC,dso,concentrator_trafo_2_12,cfp,100,2.920726,0
1789091889.776351,61,ciclo2_AD_AC,dso,concentrator_trafo_3_22,cfp,100,2.327332,0
1789091889.776820,61,ciclo2_AD_AC,dso,concentrator_trafo_4_34,cfp,100,3.853548,0
1789091889.805535,61,ciclo2_AD_AC,concentrator_trafo_3_22,dso,propose,1291,42.456532,0
1789091889.810257,61,ciclo2_AD_AC,concentrator_trafo_2_12,dso,propose,1183,18.492596,0
1789091889.820235,61,ciclo2_AD_AC,concentrator_trafo_4_34,dso,propose,1020,58.429463,0
1789091889.828455,61,ciclo2_AD_AC,concentrator_trafo_1_5,dso,propose,1482,49.759721,0
1789091890.415904,61,ciclo3_AM_AC_AD,market,dso,cfp,100,3.887757,0
1789091890.466166,61,ciclo3_AM_AC_AD,dso,market,propose,1187,22.208000,0
1789091890.698527,61,ciclo3_AM_AC_AD,market,concentrator_trafo_1_5,cfp,100,4.468115,0
1789091890.699102,61,ciclo3_AM_AC_AD,market,concentrator_trafo_2_12,cfp,100,3.634273,0
1789091890.699511,61,ciclo3_AM_AC_AD,market,concentrator_trafo_3_22,cfp,100,1.769375,0
1789091890.699767,61,ciclo3_AM_AC_AD,market,concentrator_trafo_4_34,cfp,100,4.068668,0
1789091890.700185,61,ciclo3_AM_AC_AD,market,dso,cfp,100,3.382276,0
1789091890.765904,61,ciclo3_AM_AC_AD,concentrator_trafo_3_22,market,propose,1092,21.702266,0
1789091890.793749,61,ciclo3_AM_AC_AD,concentrator_trafo_2_12,market,propose,1174,37.343686,0
1789091890.799556,61,ciclo3_AM_AC_AD,dso,market,propose,1137,17.279494,0
1789091890.803315,61,ciclo3_AM_AC_AD,concentrator_trafo_4_34,market,propose,1248,43.858432,0
1789091890.804033,61,ciclo3_AM_AC_AD,concentrator_trafo_1_5,market,propose,1247,42.805438,0
1789091891.317877,62,ciclo1_AC_AP,concentrator_trafo_1_5,prosumer5,cfp,100,0.935561,0
1789091891.318466,62,ciclo1_AC_AP,concentrator_trafo_1_5,prosumer6,cfp,100,2.442845,0
1789091891.319090,62,ciclo1_AC_AP,concentrator_trafo_1_5,prosumer7,cfp,100,2.244152,0
1789091891.319736,62,ciclo1_AC_AP,concentrator_trafo_1_5,prosumer8,cfp,100,1.911485,0
1789091891.320220,62,ciclo1_AC_AP,concentrator_trafo_1_5,prosumer9,cfp,100,0.778442,0
1789091891.320580,62,ciclo1_AC_AP,concentrator_trafo_1_5,prosumer10,cfp,100,0.655255,0
1789091891.320730,62,ciclo1_AC_AP,concentrator_trafo_1_5,prosumer11,cfp,100,1.062292,0
1789091891.321510,62,ciclo1_AC_AP,concentrator_trafo_2_12,prosumer12,cfp,100,2.751323,0
1789091891.321700,62,ciclo1_AC_AP,concentrator_trafo_2_12,prosumer13,cfp,100,1.615909,0
1789091891.321846,62,ciclo1_AC_AP,concentrator_trafo_2_12,prosumer14,cfp,100,3.694463,0
1789091891.321985,62,ciclo1_AC_AP,concentrator_trafo_2_12,prosumer15,cfp,100,5.343368,0
1789091891.322112,62,ciclo1_AC_AP,concentrator_trafo_2_12,prosumer16,cfp,100,1.645507,0
1789091891.322237,62,ciclo1_AC_AP,concentrator_trafo_2_12,prosumer17,cfp,100,1.685834,0
1789091891.322361,62,ciclo1_AC_AP,concentrator_trafo_2_12,prosumer18,cfp,100,1.053738,0
1789091891.322486,62,ciclo1_AC_AP,concentrator_trafo_2_12,prosumer19,cfp,100,0.264206,0
1789091891.322627,62,ciclo1_AC_AP,concentrator_trafo_2_12,prosumer20,cfp,100,3.357443,0
1789091891.322755,62,ciclo1_AC_AP,concentrator_trafo_2_12,prosumer21,cfp,100,2.734860,0
1789091891.323486,62,ciclo1_AC_AP,concentrator_trafo_3_22,prosumer22,cfp,100,3.693615,0
1789091891.323650,62,ciclo1_AC_AP,concentrator_trafo_3_22,prosumer23,cfp,100,3.162119,0
1789091891.323782,62,ciclo1_AC_AP,concentrator_trafo_3_22,prosumer24,cfp,100,0.142059,0
1789091891.323906,62,ciclo1_AC_AP,concentrator_trafo_3_22,prosumer25,cfp,100,3.047195,0
1789091891.324024,62,ciclo1_AC_AP,concentrator_trafo_3_22,prosumer26,cfp,100,4.708521,0
1789091891.324139,62,ciclo1_AC_AP,concentrator_trafo_3_22,prosumer27,cfp,100,6.010696,0
1789091891.324252,62,ciclo1_AC_AP,concentrator_trafo_3_22,prosumer28,cfp,100,1.260090,0
1789091891.324367,62,ciclo1_AC_AP,concentrator_trafo_3_22,prosumer29,cfp,100,3.339554,0
1789091891.324477,62,ciclo1_AC_AP,concentrator_trafo_3_22,prosumer30,cfp,100,3.090653,0
1789091891.324598,62,ciclo1_AC_AP,concentrator_trafo_3_22,prosumer31,cfp,100,1.232516,0
1789091891.324716,62,ciclo1_AC_AP,concentrator_trafo_3_22,prosumer32,cfp,100,3.253094,0
1789091891.324829,62,ciclo1_AC_AP,concentrator_trafo_3_22,prosumer33,cfp,100,2.816612,0
1789091891.325551,62,ciclo1_AC_AP,concentrator_trafo_4_34,prosumer34,cfp,100,2.228141,0
1789091891.325706,62,ciclo1_AC_AP,concentrator_trafo_4_34,prosumer35,cfp,100,3.213756,0
1789091891.325834,62,ciclo1_AC_AP,concentrator_trafo_4_34,prosumer36,cfp,100,5.734171,0
1789091891.325956,62,ciclo1_AC_AP,concentrator_trafo_4_34,prosumer37,cfp,100,2.109288,0
1789091891.326070,62,ciclo1_AC_AP,concentrator_trafo_4_34,prosumer38,cfp,100,0.412303,0
1789091891.326180,62,ciclo1_AC_AP,concentrator_trafo_4_34,prosumer39,cfp,100,5.637914,0
1789091891.326299,62,ciclo1_AC_AP,concentrator_trafo_4_34,prosumer40,cfp,100,1.399088,0
1789091891.326409,62,ciclo1_AC_AP,concentrator_trafo_4_34,prosumer41,cfp,100,2.585551,0
1789091891.326516,62,ciclo1_AC_AP,concentrator_trafo_4_34,prosumer42,cfp,100,4.241774,0
1789091891.326642,62,ciclo1_AC_AP,concentrator_trafo_4_34,prosumer43,cfp,100,3.742973,0
1789091891.326752,62,ciclo1_AC_AP,concentrator_trafo_4_34,prosumer44,cfp,100,2.681593,0
1789091891.326860,62,ciclo1_AC_AP,concentrator_trafo_4_34,prosumer45,cfp,100,4.545180,0
1789091891.326966,62,ciclo1_AC_AP,concentrator_trafo_4_34,prosumer46,cfp,100,1.894648,0
1789091891.332251,62,ciclo1_AC_AP,prosumer19,concentrator_trafo_2_12,propose,487,9.296852,0
1789091891.335204,62,ciclo1_AC_AP,prosumer24,concentrator_trafo_3_22,propose,314,5.660757,0
1789091891.337773,62,ciclo1_AC_AP,prosumer10,concentrator_trafo_1_5,propose,100,0.988347,0
1789091891.339880,62,ciclo1_AC_AP,prosumer5,concentrator_trafo_1_5,propose,431,8.829789,0
1789091891.340829,62,ciclo1_AC_AP,prosumer9,concentrator_trafo_1_5,propose,494,10.358306,0
1789091891.343608,62,ciclo1_AC_AP,prosumer38,concentrator_trafo_4_34,propose,220,3.107326,0
1789091891.345554,62,ciclo1_AC_AP,prosumer11,concentrator_trafo_1_5,propose,435,6.170673,0
1789091891.346116,62,ciclo1_AC_AP,prosumer18,concentrator_trafo_2_12,propose,435,7.946829,0
1789091891.348359,62,ciclo1_AC_AP,prosumer28,concentrator_trafo_3_22,propose,344,15.000577,0
1789091891.350285,62,ciclo1_AC_AP,prosumer31,concentrator_trafo_3_22,propose,480,9.176667,0
1789091891.350835,62,ciclo1_AC_AP,prosumer13,concentrator_trafo_2_12,propose,471,14.310448,0
1789091891.353265,62,ciclo1_AC_AP,prosumer16,concentrator_trafo_2_12,propose,276,5.382885,0
1789091891.357313,62,ciclo1_AC_AP,prosumer8,concentrator_trafo_1_5,propose,449,8.952608,0
1789091891.357871,62,ciclo1_AC_AP,prosumer17,concentrator_trafo_2_12,propose,471,6.785818,0
1789091891.360432,62,ciclo1_AC_AP,prosumer40,concentrator_trafo_4_34,propose,182,5.896771,0
1789091891.363147,62,ciclo1_AC_AP,prosumer7,concentrator_trafo_1_5,propose,122,3.900479,0
1789091891.365948,62,ciclo1_AC_AP,prosumer6,concentrator_trafo_1_5,propose,489,9.914656,0
1789091891.366499,62,ciclo1_AC_AP,prosumer46,concentrator_trafo_4_34,propose,478,6.906915,0
1789091891.368924,62,ciclo1_AC_AP,prosumer37,concentrator_trafo_4_34,propose,345,15.278451,0
1789091891.369733,62,ciclo1_AC_AP,prosumer34,concentrator_trafo_4_34,propose,369,7.601692,0
1789091891.371669,62,ciclo1_AC_AP,prosumer12,concentrator_trafo_2_12,propose,437,7.893490,0
1789091891.373567,62,ciclo1_AC_AP,prosumer21,concentrator_trafo_2_12,propose,184,2.411699,0
1789091891.375750,62,ciclo1_AC_AP,prosumer41,concentrator_trafo_4_34,propose,297,7.660572,0
1789091891.377653,62,ciclo1_AC_AP,prosumer33,concentrator_trafo_3_22,propose,456,9.706055,0
1789091891.379589,62,ciclo1_AC_AP,prosumer44,concentrator_trafo_4_34,propose,247,10.041726,0
1789091891.381485,62,ciclo1_AC_AP,prosumer25,concentrator_trafo_3_22,propose,450,16.259689,0
1789091891.382047,62,ciclo1_AC_AP,prosumer23,concentrator_trafo_3_22,propose,397,8.563743,0
1789091891.383977,62,ciclo1_AC_AP,prosumer30,concentrator_trafo_3_22,propose,347,5.187638,0
1789091891.385873,62,ciclo1_AC_AP,prosumer20,concentrator_trafo_2_12,propose,209,4.720072,0
1789091891.387945,62,ciclo1_AC_AP,prosumer32,concentrator_trafo_3_22,propose,113,6.321035,0
1789091891.389870,62,ciclo1_AC_AP,prosumer29,concentrator_trafo_3_22,propose,462,18.876769,0
1789091891.391755,62,ciclo1_AC_AP,prosumer35,concentrator_trafo_4_34,propose,332,12.495425,0
1789091891.394054,62,ciclo1_AC_AP,prosumer14,concentrator_trafo_2_12,propose,419,9.122071,0
1789091891.394580,62,ciclo1_AC_AP,prosumer22,concentrator_trafo_3_22,propose,407,9.874526,0
1789091891.395977,62,ciclo1_AC_AP,prosumer43,concentrator_trafo_4_34,propose,443,8.629429,0
1789091891.398005,62,ciclo1_AC_AP,prosumer42,concentrator_trafo_4_34,propose,188,6.888822,0
1789091891.399936,62,ciclo1_AC_AP,prosumer26,concentrator_trafo_3_22,propose,413,16.686385,0
1789091891.401846,62,ciclo1_AC_AP,prosumer45,concentrator_trafo_4_34,propose,326,10.874501,0
1789091891.402739,62,ciclo1_AC_AP,prosumer15,concentrator_trafo_2_12,propose,261,10.953235,0
1789091891.404660,62,ciclo1_AC_AP,prosumer39,concentrator_trafo_4_34,propose,396,14.201121,0
1789091891.406588,62,ciclo1_AC_AP,prosumer36,concentrator_trafo_4_34,propose,267,10.975535,0
1789091891.407112,62,ciclo1_AC_AP,prosumer27,concentrator_trafo_3_22,propose,320,10.407811,0
1789091891.587001,62,ciclo2_AD_AC,dso,concentrator_trafo_1_5,cfp,100,4.509890,0
1789091891.587370,62,ciclo2_AD_AC,dso,concentrator_trafo_2_12,cfp,100,2.829227,0
1789091891.587555,62,ciclo2_AD_AC,dso,concentrator_trafo_3_22,cfp,100,3.206948,0
1789091891.587886,62,ciclo2_AD_AC,dso,concentrator_trafo_4_34,cfp,100,5.846750,0
1789091891.624312,62,ciclo2_AD_AC,concentrator_trafo_2_12,dso,propose,1290,22.027494,0
1789091891.626462,62,ciclo2_AD_AC,concentrator_trafo_3_22,dso,propose,1393,45.512880,0
1789091891.640738,62,ciclo2_AD_AC,concentrator_trafo_1_5,dso,propose,1443,47.484924,0
1789091891.649763,62,ciclo2_AD_AC,concentrator_trafo_4_34,dso,propose,1442,71.800223,0
1789091892.377153,62,ciclo3_AM_AC_AD,market,dso,cfp,100,1.855863,0
1789091892.435323,62,ciclo3_AM_AC_AD,dso,market,propose,1321,22.951498,0
1789091892.675838,62,ciclo3_AM_AC_AD,market,concentrator_trafo_1_5,cfp,100,4.810689,0
1789091892.676387,62,ciclo3_AM_AC_AD,market,concentrator_trafo_2_12,cfp,100,0.852894,0
1789091892.676744,62,ciclo3_AM_AC_AD,market,concentrator_trafo_3_22,cfp,100,1.941263,0
1789091892.676946,62,ciclo3_AM_AC_AD,market,concentrator_trafo_4_34,cfp,100,6.714645,0
1789091892.677087,62,ciclo3_AM_AC_AD,market,dso,cfp,100,3.102613,0
1789091892.712076,62,ciclo3_AM_AC_AD,concentrator_trafo_2_12,market,propose,1073,35.085705,0
1789091892.731254,62,ciclo3_AM_AC_AD,concentrator_trafo_3_22,market,propose,1262,21.064124,0
1789091892.752963,62,ciclo3_AM_AC_AD,concentrator_trafo_1_5,market,propose,1219,42.534404,0
1789091892.757816,62,ciclo3_AM_AC_AD,dso,market,propose,1200,20.764687,0
1789091892.768576,62,ciclo3_AM_AC_AD,concentrator_trafo_4_34,market,propose,1121,41.582814,0
1789091893.258305,63,ciclo1_AC_AP,concentrator_trafo_1_5,prosumer5,cfp,100,1.365392,0
1789091893.258707,63,ciclo1_AC_AP,concentrator_trafo_1_5,prosumer6,cfp,100,0.831000,0
1789091893.258999,63,ciclo1_AC_AP,concentrator_trafo_1_5,prosumer7,cfp,100,3.413689,0
1789091893.259226,63,ciclo1_AC_AP,concentrator_trafo_1_5,prosumer8,cfp,100,1.434525,0
1789091893.259403,63,ciclo1_AC_AP,concentrator_trafo_1_5,prosumer9,cfp,100,0.602256,0
1789091893.259572,63,ciclo1_AC_AP,concentrator_trafo_1_5,prosumer10,cfp,100,3.455086,0
1789091893.259728,63,ciclo1_AC_AP,concentrator_trafo_1_5,prosumer11,cfp,100,2.080300,0
1789091893.260553,63,ciclo1_AC_AP,concentrator_trafo_2_12,prosumer12,cfp,100,3.785393,0
1789091893.260760,63,ciclo1_AC_AP,concentrator_trafo_2_12,prosumer13,cfp,100,0.773246,0
1789091893.260925,63,ciclo1_AC_AP,concentrator_trafo_2_12,prosumer14,cfp,100,2.925661,0
1789091893.261067,63,ciclo1_AC_AP,concentrator_trafo_2_12,prosumer15,cfp,100,5.294388,0
1789091893.261201,63,ciclo1_AC_AP,concentrator_trafo_2_12,prosumer16,cfp,100,1.432281,0
1789091893.261330,63,ciclo1_AC_AP,concentrator_trafo_2_12,prosumer17,cfp,100,2.476716,0
1789091893.261458,63,ciclo1_AC_AP,concentrator_trafo_2_12,prosumer18,cfp,100,0.834473,0
1789091893.261653,63,ciclo1_AC_AP,concentrator_trafo_2_12,prosumer19,cfp,100,3.236205,0
1789091893.261825,63,ciclo1_AC_AP,concentrator_trafo_2_12,prosumer20,cfp,100,2.440498,0
1789091893.262099,63,ciclo1_AC_AP,concentrator_trafo_2_12,prosumer21,cfp,100,2.551988,0
1789091893.262817,63,ciclo1_AC_AP,concentrator_trafo_3_22,prosumer22,cfp,100,2.418089,0
1789091893.262957,63,ciclo1_AC_AP,concentrator_trafo_3_22,prosumer23,cfp,100,3.189362,0
1789091893.263077,63,ciclo1_AC_AP,concentrator_trafo_3_22,prosumer24,cfp,100,2.692779,0
1789091893.263191,63,ciclo1_AC_AP,concentrator_trafo_3_22,prosumer25,cfp,100,5.530309,0
1789091893.263301,63,ciclo1_AC_AP,concentrator_trafo_3_22,prosumer26,cfp,100,4.586147,0
1789091893.263412,63,ciclo1_AC_AP,concentrator_trafo_3_22,prosumer27,cfp,100,6.193431,0
1789091893.263532,63,ciclo1_AC_AP,concentrator_trafo_3_22,prosumer28,cfp,100,4.042591,0
1789091893.263659,63,ciclo1_AC_AP,concentrator_trafo_3_22,prosumer29,cfp,100,7.019613,0
1789091893.263770,63,ciclo1_AC_AP,concentrator_trafo_3_22,prosumer30,cfp,100,2.181801,0
1789091893.263881,63,ciclo1_AC_AP,concentrator_trafo_3_22,prosumer31,cfp,100,0.301425,0
1789091893.263989,63,ciclo1_AC_AP,concentrator_trafo_3_22,prosumer32,cfp,100,4.570976,0
1789091893.264097,63,ciclo1_AC_AP,concentrator_trafo_3_22,prosumer33,cfp,100,1.322836,0
1789091893.264767,63,ciclo1_AC_AP,concentrator_trafo_4_34,prosumer34,cfp,100,0.172984,0
1789091893.265186,63,ciclo1_AC_AP,concentrator_trafo_4_34,prosumer35,cfp,100,1.279046,0
1789091893.265516,63,ciclo1_AC_AP,concentrator_trafo_4_34,prosumer36,cfp,100,4.135166,0
1789091893.265888,63,ciclo1_AC_AP,concentrator_trafo_4_34,prosumer37,cfp,100,1.118370,0
1789091893.266192,63,ciclo1_AC_AP,concentrator_trafo_4_34,prosumer38,cfp,100,4.018985,0
1789091893.266356,63,ciclo1_AC_AP,concentrator_trafo_4_34,prosumer39,cfp,100,3.791171,0
1789091893.266495,63,ciclo1_AC_AP,concentrator_trafo_4_34,prosumer40,cfp,100,1.500790,0
1789091893.266741,63,ciclo1_AC_AP,concentrator_trafo_4_34,prosumer41,cfp,100,1.514363,0
1789091893.267038,63,ciclo1_AC_AP,concentrator_trafo_4_34,prosumer42,cfp,100,1.676998,0
1789091893.267282,63,ciclo1_AC_AP,concentrator_trafo_4_34,prosumer43,cfp,100,3.549513,0
1789091893.267417,63,ciclo1_AC_AP,concentrator_trafo_4_34,prosumer44,cfp,100,1.654615,0
1789091893.267572,63,ciclo1_AC_AP,concentrator_trafo_4_34,prosumer45,cfp,100,3.652901,0
1789091893.267699,63,ciclo1_AC_AP,concentrator_trafo_4_34,prosumer46,cfp,100,0.794031,0
1789091893.273627,63,ciclo1_AC_AP,prosumer9,concentrator_trafo_1_5,propose,288,7.799749,0
1789091893.274637,63,ciclo1_AC_AP,prosumer34,concentrator_trafo_4_34,propose,295,7.529052,0
1789091893.277126,63,ciclo1_AC_AP,prosumer31,concentrator_trafo_3_22,propose,251,4.719681,0
1789091893.277787,63,ciclo1_AC_AP,prosumer6,concentrator_trafo_1_5,propose,223,2.044071,0
1789091893.278881,63,ciclo1_AC_AP,prosumer13,concentrator_trafo_2_12,propose,208,4.039828,0
1789091893.280168,63,ciclo1_AC_AP,prosumer18,concentrator_trafo_2_12,propose,230,2.094955,0
1789091893.280731,63,ciclo1_AC_AP,prosumer5,concentrator_trafo_1_5,propose,223,4.989896,0
1789091893.282616,63,ciclo1_AC_AP,prosumer8,concentrator_trafo_1_5,propose,374,4.239448,0
1789091893.284662,63,ciclo1_AC_AP,prosumer16,concentrator_trafo_2_12,propose,400,7.007494,0
1789091893.286628,63,ciclo1_AC_AP,prosumer46,concentrator_trafo_4_34,propose,290,6.002299,0
1789091893.287204,63,ciclo1_AC_AP,prosumer37,concentrator_trafo_4_34,propose,333,12.778539,0
1789091893.289162,63,ciclo1_AC_AP,prosumer33,concentrator_trafo_3_22,propose,221,4.478118,0
1789091893.291056,63,ciclo1_AC_AP,prosumer35,concentrator_trafo_4_34,propose,406,16.758625,0
1789091893.294939,63,ciclo1_AC_AP,prosumer11,concentrator_trafo_1_5,propose,272,7.371686,0
1789091893.296857,63,ciclo1_AC_AP,prosumer40,concentrator_trafo_4_34,propose,419,9.117038,0
1789091893.297425,63,ciclo1_AC_AP,prosumer41,concentrator_trafo_4_34,propose,424,6.988278,0
1789091893.299336,63,ciclo1_AC_AP,prosumer42,concentrator_trafo_4_34,propose,174,7.718064,0
1789091893.301273,63,ciclo1_AC_AP,prosumer44,concentrator_trafo_4_34,propose,264,11.970125,0
1789091893.303212,63,ciclo1_AC_AP,prosumer30,concentrator_trafo_3_22,propose,224,5.708477,0
1789091893.303781,63,ciclo1_AC_AP,prosumer17,concentrator_trafo_2_12,propose,173,4.579858,0
1789091893.305676,63,ciclo1_AC_AP,prosumer20,concentrator_trafo_2_12,propose,489,7.599216,0
1789091893.307578,63,ciclo1_AC_AP,prosumer22,concentrator_trafo_3_22,propose,231,5.406080,0
1789091893.309570,63,ciclo1_AC_AP,prosumer21,concentrator_trafo_2_12,propose,381,6.276693,0
1789091893.311557,63,ciclo1_AC_AP,prosumer24,concentrator_trafo_3_22,propose,188,2.539106,0
1789091893.313567,63,ciclo1_AC_AP,prosumer14,concentrator_trafo_2_12,propose,374,5.473338,0
1789091893.317622,63,ciclo1_AC_AP,prosumer7,concentrator_trafo_1_5,propose,460,12.944087,0
1789091893.318225,63,ciclo1_AC_AP,prosumer19,concentrator_trafo_2_12,propose,463,9.400513,0
1789091893.318732,63,ciclo1_AC_AP,prosumer10,concentrator_trafo_1_5,propose,405,8.397960,0
1789091893.320641,63,ciclo1_AC_AP,prosumer23,concentrator_trafo_3_22,propose,158,2.262498,0
1789091893.322853,63,ciclo1_AC_AP,prosumer12,concentrator_trafo_2_12,propose,328,8.005189,0
1789091893.323678,63,ciclo1_AC_AP,prosumer43,concentrator_trafo_4_34,propose,345,5.495296,0
1789091893.325666,63,ciclo1_AC_AP,prosumer28,concentrator_trafo_3_22,propose,204,10.116814,0
1789091893.327756,63,ciclo1_AC_AP,prosumer45,concentrator_trafo_4_34,propose,454,16.110312,0
1789091893.329849,63,ciclo1_AC_AP,prosumer39,concentrator_trafo_4_34,propose,192,8.594207,0
1789091893.331742,63,ciclo1_AC_AP,prosumer38,concentrator_trafo_4_34,propose,407,8.895071,0
1789091893.333704,63,ciclo1_AC_AP,prosumer36,concentrator_trafo_4_34,propose,283,11.168196,0
1789091893.335614,63,ciclo1_AC_AP,prosumer26,concentrator_trafo_3_22,propose,409,16.785451,0
1789091893.337603,63,ciclo1_AC_AP,prosumer32,concentrator_trafo_3_22,propose,227,5.781153,0
1789091893.341730,63,ciclo1_AC_AP,prosumer15,concentrator_trafo_2_12,propose,463,16.626244,0
1789091893.344794,63,ciclo1_AC_AP,prosumer25,concentrator_trafo_3_22,propose,145,6.634460,0
1789091893.347536,63,ciclo1_AC_AP,prosumer27,concentrator_trafo_3_22,propose,376,9.660405,0
1789091893.348311,63,ciclo1_AC_AP,prosumer29,concentrator_trafo_3_22,propose,354,14.375751,0
1789091893.511286,63,ciclo2_AD_AC,dso,concentrator_trafo_1_5,cfp,100,7.049946,0
1789091893.511417,63,ciclo2_AD_AC,dso,concentrator_trafo_2_12,cfp,100,2.955866,0
1789091893.511499,63,ciclo2_AD_AC,dso,concentrator_trafo_3_22,cfp,100,4.369545,0
1789091893.511579,63,ciclo2_AD_AC,dso,concentrator_trafo_4_34,cfp,100,9.478390,0
1789091893.550049,63,ciclo2_AD_AC,concentrator_trafo_2_12,dso,propose,1463,22.678717,0
1789091893.561950,63,ciclo2_AD_AC,concentrator_trafo_3_22,dso,propose,1107,40.218656,0
1789091893.590019,63,ciclo2_AD_AC,concentrator_trafo_1_5,dso,propose,1150,41.769291,0
1789091893.609633,63,ciclo2_AD_AC,concentrator_trafo_4_34,dso,propose,1199,61.470009,0
1789091894.231832,63,ciclo3_AM_AC_AD,market,dso,cfp,100,0.466933,0
1789091894.287135,63,ciclo3_AM_AC_AD,dso,market,propose,1139,16.482094,0
1789091894.461798,63,ciclo3_AM_AC_AD,market,concentrator_trafo_1_5,cfp,100,3.239206,0
1789091894.462433,63,ciclo3_AM_AC_AD,market,concentrator_trafo_2_12,cfp,100,2.535642,0
1789091894.463018,63,ciclo3_AM_AC_AD,market,concentrator_trafo_3_22,cfp,100,0.769572,0
1789091894.463455,63,ciclo3_AM_AC_AD,market,concentrator_trafo_4_34,cfp,100,7.613662,0
1789091894.463676,63,ciclo3_AM_AC_AD,market,dso,cfp,100,0.225579,0
1789091894.524076,63,ciclo3_AM_AC_AD,concentrator_trafo_3_22,market,propose,1262,20.391181,0
1789091894.529525,63,ciclo3_AM_AC_AD,dso,market,propose,1103,19.189259,0
1789091894.532502,63,ciclo3_AM_AC_AD,concentrator_trafo_2_12,market,propose,1181,38.943157,0
1789091894.534657,63,ciclo3_AM_AC_AD,concentrator_trafo_1_5,market,propose,1432,47.195524,0
1789091894.560292,63,ciclo3_AM_AC_AD,concentrator_trafo_4_34,market,propose,1208,41.122042,0
1789091895.079128,64,ciclo1_AC_AP,concentrator_trafo_1_5,prosumer5,cfp,100,2.046869,0
1789091895.079683,64,ciclo1_AC_AP,concentrator_trafo_1_5,prosumer6,cfp,100,3.797160,0
1789091895.080081,64,ciclo1_AC_AP,concentrator_trafo_1_5,prosumer7,cfp,100,0.506437,0
1789091895.080379,64,ciclo1_AC_AP,concentrator_trafo_1_5,prosumer8,cfp,100,0.485881,0
1789091895.080648,64,ciclo1_AC_AP,concentrator_trafo_1_5,prosumer9,cfp,100,0.121341,0
1789091895.080824,64,ciclo1_AC_AP,concentrator_trafo_1_5,prosumer10,cfp,100,0.446785,0
1789091895.080980,64,ciclo1_AC_AP,concentrator_trafo_1_5,prosumer11,cfp,100,2.981645,0
1789091895.081527,64,ciclo1_AC_AP,concentrator_trafo_2_12,prosumer12,cfp,100,0.341663,0
1789091895.081645,64,ciclo1_AC_AP,concentrator_trafo_2_12,prosumer13,cfp,100,0.411668,0
1789091895.081735,64,ciclo1_AC_AP,concentrator_trafo_2_12,prosumer14,cfp,100,0.885662,0
1789091895.081833,64,ciclo1_AC_AP,concentrator_trafo_2_12,prosumer15,cfp,100,5.462800,0
1789091895.081916,64,ciclo1_AC_AP,concentrator_trafo_2_12,prosumer16,cfp,100,0.511483,0
1789091895.081996,64,ciclo1_AC_AP,concentrator_trafo_2_12,prosumer17,cfp,100,0.400109,0
1789091895.082075,64,ciclo1_AC_AP,concentrator_trafo_2_12,prosumer18,cfp,100,3.048294,0
1789091895.082155,64,ciclo1_AC_AP,concentrator_trafo_2_12,prosumer19,cfp,100,0.515601,0
1789091895.082234,64,ciclo1_AC_AP,concentrator_trafo_2_12,prosumer20,cfp,100,0.410860,0
1789091895.082314,64,ciclo1_AC_AP,concentrator_trafo_2_12,prosumer21,cfp,100,1.432246,0
1789091895.082685,64,ciclo1_AC_AP,concentrator_trafo_3_22,prosumer22,cfp,100,1.391639,0
1789091895.082791,64,ciclo1_AC_AP,concentrator_trafo_3_22,prosumer23,cfp,100,0.604370,0
1789091895.082880,64,ciclo1_AC_AP,concentrator_trafo_3_22,prosumer24,cfp,100,1.551958,0
1789091895.082964,64,ciclo1_AC_AP,concentrator_trafo_3_22,prosumer25,cfp,100,3.375467,0
1789091895.083048,64,ciclo1_AC_AP,concentrator_trafo_3_22,prosumer26,cfp,100,5.612423,0
1789091895.083126,64,ciclo1_AC_AP,concentrator_trafo_3_22,prosumer27,cfp,100,2.062137,0
1789091895.083209,64,ciclo1_AC_AP,concentrator_trafo_3_22,prosumer28,cfp,100,4.234080,0
1789091895.083287,64,ciclo1_AC_AP,concentrator_trafo_3_22,prosumer29,cfp,100,3.626443,0
1789091895.083365,64,ciclo1_AC_AP,concentrator_trafo_3_22,prosumer30,cfp,100,0.383479,0
1789091895.083446,64,ciclo1_AC_AP,concentrator_trafo_3_22,prosumer31,cfp,100,1.291669,0
1789091895.083527,64,ciclo1_AC_AP,concentrator_trafo_3_22,prosumer32,cfp,100,2.619896,0
1789091895.083623,64,ciclo1_AC_AP,concentrator_trafo_3_22,prosumer33,cfp,100,0.484206,0
1789091895.083986,64,ciclo1_AC_AP,concentrator_trafo_4_34,prosumer34,cfp,100,2.751117,0
1789091895.084084,64,ciclo1_AC_AP,concentrator_trafo_4_34,prosumer35,cfp,100,2.878979,0
1789091895.084220,64,ciclo1_AC_AP,concentrator_trafo_4_34,prosumer36,cfp,100,3.807506,0
1789091895.084403,64,ciclo1_AC_AP,concentrator_trafo_4_34,prosumer37,cfp,100,2.149348,0
1789091895.084564,64,ciclo1_AC_AP,concentrator_trafo_4_34,prosumer38,cfp,100,2.970395,0
1789091895.084665,64,ciclo1_AC_AP,concentrator_trafo_4_34,prosumer39,cfp,100,5.022313,0
1789091895.084749,64,ciclo1_AC_AP,concentrator_trafo_4_34,prosumer40,cfp,100,2.279839,0
1789091895.084831,64,ciclo1_AC_AP,concentrator_trafo_4_34,prosumer41,cfp,100,0.542111,0
1789091895.084912,64,ciclo1_AC_AP,concentrator_trafo_4_34,prosumer42,cfp,100,4.809560,0
1789091895.084993,64,ciclo1_AC_AP,concentrator_trafo_4_34,prosumer43,cfp,100,2.703747,0
1789091895.085075,64,ciclo1_AC_AP,concentrator_trafo_4_34,prosumer44,cfp,100,2.066195,0
1789091895.085156,64,ciclo1_AC_AP,concentrator_trafo_4_34,prosumer45,cfp,100,2.025954,0
1789091895.085235,64,ciclo1_AC_AP,concentrator_trafo_4_34,prosumer46,cfp,100,2.304595,0
1789091895.089925,64,ciclo1_AC_AP,prosumer9,concentrator_trafo_1_5,propose,261,4.908677,0
1789091895.093298,64,ciclo1_AC_AP,prosumer12,concentrator_trafo_2_12,propose,474,8.227366,0
1789091895.095867,64,ciclo1_AC_AP,prosumer7,concentrator_trafo_1_5,propose,110,5.130460,0
1789091895.096515,64,ciclo1_AC_AP,prosumer8,concentrator_trafo_1_5,propose,122,0.904279,0
1789091895.098992,64,ciclo1_AC_AP,prosumer10,concentrator_trafo_1_5,propose,198,3.110565,0
1789091895.099773,64,ciclo1_AC_AP,prosumer13,concentrator_trafo_2_12,propose,200,10.961338,0
1789091895.101711,64,ciclo1_AC_AP,prosumer17,concentrator_trafo_2_12,propose,409,7.043069,0
1789091895.104426,64,ciclo1_AC_AP,prosumer20,concentrator_trafo_2_12,propose,183,5.269832,0
1789091895.106956,64,ciclo1_AC_AP,prosumer16,concentrator_trafo_2_12,propose,385,6.826018,0
1789091895.108908,64,ciclo1_AC_AP,prosumer30,concentrator_trafo_3_22,propose,334,4.438963,0
1789091895.110829,64,ciclo1_AC_AP,prosumer19,concentrator_trafo_2_12,propose,141,3.456163,0
1789091895.111381,64,ciclo1_AC_AP,prosumer33,concentrator_trafo_3_22,propose,228,5.139292,0
1789091895.113296,64,ciclo1_AC_AP,prosumer23,concentrator_trafo_3_22,propose,356,4.381436,0
1789091895.115225,64,ciclo1_AC_AP,prosumer41,concentrator_trafo_4_34,propose,247,5.500353,0
1789091895.117594,64,ciclo1_AC_AP,prosumer14,concentrator_trafo_2_12,propose,452,9.179607,0
1789091895.119568,64,ciclo1_AC_AP,prosumer31,concentrator_trafo_3_22,propose,349,7.272371,0
1789091895.120129,64,ciclo1_AC_AP,prosumer22,concentrator_trafo_3_22,propose,314,5.117910,0
1789091895.120650,64,ciclo1_AC_AP,prosumer21,concentrator_trafo_2_12,propose,260,6.175854,0
1789091895.123044,64,ciclo1_AC_AP,prosumer24,concentrator_trafo_3_22,propose,444,8.826261,0
1789091895.123889,64,ciclo1_AC_AP,prosumer5,concentrator_trafo_1_5,propose,480,8.379440,0
1789091895.125473,64,ciclo1_AC_AP,prosumer27,concentrator_trafo_3_22,propose,458,15.909234,0
1789091895.126588,64,ciclo1_AC_AP,prosumer45,concentrator_trafo_4_34,propose,456,14.360761,0
1789091895.128821,64,ciclo1_AC_AP,prosumer44,concentrator_trafo_4_34,propose,297,9.243176,0
1789091895.130757,64,ciclo1_AC_AP,prosumer37,concentrator_trafo_4_34,propose,127,4.427719,0
1789091895.132693,64,ciclo1_AC_AP,prosumer40,concentrator_trafo_4_34,propose,158,4.687222,0
1789091895.133250,64,ciclo1_AC_AP,prosumer46,concentrator_trafo_4_34,propose,130,5.046076,0
1789091895.135155,64,ciclo1_AC_AP,prosumer32,concentrator_trafo_3_22,propose,271,13.699410,0
1789091895.137060,64,ciclo1_AC_AP,prosumer11,concentrator_trafo_1_5,propose,181,2.266749,0
1789091895.139036,64,ciclo1_AC_AP,prosumer34,concentrator_trafo_4_34,propose,490,7.895289,0
1789091895.140960,64,ciclo1_AC_AP,prosumer43,concentrator_trafo_4_34,propose,236,4.267795,0
1789091895.142838,64,ciclo1_AC_AP,prosumer18,concentrator_trafo_2_12,propose,414,9.814404,0
1789091895.143387,64,ciclo1_AC_AP,prosumer35,concentrator_trafo_4_34,propose,468,17.070349,0
1789091895.143892,64,ciclo1_AC_AP,prosumer38,concentrator_trafo_4_34,propose,386,8.631269,0
1789091895.145768,64,ciclo1_AC_AP,prosumer25,concentrator_trafo_3_22,propose,324,11.704193,0
1789091895.146307,64,ciclo1_AC_AP,prosumer6,concentrator_trafo_1_5,propose,258,5.533174,0
1789091895.146823,64,ciclo1_AC_AP,prosumer29,concentrator_trafo_3_22,propose,380,13.073208,0
1789091895.147615,64,ciclo1_AC_AP,prosumer36,concentrator_trafo_4_34,propose,312,11.509947,0
1789091895.148813,64,ciclo1_AC_AP,prosumer28,concentrator_trafo_3_22,propose,346,13.413127,0
1789091895.149874,64,ciclo1_AC_AP,prosumer42,concentrator_trafo_4_34,propose,291,12.882797,0
1789091895.151776,64,ciclo1_AC_AP,prosumer39,concentrator_trafo_4_34,propose,212,8.997883,0
1789091895.153728,64,ciclo1_AC_AP,prosumer15,concentrator_trafo_2_12,propose,446,14.542478,0
1789091895.155920,64,ciclo1_AC_AP,prosumer26,concentrator_trafo_3_22,propose,145,9.649358,0
1789091895.323388,64,ciclo2_AD_AC,dso,concentrator_trafo_1_5,cfp,100,4.188398,0
1789091895.323845,64,ciclo2_AD_AC,dso,concentrator_trafo_2_12,cfp,100,1.876255,0
1789091895.324338,64,ciclo2_AD_AC,dso,concentrator_trafo_3_22,cfp,100,3.841799,0
1789091895.324748,64,ciclo2_AD_AC,dso,concentrator_trafo_4_34,cfp,100,5.146453,0
1789091895.351490,64,ciclo2_AD_AC,concentrator_trafo_2_12,dso,propose,1371,22.184403,0
1789091895.370667,64,ciclo2_AD_AC,concentrator_trafo_3_22,dso,propose,1041,38.412742,0
1789091895.376759,64,ciclo2_AD_AC,concentrator_trafo_1_5,dso,propose,1498,50.034699,0
1789091895.379036,64,ciclo2_AD_AC,concentrator_trafo_4_34,dso,propose,1404,74.500803,0
1789091896.131239,64,ciclo3_AM_AC_AD,market,dso,cfp,100,2.459511,0
1789091896.191818,64,ciclo3_AM_AC_AD,dso,market,propose,1321,20.337399,0
1789091896.403591,64,ciclo3_AM_AC_AD,market,concentrator_trafo_1_5,cfp,100,4.480509,0
1789091896.403970,64,ciclo3_AM_AC_AD,market,concentrator_trafo_2_12,cfp,100,7.568972,0
1789091896.404222,64,ciclo3_AM_AC_AD,market,concentrator_trafo_3_22,cfp,100,2.156955,0
1789091896.404396,64,ciclo3_AM_AC_AD,market,concentrator_trafo_4_34,cfp,100,5.766936,0
1789091896.404561,64,ciclo3_AM_AC_AD,market,dso,cfp,100,1.584388,0
1789091896.481478,64,ciclo3_AM_AC_AD,concentrator_trafo_3_22,market,propose,1046,23.268179,0
1789091896.485335,64,ciclo3_AM_AC_AD,dso,market,propose,1259,20.188042,0
1789091896.488875,64,ciclo3_AM_AC_AD,concentrator_trafo_1_5,market,propose,1008,30.310095,0
1789091896.493123,64,ciclo3_AM_AC_AD,concentrator_trafo_4_34,market,propose,1437,50.706758,0
1789091896.511088,64,ciclo3_AM_AC_AD,concentrator_trafo_2_12,market,propose,1337,45.018887,0
1789091897.075560,65,ciclo1_AC_AP,concentrator_trafo_1_5,prosumer5,cfp,100,3.349019,0
1789091897.076619,65,ciclo1_AC_AP,concentrator_trafo_1_5,prosumer6,cfp,100,2.802125,0
1789091897.077632,65,ciclo1_AC_AP,concentrator_trafo_1_5,prosumer7,cfp,100,4.558672,0
1789091897.078331,65,ciclo1_AC_AP,concentrator_trafo_1_5,prosumer8,cfp,100,1.902389,0
1789091897.078894,65,ciclo1_AC_AP,concentrator_trafo_1_5,prosumer9,cfp,100,3.389933,0
1789091897.079818,65,ciclo1_AC_AP,concentrator_trafo_1_5,prosumer10,cfp,100,3.751224,0
1789091897.080572,65,ciclo1_AC_AP,concentrator_trafo_1_5,prosumer11,cfp,100,1.111653,0
1789091897.081632,65,ciclo1_AC_AP,concentrator_trafo_2_12,prosumer12,cfp,100,1.622622,0
1789091897.082064,65,ciclo1_AC_AP,concentrator_trafo_2_12,prosumer13,cfp,100,3.852069,0
1789091897.082273,65,ciclo1_AC_AP,concentrator_trafo_2_12,prosumer14,cfp,100,1.646289,0
1789091897.082377,65,ciclo1_AC_AP,concentrator_trafo_2_12,prosumer15,cfp,100,5.839627,0
1789091897.082477,65,ciclo1_AC_AP,concentrator_trafo_2_12,prosumer16,cfp,100,1.883863,0
1789091897.082591,65,ciclo1_AC_AP,concentrator_trafo_2_12,prosumer17,cfp,100,2.535039,0
1789091897.082690,65,ciclo1_AC_AP,concentrator_trafo_2_12,prosumer18,cfp,100,1.043327,0
1789091897.082789,65,ciclo1_AC_AP,concentrator_trafo_2_12,prosumer19,cfp,100,1.373107,0
1789091897.082891,65,ciclo1_AC_AP,concentrator_trafo_2_12,prosumer20,cfp,100,1.399227,0
1789091897.082989,65,ciclo1_AC_AP,concentrator_trafo_2_12,prosumer21,cfp,100,0.501462,0
1789091897.083652,65,ciclo1_AC_AP,concentrator_trafo_3_22,prosumer22,cfp,100,2.279929,0
1789091897.083767,65,ciclo1_AC_AP,concentrator_trafo_3_22,prosumer23,cfp,100,3.644112,0
1789091897.083870,65,ciclo1_AC_AP,concentrator_trafo_3_22,prosumer24,cfp,100,2.590063,0
1789091897.083970,65,ciclo1_AC_AP,concentrator_trafo_3_22,prosumer25,cfp,100,1.635999,0
1789091897.084069,65,ciclo1_AC_AP,concentrator_trafo_3_22,prosumer26,cfp,100,3.008715,0
1789091897.084165,65,ciclo1_AC_AP,concentrator_trafo_3_22,prosumer27,cfp,100,2.854627,0
1789091897.084262,65,ciclo1_AC_AP,concentrator_trafo_3_22,prosumer28,cfp,100,6.645597,0
1789091897.084357,65,ciclo1_AC_AP,concentrator_trafo_3_22,prosumer29,cfp,100,4.702099,0
1789091897.084454,65,ciclo1_AC_AP,concentrator_trafo_3_22,prosumer30,cfp,100,0.040865,0
1789091897.084562,65,ciclo1_AC_AP,concentrator_trafo_3_22,prosumer31,cfp,100,0.720621,0
1789091897.084667,65,ciclo1_AC_AP,concentrator_trafo_3_22,prosumer32,cfp,100,3.905479,0
1789091897.084763,65,ciclo1_AC_AP,concentrator_trafo_3_22,prosumer33,cfp,100,0.603541,0
1789091897.085370,65,ciclo1_AC_AP,concentrator_trafo_4_34,prosumer34,cfp,100,2.193986,0
1789091897.085484,65,ciclo1_AC_AP,concentrator_trafo_4_34,prosumer35,cfp,100,4.078903,0
1789091897.085601,65,ciclo1_AC_AP,concentrator_trafo_4_34,prosumer36,cfp,100,4.967343,0
1789091897.085703,65,ciclo1_AC_AP,concentrator_trafo_4_34,prosumer37,cfp,100,4.269161,0
1789091897.085811,65,ciclo1_AC_AP,concentrator_trafo_4_34,prosumer38,cfp,100,3.590224,0
1789091897.085910,65,ciclo1_AC_AP,concentrator_trafo_4_34,prosumer39,cfp,100,3.918808,0
1789091897.086006,65,ciclo1_AC_AP,concentrator_trafo_4_34,prosumer40,cfp,100,3.700594,0
1789091897.086103,65,ciclo1_AC_AP,concentrator_trafo_4_34,prosumer41,cfp,100,0.921602,0
1789091897.086200,65,ciclo1_AC_AP,concentrator_trafo_4_34,prosumer42,cfp,100,3.615522,0
1789091897.086291,65,ciclo1_AC_AP,concentrator_trafo_4_34,prosumer43,cfp,100,3.406173,0
1789091897.086382,65,ciclo1_AC_AP,concentrator_trafo_4_34,prosumer44,cfp,100,3.895630,0
1789091897.086472,65,ciclo1_AC_AP,concentrator_trafo_4_34,prosumer45,cfp,100,1.340417,0
1789091897.086641,65,ciclo1_AC_AP,concentrator_trafo_4_34,prosumer46,cfp,100,2.972871,0
1789091897.091258,65,ciclo1_AC_AP,prosumer30,concentrator_trafo_3_22,propose,398,7.220540,0
1789091897.096145,65,ciclo1_AC_AP,prosumer21,concentrator_trafo_2_12,propose,362,6.482077,0
1789091897.097275,65,ciclo1_AC_AP,prosumer33,concentrator_trafo_3_22,propose,269,7.091134,0
1789091897.101503,65,ciclo1_AC_AP,prosumer11,concentrator_trafo_1_5,propose,475,9.616396,0
1789091897.102498,65,ciclo1_AC_AP,prosumer31,concentrator_trafo_3_22,propose,405,6.685762,0
1789091897.107158,65,ciclo1_AC_AP,prosumer18,concentrator_trafo_2_12,propose,149,3.732426,0
1789091897.109190,65,ciclo1_AC_AP,prosumer41,concentrator_trafo_4_34,propose,388,9.042822,0
1789091897.111152,65,ciclo1_AC_AP,prosumer19,concentrator_trafo_2_12,propose,220,5.285211,0
1789091897.113035,65,ciclo1_AC_AP,prosumer20,concentrator_trafo_2_12,propose,110,0.235230,0
1789091897.113644,65,ciclo1_AC_AP,prosumer8,concentrator_trafo_1_5,propose,121,3.407300,0
1789091897.115926,65,ciclo1_AC_AP,prosumer12,concentrator_trafo_2_12,propose,148,4.798864,0
1789091897.118244,65,ciclo1_AC_AP,prosumer14,concentrator_trafo_2_12,propose,473,8.848382,0
1789091897.120770,65,ciclo1_AC_AP,prosumer45,concentrator_trafo_4_34,propose,259,14.441378,0
1789091897.122751,65,ciclo1_AC_AP,prosumer25,concentrator_trafo_3_22,propose,146,8.711748,0
1789091897.124727,65,ciclo1_AC_AP,prosumer16,concentrator_trafo_2_12,propose,401,8.413798,0
1789091897.129129,65,ciclo1_AC_AP,prosumer6,concentrator_trafo_1_5,propose,300,5.224759,0
1789091897.131229,65,ciclo1_AC_AP,prosumer22,concentrator_trafo_3_22,propose,463,9.886635,0
1789091897.133296,65,ciclo1_AC_AP,prosumer34,concentrator_trafo_4_34,propose,165,2.546961,0
1789091897.135322,65,ciclo1_AC_AP,prosumer17,concentrator_trafo_2_12,propose,495,8.351349,0
1789091897.136091,65,ciclo1_AC_AP,prosumer5,concentrator_trafo_1_5,propose,394,9.428637,0
1789091897.136694,65,ciclo1_AC_AP,prosumer24,concentrator_trafo_3_22,propose,412,7.832624,0
1789091897.138681,65,ciclo1_AC_AP,prosumer27,concentrator_trafo_3_22,propose,371,10.019206,0
1789091897.140676,65,ciclo1_AC_AP,prosumer9,concentrator_trafo_1_5,propose,201,5.118510,0
1789091897.141748,65,ciclo1_AC_AP,prosumer26,concentrator_trafo_3_22,propose,242,5.641338,0
1789091897.142894,65,ciclo1_AC_AP,prosumer46,concentrator_trafo_4_34,propose,251,5.945615,0
1789091897.143369,65,ciclo1_AC_AP,prosumer10,concentrator_trafo_1_5,propose,181,2.245993,0
1789091897.143830,65,ciclo1_AC_AP,prosumer23,concentrator_trafo_3_22,propose,194,4.448144,0
1789091897.145682,65,ciclo1_AC_AP,prosumer43,concentrator_trafo_4_34,propose,402,8.315945,0
1789091897.147588,65,ciclo1_AC_AP,prosumer13,concentrator_trafo_2_12,propose,215,2.975996,0
1789091897.148135,65,ciclo1_AC_AP,prosumer38,concentrator_trafo_4_34,propose,170,5.570593,0
1789091897.148666,65,ciclo1_AC_AP,prosumer42,concentrator_trafo_4_34,propose,166,9.270493,0
1789091897.149185,65,ciclo1_AC_AP,prosumer40,concentrator_trafo_4_34,propose,216,4.440120,0
1789091897.149649,65,ciclo1_AC_AP,prosumer7,concentrator_trafo_1_5,propose,232,6.162733,0
1789091897.151501,65,ciclo1_AC_AP,prosumer32,concentrator_trafo_3_22,propose,353,14.640201,0
1789091897.152059,65,ciclo1_AC_AP,prosumer39,concentrator_trafo_4_34,propose,255,11.628623,0
1789091897.153910,65,ciclo1_AC_AP,prosumer44,concentrator_trafo_4_34,propose,174,10.584997,0
1789091897.156525,65,ciclo1_AC_AP,prosumer35,concentrator_trafo_4_34,propose,476,14.540503,0
1789091897.157355,65,ciclo1_AC_AP,prosumer37,concentrator_trafo_4_34,propose,415,17.914430,0
1789091897.159269,65,ciclo1_AC_AP,prosumer29,concentrator_trafo_3_22,propose,238,8.303676,0
1789091897.159835,65,ciclo1_AC_AP,prosumer36,concentrator_trafo_4_34,propose,204,6.198491,0
1789091897.160366,65,ciclo1_AC_AP,prosumer15,concentrator_trafo_2_12,propose,140,8.195099,0
1789091897.161869,65,ciclo1_AC_AP,prosumer28,concentrator_trafo_3_22,propose,169,6.041268,0
1789091897.346001,65,ciclo2_AD_AC,dso,concentrator_trafo_1_5,cfp,100,1.736512,0
1789091897.346898,65,ciclo2_AD_AC,dso,concentrator_trafo_2_12,cfp,100,0.650373,0
1789091897.347615,65,ciclo2_AD_AC,dso,concentrator_trafo_3_22,cfp,100,2.035440,0
1789091897.348333,65,ciclo2_AD_AC,dso,concentrator_trafo_4_34,cfp,100,4.876280,0
1789091897.358921,65,ciclo2_AD_AC,concentrator_trafo_2_12,dso,propose,1459,24.473117,0
1789091897.366399,65,ciclo2_AD_AC,concentrator_trafo_1_5,dso,propose,1431,50.045500,0
1789091897.374649,65,ciclo2_AD_AC,concentrator_trafo_3_22,dso,propose,1339,41.777219,0
1789091897.406143,65,ciclo2_AD_AC,concentrator_trafo_4_34,dso,propose,1208,59.744234,0
1789091898.013424,65,ciclo3_AM_AC_AD,market,dso,cfp,100,1.103435,0
1789091898.035121,65,ciclo3_AM_AC_AD,dso,market,propose,1498,26.058547,0
1789091898.306756,65,ciclo3_AM_AC_AD,market,concentrator_trafo_1_5,cfp,100,3.900854,0
1789091898.307367,65,ciclo3_AM_AC_AD,market,concentrator_trafo_2_12,cfp,100,3.253158,0
1789091898.307832,65,ciclo3_AM_AC_AD,market,concentrator_trafo_3_22,cfp,100,1.070182,0
1789091898.308205,65,ciclo3_AM_AC_AD,market,concentrator_trafo_4_34,cfp,100,4.046643,0
1789091898.308660,65,ciclo3_AM_AC_AD,market,dso,cfp,100,4.017794,0
1789091898.342829,65,ciclo3_AM_AC_AD,concentrator_trafo_3_22,market,propose,1487,27.277007,0
1789091898.390128,65,ciclo3_AM_AC_AD,concentrator_trafo_2_12,market,propose,1093,37.011615,0
1789091898.393034,65,ciclo3_AM_AC_AD,concentrator_trafo_1_5,market,propose,1101,38.386659,0
1789091898.400561,65,ciclo3_AM_AC_AD,concentrator_trafo_4_34,market,propose,1445,50.448785,0
1789091898.407150,65,ciclo3_AM_AC_AD,dso,market,propose,1301,22.790988,0
1789091898.983872,66,ciclo1_AC_AP,concentrator_trafo_1_5,prosumer5,cfp,100,3.898353,0
1789091898.984838,66,ciclo1_AC_AP,concentrator_trafo_1_5,prosumer6,cfp,100,2.837687,0
1789091898.985628,66,ciclo1_AC_AP,concentrator_trafo_1_5,prosumer7,cfp,100,6.908935,0
1789091898.986231,66,ciclo1_AC_AP,concentrator_trafo_1_5,prosumer8,cfp,100,3.413345,0
1789091898.986769,66,ciclo1_AC_AP,concentrator_trafo_1_5,prosumer9,cfp,100,4.022202,0
1789091898.987184,66,ciclo1_AC_AP,concentrator_trafo_1_5,prosumer10,cfp,100,2.282617,0
1789091898.987491,66,ciclo1_AC_AP,concentrator_trafo_1_5,prosumer11,cfp,100,3.806797,0
1789091898.988384,66,ciclo1_AC_AP,concentrator_trafo_2_12,prosumer12,cfp,100,0.853466,0
1789091898.988657,66,ciclo1_AC_AP,concentrator_trafo_2_12,prosumer13,cfp,100,1.799063,0
1789091898.988883,66,ciclo1_AC_AP,concentrator_trafo_2_12,prosumer14,cfp,100,0.933667,0
1789091898.989103,66,ciclo1_AC_AP,concentrator_trafo_2_12,prosumer15,cfp,100,2.100747,0
1789091898.989320,66,ciclo1_AC_AP,concentrator_trafo_2_12,prosumer16,cfp,100,1.436951,0
1789091898.989526,66,ciclo1_AC_AP,concentrator_trafo_2_12,prosumer17,cfp,100,1.330628,0
1789091898.989659,66,ciclo1_AC_AP,concentrator_trafo_2_12,prosumer18,cfp,100,0.315106,0
1789091898.989775,66,ciclo1_AC_AP,concentrator_trafo_2_12,prosumer19,cfp,100,3.496993,0
1789091898.989892,66,ciclo1_AC_AP,concentrator_trafo_2_12,prosumer20,cfp,100,2.462495,0
1789091898.990011,66,ciclo1_AC_AP,concentrator_trafo_2_12,prosumer21,cfp,100,0.005300,0
1789091898.990650,66,ciclo1_AC_AP,concentrator_trafo_3_22,prosumer22,cfp,100,0.923353,0
1789091898.990786,66,ciclo1_AC_AP,concentrator_trafo_3_22,prosumer23,cfp,100,0.571774,0
1789091898.990902,66,ciclo1_AC_AP,concentrator_trafo_3_22,prosumer24,cfp,100,3.897446,0
1789091898.991021,66,ciclo1_AC_AP,concentrator_trafo_3_22,prosumer25,cfp,100,3.573147,0
1789091898.991134,66,ciclo1_AC_AP,concentrator_trafo_3_22,prosumer26,cfp,100,4.495679,0
1789091898.991247,66,ciclo1_AC_AP,concentrator_trafo_3_22,prosumer27,cfp,100,5.346955,0
1789091898.991358,66,ciclo1_AC_AP,concentrator_trafo_3_22,prosumer28,cfp,100,2.435546,0
1789091898.991470,66,ciclo1_AC_AP,concentrator_trafo_3_22,prosumer29,cfp,100,4.351931,0
1789091898.991588,66,ciclo1_AC_AP,concentrator_trafo_3_22,prosumer30,cfp,100,1.545570,0
1789091898.991752,66,ciclo1_AC_AP,concentrator_trafo_3_22,prosumer31,cfp,100,0.753024,0
1789091898.991885,66,ciclo1_AC_AP,concentrator_trafo_3_22,prosumer32,cfp,100,4.505685,0
1789091898.992004,66,ciclo1_AC_AP,concentrator_trafo_3_22,prosumer33,cfp,100,3.848863,0
1789091898.992638,66,ciclo1_AC_AP,concentrator_trafo_4_34,prosumer34,cfp,100,2.268744,0
1789091898.992782,66,ciclo1_AC_AP,concentrator_trafo_4_34,prosumer35,cfp,100,3.428979,0
1789091898.992917,66,ciclo1_AC_AP,concentrator_trafo_4_34,prosumer36,cfp,100,2.361306,0
1789091898.993037,66,ciclo1_AC_AP,concentrator_trafo_4_34,prosumer37,cfp,100,3.969075,0
1789091898.993158,66,ciclo1_AC_AP,concentrator_trafo_4_34,prosumer38,cfp,100,3.856782,0
1789091898.993277,66,ciclo1_AC_AP,concentrator_trafo_4_34,prosumer39,cfp,100,4.869053,0
1789091898.993392,66,ciclo1_AC_AP,concentrator_trafo_4_34,prosumer40,cfp,100,4.002354,0
1789091898.993509,66,ciclo1_AC_AP,concentrator_trafo_4_34,prosumer41,cfp,100,3.374541,0
1789091898.993636,66,ciclo1_AC_AP,concentrator_trafo_4_34,prosumer42,cfp,100,2.525322,0
1789091898.994050,66,ciclo1_AC_AP,concentrator_trafo_4_34,prosumer43,cfp,100,2.062460,0
1789091898.994344,66,ciclo1_AC_AP,concentrator_trafo_4_34,prosumer44,cfp,100,5.268034,0
1789091898.994577,66,ciclo1_AC_AP,concentrator_trafo_4_34,prosumer45,cfp,100,1.667447,0
1789091898.994884,66,ciclo1_AC_AP,concentrator_trafo_4_34,prosumer46,cfp,100,3.456190,0
1789091898.996943,66,ciclo1_AC_AP,prosumer21,concentrator_trafo_2_12,propose,108,3.671268,0
1789091899.001266,66,ciclo1_AC_AP,prosumer18,concentrator_trafo_2_12,propose,279,6.087277,0
1789091899.003978,66,ciclo1_AC_AP,prosumer23,concentrator_trafo_3_22,propose,375,5.229870,0
1789091899.007701,66,ciclo1_AC_AP,prosumer12,concentrator_trafo_2_12,propose,437,6.730842,0
1789091899.011349,66,ciclo1_AC_AP,prosumer14,concentrator_trafo_2_12,propose,345,4.948317,0
1789091899.014887,66,ciclo1_AC_AP,prosumer31,concentrator_trafo_3_22,propose,447,7.856749,0
1789091899.018128,66,ciclo1_AC_AP,prosumer22,concentrator_trafo_3_22,propose,164,2.754845,0
1789091899.023824,66,ciclo1_AC_AP,prosumer17,concentrator_trafo_2_12,propose,486,9.809810,0
1789091899.025751,66,ciclo1_AC_AP,prosumer16,concentrator_trafo_2_12,propose,479,9.031654,0
1789091899.029260,66,ciclo1_AC_AP,prosumer13,concentrator_trafo_2_12,propose,238,6.866622,0
1789091899.030074,66,ciclo1_AC_AP,prosumer30,concentrator_trafo_3_22,propose,141,5.882855,0
1789091899.033256,66,ciclo1_AC_AP,prosumer10,concentrator_trafo_1_5,propose,468,8.686272,0
1789091899.034393,66,ciclo1_AC_AP,prosumer15,concentrator_trafo_2_12,propose,458,17.656233,0
1789091899.035301,66,ciclo1_AC_AP,prosumer45,concentrator_trafo_4_34,propose,416,19.415660,0
1789091899.037077,66,ciclo1_AC_AP,prosumer6,concentrator_trafo_1_5,propose,453,9.262697,0
1789091899.040166,66,ciclo1_AC_AP,prosumer20,concentrator_trafo_2_12,propose,242,5.288100,0
1789091899.042639,66,ciclo1_AC_AP,prosumer43,concentrator_trafo_4_34,propose,406,7.682209,0
1789091899.043361,66,ciclo1_AC_AP,prosumer34,concentrator_trafo_4_34,propose,477,7.450916,0
1789091899.045385,66,ciclo1_AC_AP,prosumer28,concentrator_trafo_3_22,propose,212,8.087653,0
1789091899.047306,66,ciclo1_AC_AP,prosumer36,concentrator_trafo_4_34,propose,102,3.563159,0
1789091899.049868,66,ciclo1_AC_AP,prosumer42,concentrator_trafo_4_34,propose,173,7.277723,0
1789091899.050859,66,ciclo1_AC_AP,prosumer8,concentrator_trafo_1_5,propose,206,3.045971,0
1789091899.054278,66,ciclo1_AC_AP,prosumer5,concentrator_trafo_1_5,propose,479,8.945328,0
1789091899.055243,66,ciclo1_AC_AP,prosumer19,concentrator_trafo_2_12,propose,395,7.960362,0
1789091899.055919,66,ciclo1_AC_AP,prosumer11,concentrator_trafo_1_5,propose,445,7.117683,0
1789091899.057856,66,ciclo1_AC_AP,prosumer25,concentrator_trafo_3_22,propose,101,5.958306,0
1789091899.059830,66,ciclo1_AC_AP,prosumer9,concentrator_trafo_1_5,propose,314,7.841004,0
1789091899.061799,66,ciclo1_AC_AP,prosumer35,concentrator_trafo_4_34,propose,165,6.292394,0
1789091899.062441,66,ciclo1_AC_AP,prosumer41,concentrator_trafo_4_34,propose,174,4.835536,0
1789091899.064337,66,ciclo1_AC_AP,prosumer46,concentrator_trafo_4_34,propose,348,5.559162,0
1789091899.064914,66,ciclo1_AC_AP,prosumer24,concentrator_trafo_3_22,propose,375,7.647936,0
1789091899.066829,66,ciclo1_AC_AP,prosumer33,concentrator_trafo_3_22,propose,121,0.696162,0
1789091899.068771,66,ciclo1_AC_AP,prosumer38,concentrator_trafo_4_34,propose,357,10.024925,0
1789091899.069340,66,ciclo1_AC_AP,prosumer37,concentrator_trafo_4_34,propose,263,15.668738,0
1789091899.071511,66,ciclo1_AC_AP,prosumer40,concentrator_trafo_4_34,propose,212,5.093807,0
1789091899.073683,66,ciclo1_AC_AP,prosumer29,concentrator_trafo_3_22,propose,442,18.039458,0
1789091899.075679,66,ciclo1_AC_AP,prosumer26,concentrator_trafo_3_22,propose,189,10.066082,0
1789091899.077611,66,ciclo1_AC_AP,prosumer32,concentrator_trafo_3_22,propose,333,14.266609,0
1789091899.078183,66,ciclo1_AC_AP,prosumer39,concentrator_trafo_4_34,propose,262,14.312946,0
1789091899.080099,66,ciclo1_AC_AP,prosumer27,concentrator_trafo_3_22,propose,440,15.436367,0
1789091899.082261,66,ciclo1_AC_AP,prosumer44,concentrator_trafo_4_34,propose,326,14.557090,0
1789091899.084954,66,ciclo1_AC_AP,prosumer7,concentrator_trafo_1_5,propose,218,2.159753,0
1789091899.262278,66,ciclo2_AD_AC,dso,concentrator_trafo_1_5,cfp,100,3.833652,0
1789091899.262709,66,ciclo2_AD_AC,dso,concentrator_trafo_2_12,cfp,100,1.064875,0
1789091899.263041,66,ciclo2_AD_AC,dso,concentrator_trafo_3_22,cfp,100,2.338133,0
1789091899.263277,66,ciclo2_AD_AC,dso,concentrator_trafo_4_34,cfp,100,4.866016,0
1789091899.279084,66,ciclo2_AD_AC,concentrator_trafo_2_12,dso,propose,1481,24.516456,0
1789091899.294054,66,ciclo2_AD_AC,concentrator_trafo_3_22,dso,propose,1332,44.892643,0
1789091899.304188,66,ciclo2_AD_AC,concentrator_trafo_1_5,dso,propose,1326,43.638545,0
1789091899.316143,66,ciclo2_AD_AC,concentrator_trafo_4_34,dso,propose,1375,64.636688,0
1789091899.971659,66,ciclo3_AM_AC_AD,market,dso,cfp,100,3.470126,0
1789091900.020732,66,ciclo3_AM_AC_AD,dso,market,propose,1140,17.855676,0
1789091900.210508,66,ciclo3_AM_AC_AD,market,concentrator_trafo_1_5,cfp,100,6.295625,0
1789091900.211498,66,ciclo3_AM_AC_AD,market,concentrator_trafo_2_12,cfp,100,4.664063,0
1789091900.212453,66,ciclo3_AM_AC_AD,market,concentrator_trafo_3_22,cfp,100,1.352036,0
1789091900.213560,66,ciclo3_AM_AC_AD,market,concentrator_trafo_4_34,cfp,100,2.769399,0
1789091900.214457,66,ciclo3_AM_AC_AD,market,dso,cfp,100,2.304670,0
1789091900.257954,66,ciclo3_AM_AC_AD,concentrator_trafo_3_22,market,propose,1345,23.386715,0
1789091900.265475,66,ciclo3_AM_AC_AD,concentrator_trafo_4_34,market,propose,1362,44.753832,0
1789091900.267569,66,ciclo3_AM_AC_AD,dso,market,propose,1096,16.643362,0
1789091900.268561,66,ciclo3_AM_AC_AD,concentrator_trafo_2_12,market,propose,1051,37.518775,0
1789091900.289362,66,ciclo3_AM_AC_AD,concentrator_trafo_1_5,market,propose,1179,42.526447,0
1789091900.793951,67,ciclo1_AC_AP,concentrator_trafo_1_5,prosumer5,cfp,100,2.238876,0
1789091900.794537,67,ciclo1_AC_AP,concentrator_trafo_1_5,prosumer6,cfp,100,0.812643,0
1789091900.795067,67,ciclo1_AC_AP,concentrator_trafo_1_5,prosumer7,cfp,100,2.814837,0
1789091900.795619,67,ciclo1_AC_AP,concentrator_trafo_1_5,prosumer8,cfp,100,0.906317,0
1789091900.796076,67,ciclo1_AC_AP,concentrator_trafo_1_5,prosumer9,cfp,100,0.237488,0
1789091900.796484,67,ciclo1_AC_AP,concentrator_trafo_1_5,prosumer10,cfp,100,0.705771,0
1789091900.796654,67,ciclo1_AC_AP,concentrator_trafo_1_5,prosumer11,cfp,100,1.974861,0
1789091900.797510,67,ciclo1_AC_AP,concentrator_trafo_2_12,prosumer12,cfp,100,0.583313,0
1789091900.797788,67,ciclo1_AC_AP,concentrator_trafo_2_12,prosumer13,cfp,100,0.743251,0
1789091900.797909,67,ciclo1_AC_AP,concentrator_trafo_2_12,prosumer14,cfp,100,3.574782,0
1789091900.798021,67,ciclo1_AC_AP,concentrator_trafo_2_12,prosumer15,cfp,100,4.232145,0
1789091900.798135,67,ciclo1_AC_AP,concentrator_trafo_2_12,prosumer16,cfp,100,2.945238,0
1789091900.798238,67,ciclo1_AC_AP,concentrator_trafo_2_12,prosumer17,cfp,100,1.443162,0
1789091900.798341,67,ciclo1_AC_AP,concentrator_trafo_2_12,prosumer18,cfp,100,4.013056,0
1789091900.798442,67,ciclo1_AC_AP,concentrator_trafo_2_12,prosumer19,cfp,100,0.706187,0
1789091900.798553,67,ciclo1_AC_AP,concentrator_trafo_2_12,prosumer20,cfp,100,2.395460,0
1789091900.798656,67,ciclo1_AC_AP,concentrator_trafo_2_12,prosumer21,cfp,100,2.725829,0
1789091900.799354,67,ciclo1_AC_AP,concentrator_trafo_3_22,prosumer22,cfp,100,2.165291,0
1789091900.799505,67,ciclo1_AC_AP,concentrator_trafo_3_22,prosumer23,cfp,100,0.718611,0
1789091900.799641,67,ciclo1_AC_AP,concentrator_trafo_3_22,prosumer24,cfp,100,0.992632,0
1789091900.799750,67,ciclo1_AC_AP,concentrator_trafo_3_22,prosumer25,cfp,100,3.895739,0
1789091900.799854,67,ciclo1_AC_AP,concentrator_trafo_3_22,prosumer26,cfp,100,5.384830,0
1789091900.799955,67,ciclo1_AC_AP,concentrator_trafo_3_22,prosumer27,cfp,100,4.471968,0
1789091900.800057,67,ciclo1_AC_AP,concentrator_trafo_3_22,prosumer28,cfp,100,2.094621,0
1789091900.800277,67,ciclo1_AC_AP,concentrator_trafo_3_22,prosumer29,cfp,100,5.893855,0
1789091900.800486,67,ciclo1_AC_AP,concentrator_trafo_3_22,prosumer30,cfp,100,2.892420,0
1789091900.800663,67,ciclo1_AC_AP,concentrator_trafo_3_22,prosumer31,cfp,100,3.967371,0
1789091900.800781,67,ciclo1_AC_AP,concentrator_trafo_3_22,prosumer32,cfp,100,2.350546,0
1789091900.800885,67,ciclo1_AC_AP,concentrator_trafo_3_22,prosumer33,cfp,100,1.733351,0
1789091900.801606,67,ciclo1_AC_AP,concentrator_trafo_4_34,prosumer34,cfp,100,3.874028,0
1789091900.801722,67,ciclo1_AC_AP,concentrator_trafo_4_34,prosumer35,cfp,100,3.743750,0
1789091900.801820,67,ciclo1_AC_AP,concentrator_trafo_4_34,prosumer36,cfp,100,5.988599,0
1789091900.801916,67,ciclo1_AC_AP,concentrator_trafo_4_34,prosumer37,cfp,100,6.377466,0
1789091900.802007,67,ciclo1_AC_AP,concentrator_trafo_4_34,prosumer38,cfp,100,0.926366,0
1789091900.802101,67,ciclo1_AC_AP,concentrator_trafo_4_34,prosumer39,cfp,100,2.048256,0
1789091900.802193,67,ciclo1_AC_AP,concentrator_trafo_4_34,prosumer40,cfp,100,1.442534,0
1789091900.802284,67,ciclo1_AC_AP,concentrator_trafo_4_34,prosumer41,cfp,100,3.596444,0
1789091900.802375,67,ciclo1_AC_AP,concentrator_trafo_4_34,prosumer42,cfp,100,2.120326,0
1789091900.802467,67,ciclo1_AC_AP,concentrator_trafo_4_34,prosumer43,cfp,100,2.726881,0
1789091900.802564,67,ciclo1_AC_AP,concentrator_trafo_4_34,prosumer44,cfp,100,5.594745,0
1789091900.802661,67,ciclo1_AC_AP,concentrator_trafo_4_34,prosumer45,cfp,100,1.650134,0
1789091900.802752,67,ciclo1_AC_AP,concentrator_trafo_4_34,prosumer46,cfp,100,2.750521,0
1789091900.808068,67,ciclo1_AC_AP,prosumer9,concentrator_trafo_1_5,propose,350,9.468626,0
1789091900.811812,67,ciclo1_AC_AP,prosumer6,concentrator_trafo_1_5,propose,239,3.662331,0
1789091900.816069,67,ciclo1_AC_AP,prosumer12,concentrator_trafo_2_12,propose,280,5.192561,0
1789091900.816946,67,ciclo1_AC_AP,prosumer10,concentrator_trafo_1_5,propose,375,5.310652,0
1789091900.822831,67,ciclo1_AC_AP,prosumer8,concentrator_trafo_1_5,propose,401,6.590945,0
1789091900.826139,67,ciclo1_AC_AP,prosumer13,concentrator_trafo_2_12,propose,244,5.103384,0
1789091900.826890,67,ciclo1_AC_AP,prosumer19,concentrator_trafo_2_12,propose,211,2.846601,0
1789091900.827640,67,ciclo1_AC_AP,prosumer23,concentrator_trafo_3_22,propose,246,5.453026,0
1789091900.830209,67,ciclo1_AC_AP,prosumer24,concentrator_trafo_3_22,propose,382,7.457848,0
1789091900.832594,67,ciclo1_AC_AP,prosumer38,concentrator_trafo_4_34,propose,300,7.818613,0
1789091900.835851,67,ciclo1_AC_AP,prosumer17,concentrator_trafo_2_12,propose,133,5.909421,0
1789091900.836554,67,ciclo1_AC_AP,prosumer5,concentrator_trafo_1_5,propose,189,2.273190,0
1789091900.839717,67,ciclo1_AC_AP,prosumer11,concentrator_trafo_1_5,propose,292,5.217696,0
1789091900.841725,67,ciclo1_AC_AP,prosumer40,concentrator_trafo_4_34,propose,158,2.725230,0
1789091900.844832,67,ciclo1_AC_AP,prosumer33,concentrator_trafo_3_22,propose,402,8.953219,0
1789091900.845838,67,ciclo1_AC_AP,prosumer45,concentrator_trafo_4_34,propose,433,16.369304,0
1789091900.848447,67,ciclo1_AC_AP,prosumer28,concentrator_trafo_3_22,propose,148,6.808951,0
1789091900.850379,67,ciclo1_AC_AP,prosumer22,concentrator_trafo_3_22,propose,364,5.560143,0
1789091900.852207,67,ciclo1_AC_AP,prosumer20,concentrator_trafo_2_12,propose,170,5.338242,0
1789091900.854051,67,ciclo1_AC_AP,prosumer39,concentrator_trafo_4_34,propose,466,15.283666,0
1789091900.855886,67,ciclo1_AC_AP,prosumer7,concentrator_trafo_1_5,propose,335,7.419236,0
1789091900.857724,67,ciclo1_AC_AP,prosumer42,concentrator_trafo_4_34,propose,173,8.934175,0
1789091900.859590,67,ciclo1_AC_AP,prosumer32,concentrator_trafo_3_22,propose,316,15.061138,0
1789091900.861495,67,ciclo1_AC_AP,prosumer21,concentrator_trafo_2_12,propose,233,2.437974,0
1789091900.863549,67,ciclo1_AC_AP,prosumer16,concentrator_trafo_2_12,propose,475,6.864637,0
1789091900.865469,67,ciclo1_AC_AP,prosumer30,concentrator_trafo_3_22,propose,374,7.421633,0
1789091900.867366,67,ciclo1_AC_AP,prosumer43,concentrator_trafo_4_34,propose,199,2.747974,0
1789091900.869256,67,ciclo1_AC_AP,prosumer46,concentrator_trafo_4_34,propose,489,7.463002,0
1789091900.871862,67,ciclo1_AC_AP,prosumer14,concentrator_trafo_2_12,propose,190,5.374071,0
1789091900.873688,67,ciclo1_AC_AP,prosumer41,concentrator_trafo_4_34,propose,478,8.423802,0
1789091900.875589,67,ciclo1_AC_AP,prosumer18,concentrator_trafo_2_12,propose,135,5.812753,0
1789091900.876103,67,ciclo1_AC_AP,prosumer25,concentrator_trafo_3_22,propose,235,7.082565,0
1789091900.877936,67,ciclo1_AC_AP,prosumer35,concentrator_trafo_4_34,propose,325,12.912809,0
1789091900.878350,67,ciclo1_AC_AP,prosumer31,concentrator_trafo_3_22,propose,267,4.684113,0
1789091900.878784,67,ciclo1_AC_AP,prosumer15,concentrator_trafo_2_12,propose,292,11.198772,0
1789091900.879197,67,ciclo1_AC_AP,prosumer34,concentrator_trafo_4_34,propose,362,6.253247,0
1789091900.881834,67,ciclo1_AC_AP,prosumer27,concentrator_trafo_3_22,propose,126,4.519252,0
1789091900.884620,67,ciclo1_AC_AP,prosumer26,concentrator_trafo_3_22,propose,276,10.854811,0
1789091900.885445,67,ciclo1_AC_AP,prosumer44,concentrator_trafo_4_34,propose,299,12.994302,0
1789091900.887355,67,ciclo1_AC_AP,prosumer29,concentrator_trafo_3_22,propose,476,16.075160,0
1789091900.888073,67,ciclo1_AC_AP,prosumer36,concentrator_trafo_4_34,propose,469,16.763381,0
1789091900.889977,67,ciclo1_AC_AP,prosumer37,concentrator_trafo_4_34,propose,296,13.791870,0
1789091901.063798,67,ciclo2_AD_AC,dso,concentrator_trafo_1_5,cfp,100,4.801364,0
1789091901.064359,67,ciclo2_AD_AC,dso,concentrator_trafo_2_12,cfp,100,1.630149,0
1789091901.064822,67,ciclo2_AD_AC,dso,concentrator_trafo_3_22,cfp,100,2.163265,0
1789091901.065143,67,ciclo2_AD_AC,dso,concentrator_trafo_4_34,cfp,100,0.683384,0
1789091901.079646,67,ciclo2_AD_AC,concentrator_trafo_4_34,dso,propose,1281,67.819512,0
1789091901.085791,67,ciclo2_AD_AC,concentrator_trafo_2_12,dso,propose,1064,19.955109,0
1789091901.091630,67,ciclo2_AD_AC,concentrator_trafo_3_22,dso,propose,1395,46.249699,0
1789091901.115587,67,ciclo2_AD_AC,concentrator_trafo_1_5,dso,propose,1363,44.517934,0
1789091901.767739,67,ciclo3_AM_AC_AD,market,dso,cfp,100,2.609754,0
1789091901.806295,67,ciclo3_AM_AC_AD,dso,market,propose,1364,21.879057,0
1789091902.035841,67,ciclo3_AM_AC_AD,market,concentrator_trafo_1_5,cfp,100,4.183651,0
1789091902.036364,67,ciclo3_AM_AC_AD,market,concentrator_trafo_2_12,cfp,100,5.816014,0
1789091902.036899,67,ciclo3_AM_AC_AD,market,concentrator_trafo_3_22,cfp,100,1.745049,0
1789091902.037270,67,ciclo3_AM_AC_AD,market,concentrator_trafo_4_34,cfp,100,6.160512,0
1789091902.037457,67,ciclo3_AM_AC_AD,market,dso,cfp,100,2.318591,0
1789091902.089814,67,ciclo3_AM_AC_AD,concentrator_trafo_3_22,market,propose,1277,24.335116,0
1789091902.096953,67,ciclo3_AM_AC_AD,concentrator_trafo_1_5,market,propose,1291,44.894339,0
1789091902.100044,67,ciclo3_AM_AC_AD,dso,market,propose,1077,19.822888,0
1789091902.113093,67,ciclo3_AM_AC_AD,concentrator_trafo_2_12,market,propose,1335,46.800142,0
1789091902.119807,67,ciclo3_AM_AC_AD,concentrator_trafo_4_34,market,propose,1017,39.999433,0
1789091902.659310,68,ciclo1_AC_AP,concentrator_trafo_1_5,prosumer5,cfp,100,1.928413,0
1789091902.660005,68,ciclo1_AC_AP,concentrator_trafo_1_5,prosumer6,cfp,100,3.695688,0
1789091902.660630,68,ciclo1_AC_AP,concentrator_trafo_1_5,prosumer7,cfp,100,2.667321,0
1789091902.661145,68,ciclo1_AC_AP,concentrator_trafo_1_5,prosumer8,cfp,100,1.568498,0
1789091902.661563,68,ciclo1_AC_AP,concentrator_trafo_1_5,prosumer9,cfp,100,1.129419,0
1789091902.661736,68,ciclo1_AC_AP,concentrator_trafo_1_5,prosumer10,cfp,100,3.181091,0
1789091902.661851,68,ciclo1_AC_AP,concentrator_trafo_1_5,prosumer11,cfp,100,1.191345,0
1789091902.662601,68,ciclo1_AC_AP,concentrator_trafo_2_12,prosumer12,cfp,100,2.497904,0
1789091902.662729,68,ciclo1_AC_AP,concentrator_trafo_2_12,prosumer13,cfp,100,0.044458,0
1789091902.662833,68,ciclo1_AC_AP,concentrator_trafo_2_12,prosumer14,cfp,100,3.017546,0
1789091902.662932,68,ciclo1_AC_AP,concentrator_trafo_2_12,prosumer15,cfp,100,2.926221,0
1789091902.663032,68,ciclo1_AC_AP,concentrator_trafo_2_12,prosumer16,cfp,100,3.965931,0
1789091902.663128,68,ciclo1_AC_AP,concentrator_trafo_2_12,prosumer17,cfp,100,2.357815,0
1789091902.663220,68,ciclo1_AC_AP,concentrator_trafo_2_12,prosumer18,cfp,100,2.626222,0
1789091902.663312,68,ciclo1_AC_AP,concentrator_trafo_2_12,prosumer19,cfp,100,1.200966,0
1789091902.663404,68,ciclo1_AC_AP,concentrator_trafo_2_12,prosumer20,cfp,100,1.751878,0
1789091902.663496,68,ciclo1_AC_AP,concentrator_trafo_2_12,prosumer21,cfp,100,3.845838,0
1789091902.664111,68,ciclo1_AC_AP,concentrator_trafo_3_22,prosumer22,cfp,100,2.331788,0
1789091902.664215,68,ciclo1_AC_AP,concentrator_trafo_3_22,prosumer23,cfp,100,3.627656,0
1789091902.664308,68,ciclo1_AC_AP,concentrator_trafo_3_22,prosumer24,cfp,100,1.322684,0
1789091902.664399,68,ciclo1_AC_AP,concentrator_trafo_3_22,prosumer25,cfp,100,2.431764,0
1789091902.664488,68,ciclo1_AC_AP,concentrator_trafo_3_22,prosumer26,cfp,100,4.692815,0
1789091902.664587,68,ciclo1_AC_AP,concentrator_trafo_3_22,prosumer27,cfp,100,1.725620,0
1789091902.664677,68,ciclo1_AC_AP,concentrator_trafo_3_22,prosumer28,cfp,100,1.794635,0
1789091902.664766,68,ciclo1_AC_AP,concentrator_trafo_3_22,prosumer29,cfp,100,4.925489,0
1789091902.664853,68,ciclo1_AC_AP,concentrator_trafo_3_22,prosumer30,cfp,100,3.130232,0
1789091902.664940,68,ciclo1_AC_AP,concentrator_trafo_3_22,prosumer31,cfp,100,2.259547,0
1789091902.665027,68,ciclo1_AC_AP,concentrator_trafo_3_22,prosumer32,cfp,100,2.330637,0
1789091902.665115,68,ciclo1_AC_AP,concentrator_trafo_3_22,prosumer33,cfp,100,3.659906,0
1789091902.665683,68,ciclo1_AC_AP,concentrator_trafo_4_34,prosumer34,cfp,100,0.425534,0
1789091902.665788,68,ciclo1_AC_AP,concentrator_trafo_4_34,prosumer35,cfp,100,3.811396,0
1789091902.665882,68,ciclo1_AC_AP,concentrator_trafo_4_34,prosumer36,cfp,100,6.782066,0
1789091902.665972,68,ciclo1_AC_AP,concentrator_trafo_4_34,prosumer37,cfp,100,7.134910,0
1789091902.666063,68,ciclo1_AC_AP,concentrator_trafo_4_34,prosumer38,cfp,100,1.124967,0
1789091902.666152,68,ciclo1_AC_AP,concentrator_trafo_4_34,prosumer39,cfp,100,3.622507,0
1789091902.666240,68,ciclo1_AC_AP,concentrator_trafo_4_34,prosumer40,cfp,100,3.792080,0
1789091902.666328,68,ciclo1_AC_AP,concentrator_trafo_4_34,prosumer41,cfp,100,2.991541,0
1789091902.666416,68,ciclo1_AC_AP,concentrator_trafo_4_34,prosumer42,cfp,100,3.720010,0
1789091902.666504,68,ciclo1_AC_AP,concentrator_trafo_4_34,prosumer43,cfp,100,2.078345,0
1789091902.666596,68,ciclo1_AC_AP,concentrator_trafo_4_34,prosumer44,cfp,100,4.540324,0
1789091902.666686,68,ciclo1_AC_AP,concentrator_trafo_4_34,prosumer45,cfp,100,0.565639,0
1789091902.666986,68,ciclo1_AC_AP,concentrator_trafo_4_34,prosumer46,cfp,100,2.447651,0
1789091902.671500,68,ciclo1_AC_AP,prosumer13,concentrator_trafo_2_12,propose,256,5.767999,0
1789091902.675921,68,ciclo1_AC_AP,prosumer34,concentrator_trafo_4_34,propose,415,6.540640,0
1789091902.680693,68,ciclo1_AC_AP,prosumer45,concentrator_trafo_4_34,propose,327,13.847756,0
1789091902.682654,68,ciclo1_AC_AP,prosumer9,concentrator_trafo_1_5,propose,364,4.434132,0
1789091902.685962,68,ciclo1_AC_AP,prosumer11,concentrator_trafo_1_5,propose,489,10.068494,0
1789091902.686732,68,ciclo1_AC_AP,prosumer19,concentrator_trafo_2_12,propose,394,9.060955,0
1789091902.691423,68,ciclo1_AC_AP,prosumer8,concentrator_trafo_1_5,propose,312,6.540676,0
1789091902.695936,68,ciclo1_AC_AP,prosumer38,concentrator_trafo_4_34,propose,207,4.160962,0
1789091902.698844,68,ciclo1_AC_AP,prosumer24,concentrator_trafo_3_22,propose,339,5.035657,0
1789091902.701323,68,ciclo1_AC_AP,prosumer5,concentrator_trafo_1_5,propose,204,3.166017,0
1789091902.703396,68,ciclo1_AC_AP,prosumer20,concentrator_trafo_2_12,propose,300,7.779699,0
1789091902.706489,68,ciclo1_AC_AP,prosumer27,concentrator_trafo_3_22,propose,144,8.269192,0
1789091902.706976,68,ciclo1_AC_AP,prosumer28,concentrator_trafo_3_22,propose,149,11.392979,0
1789091902.708760,68,ciclo1_AC_AP,prosumer17,concentrator_trafo_2_12,propose,374,5.535156,0
1789091902.709566,68,ciclo1_AC_AP,prosumer43,concentrator_trafo_4_34,propose,305,8.012104,0
1789091902.711483,68,ciclo1_AC_AP,prosumer7,concentrator_trafo_1_5,propose,162,15.896665,0
1789091902.713591,68,ciclo1_AC_AP,prosumer22,concentrator_trafo_3_22,propose,359,5.941679,0
1789091902.715524,68,ciclo1_AC_AP,prosumer31,concentrator_trafo_3_22,propose,444,7.088688,0
1789091902.718597,68,ciclo1_AC_AP,prosumer12,concentrator_trafo_2_12,propose,338,5.966129,0
1789091902.721057,68,ciclo1_AC_AP,prosumer32,concentrator_trafo_3_22,propose,483,15.969533,0
1789091902.721552,68,ciclo1_AC_AP,prosumer25,concentrator_trafo_3_22,propose,434,16.078986,0
1789091902.723418,68,ciclo1_AC_AP,prosumer18,concentrator_trafo_2_12,propose,185,4.262608,0
1789091902.725250,68,ciclo1_AC_AP,prosumer46,concentrator_trafo_4_34,propose,116,3.877838,0
1789091902.727044,68,ciclo1_AC_AP,prosumer15,concentrator_trafo_2_12,propose,203,10.055208,0
1789091902.727968,68,ciclo1_AC_AP,prosumer14,concentrator_trafo_2_12,propose,219,5.714436,0
1789091902.728457,68,ciclo1_AC_AP,prosumer10,concentrator_trafo_1_5,propose,223,3.196484,0
1789091902.728944,68,ciclo1_AC_AP,prosumer30,concentrator_trafo_3_22,propose,148,2.240904,0
1789091902.730756,68,ciclo1_AC_AP,prosumer41,concentrator_trafo_4_34,propose,406,8.333434,0
1789091902.732706,68,ciclo1_AC_AP,prosumer6,concentrator_trafo_1_5,propose,293,6.516352,0
1789091902.733373,68,ciclo1_AC_AP,prosumer23,concentrator_trafo_3_22,propose,308,6.043537,0
1789091902.735394,68,ciclo1_AC_AP,prosumer33,concentrator_trafo_3_22,propose,135,4.987732,0
1789091902.737421,68,ciclo1_AC_AP,prosumer21,concentrator_trafo_2_12,propose,380,5.441000,0
1789091902.739303,68,ciclo1_AC_AP,prosumer39,concentrator_trafo_4_34,propose,208,8.386398,0
1789091902.741162,68,ciclo1_AC_AP,prosumer16,concentrator_trafo_2_12,propose,369,5.954169,0
1789091902.743065,68,ciclo1_AC_AP,prosumer42,concentrator_trafo_4_34,propose,201,6.245524,0
1789091902.743785,68,ciclo1_AC_AP,prosumer35,concentrator_trafo_4_34,propose,211,5.410434,0
1789091902.745815,68,ciclo1_AC_AP,prosumer40,concentrator_trafo_4_34,propose,351,8.010611,0
1789091902.747874,68,ciclo1_AC_AP,prosumer26,concentrator_trafo_3_22,propose,146,8.413067,0
1789091902.748434,68,ciclo1_AC_AP,prosumer44,concentrator_trafo_4_34,propose,198,7.472763,0
1789091902.748877,68,ciclo1_AC_AP,prosumer29,concentrator_trafo_3_22,propose,151,6.708020,0
1789091902.752657,68,ciclo1_AC_AP,prosumer36,concentrator_trafo_4_34,propose,362,11.970688,0
1789091902.754635,68,ciclo1_AC_AP,prosumer37,concentrator_trafo_4_34,propose,166,6.970052,0
1789091902.887803,68,ciclo2_AD_AC,dso,concentrator_trafo_1_5,cfp,100,1.818214,0
1789091902.888106,68,ciclo2_AD_AC,dso,concentrator_trafo_2_12,cfp,100,0.941637,0
1789091902.888253,68,ciclo2_AD_AC,dso,concentrator_trafo_3_22,cfp,100,5.786510,0
1789091902.888381,68,ciclo2_AD_AC,dso,concentrator_trafo_4_34,cfp,100,5.306377,0
1789091902.904347,68,ciclo2_AD_AC,concentrator_trafo_2_12,dso,propose,1309,21.716926,0
1789091902.911635,68,ciclo2_AD_AC,concentrator_trafo_1_5,dso,propose,1099,34.731316,0
1789091902.947685,68,ciclo2_AD_AC,concentrator_trafo_4_34,dso,propose,1281,66.237744,0
1789091902.949961,68,ciclo2_AD_AC,concentrator_trafo_3_22,dso,propose,1295,41.927002,0
1789091903.619211,68,ciclo3_AM_AC_AD,market,dso,cfp,100,1.373273,0
1789091903.645013,68,ciclo3_AM_AC_AD,dso,market,propose,1266,19.333805,0
1789091903.846421,68,ciclo3_AM_AC_AD,market,concentrator_trafo_1_5,cfp,100,3.502946,0
1789091903.846980,68,ciclo3_AM_AC_AD,market,concentrator_trafo_2_12,cfp,100,4.273141,0
1789091903.847422,68,ciclo3_AM_AC_AD,market,concentrator_trafo_3_22,cfp,100,2.370463,0
1789091903.847908,68,ciclo3_AM_AC_AD,market,concentrator_trafo_4_34,cfp,100,5.373345,0
1789091903.848304,68,ciclo3_AM_AC_AD,market,dso,cfp,100,1.186124,0
1789091903.909839,68,ciclo3_AM_AC_AD,concentrator_trafo_3_22,market,propose,1327,21.700018,0
1789091903.912203,68,ciclo3_AM_AC_AD,dso,market,propose,1317,21.492418,0
1789091903.915450,68,ciclo3_AM_AC_AD,concentrator_trafo_1_5,market,propose,1220,37.421084,0
1789091903.918934,68,ciclo3_AM_AC_AD,concentrator_trafo_2_12,market,propose,1307,44.325131,0
1789091903.936943,68,ciclo3_AM_AC_AD,concentrator_trafo_4_34,market,propose,1202,41.893977,0
1789091904.438013,69,ciclo1_AC_AP,concentrator_trafo_1_5,prosumer5,cfp,100,0.637524,0
1789091904.439464,69,ciclo1_AC_AP,concentrator_trafo_1_5,prosumer6,cfp,100,2.844396,0
1789091904.440420,69,ciclo1_AC_AP,concentrator_trafo_1_5,prosumer7,cfp,100,3.526784,0
1789091904.441062,69,ciclo1_AC_AP,concentrator_trafo_1_5,prosumer8,cfp,100,0.759062,0
1789091904.441514,69,ciclo1_AC_AP,concentrator_trafo_1_5,prosumer9,cfp,100,3.812489,0
1789091904.441741,69,ciclo1_AC_AP,concentrator_trafo_1_5,prosumer10,cfp,100,3.485747,0
1789091904.441915,69,ciclo1_AC_AP,concentrator_trafo_1_5,prosumer11,cfp,100,1.301341,0
1789091904.442879,69,ciclo1_AC_AP,concentrator_trafo_2_12,prosumer12,cfp,100,1.858227,0
1789091904.443054,69,ciclo1_AC_AP,concentrator_trafo_2_12,prosumer13,cfp,100,3.830445,0
1789091904.443205,69,ciclo1_AC_AP,concentrator_trafo_2_12,prosumer14,cfp,100,3.684493,0
1789091904.443614,69,ciclo1_AC_AP,concentrator_trafo_2_12,prosumer15,cfp,100,3.316999,0
1789091904.443825,69,ciclo1_AC_AP,concentrator_trafo_2_12,prosumer16,cfp,100,1.976086,0
1789091904.443965,69,ciclo1_AC_AP,concentrator_trafo_2_12,prosumer17,cfp,100,1.893452,0
1789091904.444206,69,ciclo1_AC_AP,concentrator_trafo_2_12,prosumer18,cfp,100,2.968476,0
1789091904.444348,69,ciclo1_AC_AP,concentrator_trafo_2_12,prosumer19,cfp,100,2.948211,0
1789091904.444469,69,ciclo1_AC_AP,concentrator_trafo_2_12,prosumer20,cfp,100,3.884885,0
1789091904.444597,69,ciclo1_AC_AP,concentrator_trafo_2_12,prosumer21,cfp,100,2.991714,0
1789091904.445375,69,ciclo1_AC_AP,concentrator_trafo_3_22,prosumer22,cfp,100,2.701915,0
1789091904.445502,69,ciclo1_AC_AP,concentrator_trafo_3_22,prosumer23,cfp,100,2.655716,0
1789091904.445627,69,ciclo1_AC_AP,concentrator_trafo_3_22,prosumer24,cfp,100,0.309569,0
1789091904.445743,69,ciclo1_AC_AP,concentrator_trafo_3_22,prosumer25,cfp,100,6.037988,0
1789091904.445852,69,ciclo1_AC_AP,concentrator_trafo_3_22,prosumer26,cfp,100,6.070687,0
1789091904.445959,69,ciclo1_AC_AP,concentrator_trafo_3_22,prosumer27,cfp,100,3.479206,0
1789091904.446067,69,ciclo1_AC_AP,concentrator_trafo_3_22,prosumer28,cfp,100,2.519576,0
1789091904.446172,69,ciclo1_AC_AP,concentrator_trafo_3_22,prosumer29,cfp,100,6.507626,0
1789091904.446277,69,ciclo1_AC_AP,concentrator_trafo_3_22,prosumer30,cfp,100,2.478701,0
1789091904.446454,69,ciclo1_AC_AP,concentrator_trafo_3_22,prosumer31,cfp,100,2.108863,0
1789091904.446960,69,ciclo1_AC_AP,concentrator_trafo_3_22,prosumer32,cfp,100,3.179854,0
1789091904.447495,69,ciclo1_AC_AP,concentrator_trafo_3_22,prosumer33,cfp,100,3.476695,0
1789091904.448570,69,ciclo1_AC_AP,concentrator_trafo_4_34,prosumer34,cfp,100,1.634797,0
1789091904.448907,69,ciclo1_AC_AP,concentrator_trafo_4_34,prosumer35,cfp,100,2.012494,0
1789091904.449134,69,ciclo1_AC_AP,concentrator_trafo_4_34,prosumer36,cfp,100,7.175037,0
1789091904.449351,69,ciclo1_AC_AP,concentrator_trafo_4_34,prosumer37,cfp,100,2.657863,0
1789091904.449506,69,ciclo1_AC_AP,concentrator_trafo_4_34,prosumer38,cfp,100,4.837772,0
1789091904.449737,69,ciclo1_AC_AP,concentrator_trafo_4_34,prosumer39,cfp,100,4.792804,0
1789091904.449892,69,ciclo1_AC_AP,concentrator_trafo_4_34,prosumer40,cfp,100,3.759895,0
1789091904.450038,69,ciclo1_AC_AP,concentrator_trafo_4_34,prosumer41,cfp,100,3.351584,0
1789091904.450182,69,ciclo1_AC_AP,concentrator_trafo_4_34,prosumer42,cfp,100,4.000923,0
1789091904.450325,69,ciclo1_AC_AP,concentrator_trafo_4_34,prosumer43,cfp,100,2.094492,0
1789091904.450486,69,ciclo1_AC_AP,concentrator_trafo_4_34,prosumer44,cfp,100,5.055112,0
1789091904.450716,69,ciclo1_AC_AP,concentrator_trafo_4_34,prosumer45,cfp,100,4.459600,0
1789091904.450894,69,ciclo1_AC_AP,concentrator_trafo_4_34,prosumer46,cfp,100,0.654631,0
1789091904.456706,69,ciclo1_AC_AP,prosumer5,concentrator_trafo_1_5,propose,428,7.698207,0
1789091904.461106,69,ciclo1_AC_AP,prosumer8,concentrator_trafo_1_5,propose,234,3.858168,0
1789091904.464548,69,ciclo1_AC_AP,prosumer24,concentrator_trafo_3_22,propose,444,6.317876,0
1789091904.468113,69,ciclo1_AC_AP,prosumer11,concentrator_trafo_1_5,propose,341,4.325577,0
1789091904.470045,69,ciclo1_AC_AP,prosumer46,concentrator_trafo_4_34,propose,427,10.021479,0
1789091904.470613,69,ciclo1_AC_AP,prosumer12,concentrator_trafo_2_12,propose,422,6.874097,0
1789091904.471163,69,ciclo1_AC_AP,prosumer17,concentrator_trafo_2_12,propose,408,8.069073,0
1789091904.473060,69,ciclo1_AC_AP,prosumer16,concentrator_trafo_2_12,propose,114,2.611972,0
1789091904.475455,69,ciclo1_AC_AP,prosumer34,concentrator_trafo_4_34,propose,279,4.692827,0
1789091904.477409,69,ciclo1_AC_AP,prosumer31,concentrator_trafo_3_22,propose,276,4.502156,0
1789091904.479828,69,ciclo1_AC_AP,prosumer6,concentrator_trafo_1_5,propose,493,8.131617,0
1789091904.481777,69,ciclo1_AC_AP,prosumer35,concentrator_trafo_4_34,propose,205,7.423268,0
1789091904.483757,69,ciclo1_AC_AP,prosumer30,concentrator_trafo_3_22,propose,459,7.580843,0
1789091904.484335,69,ciclo1_AC_AP,prosumer28,concentrator_trafo_3_22,propose,429,12.931001,0
1789091904.486298,69,ciclo1_AC_AP,prosumer43,concentrator_trafo_4_34,propose,117,0.702900,0
1789091904.488254,69,ciclo1_AC_AP,prosumer23,concentrator_trafo_3_22,propose,201,3.149720,0
1789091904.490193,69,ciclo1_AC_AP,prosumer22,concentrator_trafo_3_22,propose,325,7.157653,0
1789091904.492903,69,ciclo1_AC_AP,prosumer19,concentrator_trafo_2_12,propose,210,3.220463,0
1789091904.494845,69,ciclo1_AC_AP,prosumer18,concentrator_trafo_2_12,propose,365,7.763229,0
1789091904.496775,69,ciclo1_AC_AP,prosumer21,concentrator_trafo_2_12,propose,449,9.812685,0
1789091904.498700,69,ciclo1_AC_AP,prosumer7,concentrator_trafo_1_5,propose,208,6.032057,0
1789091904.500634,69,ciclo1_AC_AP,prosumer37,concentrator_trafo_4_34,propose,103,4.182420,0
1789091904.503838,69,ciclo1_AC_AP,prosumer10,concentrator_trafo_1_5,propose,173,4.316080,0
1789091904.504409,69,ciclo1_AC_AP,prosumer15,concentrator_trafo_2_12,propose,221,5.229359,0
1789091904.506936,69,ciclo1_AC_AP,prosumer32,concentrator_trafo_3_22,propose,332,9.231827,0
1789091904.507656,69,ciclo1_AC_AP,prosumer9,concentrator_trafo_1_5,propose,341,4.242930,0
1789091904.509723,69,ciclo1_AC_AP,prosumer14,concentrator_trafo_2_12,propose,146,5.310300,0
1789091904.511802,69,ciclo1_AC_AP,prosumer27,concentrator_trafo_3_22,propose,409,18.004852,0
1789091904.513879,69,ciclo1_AC_AP,prosumer13,concentrator_trafo_2_12,propose,241,3.557800,0
1789091904.515974,69,ciclo1_AC_AP,prosumer33,concentrator_trafo_3_22,propose,432,6.788649,0
1789091904.518109,69,ciclo1_AC_AP,prosumer20,concentrator_trafo_2_12,propose,248,5.499573,0
1789091904.520146,69,ciclo1_AC_AP,prosumer41,concentrator_trafo_4_34,propose,300,7.400440,0
1789091904.520995,69,ciclo1_AC_AP,prosumer40,concentrator_trafo_4_34,propose,268,5.729088,0
1789091904.523079,69,ciclo1_AC_AP,prosumer42,concentrator_trafo_4_34,propose,477,17.881417,0
1789091904.524419,69,ciclo1_AC_AP,prosumer45,concentrator_trafo_4_34,propose,468,18.683505,0
1789091904.524922,69,ciclo1_AC_AP,prosumer39,concentrator_trafo_4_34,propose,440,15.047413,0
1789091904.525449,69,ciclo1_AC_AP,prosumer38,concentrator_trafo_4_34,propose,465,11.261534,0
1789091904.527856,69,ciclo1_AC_AP,prosumer44,concentrator_trafo_4_34,propose,252,10.151985,0
1789091904.530829,69,ciclo1_AC_AP,prosumer25,concentrator_trafo_3_22,propose,443,14.645894,0
1789091904.532743,69,ciclo1_AC_AP,prosumer26,concentrator_trafo_3_22,propose,145,6.044647,0
1789091904.534649,69,ciclo1_AC_AP,prosumer29,concentrator_trafo_3_22,propose,414,13.534031,0
1789091904.537277,69,ciclo1_AC_AP,prosumer36,concentrator_trafo_4_34,propose,163,9.980763,0
1789091904.718994,69,ciclo2_AD_AC,dso,concentrator_trafo_1_5,cfp,100,2.859925,0
1789091904.719694,69,ciclo2_AD_AC,dso,concentrator_trafo_2_12,cfp,100,1.054877,0
1789091904.720345,69,ciclo2_AD_AC,dso,concentrator_trafo_3_22,cfp,100,5.311448,0
1789091904.720760,69,ciclo2_AD_AC,dso,concentrator_trafo_4_34,cfp,100,8.170971,0
1789091904.737775,69,ciclo2_AD_AC,concentrator_trafo_2_12,dso,propose,1423,23.652892,0
1789091904.755676,69,ciclo2_AD_AC,concentrator_trafo_1_5,dso,propose,1254,41.978788,0
1789091904.777413,69,ciclo2_AD_AC,concentrator_trafo_3_22,dso,propose,1189,40.747338,0
1789091904.810057,69,ciclo2_AD_AC,concentrator_trafo_4_34,dso,propose,1313,65.032694,0
1789091905.468395,69,ciclo3_AM_AC_AD,market,dso,cfp,100,2.488337,0
1789091905.524589,69,ciclo3_AM_AC_AD,dso,market,propose,1318,24.189686,0
1789091905.776790,69,ciclo3_AM_AC_AD,market,concentrator_trafo_1_5,cfp,100,1.287051,0
1789091905.777392,69,ciclo3_AM_AC_AD,market,concentrator_trafo_2_12,cfp,100,4.004144,0
1789091905.777839,69,ciclo3_AM_AC_AD,market,concentrator_trafo_3_22,cfp,100,0.285264,0
1789091905.778281,69,ciclo3_AM_AC_AD,market,concentrator_trafo_4_34,cfp,100,5.745486,0
1789091905.778492,69,ciclo3_AM_AC_AD,market,dso,cfp,100,3.973868,0
1789091905.804345,69,ciclo3_AM_AC_AD,concentrator_trafo_3_22,market,propose,1334,22.214338,0
1789091905.811892,69,ciclo3_AM_AC_AD,concentrator_trafo_1_5,market,propose,1045,36.743740,0
1789091905.852471,69,ciclo3_AM_AC_AD,concentrator_trafo_2_12,market,propose,1117,34.858523,0
1789091905.871019,69,ciclo3_AM_AC_AD,dso,market,propose,1440,24.090188,0
1789091905.875131,69,ciclo3_AM_AC_AD,concentrator_trafo_4_34,market,propose,1069,37.281725,0
1789091906.320974,70,ciclo1_AC_AP,concentrator_trafo_1_5,prosumer5,cfp,100,2.124279,0
1789091906.321715,70,ciclo1_AC_AP,concentrator_trafo_1_5,prosumer6,cfp,100,3.879774,0
1789091906.322423,70,ciclo1_AC_AP,concentrator_trafo_1_5,prosumer7,cfp,100,0.986889,0
1789091906.322875,70,ciclo1_AC_AP,concentrator_trafo_1_5,prosumer8,cfp,100,0.197707,0
1789091906.323343,70,ciclo1_AC_AP,concentrator_trafo_1_5,prosumer9,cfp,100,3.982978,0
1789091906.323505,70,ciclo1_AC_AP,concentrator_trafo_1_5,prosumer10,cfp,100,3.445298,0
1789091906.323658,70,ciclo1_AC_AP,concentrator_trafo_1_5,prosumer11,cfp,100,1.114596,0
1789091906.324484,70,ciclo1_AC_AP,concentrator_trafo_2_12,prosumer12,cfp,100,1.275217,0
1789091906.324629,70,ciclo1_AC_AP,concentrator_trafo_2_12,prosumer13,cfp,100,0.323174,0
1789091906.324745,70,ciclo1_AC_AP,concentrator_trafo_2_12,prosumer14,cfp,100,2.235723,0
1789091906.324849,70,ciclo1_AC_AP,concentrator_trafo_2_12,prosumer15,cfp,100,6.140540,0
1789091906.324951,70,ciclo1_AC_AP,concentrator_trafo_2_12,prosumer16,cfp,100,3.145158,0
1789091906.325050,70,ciclo1_AC_AP,concentrator_trafo_2_12,prosumer17,cfp,100,3.057802,0
1789091906.325149,70,ciclo1_AC_AP,concentrator_trafo_2_12,prosumer18,cfp,100,0.251254,0
1789091906.325250,70,ciclo1_AC_AP,concentrator_trafo_2_12,prosumer19,cfp,100,0.042703,0
1789091906.325349,70,ciclo1_AC_AP,concentrator_trafo_2_12,prosumer20,cfp,100,0.618019,0
1789091906.325448,70,ciclo1_AC_AP,concentrator_trafo_2_12,prosumer21,cfp,100,3.972793,0
1789091906.326116,70,ciclo1_AC_AP,concentrator_trafo_3_22,prosumer22,cfp,100,0.532967,0
1789091906.326278,70,ciclo1_AC_AP,concentrator_trafo_3_22,prosumer23,cfp,100,2.482784,0
1789091906.326786,70,ciclo1_AC_AP,concentrator_trafo_3_22,prosumer24,cfp,100,1.987543,0
1789091906.327262,70,ciclo1_AC_AP,concentrator_trafo_3_22,prosumer25,cfp,100,2.724334,0
1789091906.327796,70,ciclo1_AC_AP,concentrator_trafo_3_22,prosumer26,cfp,100,3.378901,0
1789091906.328205,70,ciclo1_AC_AP,concentrator_trafo_3_22,prosumer27,cfp,100,1.688250,0
1789091906.328583,70,ciclo1_AC_AP,concentrator_trafo_3_22,prosumer28,cfp,100,3.346801,0
1789091906.328826,70,ciclo1_AC_AP,concentrator_trafo_3_22,prosumer29,cfp,100,3.167412,0
1789091906.328960,70,ciclo1_AC_AP,concentrator_trafo_3_22,prosumer30,cfp,100,0.744621,0
1789091906.329102,70,ciclo1_AC_AP,concentrator_trafo_3_22,prosumer31,cfp,100,1.608482,0
1789091906.329232,70,ciclo1_AC_AP,concentrator_trafo_3_22,prosumer32,cfp,100,2.742155,0
1789091906.329362,70,ciclo1_AC_AP,concentrator_trafo_3_22,prosumer33,cfp,100,2.692849,0
1789091906.330106,70,ciclo1_AC_AP,concentrator_trafo_4_34,prosumer34,cfp,100,2.593903,0
1789091906.330252,70,ciclo1_AC_AP,concentrator_trafo_4_34,prosumer35,cfp,100,3.236436,0
1789091906.330384,70,ciclo1_AC_AP,concentrator_trafo_4_34,prosumer36,cfp,100,6.543557,0
1789091906.330512,70,ciclo1_AC_AP,concentrator_trafo_4_34,prosumer37,cfp,100,3.560987,0
1789091906.330646,70,ciclo1_AC_AP,concentrator_trafo_4_34,prosumer38,cfp,100,3.803678,0
1789091906.330773,70,ciclo1_AC_AP,concentrator_trafo_4_34,prosumer39,cfp,100,2.158412,0
1789091906.330900,70,ciclo1_AC_AP,concentrator_trafo_4_34,prosumer40,cfp,100,3.295466,0
1789091906.331025,70,ciclo1_AC_AP,concentrator_trafo_4_34,prosumer41,cfp,100,0.272114,0
1789091906.331152,70,ciclo1_AC_AP,concentrator_trafo_4_34,prosumer42,cfp,100,2.848736,0
1789091906.331277,70,ciclo1_AC_AP,concentrator_trafo_4_34,prosumer43,cfp,100,1.756064,0
1789091906.331398,70,ciclo1_AC_AP,concentrator_trafo_4_34,prosumer44,cfp,100,4.786623,0
1789091906.331523,70,ciclo1_AC_AP,concentrator_trafo_4_34,prosumer45,cfp,100,5.569138,0
1789091906.331746,70,ciclo1_AC_AP,concentrator_trafo_4_34,prosumer46,cfp,100,1.557088,0
1789091906.337830,70,ciclo1_AC_AP,prosumer8,concentrator_trafo_1_5,propose,309,5.476580,0
1789091906.341526,70,ciclo1_AC_AP,prosumer19,concentrator_trafo_2_12,propose,222,4.559111,0
1789091906.345161,70,ciclo1_AC_AP,prosumer18,concentrator_trafo_2_12,propose,109,1.522587,0
1789091906.348615,70,ciclo1_AC_AP,prosumer13,concentrator_trafo_2_12,propose,348,8.687003,0
1789091906.352073,70,ciclo1_AC_AP,prosumer22,concentrator_trafo_3_22,propose,244,4.229825,0
1789091906.353284,70,ciclo1_AC_AP,prosumer20,concentrator_trafo_2_12,propose,173,4.466759,0
1789091906.358265,70,ciclo1_AC_AP,prosumer7,concentrator_trafo_1_5,propose,364,11.564098,0
1789091906.365406,70,ciclo1_AC_AP,prosumer41,concentrator_trafo_4_34,propose,424,9.815548,0
1789091906.372200,70,ciclo1_AC_AP,prosumer11,concentrator_trafo_1_5,propose,289,6.127839,0
1789091906.375989,70,ciclo1_AC_AP,prosumer30,concentrator_trafo_3_22,propose,478,6.492223,0
1789091906.377100,70,ciclo1_AC_AP,prosumer12,concentrator_trafo_2_12,propose,446,8.789422,0
1789091906.380613,70,ciclo1_AC_AP,prosumer5,concentrator_trafo_1_5,propose,174,5.430164,0
1789091906.381568,70,ciclo1_AC_AP,prosumer27,concentrator_trafo_3_22,propose,159,8.663302,0
1789091906.384785,70,ciclo1_AC_AP,prosumer31,concentrator_trafo_3_22,propose,360,6.777940,0
1789091906.385584,70,ciclo1_AC_AP,prosumer24,concentrator_trafo_3_22,propose,264,7.140210,0
1789091906.386316,70,ciclo1_AC_AP,prosumer14,concentrator_trafo_2_12,propose,263,6.917000,0
1789091906.389344,70,ciclo1_AC_AP,prosumer46,concentrator_trafo_4_34,propose,449,6.424417,0
1789091906.390259,70,ciclo1_AC_AP,prosumer43,concentrator_trafo_4_34,propose,471,6.434269,0
1789091906.393080,70,ciclo1_AC_AP,prosumer23,concentrator_trafo_3_22,propose,138,5.632665,0
1789091906.395547,70,ciclo1_AC_AP,prosumer39,concentrator_trafo_4_34,propose,284,12.106121,0
1789091906.399951,70,ciclo1_AC_AP,prosumer25,concentrator_trafo_3_22,propose,198,9.589594,0
1789091906.400715,70,ciclo1_AC_AP,prosumer17,concentrator_trafo_2_12,propose,202,2.445862,0
1789091906.401378,70,ciclo1_AC_AP,prosumer34,concentrator_trafo_4_34,propose,251,4.983062,0
1789091906.404069,70,ciclo1_AC_AP,prosumer33,concentrator_trafo_3_22,propose,366,6.864134,0
1789091906.406557,70,ciclo1_AC_AP,prosumer16,concentrator_trafo_2_12,propose,457,10.029854,0
1789091906.408767,70,ciclo1_AC_AP,prosumer32,concentrator_trafo_3_22,propose,317,13.831494,0
1789091906.410738,70,ciclo1_AC_AP,prosumer10,concentrator_trafo_1_5,propose,433,9.411781,0
1789091906.411292,70,ciclo1_AC_AP,prosumer42,concentrator_trafo_4_34,propose,471,17.175356,0
1789091906.412851,70,ciclo1_AC_AP,prosumer29,concentrator_trafo_3_22,propose,477,18.614282,0
1789091906.414800,70,ciclo1_AC_AP,prosumer6,concentrator_trafo_1_5,propose,293,6.340904,0
1789091906.415641,70,ciclo1_AC_AP,prosumer26,concentrator_trafo_3_22,propose,302,15.018321,0
1789091906.417618,70,ciclo1_AC_AP,prosumer28,concentrator_trafo_3_22,propose,118,5.548734,0
1789091906.419638,70,ciclo1_AC_AP,prosumer35,concentrator_trafo_4_34,propose,173,7.373117,0
1789091906.421645,70,ciclo1_AC_AP,prosumer9,concentrator_trafo_1_5,propose,325,7.886668,0
1789091906.423746,70,ciclo1_AC_AP,prosumer40,concentrator_trafo_4_34,propose,139,4.985590,0
1789091906.424402,70,ciclo1_AC_AP,prosumer21,concentrator_trafo_2_12,propose,247,5.499281,0
1789091906.426457,70,ciclo1_AC_AP,prosumer37,concentrator_trafo_4_34,propose,422,17.452708,0
1789091906.427281,70,ciclo1_AC_AP,prosumer38,concentrator_trafo_4_34,propose,438,15.814732,0
1789091906.429642,70,ciclo1_AC_AP,prosumer44,concentrator_trafo_4_34,propose,179,5.032017,0
1789091906.431622,70,ciclo1_AC_AP,prosumer15,concentrator_trafo_2_12,propose,369,13.345562,0
1789091906.433718,70,ciclo1_AC_AP,prosumer45,concentrator_trafo_4_34,propose,196,11.001837,0
1789091906.436146,70,ciclo1_AC_AP,prosumer36,concentrator_trafo_4_34,propose,408,14.806275,0
1789091906.606164,70,ciclo2_AD_AC,dso,concentrator_trafo_1_5,cfp,100,3.533683,0
1789091906.606722,70,ciclo2_AD_AC,dso,concentrator_trafo_2_12,cfp,100,2.709937,0
1789091906.607174,70,ciclo2_AD_AC,dso,concentrator_trafo_3_22,cfp,100,1.743916,0
1789091906.607596,70,ciclo2_AD_AC,dso,concentrator_trafo_4_34,cfp,100,6.112976,0
1789091906.632339,70,ciclo2_AD_AC,concentrator_trafo_3_22,dso,propose,1250,41.722760,0
1789091906.636524,70,ciclo2_AD_AC,concentrator_trafo_2_12,dso,propose,1179,19.331170,0
1789091906.648159,70,ciclo2_AD_AC,concentrator_trafo_1_5,dso,propose,1079,38.084432,0
1789091906.677506,70,ciclo2_AD_AC,concentrator_trafo_4_34,dso,propose,1299,66.693799,0
1789091907.353807,70,ciclo3_AM_AC_AD,market,dso,cfp,100,1.211766,0
1789091907.378509,70,ciclo3_AM_AC_AD,dso,market,propose,1076,20.138139,0
1789091907.591071,70,ciclo3_AM_AC_AD,market,concentrator_trafo_1_5,cfp,100,2.352659,0
1789091907.592091,70,ciclo3_AM_AC_AD,market,concentrator_trafo_2_12,cfp,100,3.950529,0
1789091907.592847,70,ciclo3_AM_AC_AD,market,concentrator_trafo_3_22,cfp,100,3.789897,0
1789091907.593446,70,ciclo3_AM_AC_AD,market,concentrator_trafo_4_34,cfp,100,2.497205,0
1789091907.594035,70,ciclo3_AM_AC_AD,market,dso,cfp,100,2.370261,0
1789091907.664833,70,ciclo3_AM_AC_AD,concentrator_trafo_1_5,market,propose,1448,49.403166,0
1789091907.690984,70,ciclo3_AM_AC_AD,concentrator_trafo_4_34,market,propose,1293,47.986891,0
1789091907.697945,70,ciclo3_AM_AC_AD,dso,market,propose,1219,21.716656,0
1789091907.703382,70,ciclo3_AM_AC_AD,concentrator_trafo_3_22,market,propose,1135,17.663212,0
1789091907.707637,70,ciclo3_AM_AC_AD,concentrator_trafo_2_12,market,propose,1379,43.436186,0
1789091908.243496,71,ciclo1_AC_AP,concentrator_trafo_1_5,prosumer5,cfp,100,2.893847,0
1789091908.243899,71,ciclo1_AC_AP,concentrator_trafo_1_5,prosumer6,cfp,100,1.163744,0
1789091908.244244,71,ciclo1_AC_AP,concentrator_trafo_1_5,prosumer7,cfp,100,3.206783,0
1789091908.244386,71,ciclo1_AC_AP,concentrator_trafo_1_5,prosumer8,cfp,100,3.172388,0
1789091908.244499,71,ciclo1_AC_AP,concentrator_trafo_1_5,prosumer9,cfp,100,1.327854,0
1789091908.244735,71,ciclo1_AC_AP,concentrator_trafo_1_5,prosumer10,cfp,100,3.081898,0
1789091908.244874,71,ciclo1_AC_AP,concentrator_trafo_1_5,prosumer11,cfp,100,2.541019,0
1789091908.245683,71,ciclo1_AC_AP,concentrator_trafo_2_12,prosumer12,cfp,100,3.377398,0
1789091908.245829,71,ciclo1_AC_AP,concentrator_trafo_2_12,prosumer13,cfp,100,0.064839,0
1789091908.245947,71,ciclo1_AC_AP,concentrator_trafo_2_12,prosumer14,cfp,100,0.374688,0
1789091908.246053,71,ciclo1_AC_AP,concentrator_trafo_2_12,prosumer15,cfp,100,2.975697,0
1789091908.246162,71,ciclo1_AC_AP,concentrator_trafo_2_12,prosumer16,cfp,100,0.543300,0
1789091908.246264,71,ciclo1_AC_AP,concentrator_trafo_2_12,prosumer17,cfp,100,0.146252,0
1789091908.246364,71,ciclo1_AC_AP,concentrator_trafo_2_12,prosumer18,cfp,100,1.082700,0
1789091908.246479,71,ciclo1_AC_AP,concentrator_trafo_2_12,prosumer19,cfp,100,3.836841,0
1789091908.246588,71,ciclo1_AC_AP,concentrator_trafo_2_12,prosumer20,cfp,100,1.776042,0
1789091908.246691,71,ciclo1_AC_AP,concentrator_trafo_2_12,prosumer21,cfp,100,3.233957,0
1789091908.247418,71,ciclo1_AC_AP,concentrator_trafo_3_22,prosumer22,cfp,100,1.250505,0
1789091908.247538,71,ciclo1_AC_AP,concentrator_trafo_3_22,prosumer23,cfp,100,3.040796,0
1789091908.247675,71,ciclo1_AC_AP,concentrator_trafo_3_22,prosumer24,cfp,100,3.300839,0
1789091908.247795,71,ciclo1_AC_AP,concentrator_trafo_3_22,prosumer25,cfp,100,6.582664,0
1789091908.247901,71,ciclo1_AC_AP,concentrator_trafo_3_22,prosumer26,cfp,100,3.431145,0
1789091908.248012,71,ciclo1_AC_AP,concentrator_trafo_3_22,prosumer27,cfp,100,3.001266,0
1789091908.248114,71,ciclo1_AC_AP,concentrator_trafo_3_22,prosumer28,cfp,100,1.757489,0
1789091908.248215,71,ciclo1_AC_AP,concentrator_trafo_3_22,prosumer29,cfp,100,5.283208,0
1789091908.248317,71,ciclo1_AC_AP,concentrator_trafo_3_22,prosumer30,cfp,100,1.107581,0
1789091908.248419,71,ciclo1_AC_AP,concentrator_trafo_3_22,prosumer31,cfp,100,0.779222,0
1789091908.248518,71,ciclo1_AC_AP,concentrator_trafo_3_22,prosumer32,cfp,100,2.620847,0
1789091908.248638,71,ciclo1_AC_AP,concentrator_trafo_3_22,prosumer33,cfp,100,0.567267,0
1789091908.249342,71,ciclo1_AC_AP,concentrator_trafo_4_34,prosumer34,cfp,100,1.560172,0
1789091908.249460,71,ciclo1_AC_AP,concentrator_trafo_4_34,prosumer35,cfp,100,3.174439,0
1789091908.249572,71,ciclo1_AC_AP,concentrator_trafo_4_34,prosumer36,cfp,100,2.676896,0
1789091908.249671,71,ciclo1_AC_AP,concentrator_trafo_4_34,prosumer37,cfp,100,4.822668,0
1789091908.249771,71,ciclo1_AC_AP,concentrator_trafo_4_34,prosumer38,cfp,100,1.800183,0
1789091908.249870,71,ciclo1_AC_AP,concentrator_trafo_4_34,prosumer39,cfp,100,6.781325,0
1789091908.249963,71,ciclo1_AC_AP,concentrator_trafo_4_34,prosumer40,cfp,100,1.199452,0
1789091908.250058,71,ciclo1_AC_AP,concentrator_trafo_4_34,prosumer41,cfp,100,1.356862,0
1789091908.250155,71,ciclo1_AC_AP,concentrator_trafo_4_34,prosumer42,cfp,100,7.622643,0
1789091908.250251,71,ciclo1_AC_AP,concentrator_trafo_4_34,prosumer43,cfp,100,1.492810,0
1789091908.250345,71,ciclo1_AC_AP,concentrator_trafo_4_34,prosumer44,cfp,100,3.674074,0
1789091908.250438,71,ciclo1_AC_AP,concentrator_trafo_4_34,prosumer45,cfp,100,3.140201,0
1789091908.250532,71,ciclo1_AC_AP,concentrator_trafo_4_34,prosumer46,cfp,100,2.753254,0
1789091908.256268,71,ciclo1_AC_AP,prosumer13,concentrator_trafo_2_12,propose,208,9.321861,0
1789091908.257384,71,ciclo1_AC_AP,prosumer17,concentrator_trafo_2_12,propose,159,5.900304,0
1789091908.258456,71,ciclo1_AC_AP,prosumer14,concentrator_trafo_2_12,propose,180,5.319025,0
1789091908.260142,71,ciclo1_AC_AP,prosumer16,concentrator_trafo_2_12,propose,171,3.990990,0
1789091908.265800,71,ciclo1_AC_AP,prosumer33,concentrator_trafo_3_22,propose,326,4.873596,0
1789091908.266791,71,ciclo1_AC_AP,prosumer6,concentrator_trafo_1_5,propose,374,4.365337,0
1789091908.267732,71,ciclo1_AC_AP,prosumer31,concentrator_trafo_3_22,propose,316,6.133405,0
1789091908.271230,71,ciclo1_AC_AP,prosumer18,concentrator_trafo_2_12,propose,191,2.725991,0
1789091908.274676,71,ciclo1_AC_AP,prosumer9,concentrator_trafo_1_5,propose,119,3.690378,0
1789091908.280157,71,ciclo1_AC_AP,prosumer30,concentrator_trafo_3_22,propose,253,3.543326,0
1789091908.284187,71,ciclo1_AC_AP,prosumer22,concentrator_trafo_3_22,propose,484,6.296528,0
1789091908.290894,71,ciclo1_AC_AP,prosumer40,concentrator_trafo_4_34,propose,340,6.020022,0
1789091908.296315,71,ciclo1_AC_AP,prosumer41,concentrator_trafo_4_34,propose,393,9.356274,0
1789091908.300508,71,ciclo1_AC_AP,prosumer20,concentrator_trafo_2_12,propose,143,5.521196,0
1789091908.303830,71,ciclo1_AC_AP,prosumer34,concentrator_trafo_4_34,propose,449,9.133197,0
1789091908.306881,71,ciclo1_AC_AP,prosumer43,concentrator_trafo_4_34,propose,287,6.464570,0
1789091908.309433,71,ciclo1_AC_AP,prosumer28,concentrator_trafo_3_22,propose,431,15.654761,0
1789091908.311641,71,ciclo1_AC_AP,prosumer38,concentrator_trafo_4_34,propose,150,2.863138,0
1789091908.312174,71,ciclo1_AC_AP,prosumer11,concentrator_trafo_1_5,propose,151,3.339097,0
1789091908.314022,71,ciclo1_AC_AP,prosumer5,concentrator_trafo_1_5,propose,353,5.745045,0
1789091908.315901,71,ciclo1_AC_AP,prosumer32,concentrator_trafo_3_22,propose,225,5.475928,0
1789091908.318487,71,ciclo1_AC_AP,prosumer10,concentrator_trafo_1_5,propose,366,4.459259,0
1789091908.320836,71,ciclo1_AC_AP,prosumer15,concentrator_trafo_2_12,propose,121,2.902406,0
1789091908.321471,71,ciclo1_AC_AP,prosumer8,concentrator_trafo_1_5,propose,115,1.006995,0
1789091908.323366,71,ciclo1_AC_AP,prosumer7,concentrator_trafo_1_5,propose,463,13.124895,0
1789091908.323926,71,ciclo1_AC_AP,prosumer36,concentrator_trafo_4_34,propose,449,17.096638,0
1789091908.324477,71,ciclo1_AC_AP,prosumer23,concentrator_trafo_3_22,propose,401,7.947520,0
1789091908.326344,71,ciclo1_AC_AP,prosumer27,concentrator_trafo_3_22,propose,144,8.991597,0
1789091908.328173,71,ciclo1_AC_AP,prosumer46,concentrator_trafo_4_34,propose,338,4.599852,0
1789091908.330023,71,ciclo1_AC_AP,prosumer21,concentrator_trafo_2_12,propose,233,5.412714,0
1789091908.331834,71,ciclo1_AC_AP,prosumer12,concentrator_trafo_2_12,propose,477,6.945158,0
1789091908.332325,71,ciclo1_AC_AP,prosumer24,concentrator_trafo_3_22,propose,399,6.168574,0
1789091908.334206,71,ciclo1_AC_AP,prosumer35,concentrator_trafo_4_34,propose,231,4.841795,0
1789091908.336094,71,ciclo1_AC_AP,prosumer45,concentrator_trafo_4_34,propose,459,15.791306,0
1789091908.336577,71,ciclo1_AC_AP,prosumer26,concentrator_trafo_3_22,propose,387,17.603302,0
1789091908.338676,71,ciclo1_AC_AP,prosumer19,concentrator_trafo_2_12,propose,292,4.363762,0
1789091908.341926,71,ciclo1_AC_AP,prosumer44,concentrator_trafo_4_34,propose,183,7.229246,0
1789091908.342803,71,ciclo1_AC_AP,prosumer37,concentrator_trafo_4_34,propose,221,6.468260,0
1789091908.345140,71,ciclo1_AC_AP,prosumer29,concentrator_trafo_3_22,propose,420,15.321998,0
1789091908.347632,71,ciclo1_AC_AP,prosumer25,concentrator_trafo_3_22,propose,162,6.441126,0
1789091908.350452,71,ciclo1_AC_AP,prosumer39,concentrator_trafo_4_34,propose,447,15.856171,0
1789091908.351270,71,ciclo1_AC_AP,prosumer42,concentrator_trafo_4_34,propose,397,17.531260,0
1789091908.532658,71,ciclo2_AD_AC,dso,concentrator_trafo_1_5,cfp,100,1.306793,0
1789091908.532864,71,ciclo2_AD_AC,dso,concentrator_trafo_2_12,cfp,100,0.047454,0
1789091908.533000,71,ciclo2_AD_AC,dso,concentrator_trafo_3_22,cfp,100,3.471041,0
1789091908.533119,71,ciclo2_AD_AC,dso,concentrator_trafo_4_34,cfp,100,3.752455,0
1789091908.538143,71,ciclo2_AD_AC,concentrator_trafo_2_12,dso,propose,1485,24.954252,0
1789091908.553434,71,ciclo2_AD_AC,concentrator_trafo_1_5,dso,propose,1372,44.705940,0
1789091908.574991,71,ciclo2_AD_AC,concentrator_trafo_3_22,dso,propose,1399,50.738665,0
1789091908.579798,71,ciclo2_AD_AC,concentrator_trafo_4_34,dso,propose,1265,61.590846,0
1789091909.206160,71,ciclo3_AM_AC_AD,market,dso,cfp,100,1.472291,0
1789091909.232795,71,ciclo3_AM_AC_AD,dso,market,propose,1081,18.681065,0
1789091909.430537,71,ciclo3_AM_AC_AD,market,concentrator_trafo_1_5,cfp,100,6.244435,0
1789091909.431510,71,ciclo3_AM_AC_AD,market,concentrator_trafo_2_12,cfp,100,6.747665,0
1789091909.432358,71,ciclo3_AM_AC_AD,market,concentrator_trafo_3_22,cfp,100,0.707200,0
1789091909.433073,71,ciclo3_AM_AC_AD,market,concentrator_trafo_4_34,cfp,100,6.105599,0
1789091909.433618,71,ciclo3_AM_AC_AD,market,dso,cfp,100,2.121202,0
1789091909.476100,71,ciclo3_AM_AC_AD,concentrator_trafo_3_22,market,propose,1488,25.918058,0
1789091909.496356,71,ciclo3_AM_AC_AD,dso,market,propose,1254,18.781438,0
1789091909.526908,71,ciclo3_AM_AC_AD,concentrator_trafo_1_5,market,propose,1332,44.863677,0
1789091909.529776,71,ciclo3_AM_AC_AD,concentrator_trafo_4_34,market,propose,1477,50.084829,0
1789091909.531989,71,ciclo3_AM_AC_AD,concentrator_trafo_2_12,market,propose,1321,44.265347,0
1789091910.109627,72,ciclo1_AC_AP,concentrator_trafo_1_5,prosumer5,cfp,100,0.361239,0
1789091910.110457,72,ciclo1_AC_AP,concentrator_trafo_1_5,prosumer6,cfp,100,0.010254,0
1789091910.111249,72,ciclo1_AC_AP,concentrator_trafo_1_5,prosumer7,cfp,100,5.145289,0
1789091910.112016,72,ciclo1_AC_AP,concentrator_trafo_1_5,prosumer8,cfp,100,1.763068,0
1789091910.112448,72,ciclo1_AC_AP,concentrator_trafo_1_5,prosumer9,cfp,100,3.911131,0
1789091910.112851,72,ciclo1_AC_AP,concentrator_trafo_1_5,prosumer10,cfp,100,2.707706,0
1789091910.113167,72,ciclo1_AC_AP,concentrator_trafo_1_5,prosumer11,cfp,100,3.014319,0
1789091910.114094,72,ciclo1_AC_AP,concentrator_trafo_2_12,prosumer12,cfp,100,2.145666,0
1789091910.114278,72,ciclo1_AC_AP,concentrator_trafo_2_12,prosumer13,cfp,100,2.706710,0
1789091910.114423,72,ciclo1_AC_AP,concentrator_trafo_2_12,prosumer14,cfp,100,0.215430,0
1789091910.114576,72,ciclo1_AC_AP,concentrator_trafo_2_12,prosumer15,cfp,100,1.311570,0
1789091910.114712,72,ciclo1_AC_AP,concentrator_trafo_2_12,prosumer16,cfp,100,3.449161,0
1789091910.114844,72,ciclo1_AC_AP,concentrator_trafo_2_12,prosumer17,cfp,100,1.132262,0
1789091910.114972,72,ciclo1_AC_AP,concentrator_trafo_2_12,prosumer18,cfp,100,2.232489,0
1789091910.115099,72,ciclo1_AC_AP,concentrator_trafo_2_12,prosumer19,cfp,100,3.517799,0
1789091910.115225,72,ciclo1_AC_AP,concentrator_trafo_2_12,prosumer20,cfp,100,3.083670,0
1789091910.115339,72,ciclo1_AC_AP,concentrator_trafo_2_12,prosumer21,cfp,100,2.687823,0
1789091910.116118,72,ciclo1_AC_AP,concentrator_trafo_3_22,prosumer22,cfp,100,1.658052,0
1789091910.116263,72,ciclo1_AC_AP,concentrator_trafo_3_22,prosumer23,cfp,100,3.427097,0
1789091910.116382,72,ciclo1_AC_AP,concentrator_trafo_3_22,prosumer24,cfp,100,1.001659,0
1789091910.116497,72,ciclo1_AC_AP,concentrator_trafo_3_22,prosumer25,cfp,100,3.698921,0
1789091910.116612,72,ciclo1_AC_AP,concentrator_trafo_3_22,prosumer26,cfp,100,2.266828,0
1789091910.116731,72,ciclo1_AC_AP,concentrator_trafo_3_22,prosumer27,cfp,100,4.550163,0
1789091910.116840,72,ciclo1_AC_AP,concentrator_trafo_3_22,prosumer28,cfp,100,3.538608,0
1789091910.116950,72,ciclo1_AC_AP,concentrator_trafo_3_22,prosumer29,cfp,100,6.861593,0
1789091910.117058,72,ciclo1_AC_AP,concentrator_trafo_3_22,prosumer30,cfp,100,3.240608,0
1789091910.117166,72,ciclo1_AC_AP,concentrator_trafo_3_22,prosumer31,cfp,100,3.884220,0
1789091910.117269,72,ciclo1_AC_AP,concentrator_trafo_3_22,prosumer32,cfp,100,3.429279,0
1789091910.117369,72,ciclo1_AC_AP,concentrator_trafo_3_22,prosumer33,cfp,100,0.598584,0
1789091910.118025,72,ciclo1_AC_AP,concentrator_trafo_4_34,prosumer34,cfp,100,3.420918,0
1789091910.118161,72,ciclo1_AC_AP,concentrator_trafo_4_34,prosumer35,cfp,100,2.743988,0
1789091910.118321,72,ciclo1_AC_AP,concentrator_trafo_4_34,prosumer36,cfp,100,2.699005,0
1789091910.118444,72,ciclo1_AC_AP,concentrator_trafo_4_34,prosumer37,cfp,100,6.674838,0
1789091910.118554,72,ciclo1_AC_AP,concentrator_trafo_4_34,prosumer38,cfp,100,2.625513,0
1789091910.118775,72,ciclo1_AC_AP,concentrator_trafo_4_34,prosumer39,cfp,100,2.251840,0
1789091910.118937,72,ciclo1_AC_AP,concentrator_trafo_4_34,prosumer40,cfp,100,2.432482,0
1789091910.119050,72,ciclo1_AC_AP,concentrator_trafo_4_34,prosumer41,cfp,100,3.015840,0
1789091910.119153,72,ciclo1_AC_AP,concentrator_trafo_4_34,prosumer42,cfp,100,4.921330,0
1789091910.119260,72,ciclo1_AC_AP,concentrator_trafo_4_34,prosumer43,cfp,100,0.361014,0
1789091910.119362,72,ciclo1_AC_AP,concentrator_trafo_4_34,prosumer44,cfp,100,2.924438,0
1789091910.119461,72,ciclo1_AC_AP,concentrator_trafo_4_34,prosumer45,cfp,100,5.759080,0
1789091910.119562,72,ciclo1_AC_AP,concentrator_trafo_4_34,prosumer46,cfp,100,2.242928,0
1789091910.124596,72,ciclo1_AC_AP,prosumer6,concentrator_trafo_1_5,propose,224,2.836447,0
1789091910.128208,72,ciclo1_AC_AP,prosumer5,concentrator_trafo_1_5,propose,106,2.849522,0
1789091910.131626,72,ciclo1_AC_AP,prosumer14,concentrator_trafo_2_12,propose,215,2.405627,0
1789091910.134413,72,ciclo1_AC_AP,prosumer43,concentrator_trafo_4_34,propose,173,4.725935,0
1789091910.138037,72,ciclo1_AC_AP,prosumer33,concentrator_trafo_3_22,propose,461,7.551814,0
1789091910.139030,72,ciclo1_AC_AP,prosumer17,concentrator_trafo_2_12,propose,407,6.521215,0
1789091910.139924,72,ciclo1_AC_AP,prosumer24,concentrator_trafo_3_22,propose,445,9.371629,0
1789091910.140851,72,ciclo1_AC_AP,prosumer15,concentrator_trafo_2_12,propose,492,15.592853,0
1789091910.144167,72,ciclo1_AC_AP,prosumer8,concentrator_trafo_1_5,propose,173,3.151020,0
1789091910.147486,72,ciclo1_AC_AP,prosumer22,concentrator_trafo_3_22,propose,426,7.036230,0
1789091910.150948,72,ciclo1_AC_AP,prosumer12,concentrator_trafo_2_12,propose,179,2.856820,0
1789091910.152973,72,ciclo1_AC_AP,prosumer18,concentrator_trafo_2_12,propose,490,10.065509,0
1789091910.153927,72,ciclo1_AC_AP,prosumer26,concentrator_trafo_3_22,propose,403,15.555808,0
1789091910.154494,72,ciclo1_AC_AP,prosumer10,concentrator_trafo_1_5,propose,417,7.452704,0
1789091910.156439,72,ciclo1_AC_AP,prosumer39,concentrator_trafo_4_34,propose,190,7.720439,0
1789091910.156943,72,ciclo1_AC_AP,prosumer13,concentrator_trafo_2_12,propose,134,6.404603,0
1789091910.157456,72,ciclo1_AC_AP,prosumer46,concentrator_trafo_4_34,propose,154,3.143927,0
1789091910.157944,72,ciclo1_AC_AP,prosumer21,concentrator_trafo_2_12,propose,243,4.303656,0
1789091910.158403,72,ciclo1_AC_AP,prosumer40,concentrator_trafo_4_34,propose,148,2.957936,0
1789091910.158881,72,ciclo1_AC_AP,prosumer11,concentrator_trafo_1_5,propose,238,2.729602,0
1789091910.161620,72,ciclo1_AC_AP,prosumer38,concentrator_trafo_4_34,propose,418,6.571776,0
1789091910.163622,72,ciclo1_AC_AP,prosumer36,concentrator_trafo_4_34,propose,339,11.072762,0
1789091910.165516,72,ciclo1_AC_AP,prosumer35,concentrator_trafo_4_34,propose,395,16.276567,0
1789091910.165975,72,ciclo1_AC_AP,prosumer20,concentrator_trafo_2_12,propose,499,6.496948,0
1789091910.168809,72,ciclo1_AC_AP,prosumer44,concentrator_trafo_4_34,propose,232,8.291702,0
1789091910.171329,72,ciclo1_AC_AP,prosumer16,concentrator_trafo_2_12,propose,396,8.431545,0
1789091910.173156,72,ciclo1_AC_AP,prosumer41,concentrator_trafo_4_34,propose,314,6.917075,0
1789091910.174967,72,ciclo1_AC_AP,prosumer30,concentrator_trafo_3_22,propose,121,3.719238,0
1789091910.176766,72,ciclo1_AC_AP,prosumer19,concentrator_trafo_2_12,propose,462,9.811911,0
1789091910.178706,72,ciclo1_AC_AP,prosumer23,concentrator_trafo_3_22,propose,138,3.406320,0
1789091910.179305,72,ciclo1_AC_AP,prosumer32,concentrator_trafo_3_22,propose,172,9.951570,0
1789091910.181181,72,ciclo1_AC_AP,prosumer9,concentrator_trafo_1_5,propose,331,4.625872,0
1789091910.182989,72,ciclo1_AC_AP,prosumer28,concentrator_trafo_3_22,propose,130,5.167101,0
1789091910.184741,72,ciclo1_AC_AP,prosumer34,concentrator_trafo_4_34,propose,277,5.514023,0
1789091910.185459,72,ciclo1_AC_AP,prosumer25,concentrator_trafo_3_22,propose,270,14.213109,0
1789091910.187602,72,ciclo1_AC_AP,prosumer31,concentrator_trafo_3_22,propose,230,4.446440,0
1789091910.190249,72,ciclo1_AC_AP,prosumer27,concentrator_trafo_3_22,propose,426,14.526519,0
1789091910.192127,72,ciclo1_AC_AP,prosumer7,concentrator_trafo_1_5,propose,308,16.684053,0
1789091910.193286,72,ciclo1_AC_AP,prosumer42,concentrator_trafo_4_34,propose,299,14.231584,0
1789091910.195879,72,ciclo1_AC_AP,prosumer45,concentrator_trafo_4_34,propose,111,2.144747,0
1789091910.198284,72,ciclo1_AC_AP,prosumer37,concentrator_trafo_4_34,propose,251,6.611579,0
1789091910.200189,72,ciclo1_AC_AP,prosumer29,concentrator_trafo_3_22,propose,434,17.466950,0
1789091910.382974,72,ciclo2_AD_AC,dso,concentrator_trafo_1_5,cfp,100,4.374576,0
1789091910.383508,72,ciclo2_AD_AC,dso,concentrator_trafo_2_12,cfp,100,0.886747,0
1789091910.383931,72,ciclo2_AD_AC,dso,concentrator_trafo_3_22,cfp,100,1.578436,0
1789091910.384164,72,ciclo2_AD_AC,dso,concentrator_trafo_4_34,cfp,100,9.298598,0
1789091910.399598,72,ciclo2_AD_AC,concentrator_trafo_2_12,dso,propose,1123,19.146863,0
1789091910.401601,72,ciclo2_AD_AC,concentrator_trafo_3_22,dso,propose,1108,35.108986,0
1789091910.434274,72,ciclo2_AD_AC,concentrator_trafo_1_5,dso,propose,1397,43.814185,0
1789091910.485362,72,ciclo2_AD_AC,concentrator_trafo_4_34,dso,propose,1045,55.176231,0
1789091911.045581,72,ciclo3_AM_AC_AD,market,dso,cfp,100,3.180163,0
1789091911.114048,72,ciclo3_AM_AC_AD,dso,market,propose,1303,23.868562,0
1789091911.361562,72,ciclo3_AM_AC_AD,market,concentrator_trafo_1_5,cfp,100,4.514320,0
1789091911.362412,72,ciclo3_AM_AC_AD,market,concentrator_trafo_2_12,cfp,100,3.291952,0
1789091911.363238,72,ciclo3_AM_AC_AD,market,concentrator_trafo_3_22,cfp,100,1.379718,0
1789091911.363905,72,ciclo3_AM_AC_AD,market,concentrator_trafo_4_34,cfp,100,4.859431,0
1789091911.364287,72,ciclo3_AM_AC_AD,market,dso,cfp,100,1.170246,0
1789091911.440718,72,ciclo3_AM_AC_AD,concentrator_trafo_3_22,market,propose,1369,24.195842,0
1789091911.446678,72,ciclo3_AM_AC_AD,concentrator_trafo_2_12,market,propose,1073,38.237876,0
1789091911.448772,72,ciclo3_AM_AC_AD,dso,market,propose,1126,18.840407,0
1789091911.452760,72,ciclo3_AM_AC_AD,concentrator_trafo_1_5,market,propose,1446,48.316342,0
1789091911.455761,72,ciclo3_AM_AC_AD,concentrator_trafo_4_34,market,propose,1267,40.986053,0
1789091912.012173,73,ciclo1_AC_AP,concentrator_trafo_1_5,prosumer5,cfp,100,0.724789,0
1789091912.012460,73,ciclo1_AC_AP,concentrator_trafo_1_5,prosumer6,cfp,100,1.776297,0
1789091912.012618,73,ciclo1_AC_AP,concentrator_trafo_1_5,prosumer7,cfp,100,3.529668,0
1789091912.012741,73,ciclo1_AC_AP,concentrator_trafo_1_5,prosumer8,cfp,100,0.837173,0
1789091912.012859,73,ciclo1_AC_AP,concentrator_trafo_1_5,prosumer9,cfp,100,1.292807,0
1789091912.012973,73,ciclo1_AC_AP,concentrator_trafo_1_5,prosumer10,cfp,100,0.788824,0
1789091912.013096,73,ciclo1_AC_AP,concentrator_trafo_1_5,prosumer11,cfp,100,0.580546,0
1789091912.013866,73,ciclo1_AC_AP,concentrator_trafo_2_12,prosumer12,cfp,100,3.915595,0
1789091912.014000,73,ciclo1_AC_AP,concentrator_trafo_2_12,prosumer13,cfp,100,1.267761,0
1789091912.014117,73,ciclo1_AC_AP,concentrator_trafo_2_12,prosumer14,cfp,100,2.077732,0
1789091912.014223,73,ciclo1_AC_AP,concentrator_trafo_2_12,prosumer15,cfp,100,7.046607,0
1789091912.014326,73,ciclo1_AC_AP,concentrator_trafo_2_12,prosumer16,cfp,100,2.810012,0
1789091912.014430,73,ciclo1_AC_AP,concentrator_trafo_2_12,prosumer17,cfp,100,3.030339,0
1789091912.014532,73,ciclo1_AC_AP,concentrator_trafo_2_12,prosumer18,cfp,100,0.988852,0
1789091912.014650,73,ciclo1_AC_AP,concentrator_trafo_2_12,prosumer19,cfp,100,2.688670,0
1789091912.014750,73,ciclo1_AC_AP,concentrator_trafo_2_12,prosumer20,cfp,100,1.299467,0
1789091912.014854,73,ciclo1_AC_AP,concentrator_trafo_2_12,prosumer21,cfp,100,3.199610,0
1789091912.015584,73,ciclo1_AC_AP,concentrator_trafo_3_22,prosumer22,cfp,100,3.963983,0
1789091912.015711,73,ciclo1_AC_AP,concentrator_trafo_3_22,prosumer23,cfp,100,1.821365,0
1789091912.015820,73,ciclo1_AC_AP,concentrator_trafo_3_22,prosumer24,cfp,100,1.073196,0
1789091912.015927,73,ciclo1_AC_AP,concentrator_trafo_3_22,prosumer25,cfp,100,3.943475,0
1789091912.016029,73,ciclo1_AC_AP,concentrator_trafo_3_22,prosumer26,cfp,100,4.922356,0
1789091912.016178,73,ciclo1_AC_AP,concentrator_trafo_3_22,prosumer27,cfp,100,4.000469,0
1789091912.016338,73,ciclo1_AC_AP,concentrator_trafo_3_22,prosumer28,cfp,100,3.764112,0
1789091912.016447,73,ciclo1_AC_AP,concentrator_trafo_3_22,prosumer29,cfp,100,2.269815,0
1789091912.016558,73,ciclo1_AC_AP,concentrator_trafo_3_22,prosumer30,cfp,100,3.908970,0
1789091912.016670,73,ciclo1_AC_AP,concentrator_trafo_3_22,prosumer31,cfp,100,1.467155,0
1789091912.016773,73,ciclo1_AC_AP,concentrator_trafo_3_22,prosumer32,cfp,100,3.218135,0
1789091912.016876,73,ciclo1_AC_AP,concentrator_trafo_3_22,prosumer33,cfp,100,3.960179,0
1789091912.017535,73,ciclo1_AC_AP,concentrator_trafo_4_34,prosumer34,cfp,100,3.333382,0
1789091912.017669,73,ciclo1_AC_AP,concentrator_trafo_4_34,prosumer35,cfp,100,4.957141,0
1789091912.017778,73,ciclo1_AC_AP,concentrator_trafo_4_34,prosumer36,cfp,100,5.604020,0
1789091912.017896,73,ciclo1_AC_AP,concentrator_trafo_4_34,prosumer37,cfp,100,6.268469,0
1789091912.018010,73,ciclo1_AC_AP,concentrator_trafo_4_34,prosumer38,cfp,100,2.785815,0
1789091912.018140,73,ciclo1_AC_AP,concentrator_trafo_4_34,prosumer39,cfp,100,3.112948,0
1789091912.018248,73,ciclo1_AC_AP,concentrator_trafo_4_34,prosumer40,cfp,100,1.475970,0
1789091912.018350,73,ciclo1_AC_AP,concentrator_trafo_4_34,prosumer41,cfp,100,3.429087,0
1789091912.018451,73,ciclo1_AC_AP,concentrator_trafo_4_34,prosumer42,cfp,100,6.125503,0
1789091912.018565,73,ciclo1_AC_AP,concentrator_trafo_4_34,prosumer43,cfp,100,0.172169,0
1789091912.018730,73,ciclo1_AC_AP,concentrator_trafo_4_34,prosumer44,cfp,100,2.576650,0
1789091912.019039,73,ciclo1_AC_AP,concentrator_trafo_4_34,prosumer45,cfp,100,2.950277,0
1789091912.019294,73,ciclo1_AC_AP,concentrator_trafo_4_34,prosumer46,cfp,100,0.875841,0
1789091912.025748,73,ciclo1_AC_AP,prosumer11,concentrator_trafo_1_5,propose,209,5.889115,0
1789091912.031261,73,ciclo1_AC_AP,prosumer5,concentrator_trafo_1_5,propose,331,4.962964,0
1789091912.034527,73,ciclo1_AC_AP,prosumer43,concentrator_trafo_4_34,propose,263,4.718505,0
1789091912.039770,73,ciclo1_AC_AP,prosumer10,concentrator_trafo_1_5,propose,105,1.429917,0
1789091912.044489,73,ciclo1_AC_AP,prosumer8,concentrator_trafo_1_5,propose,491,8.380491,0
1789091912.048210,73,ciclo1_AC_AP,prosumer18,concentrator_trafo_2_12,propose,228,4.102395,0
1789091912.052080,73,ciclo1_AC_AP,prosumer9,concentrator_trafo_1_5,propose,315,5.573184,0
1789091912.055195,73,ciclo1_AC_AP,prosumer24,concentrator_trafo_3_22,propose,396,8.387047,0
1789091912.063773,73,ciclo1_AC_AP,prosumer13,concentrator_trafo_2_12,propose,365,10.492636,0
1789091912.064940,73,ciclo1_AC_AP,prosumer20,concentrator_trafo_2_12,propose,380,7.181587,0
1789091912.068566,73,ciclo1_AC_AP,prosumer46,concentrator_trafo_4_34,propose,166,3.244453,0
1789091912.071674,73,ciclo1_AC_AP,prosumer6,concentrator_trafo_1_5,propose,463,9.545952,0
1789091912.074293,73,ciclo1_AC_AP,prosumer31,concentrator_trafo_3_22,propose,269,6.213388,0
1789091912.077604,73,ciclo1_AC_AP,prosumer40,concentrator_trafo_4_34,propose,466,8.244837,0
1789091912.079679,73,ciclo1_AC_AP,prosumer23,concentrator_trafo_3_22,propose,391,9.873565,0
1789091912.080255,73,ciclo1_AC_AP,prosumer14,concentrator_trafo_2_12,propose,435,9.113000,0
1789091912.083179,73,ciclo1_AC_AP,prosumer29,concentrator_trafo_3_22,propose,373,11.958489,0
1789091912.084036,73,ciclo1_AC_AP,prosumer19,concentrator_trafo_2_12,propose,298,4.772008,0
1789091912.085865,73,ciclo1_AC_AP,prosumer16,concentrator_trafo_2_12,propose,202,6.042628,0
1789091912.086375,73,ciclo1_AC_AP,prosumer44,concentrator_trafo_4_34,propose,252,8.764084,0
1789091912.086880,73,ciclo1_AC_AP,prosumer17,concentrator_trafo_2_12,propose,148,3.711513,0
1789091912.088738,73,ciclo1_AC_AP,prosumer38,concentrator_trafo_4_34,propose,327,7.499768,0
1789091912.090646,73,ciclo1_AC_AP,prosumer21,concentrator_trafo_2_12,propose,432,8.718509,0
1789091912.091239,73,ciclo1_AC_AP,prosumer7,concentrator_trafo_1_5,propose,425,13.114297,0
1789091912.093392,73,ciclo1_AC_AP,prosumer45,concentrator_trafo_4_34,propose,238,4.427224,0
1789091912.093997,73,ciclo1_AC_AP,prosumer32,concentrator_trafo_3_22,propose,221,7.347030,0
1789091912.095962,73,ciclo1_AC_AP,prosumer39,concentrator_trafo_4_34,propose,431,16.327899,0
1789091912.097979,73,ciclo1_AC_AP,prosumer34,concentrator_trafo_4_34,propose,234,4.106782,0
1789091912.100149,73,ciclo1_AC_AP,prosumer41,concentrator_trafo_4_34,propose,496,8.877638,0
1789091912.102247,73,ciclo1_AC_AP,prosumer12,concentrator_trafo_2_12,propose,256,7.043121,0
1789091912.104248,73,ciclo1_AC_AP,prosumer28,concentrator_trafo_3_22,propose,143,7.819968,0
1789091912.106455,73,ciclo1_AC_AP,prosumer22,concentrator_trafo_3_22,propose,288,6.014680,0
1789091912.108340,73,ciclo1_AC_AP,prosumer25,concentrator_trafo_3_22,propose,174,8.760693,0
1789091912.110205,73,ciclo1_AC_AP,prosumer30,concentrator_trafo_3_22,propose,330,7.316124,0
1789091912.112641,73,ciclo1_AC_AP,prosumer27,concentrator_trafo_3_22,propose,113,3.797020,0
1789091912.114513,73,ciclo1_AC_AP,prosumer33,concentrator_trafo_3_22,propose,297,5.777821,0
1789091912.116454,73,ciclo1_AC_AP,prosumer26,concentrator_trafo_3_22,propose,429,16.931203,0
1789091912.118464,73,ciclo1_AC_AP,prosumer35,concentrator_trafo_4_34,propose,329,10.067411,0
1789091912.120492,73,ciclo1_AC_AP,prosumer36,concentrator_trafo_4_34,propose,126,6.213386,0
1789091912.123250,73,ciclo1_AC_AP,prosumer42,concentrator_trafo_4_34,propose,423,16.982082,0
1789091912.123827,73,ciclo1_AC_AP,prosumer37,concentrator_trafo_4_34,propose,497,14.975524,0
1789091912.125426,73,ciclo1_AC_AP,prosumer15,concentrator_trafo_2_12,propose,494,14.294189,0
1789091912.299796,73,ciclo2_AD_AC,dso,concentrator_trafo_1_5,cfp,100,3.931965,0
1789091912.300098,73,ciclo2_AD_AC,dso,concentrator_trafo_2_12,cfp,100,0.720729,0
1789091912.300286,73,ciclo2_AD_AC,dso,concentrator_trafo_3_22,cfp,100,4.133411,0
1789091912.300496,73,ciclo2_AD_AC,dso,concentrator_trafo_4_34,cfp,100,8.108658,0
1789091912.314188,73,ciclo2_AD_AC,concentrator_trafo_2_12,dso,propose,1146,18.736891,0
1789091912.341857,73,ciclo2_AD_AC,concentrator_trafo_1_5,dso,propose,1261,40.175029,0
1789091912.346884,73,ciclo2_AD_AC,concentrator_trafo_3_22,dso,propose,1318,45.827975,0
1789091912.384839,73,ciclo2_AD_AC,concentrator_trafo_4_34,dso,propose,1395,70.063188,0
1789091913.094415,73,ciclo3_AM_AC_AD,market,dso,cfp,100,3.933388,0
1789091913.176528,73,ciclo3_AM_AC_AD,dso,market,propose,1217,20.386277,0
1789091913.387996,73,ciclo3_AM_AC_AD,market,concentrator_trafo_1_5,cfp,100,4.360618,0
1789091913.388333,73,ciclo3_AM_AC_AD,market,concentrator_trafo_2_12,cfp,100,0.446859,0
1789091913.388492,73,ciclo3_AM_AC_AD,market,concentrator_trafo_3_22,cfp,100,1.471148,0
1789091913.388785,73,ciclo3_AM_AC_AD,market,concentrator_trafo_4_34,cfp,100,4.745804,0
1789091913.388947,73,ciclo3_AM_AC_AD,market,dso,cfp,100,1.756651,0
1789091913.442439,73,ciclo3_AM_AC_AD,concentrator_trafo_2_12,market,propose,1239,40.718913,0
1789091913.451071,73,ciclo3_AM_AC_AD,concentrator_trafo_3_22,market,propose,1312,21.394385,0
1789091913.477170,73,ciclo3_AM_AC_AD,dso,market,propose,1431,25.800451,0
1789091913.487270,73,ciclo3_AM_AC_AD,concentrator_trafo_1_5,market,propose,1291,44.957882,0
1789091913.489727,73,ciclo3_AM_AC_AD,concentrator_trafo_4_34,market,propose,1380,56.576267,0
1789091914.132267,74,ciclo1_AC_AP,concentrator_trafo_1_5,prosumer5,cfp,100,0.309269,0
1789091914.132561,74,ciclo1_AC_AP,concentrator_trafo_1_5,prosumer6,cfp,100,2.270786,0
1789091914.132833,74,ciclo1_AC_AP,concentrator_trafo_1_5,prosumer7,cfp,100,5.011486,0
1789091914.133075,74,ciclo1_AC_AP,concentrator_trafo_1_5,prosumer8,cfp,100,3.525963,0
1789091914.133282,74,ciclo1_AC_AP,concentrator_trafo_1_5,prosumer9,cfp,100,1.401236,0
1789091914.133448,74,ciclo1_AC_AP,concentrator_trafo_1_5,prosumer10,cfp,100,0.349322,0
1789091914.133684,74,ciclo1_AC_AP,concentrator_trafo_1_5,prosumer11,cfp,100,0.833069,0
1789091914.134636,74,ciclo1_AC_AP,concentrator_trafo_2_12,prosumer12,cfp,100,1.091068,0
1789091914.135044,74,ciclo1_AC_AP,concentrator_trafo_2_12,prosumer13,cfp,100,1.963260,0
1789091914.135266,74,ciclo1_AC_AP,concentrator_trafo_2_12,prosumer14,cfp,100,2.900942,0
1789091914.135531,74,ciclo1_AC_AP,concentrator_trafo_2_12,prosumer15,cfp,100,3.059869,0
1789091914.135734,74,ciclo1_AC_AP,concentrator_trafo_2_12,prosumer16,cfp,100,0.607024,0
1789091914.135938,74,ciclo1_AC_AP,concentrator_trafo_2_12,prosumer17,cfp,100,2.168632,0
1789091914.136085,74,ciclo1_AC_AP,concentrator_trafo_2_12,prosumer18,cfp,100,2.167205,0
1789091914.136223,74,ciclo1_AC_AP,concentrator_trafo_2_12,prosumer19,cfp,100,1.672102,0
1789091914.136384,74,ciclo1_AC_AP,concentrator_trafo_2_12,prosumer20,cfp,100,0.919075,0
1789091914.136508,74,ciclo1_AC_AP,concentrator_trafo_2_12,prosumer21,cfp,100,1.411227,0
1789091914.137312,74,ciclo1_AC_AP,concentrator_trafo_3_22,prosumer22,cfp,100,1.318623,0
1789091914.137466,74,ciclo1_AC_AP,concentrator_trafo_3_22,prosumer23,cfp,100,3.350830,0
1789091914.137596,74,ciclo1_AC_AP,concentrator_trafo_3_22,prosumer24,cfp,100,2.049825,0
1789091914.137718,74,ciclo1_AC_AP,concentrator_trafo_3_22,prosumer25,cfp,100,5.165818,0
1789091914.137833,74,ciclo1_AC_AP,concentrator_trafo_3_22,prosumer26,cfp,100,4.360808,0
1789091914.137961,74,ciclo1_AC_AP,concentrator_trafo_3_22,prosumer27,cfp,100,3.872943,0
1789091914.138073,74,ciclo1_AC_AP,concentrator_trafo_3_22,prosumer28,cfp,100,1.236501,0
1789091914.138184,74,ciclo1_AC_AP,concentrator_trafo_3_22,prosumer29,cfp,100,1.238999,0
1789091914.138294,74,ciclo1_AC_AP,concentrator_trafo_3_22,prosumer30,cfp,100,2.240168,0
1789091914.138404,74,ciclo1_AC_AP,concentrator_trafo_3_22,prosumer31,cfp,100,1.224864,0
1789091914.138516,74,ciclo1_AC_AP,concentrator_trafo_3_22,prosumer32,cfp,100,6.767568,0
1789091914.138688,74,ciclo1_AC_AP,concentrator_trafo_3_22,prosumer33,cfp,100,2.327981,0
1789091914.139413,74,ciclo1_AC_AP,concentrator_trafo_4_34,prosumer34,cfp,100,2.512551,0
1789091914.139563,74,ciclo1_AC_AP,concentrator_trafo_4_34,prosumer35,cfp,100,5.725011,0
1789091914.139741,74,ciclo1_AC_AP,concentrator_trafo_4_34,prosumer36,cfp,100,3.451994,0
1789091914.139858,74,ciclo1_AC_AP,concentrator_trafo_4_34,prosumer37,cfp,100,7.214412,0
1789091914.139971,74,ciclo1_AC_AP,concentrator_trafo_4_34,prosumer38,cfp,100,1.459469,0
1789091914.140092,74,ciclo1_AC_AP,concentrator_trafo_4_34,prosumer39,cfp,100,5.878908,0
1789091914.140204,74,ciclo1_AC_AP,concentrator_trafo_4_34,prosumer40,cfp,100,3.973489,0
1789091914.140320,74,ciclo1_AC_AP,concentrator_trafo_4_34,prosumer41,cfp,100,3.657861,0
1789091914.140431,74,ciclo1_AC_AP,concentrator_trafo_4_34,prosumer42,cfp,100,3.041001,0
1789091914.140551,74,ciclo1_AC_AP,concentrator_trafo_4_34,prosumer43,cfp,100,0.843764,0
1789091914.140718,74,ciclo1_AC_AP,concentrator_trafo_4_34,prosumer44,cfp,100,3.973127,0
1789091914.140837,74,ciclo1_AC_AP,concentrator_trafo_4_34,prosumer45,cfp,100,3.100667,0
1789091914.140967,74,ciclo1_AC_AP,concentrator_trafo_4_34,prosumer46,cfp,100,0.523777,0
1789091914.147177,74,ciclo1_AC_AP,prosumer5,concentrator_trafo_1_5,propose,364,6.714724,0
1789091914.151720,74,ciclo1_AC_AP,prosumer10,concentrator_trafo_1_5,propose,199,3.985455,0
1789091914.154740,74,ciclo1_AC_AP,prosumer16,concentrator_trafo_2_12,propose,182,3.514414,0
1789091914.161483,74,ciclo1_AC_AP,prosumer11,concentrator_trafo_1_5,propose,103,1.364193,0
1789091914.168673,74,ciclo1_AC_AP,prosumer20,concentrator_trafo_2_12,propose,236,3.108926,0
1789091914.170149,74,ciclo1_AC_AP,prosumer12,concentrator_trafo_2_12,propose,154,3.019605,0
1789091914.174864,74,ciclo1_AC_AP,prosumer46,concentrator_trafo_4_34,propose,297,6.614394,0
1789091914.179272,74,ciclo1_AC_AP,prosumer9,concentrator_trafo_1_5,propose,462,6.526365,0
1789091914.183336,74,ciclo1_AC_AP,prosumer43,concentrator_trafo_4_34,propose,231,2.913680,0
1789091914.184603,74,ciclo1_AC_AP,prosumer28,concentrator_trafo_3_22,propose,201,5.239692,0
1789091914.188463,74,ciclo1_AC_AP,prosumer22,concentrator_trafo_3_22,propose,348,7.491083,0
1789091914.189665,74,ciclo1_AC_AP,prosumer29,concentrator_trafo_3_22,propose,341,14.569783,0
1789091914.193110,74,ciclo1_AC_AP,prosumer21,concentrator_trafo_2_12,propose,235,5.841741,0
1789091914.196497,74,ciclo1_AC_AP,prosumer31,concentrator_trafo_3_22,propose,363,7.659721,0
1789091914.202134,74,ciclo1_AC_AP,prosumer19,concentrator_trafo_2_12,propose,306,6.036121,0
1789091914.204778,74,ciclo1_AC_AP,prosumer38,concentrator_trafo_4_34,propose,167,3.059894,0
1789091914.206779,74,ciclo1_AC_AP,prosumer13,concentrator_trafo_2_12,propose,411,12.886158,0
1789091914.209263,74,ciclo1_AC_AP,prosumer6,concentrator_trafo_1_5,propose,354,4.040230,0
1789091914.214057,74,ciclo1_AC_AP,prosumer17,concentrator_trafo_2_12,propose,237,5.189314,0
1789091914.214818,74,ciclo1_AC_AP,prosumer18,concentrator_trafo_2_12,propose,188,3.426233,0
1789091914.217665,74,ciclo1_AC_AP,prosumer24,concentrator_trafo_3_22,propose,455,9.496968,0
1789091914.221143,74,ciclo1_AC_AP,prosumer30,concentrator_trafo_3_22,propose,107,1.286268,0
1789091914.224590,74,ciclo1_AC_AP,prosumer33,concentrator_trafo_3_22,propose,206,4.907009,0
1789091914.228639,74,ciclo1_AC_AP,prosumer14,concentrator_trafo_2_12,propose,273,6.166080,0
1789091914.230648,74,ciclo1_AC_AP,prosumer34,concentrator_trafo_4_34,propose,233,3.621720,0
1789091914.232615,74,ciclo1_AC_AP,prosumer15,concentrator_trafo_2_12,propose,462,16.799015,0
1789091914.233206,74,ciclo1_AC_AP,prosumer8,concentrator_trafo_1_5,propose,461,7.914706,0
1789091914.235107,74,ciclo1_AC_AP,prosumer42,concentrator_trafo_4_34,propose,155,8.015247,0
1789091914.237249,74,ciclo1_AC_AP,prosumer23,concentrator_trafo_3_22,propose,436,6.633984,0
1789091914.239625,74,ciclo1_AC_AP,prosumer45,concentrator_trafo_4_34,propose,115,4.488093,0
1789091914.241689,74,ciclo1_AC_AP,prosumer36,concentrator_trafo_4_34,propose,323,12.954592,0
1789091914.242470,74,ciclo1_AC_AP,prosumer27,concentrator_trafo_3_22,propose,258,11.188510,0
1789091914.242957,74,ciclo1_AC_AP,prosumer41,concentrator_trafo_4_34,propose,265,6.600711,0
1789091914.244821,74,ciclo1_AC_AP,prosumer40,concentrator_trafo_4_34,propose,418,9.682219,0
1789091914.245281,74,ciclo1_AC_AP,prosumer44,concentrator_trafo_4_34,propose,468,12.590576,0
1789091914.247093,74,ciclo1_AC_AP,prosumer26,concentrator_trafo_3_22,propose,198,8.472837,0
1789091914.249012,74,ciclo1_AC_AP,prosumer7,concentrator_trafo_1_5,propose,269,5.662604,0
1789091914.249544,74,ciclo1_AC_AP,prosumer25,concentrator_trafo_3_22,propose,310,10.851487,0
1789091914.252040,74,ciclo1_AC_AP,prosumer35,concentrator_trafo_4_34,propose,499,19.520995,0
1789091914.254492,74,ciclo1_AC_AP,prosumer39,concentrator_trafo_4_34,propose,165,5.889486,0
1789091914.257127,74,ciclo1_AC_AP,prosumer32,concentrator_trafo_3_22,propose,428,14.592110,0
1789091914.259619,74,ciclo1_AC_AP,prosumer37,concentrator_trafo_4_34,propose,163,8.336095,0
1789091914.454409,74,ciclo2_AD_AC,dso,concentrator_trafo_1_5,cfp,100,4.572367,0
1789091914.454745,74,ciclo2_AD_AC,dso,concentrator_trafo_2_12,cfp,100,2.166590,0
1789091914.454909,74,ciclo2_AD_AC,dso,concentrator_trafo_3_22,cfp,100,4.604848,0
1789091914.455046,74,ciclo2_AD_AC,dso,concentrator_trafo_4_34,cfp,100,2.092080,0
1789091914.484392,74,ciclo2_AD_AC,concentrator_trafo_4_34,dso,propose,1127,57.908517,0
1789091914.488765,74,ciclo2_AD_AC,concentrator_trafo_2_12,dso,propose,1183,18.202867,0
1789091914.509096,74,ciclo2_AD_AC,concentrator_trafo_1_5,dso,propose,1389,45.990423,0
1789091914.511621,74,ciclo2_AD_AC,concentrator_trafo_3_22,dso,propose,1369,43.649360,0
1789091915.067353,74,ciclo3_AM_AC_AD,market,dso,cfp,100,3.038282,0
1789091915.103755,74,ciclo3_AM_AC_AD,dso,market,propose,1467,24.096017,0
1789091915.353163,74,ciclo3_AM_AC_AD,market,concentrator_trafo_1_5,cfp,100,6.623348,0
1789091915.353761,74,ciclo3_AM_AC_AD,market,concentrator_trafo_2_12,cfp,100,5.440675,0
1789091915.354264,74,ciclo3_AM_AC_AD,market,concentrator_trafo_3_22,cfp,100,2.646620,0
1789091915.354446,74,ciclo3_AM_AC_AD,market,concentrator_trafo_4_34,cfp,100,3.646532,0
1789091915.354636,74,ciclo3_AM_AC_AD,market,dso,cfp,100,3.787930,0
1789091915.433102,74,ciclo3_AM_AC_AD,concentrator_trafo_3_22,market,propose,1241,20.755365,0
1789091915.443433,74,ciclo3_AM_AC_AD,concentrator_trafo_4_34,market,propose,1226,44.412146,0
1789091915.460399,74,ciclo3_AM_AC_AD,dso,market,propose,1088,18.319366,0
1789091915.469876,74,ciclo3_AM_AC_AD,concentrator_trafo_2_12,market,propose,1351,44.245488,0
1789091915.475121,74,ciclo3_AM_AC_AD,concentrator_trafo_1_5,market,propose,1428,46.507681,0
1789091916.016164,75,ciclo1_AC_AP,concentrator_trafo_1_5,prosumer5,cfp,100,1.660962,0
1789091916.016484,75,ciclo1_AC_AP,concentrator_trafo_1_5,prosumer6,cfp,100,1.184104,0
1789091916.016693,75,ciclo1_AC_AP,concentrator_trafo_1_5,prosumer7,cfp,100,1.860792,0
1789091916.016883,75,ciclo1_AC_AP,concentrator_trafo_1_5,prosumer8,cfp,100,1.261884,0
1789091916.017024,75,ciclo1_AC_AP,concentrator_trafo_1_5,prosumer9,cfp,100,0.073800,0
1789091916.017161,75,ciclo1_AC_AP,concentrator_trafo_1_5,prosumer10,cfp,100,2.382792,0
1789091916.017299,75,ciclo1_AC_AP,concentrator_trafo_1_5,prosumer11,cfp,100,3.519966,0
1789091916.018185,75,ciclo1_AC_AP,concentrator_trafo_2_12,prosumer12,cfp,100,2.727067,0
1789091916.018387,75,ciclo1_AC_AP,concentrator_trafo_2_12,prosumer13,cfp,100,0.727465,0
1789091916.018580,75,ciclo1_AC_AP,concentrator_trafo_2_12,prosumer14,cfp,100,1.238363,0
1789091916.018744,75,ciclo1_AC_AP,concentrator_trafo_2_12,prosumer15,cfp,100,6.445964,0
1789091916.018934,75,ciclo1_AC_AP,concentrator_trafo_2_12,prosumer16,cfp,100,0.768383,0
1789091916.019064,75,ciclo1_AC_AP,concentrator_trafo_2_12,prosumer17,cfp,100,3.738521,0
1789091916.019187,75,ciclo1_AC_AP,concentrator_trafo_2_12,prosumer18,cfp,100,2.860040,0
1789091916.019353,75,ciclo1_AC_AP,concentrator_trafo_2_12,prosumer19,cfp,100,3.182430,0
1789091916.019611,75,ciclo1_AC_AP,concentrator_trafo_2_12,prosumer20,cfp,100,1.257744,0
1789091916.019751,75,ciclo1_AC_AP,concentrator_trafo_2_12,prosumer21,cfp,100,0.072284,0
1789091916.020495,75,ciclo1_AC_AP,concentrator_trafo_3_22,prosumer22,cfp,100,0.038680,0
1789091916.020678,75,ciclo1_AC_AP,concentrator_trafo_3_22,prosumer23,cfp,100,2.014903,0
1789091916.020808,75,ciclo1_AC_AP,concentrator_trafo_3_22,prosumer24,cfp,100,2.534592,0
1789091916.020926,75,ciclo1_AC_AP,concentrator_trafo_3_22,prosumer25,cfp,100,5.046335,0
1789091916.021046,75,ciclo1_AC_AP,concentrator_trafo_3_22,prosumer26,cfp,100,3.586947,0
1789091916.021163,75,ciclo1_AC_AP,concentrator_trafo_3_22,prosumer27,cfp,100,3.298664,0
1789091916.021294,75,ciclo1_AC_AP,concentrator_trafo_3_22,prosumer28,cfp,100,3.636914,0
1789091916.021484,75,ciclo1_AC_AP,concentrator_trafo_3_22,prosumer29,cfp,100,4.661167,0
1789091916.021635,75,ciclo1_AC_AP,concentrator_trafo_3_22,prosumer30,cfp,100,4.025677,0
1789091916.021766,75,ciclo1_AC_AP,concentrator_trafo_3_22,prosumer31,cfp,100,1.890280,0
1789091916.021894,75,ciclo1_AC_AP,concentrator_trafo_3_22,prosumer32,cfp,100,2.215291,0
1789091916.022043,75,ciclo1_AC_AP,concentrator_trafo_3_22,prosumer33,cfp,100,3.841801,0
1789091916.022945,75,ciclo1_AC_AP,concentrator_trafo_4_34,prosumer34,cfp,100,3.476011,0
1789091916.023109,75,ciclo1_AC_AP,concentrator_trafo_4_34,prosumer35,cfp,100,6.800690,0
1789091916.023276,75,ciclo1_AC_AP,concentrator_trafo_4_34,prosumer36,cfp,100,4.612512,0
1789091916.023408,75,ciclo1_AC_AP,concentrator_trafo_4_34,prosumer37,cfp,100,1.421449,0
1789091916.023523,75,ciclo1_AC_AP,concentrator_trafo_4_34,prosumer38,cfp,100,2.570325,0
1789091916.023664,75,ciclo1_AC_AP,concentrator_trafo_4_34,prosumer39,cfp,100,2.717533,0
1789091916.023779,75,ciclo1_AC_AP,concentrator_trafo_4_34,prosumer40,cfp,100,2.079568,0
1789091916.023892,75,ciclo1_AC_AP,concentrator_trafo_4_34,prosumer41,cfp,100,1.591216,0
1789091916.024011,75,ciclo1_AC_AP,concentrator_trafo_4_34,prosumer42,cfp,100,2.731153,0
1789091916.024167,75,ciclo1_AC_AP,concentrator_trafo_4_34,prosumer43,cfp,100,2.843163,0
1789091916.024354,75,ciclo1_AC_AP,concentrator_trafo_4_34,prosumer44,cfp,100,4.020260,0
1789091916.024494,75,ciclo1_AC_AP,concentrator_trafo_4_34,prosumer45,cfp,100,2.903474,0
1789091916.024630,75,ciclo1_AC_AP,concentrator_trafo_4_34,prosumer46,cfp,100,3.630644,0
1789091916.030378,75,ciclo1_AC_AP,prosumer9,concentrator_trafo_1_5,propose,281,4.705465,0
1789091916.031746,75,ciclo1_AC_AP,prosumer21,concentrator_trafo_2_12,propose,318,7.437218,0
1789091916.033135,75,ciclo1_AC_AP,prosumer22,concentrator_trafo_3_22,propose,323,5.294366,0
1789091916.035317,75,ciclo1_AC_AP,prosumer13,concentrator_trafo_2_12,propose,309,6.437648,0
1789091916.037834,75,ciclo1_AC_AP,prosumer16,concentrator_trafo_2_12,propose,286,4.368881,0
1789091916.042663,75,ciclo1_AC_AP,prosumer6,concentrator_trafo_1_5,propose,399,7.954530,0
1789091916.046732,75,ciclo1_AC_AP,prosumer8,concentrator_trafo_1_5,propose,154,4.424764,0
1789091916.047747,75,ciclo1_AC_AP,prosumer14,concentrator_trafo_2_12,propose,144,3.955800,0
1789091916.051674,75,ciclo1_AC_AP,prosumer20,concentrator_trafo_2_12,propose,385,7.368560,0
1789091916.054847,75,ciclo1_AC_AP,prosumer5,concentrator_trafo_1_5,propose,331,7.852890,0
1789091916.058884,75,ciclo1_AC_AP,prosumer7,concentrator_trafo_1_5,propose,167,9.857112,1
1789091916.061732,75,ciclo1_AC_AP,prosumer37,concentrator_trafo_4_34,propose,149,9.594148,0
1789091916.064287,75,ciclo1_AC_AP,prosumer41,concentrator_trafo_4_34,propose,107,1.454593,0
1789091916.066480,75,ciclo1_AC_AP,prosumer31,concentrator_trafo_3_22,propose,368,6.507501,0
1789091916.068437,75,ciclo1_AC_AP,prosumer23,concentrator_trafo_3_22,propose,458,8.322723,0
1789091916.070354,75,ciclo1_AC_AP,prosumer10,concentrator_trafo_1_5,propose,297,5.512717,0
1789091916.072255,75,ciclo1_AC_AP,prosumer32,concentrator_trafo_3_22,propose,435,17.025471,0
1789091916.074198,75,ciclo1_AC_AP,prosumer40,concentrator_trafo_4_34,propose,345,8.030202,0
1789091916.076114,75,ciclo1_AC_AP,prosumer12,concentrator_trafo_2_12,propose,221,5.240927,0
1789091916.078071,75,ciclo1_AC_AP,prosumer24,concentrator_trafo_3_22,propose,301,6.224816,0
1789091916.080029,75,ciclo1_AC_AP,prosumer18,concentrator_trafo_2_12,propose,426,6.628948,0
1789091916.080631,75,ciclo1_AC_AP,prosumer38,concentrator_trafo_4_34,propose,469,6.177253,0
1789091916.082552,75,ciclo1_AC_AP,prosumer39,concentrator_trafo_4_34,propose,149,7.345238,0
1789091916.084458,75,ciclo1_AC_AP,prosumer19,concentrator_trafo_2_12,propose,315,5.356876,0
1789091916.086606,75,ciclo1_AC_AP,prosumer42,concentrator_trafo_4_34,propose,129,10.461963,0
1789091916.088573,75,ciclo1_AC_AP,prosumer11,concentrator_trafo_1_5,propose,445,6.388095,0
1789091916.090486,75,ciclo1_AC_AP,prosumer43,concentrator_trafo_4_34,propose,251,4.253996,0
1789091916.092422,75,ciclo1_AC_AP,prosumer45,concentrator_trafo_4_34,propose,407,15.489490,0
1789091916.094424,75,ciclo1_AC_AP,prosumer27,concentrator_trafo_3_22,propose,187,7.876521,0
1789091916.096090,75,ciclo1_AC_AP,prosumer17,concentrator_trafo_2_12,propose,254,5.115809,0
1789091916.096622,75,ciclo1_AC_AP,prosumer26,concentrator_trafo_3_22,propose,242,5.248999,0
1789091916.098832,75,ciclo1_AC_AP,prosumer28,concentrator_trafo_3_22,propose,369,11.357142,0
1789091916.100757,75,ciclo1_AC_AP,prosumer34,concentrator_trafo_4_34,propose,163,3.754876,0
1789091916.103656,75,ciclo1_AC_AP,prosumer33,concentrator_trafo_3_22,propose,385,7.003144,0
1789091916.104571,75,ciclo1_AC_AP,prosumer46,concentrator_trafo_4_34,propose,442,8.677706,0
1789091916.105129,75,ciclo1_AC_AP,prosumer30,concentrator_trafo_3_22,propose,447,6.928404,0
1789091916.107199,75,ciclo1_AC_AP,prosumer44,concentrator_trafo_4_34,propose,272,12.177172,0
1789091916.109112,75,ciclo1_AC_AP,prosumer29,concentrator_trafo_3_22,propose,100,4.248316,0
1789091916.111036,75,ciclo1_AC_AP,prosumer36,concentrator_trafo_4_34,propose,173,7.280574,0
1789091916.112962,75,ciclo1_AC_AP,prosumer25,concentrator_trafo_3_22,propose,100,6.291438,0
1789091916.115749,75,ciclo1_AC_AP,prosumer15,concentrator_trafo_2_12,propose,147,5.170550,0
1789091916.118401,75,ciclo1_AC_AP,prosumer35,concentrator_trafo_4_34,propose,273,12.658483,0
1789091936.121268,75,ciclo1_AC_AP,concentrator_trafo_1_5,prosumer7,cfp,100,3.730329,0
1789091936.166385,75,ciclo1_AC_AP,prosumer7,concentrator_trafo_1_5,propose,485,10.319809,0
1789091936.277935,75,ciclo2_AD_AC,dso,concentrator_trafo_1_5,cfp,100,5.016579,0
1789091936.278287,75,ciclo2_AD_AC,dso,concentrator_trafo_2_12,cfp,100,0.740822,0
1789091936.278458,75,ciclo2_AD_AC,dso,concentrator_trafo_3_22,cfp,100,1.803276,0
1789091936.278632,75,ciclo2_AD_AC,dso,concentrator_trafo_4_34,cfp,100,5.321043,0
1789091936.293151,75,ciclo2_AD_AC,concentrator_trafo_2_12,dso,propose,1172,18.234237,0
1789091936.298580,75,ciclo2_AD_AC,concentrator_trafo_3_22,dso,propose,1231,40.536947,0
1789091936.336993,75,ciclo2_AD_AC,concentrator_trafo_1_5,dso,propose,1433,48.584923,0
1789091936.342776,75,ciclo2_AD_AC,concentrator_trafo_4_34,dso,propose,1101,53.157437,0
1789091936.881993,75,ciclo3_AM_AC_AD,market,dso,cfp,100,2.887682,0
1789091936.923034,75,ciclo3_AM_AC_AD,dso,market,propose,1124,17.443818,0
1789091937.108681,75,ciclo3_AM_AC_AD,market,concentrator_trafo_1_5,cfp,100,1.380633,0
1789091937.109150,75,ciclo3_AM_AC_AD,market,concentrator_trafo_2_12,cfp,100,3.630987,0
1789091937.109451,75,ciclo3_AM_AC_AD,market,concentrator_trafo_3_22,cfp,100,0.256123,0
1789091937.109701,75,ciclo3_AM_AC_AD,market,concentrator_trafo_4_34,cfp,100,2.759494,0
1789091937.109990,75,ciclo3_AM_AC_AD,market,dso,cfp,100,3.567655,0
1789091937.137308,75,ciclo3_AM_AC_AD,concentrator_trafo_3_22,market,propose,1191,22.559132,0
1789091937.149504,75,ciclo3_AM_AC_AD,concentrator_trafo_1_5,market,propose,1451,49.851347,0
1789091937.180521,75,ciclo3_AM_AC_AD,concentrator_trafo_4_34,market,propose,1342,46.711437,0
1789091937.185798,75,ciclo3_AM_AC_AD,concentrator_trafo_2_12,market,propose,1292,43.806302,0
1789091937.197554,75,ciclo3_AM_AC_AD,dso,market,propose,1236,20.110959,0
1789091937.725233,76,ciclo1_AC_AP,concentrator_trafo_1_5,prosumer5,cfp,100,3.225142,0
1789091937.725887,76,ciclo1_AC_AP,concentrator_trafo_1_5,prosumer6,cfp,100,3.647485,0
1789091937.726273,76,ciclo1_AC_AP,concentrator_trafo_1_5,prosumer7,cfp,100,4.823828,0
1789091937.726500,76,ciclo1_AC_AP,concentrator_trafo_1_5,prosumer8,cfp,100,3.126517,0
1789091937.726773,76,ciclo1_AC_AP,concentrator_trafo_1_5,prosumer9,cfp,100,1.231215,0
1789091937.727087,76,ciclo1_AC_AP,concentrator_trafo_1_5,prosumer10,cfp,100,0.657050,0
1789091937.727297,76,ciclo1_AC_AP,concentrator_trafo_1_5,prosumer11,cfp,100,3.890918,0
1789091937.728212,76,ciclo1_AC_AP,concentrator_trafo_2_12,prosumer12,cfp,100,3.726200,0
1789091937.728406,76,ciclo1_AC_AP,concentrator_trafo_2_12,prosumer13,cfp,100,1.540337,0
1789091937.728526,76,ciclo1_AC_AP,concentrator_trafo_2_12,prosumer14,cfp,100,2.944378,0
1789091937.728658,76,ciclo1_AC_AP,concentrator_trafo_2_12,prosumer15,cfp,100,4.597935,0
1789091937.728763,76,ciclo1_AC_AP,concentrator_trafo_2_12,prosumer16,cfp,100,4.023101,0
1789091937.728863,76,ciclo1_AC_AP,concentrator_trafo_2_12,prosumer17,cfp,100,0.842630,0
1789091937.728961,76,ciclo1_AC_AP,concentrator_trafo_2_12,prosumer18,cfp,100,2.200424,0
1789091937.729059,76,ciclo1_AC_AP,concentrator_trafo_2_12,prosumer19,cfp,100,2.404559,0
1789091937.729156,76,ciclo1_AC_AP,concentrator_trafo_2_12,prosumer20,cfp,100,3.927160,0
1789091937.729253,76,ciclo1_AC_AP,concentrator_trafo_2_12,prosumer21,cfp,100,1.655226,0
1789091937.729939,76,ciclo1_AC_AP,concentrator_trafo_3_22,prosumer22,cfp,100,3.979301,0
1789091937.730056,76,ciclo1_AC_AP,concentrator_trafo_3_22,prosumer23,cfp,100,1.428203,0
1789091937.730154,76,ciclo1_AC_AP,concentrator_trafo_3_22,prosumer24,cfp,100,0.672332,0
1789091937.730253,76,ciclo1_AC_AP,concentrator_trafo_3_22,prosumer25,cfp,100,2.490829,0
1789091937.730346,76,ciclo1_AC_AP,concentrator_trafo_3_22,prosumer26,cfp,100,4.335173,0
1789091937.730433,76,ciclo1_AC_AP,concentrator_trafo_3_22,prosumer27,cfp,100,1.121912,0
1789091937.730522,76,ciclo1_AC_AP,concentrator_trafo_3_22,prosumer28,cfp,100,2.295735,0
1789091937.730628,76,ciclo1_AC_AP,concentrator_trafo_3_22,prosumer29,cfp,100,5.672741,0
1789091937.730714,76,ciclo1_AC_AP,concentrator_trafo_3_22,prosumer30,cfp,100,0.281120,0
1789091937.730800,76,ciclo1_AC_AP,concentrator_trafo_3_22,prosumer31,cfp,100,2.205887,0
1789091937.730884,76,ciclo1_AC_AP,concentrator_trafo_3_22,prosumer32,cfp,100,5.608428,0
1789091937.730970,76,ciclo1_AC_AP,concentrator_trafo_3_22,prosumer33,cfp,100,2.185403,0
1789091937.731582,76,ciclo1_AC_AP,concentrator_trafo_4_34,prosumer34,cfp,100,2.569016,0
1789091937.731685,76,ciclo1_AC_AP,concentrator_trafo_4_34,prosumer35,cfp,100,0.957288,0
1789091937.731773,76,ciclo1_AC_AP,concentrator_trafo_4_34,prosumer36,cfp,100,1.538790,0
1789091937.731855,76,ciclo1_AC_AP,concentrator_trafo_4_34,prosumer37,cfp,100,2.864583,0
1789091937.731938,76,ciclo1_AC_AP,concentrator_trafo_4_34,prosumer38,cfp,100,1.321356,0
1789091937.732018,76,ciclo1_AC_AP,concentrator_trafo_4_34,prosumer39,cfp,100,3.187917,0
1789091937.732097,76,ciclo1_AC_AP,concentrator_trafo_4_34,prosumer40,cfp,100,0.714681,0
1789091937.732177,76,ciclo1_AC_AP,concentrator_trafo_4_34,prosumer41,cfp,100,1.723562,0
1789091937.732257,76,ciclo1_AC_AP,concentrator_trafo_4_34,prosumer42,cfp,100,4.844034,0
1789091937.732339,76,ciclo1_AC_AP,concentrator_trafo_4_34,prosumer43,cfp,100,0.036293,0
1789091937.732474,76,ciclo1_AC_AP,concentrator_trafo_4_34,prosumer44,cfp,100,4.277133,0
1789091937.732678,76,ciclo1_AC_AP,concentrator_trafo_4_34,prosumer45,cfp,100,4.138345,0
1789091937.732801,76,ciclo1_AC_AP,concentrator_trafo_4_34,prosumer46,cfp,100,2.401150,0
1789091937.737020,76,ciclo1_AC_AP,prosumer43,concentrator_trafo_4_34,propose,233,2.927492,0
1789091937.741850,76,ciclo1_AC_AP,prosumer30,concentrator_trafo_3_22,propose,379,7.395452,0
1789091937.744843,76,ciclo1_AC_AP,prosumer10,concentrator_trafo_1_5,propose,187,2.473397,0
1789091937.747160,76,ciclo1_AC_AP,prosumer24,concentrator_trafo_3_22,propose,330,5.653675,0
1789091937.747733,76,ciclo1_AC_AP,prosumer17,concentrator_trafo_2_12,propose,304,7.901960,0
1789091937.750804,76,ciclo1_AC_AP,prosumer9,concentrator_trafo_1_5,propose,107,2.249453,0
1789091937.752723,76,ciclo1_AC_AP,prosumer40,concentrator_trafo_4_34,propose,152,5.656673,0
1789091937.754629,76,ciclo1_AC_AP,prosumer35,concentrator_trafo_4_34,propose,102,7.110576,0
1789091937.756506,76,ciclo1_AC_AP,prosumer27,concentrator_trafo_3_22,propose,154,7.621015,0
1789091937.758420,76,ciclo1_AC_AP,prosumer13,concentrator_trafo_2_12,propose,268,9.627084,0
1789091937.760324,76,ciclo1_AC_AP,prosumer23,concentrator_trafo_3_22,propose,471,8.235120,0
1789091937.762182,76,ciclo1_AC_AP,prosumer38,concentrator_trafo_4_34,propose,206,2.479129,0
1789091937.764070,76,ciclo1_AC_AP,prosumer21,concentrator_trafo_2_12,propose,259,6.283885,0
1789091937.764712,76,ciclo1_AC_AP,prosumer36,concentrator_trafo_4_34,propose,378,13.244128,0
1789091937.769087,76,ciclo1_AC_AP,prosumer41,concentrator_trafo_4_34,propose,158,3.046901,0
1789091937.770974,76,ciclo1_AC_AP,prosumer18,concentrator_trafo_2_12,propose,356,5.449116,0
1789091937.772828,76,ciclo1_AC_AP,prosumer33,concentrator_trafo_3_22,propose,498,8.054468,0
1789091937.774722,76,ciclo1_AC_AP,prosumer31,concentrator_trafo_3_22,propose,254,2.597717,0
1789091937.775276,76,ciclo1_AC_AP,prosumer19,concentrator_trafo_2_12,propose,147,4.583869,0
1789091937.775813,76,ciclo1_AC_AP,prosumer28,concentrator_trafo_3_22,propose,152,8.658432,0
1789091937.777709,76,ciclo1_AC_AP,prosumer25,concentrator_trafo_3_22,propose,378,14.446967,0
1789091937.779612,76,ciclo1_AC_AP,prosumer46,concentrator_trafo_4_34,propose,415,6.684539,0
1789091937.781510,76,ciclo1_AC_AP,prosumer34,concentrator_trafo_4_34,propose,247,4.706671,0
1789091937.783444,76,ciclo1_AC_AP,prosumer5,concentrator_trafo_1_5,propose,479,6.715588,0
1789091937.785371,76,ciclo1_AC_AP,prosumer8,concentrator_trafo_1_5,propose,131,3.422866,0
1789091937.785908,76,ciclo1_AC_AP,prosumer14,concentrator_trafo_2_12,propose,225,3.890981,0
1789091937.786421,76,ciclo1_AC_AP,prosumer37,concentrator_trafo_4_34,propose,156,9.112419,0
1789091937.788306,76,ciclo1_AC_AP,prosumer6,concentrator_trafo_1_5,propose,450,9.950393,0
1789091937.790183,76,ciclo1_AC_AP,prosumer39,concentrator_trafo_4_34,propose,184,6.027249,0
1789091937.792646,76,ciclo1_AC_AP,prosumer12,concentrator_trafo_2_12,propose,327,8.013308,0
1789091937.794576,76,ciclo1_AC_AP,prosumer11,concentrator_trafo_1_5,propose,184,2.126828,0
1789091937.796630,76,ciclo1_AC_AP,prosumer20,concentrator_trafo_2_12,propose,184,3.756085,0
1789091937.798543,76,ciclo1_AC_AP,prosumer16,concentrator_trafo_2_12,propose,338,5.968007,0
1789091937.800661,76,ciclo1_AC_AP,prosumer22,concentrator_trafo_3_22,propose,232,2.914052,0
1789091937.802790,76,ciclo1_AC_AP,prosumer26,concentrator_trafo_3_22,propose,455,14.878181,0
1789091937.804680,76,ciclo1_AC_AP,prosumer45,concentrator_trafo_4_34,propose,185,5.948134,0
1789091937.806538,76,ciclo1_AC_AP,prosumer7,concentrator_trafo_1_5,propose,325,9.601757,0
1789091937.808383,76,ciclo1_AC_AP,prosumer15,concentrator_trafo_2_12,propose,460,15.358290,0
1789091937.808945,76,ciclo1_AC_AP,prosumer44,concentrator_trafo_4_34,propose,392,14.470278,0
1789091937.810871,76,ciclo1_AC_AP,prosumer42,concentrator_trafo_4_34,propose,113,3.626315,0
1789091937.812772,76,ciclo1_AC_AP,prosumer32,concentrator_trafo_3_22,propose,387,13.339359,0
1789091937.815231,76,ciclo1_AC_AP,prosumer29,concentrator_trafo_3_22,propose,293,14.460629,0
1789091937.968411,76,ciclo2_AD_AC,dso,concentrator_trafo_1_5,cfp,100,4.974752,0
1789091937.968875,76,ciclo2_AD_AC,dso,concentrator_trafo_2_12,cfp,100,2.851585,0
1789091937.969127,76,ciclo2_AD_AC,dso,concentrator_trafo_3_22,cfp,100,2.252855,0
1789091937.969333,76,ciclo2_AD_AC,dso,concentrator_trafo_4_34,cfp,100,8.966485,0
1789091937.998214,76,ciclo2_AD_AC,concentrator_trafo_3_22,dso,propose,1008,32.599914,0
1789091938.004002,76,ciclo2_AD_AC,concentrator_trafo_2_12,dso,propose,1491,22.340411,0
1789091938.023614,76,ciclo2_AD_AC,concentrator_trafo_1_5,dso,propose,1062,35.791770,0
1789091938.062529,76,ciclo2_AD_AC,concentrator_trafo_4_34,dso,propose,1051,52.551152,0
1789091938.596146,76,ciclo3_AM_AC_AD,market,dso,cfp,100,0.842705,0
1789091938.650493,76,ciclo3_AM_AC_AD,dso,market,propose,1158,20.123415,0
1789091938.861726,76,ciclo3_AM_AC_AD,market,concentrator_trafo_1_5,cfp,100,3.345973,0
1789091938.862355,76,ciclo3_AM_AC_AD,market,concentrator_trafo_2_12,cfp,100,6.654235,0
1789091938.863021,76,ciclo3_AM_AC_AD,market,concentrator_trafo_3_22,cfp,100,2.005928,0
1789091938.863406,76,ciclo3_AM_AC_AD,market,concentrator_trafo_4_34,cfp,100,4.525350,0
1789091938.863564,76,ciclo3_AM_AC_AD,market,dso,cfp,100,3.875390,0
1789091938.983159,76,ciclo3_AM_AC_AD,concentrator_trafo_3_22,market,propose,1042,18.424047,0
1789091938.993380,76,ciclo3_AM_AC_AD,concentrator_trafo_1_5,market,propose,1322,44.577300,0
1789091938.995172,76,ciclo3_AM_AC_AD,dso,market,propose,1393,22.218992,0
1789091939.007905,76,ciclo3_AM_AC_AD,concentrator_trafo_4_34,market,propose,1195,43.404582,0
1789091939.017259,76,ciclo3_AM_AC_AD,concentrator_trafo_2_12,market,propose,1106,35.944613,0
1789091939.516425,77,ciclo1_AC_AP,concentrator_trafo_1_5,prosumer5,cfp,100,1.467415,0
1789091939.516832,77,ciclo1_AC_AP,concentrator_trafo_1_5,prosumer6,cfp,100,3.312770,0
1789091939.517517,77,ciclo1_AC_AP,concentrator_trafo_1_5,prosumer7,cfp,100,2.197874,0
1789091939.518103,77,ciclo1_AC_AP,concentrator_trafo_1_5,prosumer8,cfp,100,1.752330,0
1789091939.518713,77,ciclo1_AC_AP,concentrator_trafo_1_5,prosumer9,cfp,100,0.189637,0
1789091939.519037,77,ciclo1_AC_AP,concentrator_trafo_1_5,prosumer10,cfp,100,0.949141,0
1789091939.519224,77,ciclo1_AC_AP,concentrator_trafo_1_5,prosumer11,cfp,100,2.377341,0
1789091939.520196,77,ciclo1_AC_AP,concentrator_trafo_2_12,prosumer12,cfp,100,0.288931,0
1789091939.520458,77,ciclo1_AC_AP,concentrator_trafo_2_12,prosumer13,cfp,100,3.648884,0
1789091939.520705,77,ciclo1_AC_AP,concentrator_trafo_2_12,prosumer14,cfp,100,3.021439,0
1789091939.520867,77,ciclo1_AC_AP,concentrator_trafo_2_12,prosumer15,cfp,100,5.244193,0
1789091939.521018,77,ciclo1_AC_AP,concentrator_trafo_2_12,prosumer16,cfp,100,3.105437,0
1789091939.521159,77,ciclo1_AC_AP,concentrator_trafo_2_12,prosumer17,cfp,100,1.977822,0
1789091939.521291,77,ciclo1_AC_AP,concentrator_trafo_2_12,prosumer18,cfp,100,3.509222,0
1789091939.521452,77,ciclo1_AC_AP,concentrator_trafo_2_12,prosumer19,cfp,100,3.549536,0
1789091939.521689,77,ciclo1_AC_AP,concentrator_trafo_2_12,prosumer20,cfp,100,2.071276,0
1789091939.521828,77,ciclo1_AC_AP,concentrator_trafo_2_12,prosumer21,cfp,100,3.487318,0
1789091939.522677,77,ciclo1_AC_AP,concentrator_trafo_3_22,prosumer22,cfp,100,2.402087,0
1789091939.523096,77,ciclo1_AC_AP,concentrator_trafo_3_22,prosumer23,cfp,100,1.929479,0
1789091939.523411,77,ciclo1_AC_AP,concentrator_trafo_3_22,prosumer24,cfp,100,1.951024,0
1789091939.523630,77,ciclo1_AC_AP,concentrator_trafo_3_22,prosumer25,cfp,100,3.131462,0
1789091939.524005,77,ciclo1_AC_AP,concentrator_trafo_3_22,prosumer26,cfp,100,2.616377,0
1789091939.524377,77,ciclo1_AC_AP,concentrator_trafo_3_22,prosumer27,cfp,100,2.587342,0
1789091939.524712,77,ciclo1_AC_AP,concentrator_trafo_3_22,prosumer28,cfp,100,1.737567,0
1789091939.524865,77,ciclo1_AC_AP,concentrator_trafo_3_22,prosumer29,cfp,100,1.326977,0
1789091939.524982,77,ciclo1_AC_AP,concentrator_trafo_3_22,prosumer30,cfp,100,3.833478,0
1789091939.525098,77,ciclo1_AC_AP,concentrator_trafo_3_22,prosumer31,cfp,100,3.167311,0
1789091939.525211,77,ciclo1_AC_AP,concentrator_trafo_3_22,prosumer32,cfp,100,2.062394,0
1789091939.525334,77,ciclo1_AC_AP,concentrator_trafo_3_22,prosumer33,cfp,100,2.785013,0
1789091939.526226,77,ciclo1_AC_AP,concentrator_trafo_4_34,prosumer34,cfp,100,3.785290,0
1789091939.526380,77,ciclo1_AC_AP,concentrator_trafo_4_34,prosumer35,cfp,100,5.391272,0
1789091939.526502,77,ciclo1_AC_AP,concentrator_trafo_4_34,prosumer36,cfp,100,5.921065,0
1789091939.526635,77,ciclo1_AC_AP,concentrator_trafo_4_34,prosumer37,cfp,100,4.960699,0
1789091939.526759,77,ciclo1_AC_AP,concentrator_trafo_4_34,prosumer38,cfp,100,1.940928,0
1789091939.526946,77,ciclo1_AC_AP,concentrator_trafo_4_34,prosumer39,cfp,100,2.745735,0
1789091939.527226,77,ciclo1_AC_AP,concentrator_trafo_4_34,prosumer40,cfp,100,0.883755,0
1789091939.527389,77,ciclo1_AC_AP,concentrator_trafo_4_34,prosumer41,cfp,100,3.612173,0
1789091939.527519,77,ciclo1_AC_AP,concentrator_trafo_4_34,prosumer42,cfp,100,5.774075,0
1789091939.527665,77,ciclo1_AC_AP,concentrator_trafo_4_34,prosumer43,cfp,100,1.731417,0
1789091939.527784,77,ciclo1_AC_AP,concentrator_trafo_4_34,prosumer44,cfp,100,3.066283,0
1789091939.527900,77,ciclo1_AC_AP,concentrator_trafo_4_34,prosumer45,cfp,100,3.835930,0
1789091939.528015,77,ciclo1_AC_AP,concentrator_trafo_4_34,prosumer46,cfp,100,3.927942,0
1789091939.534090,77,ciclo1_AC_AP,prosumer9,concentrator_trafo_1_5,propose,231,6.960061,0
1789091939.538740,77,ciclo1_AC_AP,prosumer12,concentrator_trafo_2_12,propose,470,6.221961,0
1789091939.543809,77,ciclo1_AC_AP,prosumer10,concentrator_trafo_1_5,propose,296,6.390373,0
1789091939.551452,77,ciclo1_AC_AP,prosumer5,concentrator_trafo_1_5,propose,217,5.812672,0
1789091939.555663,77,ciclo1_AC_AP,prosumer8,concentrator_trafo_1_5,propose,337,4.117400,0
1789091939.559914,77,ciclo1_AC_AP,prosumer40,concentrator_trafo_4_34,propose,430,9.176309,0
1789091939.560861,77,ciclo1_AC_AP,prosumer29,concentrator_trafo_3_22,propose,404,18.855046,0
1789091939.566328,77,ciclo1_AC_AP,prosumer7,concentrator_trafo_1_5,propose,358,6.899651,0
1789091939.572230,77,ciclo1_AC_AP,prosumer17,concentrator_trafo_2_12,propose,386,8.907065,0
1789091939.577274,77,ciclo1_AC_AP,prosumer28,concentrator_trafo_3_22,propose,288,9.156428,0
1789091939.581744,77,ciclo1_AC_AP,prosumer20,concentrator_trafo_2_12,propose,195,5.029554,0
1789091939.586171,77,ciclo1_AC_AP,prosumer23,concentrator_trafo_3_22,propose,317,4.058751,0
1789091939.590706,77,ciclo1_AC_AP,prosumer24,concentrator_trafo_3_22,propose,427,9.984624,0
1789091939.594307,77,ciclo1_AC_AP,prosumer11,concentrator_trafo_1_5,propose,104,0.100663,0
1789091939.600757,77,ciclo1_AC_AP,prosumer43,concentrator_trafo_4_34,propose,401,8.218593,0
1789091939.608288,77,ciclo1_AC_AP,prosumer32,concentrator_trafo_3_22,propose,315,14.592301,0
1789091939.613019,77,ciclo1_AC_AP,prosumer38,concentrator_trafo_4_34,propose,408,11.024067,0
1789091939.617908,77,ciclo1_AC_AP,prosumer22,concentrator_trafo_3_22,propose,219,4.066027,0
1789091939.621619,77,ciclo1_AC_AP,prosumer6,concentrator_trafo_1_5,propose,245,3.861701,0
1789091939.625882,77,ciclo1_AC_AP,prosumer26,concentrator_trafo_3_22,propose,277,11.313455,0
1789091939.627127,77,ciclo1_AC_AP,prosumer27,concentrator_trafo_3_22,propose,362,11.934961,0
1789091939.628263,77,ciclo1_AC_AP,prosumer14,concentrator_trafo_2_12,propose,260,4.055150,0
1789091939.629552,77,ciclo1_AC_AP,prosumer16,concentrator_trafo_2_12,propose,342,4.058720,0
1789091939.633744,77,ciclo1_AC_AP,prosumer33,concentrator_trafo_3_22,propose,421,9.361007,0
1789091939.634786,77,ciclo1_AC_AP,prosumer39,concentrator_trafo_4_34,propose,490,16.067294,0
1789091939.635605,77,ciclo1_AC_AP,prosumer25,concentrator_trafo_3_22,propose,477,13.821890,0
1789091939.638146,77,ciclo1_AC_AP,prosumer18,concentrator_trafo_2_12,propose,339,6.532051,0
1789091939.640229,77,ciclo1_AC_AP,prosumer21,concentrator_trafo_2_12,propose,481,8.679301,0
1789091939.640762,77,ciclo1_AC_AP,prosumer31,concentrator_trafo_3_22,propose,467,6.567004,0
1789091939.642624,77,ciclo1_AC_AP,prosumer19,concentrator_trafo_2_12,propose,229,3.617003,0
1789091939.644638,77,ciclo1_AC_AP,prosumer13,concentrator_trafo_2_12,propose,276,12.640089,0
1789091939.646750,77,ciclo1_AC_AP,prosumer44,concentrator_trafo_4_34,propose,239,7.830318,0
1789091939.649133,77,ciclo1_AC_AP,prosumer30,concentrator_trafo_3_22,propose,497,8.636925,0
1789091939.651408,77,ciclo1_AC_AP,prosumer41,concentrator_trafo_4_34,propose,183,3.416994,0
1789091939.652025,77,ciclo1_AC_AP,prosumer34,concentrator_trafo_4_34,propose,195,5.630664,0
1789091939.652610,77,ciclo1_AC_AP,prosumer45,concentrator_trafo_4_34,propose,213,7.177779,0
1789091939.654458,77,ciclo1_AC_AP,prosumer46,concentrator_trafo_4_34,propose,336,4.996632,0
1789091939.655412,77,ciclo1_AC_AP,prosumer15,concentrator_trafo_2_12,propose,265,12.810078,0
1789091939.657291,77,ciclo1_AC_AP,prosumer37,concentrator_trafo_4_34,propose,429,16.017422,0
1789091939.659079,77,ciclo1_AC_AP,prosumer35,concentrator_trafo_4_34,propose,111,3.189548,0
1789091939.660990,77,ciclo1_AC_AP,prosumer42,concentrator_trafo_4_34,propose,290,14.313093,0
1789091939.661514,77,ciclo1_AC_AP,prosumer36,concentrator_trafo_4_34,propose,342,13.762894,0
1789091939.825847,77,ciclo2_AD_AC,dso,concentrator_trafo_1_5,cfp,100,7.275438,0
1789091939.826076,77,ciclo2_AD_AC,dso,concentrator_trafo_2_12,cfp,100,3.415682,0
1789091939.826274,77,ciclo2_AD_AC,dso,concentrator_trafo_3_22,cfp,100,4.359376,0
1789091939.826405,77,ciclo2_AD_AC,dso,concentrator_trafo_4_34,cfp,100,5.795334,0
1789091939.869175,77,ciclo2_AD_AC,concentrator_trafo_2_12,dso,propose,1318,21.926905,0
1789091939.877195,77,ciclo2_AD_AC,concentrator_trafo_3_22,dso,propose,1403,47.635756,0
1789091939.888939,77,ciclo2_AD_AC,concentrator_trafo_4_34,dso,propose,1482,75.243770,0
1789091939.907016,77,ciclo2_AD_AC,concentrator_trafo_1_5,dso,propose,1359,43.203038,0
1789091940.650747,77,ciclo3_AM_AC_AD,market,dso,cfp,100,1.517553,0
1789091940.676885,77,ciclo3_AM_AC_AD,dso,market,propose,1146,21.693119,0
1789091940.902658,77,ciclo3_AM_AC_AD,market,concentrator_trafo_1_5,cfp,100,7.011163,0
1789091940.902931,77,ciclo3_AM_AC_AD,market,concentrator_trafo_2_12,cfp,100,3.709926,0
1789091940.903076,77,ciclo3_AM_AC_AD,market,concentrator_trafo_3_22,cfp,100,3.527783,0
1789091940.903199,77,ciclo3_AM_AC_AD,market,concentrator_trafo_4_34,cfp,100,4.255463,0
1789091940.903316,77,ciclo3_AM_AC_AD,market,dso,cfp,100,3.590913,0
1789091940.986788,77,ciclo3_AM_AC_AD,dso,market,propose,1345,23.365167,0
1789091940.989861,77,ciclo3_AM_AC_AD,concentrator_trafo_2_12,market,propose,1126,36.034646,0
1789091940.992334,77,ciclo3_AM_AC_AD,concentrator_trafo_3_22,market,propose,1010,17.522463,0
1789091940.994710,77,ciclo3_AM_AC_AD,concentrator_trafo_4_34,market,propose,1052,39.594457,0
1789091940.999925,77,ciclo3_AM_AC_AD,concentrator_trafo_1_5,market,propose,1235,39.531288,0
1789091941.471424,78,ciclo1_AC_AP,concentrator_trafo_1_5,prosumer5,cfp,100,3.180039,0
1789091941.471722,78,ciclo1_AC_AP,concentrator_trafo_1_5,prosumer6,cfp,100,3.860884,0
1789091941.471896,78,ciclo1_AC_AP,concentrator_trafo_1_5,prosumer7,cfp,100,0.955958,0
1789091941.472037,78,ciclo1_AC_AP,concentrator_trafo_1_5,prosumer8,cfp,100,2.361065,0
1789091941.472171,78,ciclo1_AC_AP,concentrator_trafo_1_5,prosumer9,cfp,100,2.613674,0
1789091941.472302,78,ciclo1_AC_AP,concentrator_trafo_1_5,prosumer10,cfp,100,3.724079,0
1789091941.472432,78,ciclo1_AC_AP,concentrator_trafo_1_5,prosumer11,cfp,100,0.109092,0
1789091941.473345,78,ciclo1_AC_AP,concentrator_trafo_2_12,prosumer12,cfp,100,1.039079,0
1789091941.473524,78,ciclo1_AC_AP,concentrator_trafo_2_12,prosumer13,cfp,100,2.111890,0
1789091941.473663,78,ciclo1_AC_AP,concentrator_trafo_2_12,prosumer14,cfp,100,3.024895,0
1789091941.473785,78,ciclo1_AC_AP,concentrator_trafo_2_12,prosumer15,cfp,100,5.700359,0
1789091941.473902,78,ciclo1_AC_AP,concentrator_trafo_2_12,prosumer16,cfp,100,3.275932,0
1789091941.474016,78,ciclo1_AC_AP,concentrator_trafo_2_12,prosumer17,cfp,100,3.490956,0
1789091941.474128,78,ciclo1_AC_AP,concentrator_trafo_2_12,prosumer18,cfp,100,1.868903,0
1789091941.474237,78,ciclo1_AC_AP,concentrator_trafo_2_12,prosumer19,cfp,100,2.872673,0
1789091941.474368,78,ciclo1_AC_AP,concentrator_trafo_2_12,prosumer20,cfp,100,3.544840,0
1789091941.474481,78,ciclo1_AC_AP,concentrator_trafo_2_12,prosumer21,cfp,100,3.087445,0
1789091941.475255,78,ciclo1_AC_AP,concentrator_trafo_3_22,prosumer22,cfp,100,0.184613,0
1789091941.475396,78,ciclo1_AC_AP,concentrator_trafo_3_22,prosumer23,cfp,100,1.983331,0
1789091941.475519,78,ciclo1_AC_AP,concentrator_trafo_3_22,prosumer24,cfp,100,1.345273,0
1789091941.475662,78,ciclo1_AC_AP,concentrator_trafo_3_22,prosumer25,cfp,100,1.437983,0
1789091941.475778,78,ciclo1_AC_AP,concentrator_trafo_3_22,prosumer26,cfp,100,4.020177,0
1789091941.475890,78,ciclo1_AC_AP,concentrator_trafo_3_22,prosumer27,cfp,100,4.134730,0
1789091941.476002,78,ciclo1_AC_AP,concentrator_trafo_3_22,prosumer28,cfp,100,6.769581,0
1789091941.476115,78,ciclo1_AC_AP,concentrator_trafo_3_22,prosumer29,cfp,100,5.494275,0
1789091941.476232,78,ciclo1_AC_AP,concentrator_trafo_3_22,prosumer30,cfp,100,1.501021,0
1789091941.476354,78,ciclo1_AC_AP,concentrator_trafo_3_22,prosumer31,cfp,100,3.716318,0
1789091941.476476,78,ciclo1_AC_AP,concentrator_trafo_3_22,prosumer32,cfp,100,5.523734,0
1789091941.476676,78,ciclo1_AC_AP,concentrator_trafo_3_22,prosumer33,cfp,100,1.392248,0
1789091941.477760,78,ciclo1_AC_AP,concentrator_trafo_4_34,prosumer34,cfp,100,0.375969,0
1789091941.478205,78,ciclo1_AC_AP,concentrator_trafo_4_34,prosumer35,cfp,100,7.408569,0
1789091941.478462,78,ciclo1_AC_AP,concentrator_trafo_4_34,prosumer36,cfp,100,4.105167,0
1789091941.478771,78,ciclo1_AC_AP,concentrator_trafo_4_34,prosumer37,cfp,100,4.558486,0
1789091941.478996,78,ciclo1_AC_AP,concentrator_trafo_4_34,prosumer38,cfp,100,6.168579,0
1789091941.479150,78,ciclo1_AC_AP,concentrator_trafo_4_34,prosumer39,cfp,100,2.275647,0
1789091941.479290,78,ciclo1_AC_AP,concentrator_trafo_4_34,prosumer40,cfp,100,3.134972,0
1789091941.479430,78,ciclo1_AC_AP,concentrator_trafo_4_34,prosumer41,cfp,100,3.382591,0
1789091941.479584,78,ciclo1_AC_AP,concentrator_trafo_4_34,prosumer42,cfp,100,4.363367,0
1789091941.479751,78,ciclo1_AC_AP,concentrator_trafo_4_34,prosumer43,cfp,100,1.651327,0
1789091941.479908,78,ciclo1_AC_AP,concentrator_trafo_4_34,prosumer44,cfp,100,6.001851,0
1789091941.480062,78,ciclo1_AC_AP,concentrator_trafo_4_34,prosumer45,cfp,100,2.473320,0
1789091941.480216,78,ciclo1_AC_AP,concentrator_trafo_4_34,prosumer46,cfp,100,1.770395,0
1789091941.485909,78,ciclo1_AC_AP,prosumer11,concentrator_trafo_1_5,propose,473,6.144875,0
1789091941.490522,78,ciclo1_AC_AP,prosumer22,concentrator_trafo_3_22,propose,364,7.425104,0
1789091941.495804,78,ciclo1_AC_AP,prosumer7,concentrator_trafo_1_5,propose,193,4.314281,0
1789091941.497072,78,ciclo1_AC_AP,prosumer34,concentrator_trafo_4_34,propose,201,3.317451,0
1789091941.499326,78,ciclo1_AC_AP,prosumer12,concentrator_trafo_2_12,propose,299,8.007511,0
1789091941.501297,78,ciclo1_AC_AP,prosumer24,concentrator_trafo_3_22,propose,458,9.108151,0
1789091941.501872,78,ciclo1_AC_AP,prosumer25,concentrator_trafo_3_22,propose,408,13.243725,0
1789091941.503812,78,ciclo1_AC_AP,prosumer33,concentrator_trafo_3_22,propose,269,4.771029,0
1789091941.506288,78,ciclo1_AC_AP,prosumer30,concentrator_trafo_3_22,propose,382,8.486536,0
1789091941.509096,78,ciclo1_AC_AP,prosumer18,concentrator_trafo_2_12,propose,168,2.706503,0
1789091941.511136,78,ciclo1_AC_AP,prosumer13,concentrator_trafo_2_12,propose,116,6.742143,0
1789091941.514831,78,ciclo1_AC_AP,prosumer23,concentrator_trafo_3_22,propose,351,7.824781,0
1789091941.515559,78,ciclo1_AC_AP,prosumer8,concentrator_trafo_1_5,propose,311,7.453376,0
1789091941.516235,78,ciclo1_AC_AP,prosumer43,concentrator_trafo_4_34,propose,339,4.202753,0
1789091941.517823,78,ciclo1_AC_AP,prosumer46,concentrator_trafo_4_34,propose,325,7.905890,0
1789091941.518465,78,ciclo1_AC_AP,prosumer9,concentrator_trafo_1_5,propose,288,5.904023,0
1789091941.520612,78,ciclo1_AC_AP,prosumer39,concentrator_trafo_4_34,propose,106,5.079084,0
1789091941.522618,78,ciclo1_AC_AP,prosumer19,concentrator_trafo_2_12,propose,201,4.152309,0
1789091941.524700,78,ciclo1_AC_AP,prosumer5,concentrator_trafo_1_5,propose,390,8.054747,0
1789091941.526767,78,ciclo1_AC_AP,prosumer14,concentrator_trafo_2_12,propose,204,3.515470,0
1789091941.528412,78,ciclo1_AC_AP,prosumer45,concentrator_trafo_4_34,propose,134,9.129892,0
1789091941.530590,78,ciclo1_AC_AP,prosumer21,concentrator_trafo_2_12,propose,351,6.050671,0
1789091941.533109,78,ciclo1_AC_AP,prosumer16,concentrator_trafo_2_12,propose,167,4.372486,0
1789091941.535622,78,ciclo1_AC_AP,prosumer17,concentrator_trafo_2_12,propose,437,6.240230,0
1789091941.537587,78,ciclo1_AC_AP,prosumer10,concentrator_trafo_1_5,propose,144,5.627619,0
1789091941.539571,78,ciclo1_AC_AP,prosumer20,concentrator_trafo_2_12,propose,468,10.091946,0
1789091941.541574,78,ciclo1_AC_AP,prosumer6,concentrator_trafo_1_5,propose,365,5.608283,0
1789091941.543704,78,ciclo1_AC_AP,prosumer40,concentrator_trafo_4_34,propose,455,8.986145,0
1789091941.544235,78,ciclo1_AC_AP,prosumer41,concentrator_trafo_4_34,propose,443,7.164486,0
1789091941.544710,78,ciclo1_AC_AP,prosumer31,concentrator_trafo_3_22,propose,383,6.133237,0
1789091941.546721,78,ciclo1_AC_AP,prosumer26,concentrator_trafo_3_22,propose,307,11.424283,0
1789091941.549779,78,ciclo1_AC_AP,prosumer27,concentrator_trafo_3_22,propose,414,15.901238,0
1789091941.551739,78,ciclo1_AC_AP,prosumer36,concentrator_trafo_4_34,propose,242,11.578983,0
1789091941.552303,78,ciclo1_AC_AP,prosumer42,concentrator_trafo_4_34,propose,206,9.891961,0
1789091941.552801,78,ciclo1_AC_AP,prosumer37,concentrator_trafo_4_34,propose,140,7.288746,0
1789091941.556113,78,ciclo1_AC_AP,prosumer15,concentrator_trafo_2_12,propose,319,11.110740,0
1789091941.559505,78,ciclo1_AC_AP,prosumer29,concentrator_trafo_3_22,propose,111,3.007049,0
1789091941.562489,78,ciclo1_AC_AP,prosumer32,concentrator_trafo_3_22,propose,378,13.275804,0
1789091941.564329,78,ciclo1_AC_AP,prosumer44,concentrator_trafo_4_34,propose,344,11.796036,0
1789091941.566431,78,ciclo1_AC_AP,prosumer38,concentrator_trafo_4_34,propose,467,11.414886,0
1789091941.567053,78,ciclo1_AC_AP,prosumer28,concentrator_trafo_3_22,propose,480,15.174328,0
1789091941.570005,78,ciclo1_AC_AP,prosumer35,concentrator_trafo_4_34,propose,275,11.335620,0
1789091941.727629,78,ciclo2_AD_AC,dso,concentrator_trafo_1_5,cfp,100,6.129044,0
1789091941.728179,78,ciclo2_AD_AC,dso,concentrator_trafo_2_12,cfp,100,1.566361,0
1789091941.728580,78,ciclo2_AD_AC,dso,concentrator_trafo_3_22,cfp,100,5.316330,0
1789091941.728890,78,ciclo2_AD_AC,dso,concentrator_trafo_4_34,cfp,100,2.775126,0
1789091941.750667,78,ciclo2_AD_AC,concentrator_trafo_2_12,dso,propose,1378,21.009680,0
1789091941.763081,78,ciclo2_AD_AC,concentrator_trafo_4_34,dso,propose,1468,71.152431,0
1789091941.789968,78,ciclo2_AD_AC,concentrator_trafo_3_22,dso,propose,1001,31.228916,0
1789091941.795463,78,ciclo2_AD_AC,concentrator_trafo_1_5,dso,propose,1101,38.413002,0
1789091942.484763,78,ciclo3_AM_AC_AD,market,dso,cfp,100,3.089902,0
1789091942.549241,78,ciclo3_AM_AC_AD,dso,market,propose,1315,22.250119,0
1789091942.781533,78,ciclo3_AM_AC_AD,market,concentrator_trafo_1_5,cfp,100,1.504838,0
1789091942.781808,78,ciclo3_AM_AC_AD,market,concentrator_trafo_2_12,cfp,100,4.385912,0
1789091942.781951,78,ciclo3_AM_AC_AD,market,concentrator_trafo_3_22,cfp,100,3.203452,0
1789091942.782067,78,ciclo3_AM_AC_AD,market,concentrator_trafo_4_34,cfp,100,3.682144,0
1789091942.782181,78,ciclo3_AM_AC_AD,market,dso,cfp,100,2.655338,0
1789091942.852798,78,ciclo3_AM_AC_AD,concentrator_trafo_1_5,market,propose,1151,40.846242,0
1789091942.873323,78,ciclo3_AM_AC_AD,dso,market,propose,1425,25.858931,0
1789091942.883046,78,ciclo3_AM_AC_AD,concentrator_trafo_3_22,market,propose,1391,20.716790,0
1789091942.887118,78,ciclo3_AM_AC_AD,concentrator_trafo_4_34,market,propose,1443,58.982392,0
1789091942.889134,78,ciclo3_AM_AC_AD,concentrator_trafo_2_12,market,propose,1454,49.637422,0
1789091943.556957,79,ciclo1_AC_AP,concentrator_trafo_1_5,prosumer5,cfp,100,1.238917,0
1789091943.557832,79,ciclo1_AC_AP,concentrator_trafo_1_5,prosumer6,cfp,100,1.324190,0
1789091943.558501,79,ciclo1_AC_AP,concentrator_trafo_1_5,prosumer7,cfp,100,1.872605,0
1789091943.559169,79,ciclo1_AC_AP,concentrator_trafo_1_5,prosumer8,cfp,100,0.895006,0
1789091943.559625,79,ciclo1_AC_AP,concentrator_trafo_1_5,prosumer9,cfp,100,3.563870,0
1789091943.560070,79,ciclo1_AC_AP,concentrator_trafo_1_5,prosumer10,cfp,100,3.787964,0
1789091943.560492,79,ciclo1_AC_AP,concentrator_trafo_1_5,prosumer11,cfp,100,2.221479,0
1789091943.561457,79,ciclo1_AC_AP,concentrator_trafo_2_12,prosumer12,cfp,100,3.381140,0
1789091943.561697,79,ciclo1_AC_AP,concentrator_trafo_2_12,prosumer13,cfp,100,2.680018,0
1789091943.561883,79,ciclo1_AC_AP,concentrator_trafo_2_12,prosumer14,cfp,100,1.725798,0
1789091943.562061,79,ciclo1_AC_AP,concentrator_trafo_2_12,prosumer15,cfp,100,1.876672,0
1789091943.562231,79,ciclo1_AC_AP,concentrator_trafo_2_12,prosumer16,cfp,100,1.034760,0
1789091943.562404,79,ciclo1_AC_AP,concentrator_trafo_2_12,prosumer17,cfp,100,0.777011,0
1789091943.562587,79,ciclo1_AC_AP,concentrator_trafo_2_12,prosumer18,cfp,100,1.047732,0
1789091943.562755,79,ciclo1_AC_AP,concentrator_trafo_2_12,prosumer19,cfp,100,0.211907,0
1789091943.562915,79,ciclo1_AC_AP,concentrator_trafo_2_12,prosumer20,cfp,100,3.778586,0
1789091943.563069,79,ciclo1_AC_AP,concentrator_trafo_2_12,prosumer21,cfp,100,0.238864,0
1789091943.564045,79,ciclo1_AC_AP,concentrator_trafo_3_22,prosumer22,cfp,100,1.870656,0
1789091943.564257,79,ciclo1_AC_AP,concentrator_trafo_3_22,prosumer23,cfp,100,1.994581,0
1789091943.564424,79,ciclo1_AC_AP,concentrator_trafo_3_22,prosumer24,cfp,100,3.366429,0
1789091943.564578,79,ciclo1_AC_AP,concentrator_trafo_3_22,prosumer25,cfp,100,4.223773,0
1789091943.564728,79,ciclo1_AC_AP,concentrator_trafo_3_22,prosumer26,cfp,100,4.203824,0
1789091943.564870,79,ciclo1_AC_AP,concentrator_trafo_3_22,prosumer27,cfp,100,3.456619,0
1789091943.565012,79,ciclo1_AC_AP,concentrator_trafo_3_22,prosumer28,cfp,100,4.880631,0
1789091943.565152,79,ciclo1_AC_AP,concentrator_trafo_3_22,prosumer29,cfp,100,3.734460,0
1789091943.565290,79,ciclo1_AC_AP,concentrator_trafo_3_22,prosumer30,cfp,100,1.280654,0
1789091943.565432,79,ciclo1_AC_AP,concentrator_trafo_3_22,prosumer31,cfp,100,2.492125,0
1789091943.565602,79,ciclo1_AC_AP,concentrator_trafo_3_22,prosumer32,cfp,100,4.288505,0
1789091943.565887,79,ciclo1_AC_AP,concentrator_trafo_3_22,prosumer33,cfp,100,3.870160,0
1789091943.566699,79,ciclo1_AC_AP,concentrator_trafo_4_34,prosumer34,cfp,100,1.331581,0
1789091943.566838,79,ciclo1_AC_AP,concentrator_trafo_4_34,prosumer35,cfp,100,2.666812,0
1789091943.566952,79,ciclo1_AC_AP,concentrator_trafo_4_34,prosumer36,cfp,100,3.381636,0
1789091943.567060,79,ciclo1_AC_AP,concentrator_trafo_4_34,prosumer37,cfp,100,3.762879,0
1789091943.567168,79,ciclo1_AC_AP,concentrator_trafo_4_34,prosumer38,cfp,100,1.661183,0
1789091943.567275,79,ciclo1_AC_AP,concentrator_trafo_4_34,prosumer39,cfp,100,5.168349,0
1789091943.567380,79,ciclo1_AC_AP,concentrator_trafo_4_34,prosumer40,cfp,100,3.440218,0
1789091943.567484,79,ciclo1_AC_AP,concentrator_trafo_4_34,prosumer41,cfp,100,2.708574,0
1789091943.567602,79,ciclo1_AC_AP,concentrator_trafo_4_34,prosumer42,cfp,100,6.928951,0
1789091943.567848,79,ciclo1_AC_AP,concentrator_trafo_4_34,prosumer43,cfp,100,0.383516,0
1789091943.568163,79,ciclo1_AC_AP,concentrator_trafo_4_34,prosumer44,cfp,100,6.349866,0
1789091943.568393,79,ciclo1_AC_AP,concentrator_trafo_4_34,prosumer45,cfp,100,3.631042,0
1789091943.568535,79,ciclo1_AC_AP,concentrator_trafo_4_34,prosumer46,cfp,100,3.501021,0
1789091943.575623,79,ciclo1_AC_AP,prosumer19,concentrator_trafo_2_12,propose,494,7.789259,0
1789091943.580118,79,ciclo1_AC_AP,prosumer21,concentrator_trafo_2_12,propose,314,6.067227,0
1789091943.581410,79,ciclo1_AC_AP,prosumer8,concentrator_trafo_1_5,propose,329,5.051262,0
1789091943.585952,79,ciclo1_AC_AP,prosumer5,concentrator_trafo_1_5,propose,460,7.385842,0
1789091943.590062,79,ciclo1_AC_AP,prosumer17,concentrator_trafo_2_12,propose,363,6.250556,0
1789091943.592706,79,ciclo1_AC_AP,prosumer6,concentrator_trafo_1_5,propose,459,8.613584,0
1789091943.594659,79,ciclo1_AC_AP,prosumer43,concentrator_trafo_4_34,propose,245,3.207768,0
1789091943.595222,79,ciclo1_AC_AP,prosumer16,concentrator_trafo_2_12,propose,132,4.424160,0
1789091943.597089,79,ciclo1_AC_AP,prosumer18,concentrator_trafo_2_12,propose,119,0.983778,0
1789091943.599051,79,ciclo1_AC_AP,prosumer7,concentrator_trafo_1_5,propose,144,5.766355,0
1789091943.600973,79,ciclo1_AC_AP,prosumer30,concentrator_trafo_3_22,propose,277,5.298685,0
1789091943.601486,79,ciclo1_AC_AP,prosumer14,concentrator_trafo_2_12,propose,294,5.887942,0
1789091943.603443,79,ciclo1_AC_AP,prosumer34,concentrator_trafo_4_34,propose,429,8.589069,0
1789091943.605360,79,ciclo1_AC_AP,prosumer15,concentrator_trafo_2_12,propose,311,10.982615,0
1789091943.609215,79,ciclo1_AC_AP,prosumer11,concentrator_trafo_1_5,propose,295,4.097359,0
1789091943.611298,79,ciclo1_AC_AP,prosumer22,concentrator_trafo_3_22,propose,500,8.800207,0
1789091943.611862,79,ciclo1_AC_AP,prosumer38,concentrator_trafo_4_34,propose,430,11.610101,0
1789091943.612391,79,ciclo1_AC_AP,prosumer23,concentrator_trafo_3_22,propose,456,8.219890,0
1789091943.614750,79,ciclo1_AC_AP,prosumer13,concentrator_trafo_2_12,propose,489,18.355723,1
1789091943.615281,79,ciclo1_AC_AP,prosumer31,concentrator_trafo_3_22,propose,427,6.665481,0
1789091943.616221,79,ciclo1_AC_AP,prosumer35,concentrator_trafo_4_34,propose,494,14.787569,0
1789091943.618636,79,ciclo1_AC_AP,prosumer41,concentrator_trafo_4_34,propose,218,5.156898,0
1789091943.619227,79,ciclo1_AC_AP,prosumer9,concentrator_trafo_1_5,propose,244,4.504858,0
1789091943.621364,79,ciclo1_AC_AP,prosumer12,concentrator_trafo_2_12,propose,348,4.841963,0
1789091943.621856,79,ciclo1_AC_AP,prosumer10,concentrator_trafo_1_5,propose,305,5.905965,0
1789091943.623821,79,ciclo1_AC_AP,prosumer24,concentrator_trafo_3_22,propose,383,7.423051,0
1789091943.625716,79,ciclo1_AC_AP,prosumer27,concentrator_trafo_3_22,propose,100,5.391058,0
1789091943.627588,79,ciclo1_AC_AP,prosumer20,concentrator_trafo_2_12,propose,421,6.650915,0
1789091943.629460,79,ciclo1_AC_AP,prosumer36,concentrator_trafo_4_34,propose,322,11.243720,0
1789091943.631324,79,ciclo1_AC_AP,prosumer40,concentrator_trafo_4_34,propose,425,8.209961,0
1789091943.633241,79,ciclo1_AC_AP,prosumer29,concentrator_trafo_3_22,propose,247,5.481494,0
1789091943.635584,79,ciclo1_AC_AP,prosumer46,concentrator_trafo_4_34,propose,444,7.792829,0
1789091943.637833,79,ciclo1_AC_AP,prosumer33,concentrator_trafo_3_22,propose,348,6.757491,0
1789091943.640116,79,ciclo1_AC_AP,prosumer37,concentrator_trafo_4_34,propose,178,9.595328,0
1789091943.642617,79,ciclo1_AC_AP,prosumer45,concentrator_trafo_4_34,propose,304,10.267687,0
1789091943.646236,79,ciclo1_AC_AP,prosumer26,concentrator_trafo_3_22,propose,445,15.627426,0
1789091943.649215,79,ciclo1_AC_AP,prosumer25,concentrator_trafo_3_22,propose,320,12.457986,0
1789091943.650711,79,ciclo1_AC_AP,prosumer32,concentrator_trafo_3_22,propose,302,10.102191,0
1789091943.654567,79,ciclo1_AC_AP,prosumer28,concentrator_trafo_3_22,propose,465,15.499614,0
1789091943.656298,79,ciclo1_AC_AP,prosumer39,concentrator_trafo_4_34,propose,492,17.213306,0
1789091943.657778,79,ciclo1_AC_AP,prosumer44,concentrator_trafo_4_34,propose,400,12.750938,0
1789091943.659226,79,ciclo1_AC_AP,prosumer42,concentrator_trafo_4_34,propose,469,18.129195,0
1789091963.668742,79,ciclo1_AC_AP,concentrator_trafo_2_12,prosumer13,cfp,100,3.971023,0
1789091963.717081,79,ciclo1_AC_AP,prosumer13,concentrator_trafo_2_12,propose,407,16.081530,0
1789091963.887150,79,ciclo2_AD_AC,dso,concentrator_trafo_1_5,cfp,100,0.979718,0
1789091963.887803,79,ciclo2_AD_AC,dso,concentrator_trafo_2_12,cfp,100,2.478143,0
1789091963.888523,79,ciclo2_AD_AC,dso,concentrator_trafo_3_22,cfp,100,3.593020,0
1789091963.888927,79,ciclo2_AD_AC,dso,concentrator_trafo_4_34,cfp,100,4.704645,0
1789091963.902898,79,ciclo2_AD_AC,concentrator_trafo_1_5,dso,propose,1154,39.747232,0
1789091963.916335,79,ciclo2_AD_AC,concentrator_trafo_2_12,dso,propose,1240,21.496120,0
1789091963.931746,79,ciclo2_AD_AC,concentrator_trafo_3_22,dso,propose,1280,43.077230,0
1789091963.941299,79,ciclo2_AD_AC,concentrator_trafo_4_34,dso,propose,1189,62.743742,0
1789091964.579025,79,ciclo3_AM_AC_AD,market,dso,cfp,100,2.950614,0
1789091964.622483,79,ciclo3_AM_AC_AD,dso,market,propose,1155,18.215250,0
1789091964.812497,79,ciclo3_AM_AC_AD,market,concentrator_trafo_1_5,cfp,100,4.453706,0
1789091964.812896,79,ciclo3_AM_AC_AD,market,concentrator_trafo_2_12,cfp,100,6.944646,0
1789091964.813327,79,ciclo3_AM_AC_AD,market,concentrator_trafo_3_22,cfp,100,0.929510,0
1789091964.813872,79,ciclo3_AM_AC_AD,market,concentrator_trafo_4_34,cfp,100,9.161853,0
1789091964.814355,79,ciclo3_AM_AC_AD,market,dso,cfp,100,3.939255,0
1789091964.881778,79,ciclo3_AM_AC_AD,concentrator_trafo_3_22,market,propose,1214,22.841530,0
1789091964.901631,79,ciclo3_AM_AC_AD,concentrator_trafo_1_5,market,propose,1418,48.714057,0
1789091964.903099,79,ciclo3_AM_AC_AD,dso,market,propose,1467,26.197984,0
1789091964.906553,79,ciclo3_AM_AC_AD,concentrator_trafo_2_12,market,propose,1299,45.430000,0
1789091964.927492,79,ciclo3_AM_AC_AD,concentrator_trafo_4_34,market,propose,1330,48.753338,0
1789091965.489313,80,ciclo1_AC_AP,concentrator_trafo_1_5,prosumer5,cfp,100,0.287871,0
1789091965.489623,80,ciclo1_AC_AP,concentrator_trafo_1_5,prosumer6,cfp,100,3.786483,0
1789091965.489947,80,ciclo1_AC_AP,concentrator_trafo_1_5,prosumer7,cfp,100,3.192178,0
1789091965.490256,80,ciclo1_AC_AP,concentrator_trafo_1_5,prosumer8,cfp,100,3.401445,0
1789091965.490400,80,ciclo1_AC_AP,concentrator_trafo_1_5,prosumer9,cfp,100,3.116610,0
1789091965.490546,80,ciclo1_AC_AP,concentrator_trafo_1_5,prosumer10,cfp,100,2.574068,0
1789091965.490678,80,ciclo1_AC_AP,concentrator_trafo_1_5,prosumer11,cfp,100,2.196872,0
1789091965.491273,80,ciclo1_AC_AP,concentrator_trafo_2_12,prosumer12,cfp,100,1.112169,0
1789091965.491419,80,ciclo1_AC_AP,concentrator_trafo_2_12,prosumer13,cfp,100,4.350464,0
1789091965.491563,80,ciclo1_AC_AP,concentrator_trafo_2_12,prosumer14,cfp,100,0.116443,0
1789091965.491695,80,ciclo1_AC_AP,concentrator_trafo_2_12,prosumer15,cfp,100,3.251488,0
1789091965.491818,80,ciclo1_AC_AP,concentrator_trafo_2_12,prosumer16,cfp,100,0.836903,0
1789091965.491941,80,ciclo1_AC_AP,concentrator_trafo_2_12,prosumer17,cfp,100,3.570241,0
1789091965.492062,80,ciclo1_AC_AP,concentrator_trafo_2_12,prosumer18,cfp,100,3.958314,0
1789091965.492185,80,ciclo1_AC_AP,concentrator_trafo_2_12,prosumer19,cfp,100,2.121391,0
1789091965.492307,80,ciclo1_AC_AP,concentrator_trafo_2_12,prosumer20,cfp,100,0.689692,0
1789091965.492433,80,ciclo1_AC_AP,concentrator_trafo_2_12,prosumer21,cfp,100,1.350603,0
1789091965.493103,80,ciclo1_AC_AP,concentrator_trafo_3_22,prosumer22,cfp,100,0.535705,0
1789091965.493246,80,ciclo1_AC_AP,concentrator_trafo_3_22,prosumer23,cfp,100,3.983069,0
1789091965.493374,80,ciclo1_AC_AP,concentrator_trafo_3_22,prosumer24,cfp,100,2.604403,0
1789091965.493501,80,ciclo1_AC_AP,concentrator_trafo_3_22,prosumer25,cfp,100,3.765485,0
1789091965.493631,80,ciclo1_AC_AP,concentrator_trafo_3_22,prosumer26,cfp,100,3.091528,0
1789091965.493754,80,ciclo1_AC_AP,concentrator_trafo_3_22,prosumer27,cfp,100,4.379174,0
1789091965.493877,80,ciclo1_AC_AP,concentrator_trafo_3_22,prosumer28,cfp,100,2.413853,0
1789091965.493998,80,ciclo1_AC_AP,concentrator_trafo_3_22,prosumer29,cfp,100,4.587099,0
1789091965.494117,80,ciclo1_AC_AP,concentrator_trafo_3_22,prosumer30,cfp,100,0.564012,0
1789091965.494241,80,ciclo1_AC_AP,concentrator_trafo_3_22,prosumer31,cfp,100,0.730415,0
1789091965.494365,80,ciclo1_AC_AP,concentrator_trafo_3_22,prosumer32,cfp,100,4.064145,0
1789091965.494490,80,ciclo1_AC_AP,concentrator_trafo_3_22,prosumer33,cfp,100,1.669149,0
1789091965.495148,80,ciclo1_AC_AP,concentrator_trafo_4_34,prosumer34,cfp,100,2.655609,0
1789091965.495293,80,ciclo1_AC_AP,concentrator_trafo_4_34,prosumer35,cfp,100,0.613890,0
1789091965.495427,80,ciclo1_AC_AP,concentrator_trafo_4_34,prosumer36,cfp,100,4.587861,0
1789091965.495561,80,ciclo1_AC_AP,concentrator_trafo_4_34,prosumer37,cfp,100,4.363466,0
1789091965.495691,80,ciclo1_AC_AP,concentrator_trafo_4_34,prosumer38,cfp,100,1.042871,0
1789091965.495832,80,ciclo1_AC_AP,concentrator_trafo_4_34,prosumer39,cfp,100,3.910173,0
1789091965.495960,80,ciclo1_AC_AP,concentrator_trafo_4_34,prosumer40,cfp,100,0.469884,0
1789091965.496083,80,ciclo1_AC_AP,concentrator_trafo_4_34,prosumer41,cfp,100,0.941107,0
1789091965.496207,80,ciclo1_AC_AP,concentrator_trafo_4_34,prosumer42,cfp,100,1.509198,0
1789091965.496331,80,ciclo1_AC_AP,concentrator_trafo_4_34,prosumer43,cfp,100,3.734298,0
1789091965.496455,80,ciclo1_AC_AP,concentrator_trafo_4_34,prosumer44,cfp,100,5.587250,0
1789091965.496587,80,ciclo1_AC_AP,concentrator_trafo_4_34,prosumer45,cfp,100,2.276939,0
1789091965.496714,80,ciclo1_AC_AP,concentrator_trafo_4_34,prosumer46,cfp,100,1.621825,0
1789091965.502728,80,ciclo1_AC_AP,prosumer5,concentrator_trafo_1_5,propose,495,8.179552,0
1789091965.507206,80,ciclo1_AC_AP,prosumer14,concentrator_trafo_2_12,propose,187,3.502779,0
1789091965.512473,80,ciclo1_AC_AP,prosumer22,concentrator_trafo_3_22,propose,277,4.115618,0
1789091965.514701,80,ciclo1_AC_AP,prosumer20,concentrator_trafo_2_12,propose,119,0.872395,0
1789091965.516958,80,ciclo1_AC_AP,prosumer30,concentrator_trafo_3_22,propose,317,6.678139,0
1789091965.517959,80,ciclo1_AC_AP,prosumer16,concentrator_trafo_2_12,propose,324,6.189841,0
1789091965.518637,80,ciclo1_AC_AP,prosumer40,concentrator_trafo_4_34,propose,325,5.559599,0
1789091965.519274,80,ciclo1_AC_AP,prosumer35,concentrator_trafo_4_34,propose,258,11.597963,0
1789091965.521350,80,ciclo1_AC_AP,prosumer31,concentrator_trafo_3_22,propose,133,3.287770,0
1789091965.523669,80,ciclo1_AC_AP,prosumer12,concentrator_trafo_2_12,propose,449,8.705739,0
1789091965.526498,80,ciclo1_AC_AP,prosumer41,concentrator_trafo_4_34,propose,216,5.869145,0
1789091965.529143,80,ciclo1_AC_AP,prosumer21,concentrator_trafo_2_12,propose,269,6.200996,0
1789091965.531266,80,ciclo1_AC_AP,prosumer38,concentrator_trafo_4_34,propose,218,3.381765,0
1789091965.536645,80,ciclo1_AC_AP,prosumer33,concentrator_trafo_3_22,propose,292,4.352051,0
1789091965.538649,80,ciclo1_AC_AP,prosumer42,concentrator_trafo_4_34,propose,112,4.788419,0
1789091965.540514,80,ciclo1_AC_AP,prosumer11,concentrator_trafo_1_5,propose,419,6.111401,0
1789091965.542421,80,ciclo1_AC_AP,prosumer46,concentrator_trafo_4_34,propose,273,7.600199,0
1789091965.544290,80,ciclo1_AC_AP,prosumer19,concentrator_trafo_2_12,propose,179,5.053225,0
1789091965.544784,80,ciclo1_AC_AP,prosumer10,concentrator_trafo_1_5,propose,193,4.383473,0
1789091965.546636,80,ciclo1_AC_AP,prosumer28,concentrator_trafo_3_22,propose,354,11.935701,0
1789091965.548543,80,ciclo1_AC_AP,prosumer45,concentrator_trafo_4_34,propose,135,8.886057,0
1789091965.550434,80,ciclo1_AC_AP,prosumer24,concentrator_trafo_3_22,propose,497,7.078751,0
1789091965.552282,80,ciclo1_AC_AP,prosumer9,concentrator_trafo_1_5,propose,150,8.013118,0
1789091965.552767,80,ciclo1_AC_AP,prosumer34,concentrator_trafo_4_34,propose,190,5.866520,0
1789091965.554635,80,ciclo1_AC_AP,prosumer7,concentrator_trafo_1_5,propose,409,16.145550,0
1789091965.556753,80,ciclo1_AC_AP,prosumer15,concentrator_trafo_2_12,propose,116,4.597964,0
1789091965.558686,80,ciclo1_AC_AP,prosumer8,concentrator_trafo_1_5,propose,217,4.793155,0
1789091965.560613,80,ciclo1_AC_AP,prosumer26,concentrator_trafo_3_22,propose,432,16.328053,0
1789091965.562606,80,ciclo1_AC_AP,prosumer6,concentrator_trafo_1_5,propose,191,2.943838,0
1789091965.564523,80,ciclo1_AC_AP,prosumer17,concentrator_trafo_2_12,propose,105,2.646815,0
1789091965.566430,80,ciclo1_AC_AP,prosumer25,concentrator_trafo_3_22,propose,434,15.260305,0
1789091965.568710,80,ciclo1_AC_AP,prosumer18,concentrator_trafo_2_12,propose,366,5.128686,0
1789091965.570812,80,ciclo1_AC_AP,prosumer23,concentrator_trafo_3_22,propose,447,8.945165,0
1789091965.572897,80,ciclo1_AC_AP,prosumer43,concentrator_trafo_4_34,propose,323,7.408492,0
1789091965.575922,80,ciclo1_AC_AP,prosumer13,concentrator_trafo_2_12,propose,445,10.678644,0
1789091965.577782,80,ciclo1_AC_AP,prosumer39,concentrator_trafo_4_34,propose,320,15.859513,0
1789091965.579614,80,ciclo1_AC_AP,prosumer32,concentrator_trafo_3_22,propose,191,9.871921,0
1789091965.580096,80,ciclo1_AC_AP,prosumer27,concentrator_trafo_3_22,propose,248,8.000526,0
1789091965.581975,80,ciclo1_AC_AP,prosumer37,concentrator_trafo_4_34,propose,303,14.228264,0
1789091965.582497,80,ciclo1_AC_AP,prosumer29,concentrator_trafo_3_22,propose,325,13.351231,0
1789091965.583053,80,ciclo1_AC_AP,prosumer36,concentrator_trafo_4_34,propose,259,14.387339,0
1789091965.583745,80,ciclo1_AC_AP,prosumer44,concentrator_trafo_4_34,propose,372,15.458497,0
1789091965.745107,80,ciclo2_AD_AC,dso,concentrator_trafo_1_5,cfp,100,5.961031,0
1789091965.745417,80,ciclo2_AD_AC,dso,concentrator_trafo_2_12,cfp,100,1.852179,0
1789091965.745645,80,ciclo2_AD_AC,dso,concentrator_trafo_3_22,cfp,100,1.665712,0
1789091965.745944,80,ciclo2_AD_AC,dso,concentrator_trafo_4_34,cfp,100,10.008665,0
1789091965.771224,80,ciclo2_AD_AC,concentrator_trafo_3_22,dso,propose,1019,36.812824,0
1789091965.772712,80,ciclo2_AD_AC,concentrator_trafo_2_12,dso,propose,1081,19.502267,0
1789091965.813465,80,ciclo2_AD_AC,concentrator_trafo_1_5,dso,propose,1245,43.010129,0
1789091965.855441,80,ciclo2_AD_AC,concentrator_trafo_4_34,dso,propose,1080,55.371380,0
1789091966.415238,80,ciclo3_AM_AC_AD,market,dso,cfp,100,1.599258,0
1789091966.443302,80,ciclo3_AM_AC_AD,dso,market,propose,1458,23.362820,0
1789091966.681587,80,ciclo3_AM_AC_AD,market,concentrator_trafo_1_5,cfp,100,4.702631,0
1789091966.681693,80,ciclo3_AM_AC_AD,market,concentrator_trafo_2_12,cfp,100,5.251356,0
1789091966.681772,80,ciclo3_AM_AC_AD,market,concentrator_trafo_3_22,cfp,100,0.324219,0
1789091966.681835,80,ciclo3_AM_AC_AD,market,concentrator_trafo_4_34,cfp,100,1.865132,0
1789091966.681896,80,ciclo3_AM_AC_AD,market,dso,cfp,100,1.583586,0
1789091966.755448,80,ciclo3_AM_AC_AD,concentrator_trafo_3_22,market,propose,1458,25.047155,0
1789091966.797367,80,ciclo3_AM_AC_AD,dso,market,propose,1054,18.804125,0
1789091966.803734,80,ciclo3_AM_AC_AD,concentrator_trafo_4_34,market,propose,1338,43.785775,0
1789091966.808204,80,ciclo3_AM_AC_AD,concentrator_trafo_1_5,market,propose,1059,35.311332,0
1789091966.811384,80,ciclo3_AM_AC_AD,concentrator_trafo_2_12,market,propose,1242,40.180197,0
1789091967.325167,81,ciclo1_AC_AP,concentrator_trafo_1_5,prosumer5,cfp,100,1.060703,0
1789091967.325687,81,ciclo1_AC_AP,concentrator_trafo_1_5,prosumer6,cfp,100,3.899749,0
1789091967.326063,81,ciclo1_AC_AP,concentrator_trafo_1_5,prosumer7,cfp,100,3.700626,0
1789091967.326271,81,ciclo1_AC_AP,concentrator_trafo_1_5,prosumer8,cfp,100,0.955045,0
1789091967.326591,81,ciclo1_AC_AP,concentrator_trafo_1_5,prosumer9,cfp,100,2.789265,0
1789091967.326783,81,ciclo1_AC_AP,concentrator_trafo_1_5,prosumer10,cfp,100,2.154299,0
1789091967.326935,81,ciclo1_AC_AP,concentrator_trafo_1_5,prosumer11,cfp,100,0.514674,0
1789091967.327906,81,ciclo1_AC_AP,concentrator_trafo_2_12,prosumer12,cfp,100,1.432853,0
1789091967.328054,81,ciclo1_AC_AP,concentrator_trafo_2_12,prosumer13,cfp,100,5.363018,0
1789091967.328169,81,ciclo1_AC_AP,concentrator_trafo_2_12,prosumer14,cfp,100,2.403116,0
1789091967.328274,81,ciclo1_AC_AP,concentrator_trafo_2_12,prosumer15,cfp,100,3.863559,0
1789091967.328374,81,ciclo1_AC_AP,concentrator_trafo_2_12,prosumer16,cfp,100,2.896936,0
1789091967.328474,81,ciclo1_AC_AP,concentrator_trafo_2_12,prosumer17,cfp,100,1.330132,0
1789091967.328580,81,ciclo1_AC_AP,concentrator_trafo_2_12,prosumer18,cfp,100,3.383161,0
1789091967.328680,81,ciclo1_AC_AP,concentrator_trafo_2_12,prosumer19,cfp,100,3.807940,0
1789091967.328778,81,ciclo1_AC_AP,concentrator_trafo_2_12,prosumer20,cfp,100,3.421076,0
1789091967.328881,81,ciclo1_AC_AP,concentrator_trafo_2_12,prosumer21,cfp,100,0.968812,0
1789091967.329860,81,ciclo1_AC_AP,concentrator_trafo_3_22,prosumer22,cfp,100,3.990498,0
1789091967.330014,81,ciclo1_AC_AP,concentrator_trafo_3_22,prosumer23,cfp,100,1.210980,0
1789091967.330304,81,ciclo1_AC_AP,concentrator_trafo_3_22,prosumer24,cfp,100,2.831394,0
1789091967.330676,81,ciclo1_AC_AP,concentrator_trafo_3_22,prosumer25,cfp,100,4.487098,0
1789091967.331070,81,ciclo1_AC_AP,concentrator_trafo_3_22,prosumer26,cfp,100,2.457614,0
1789091967.331319,81,ciclo1_AC_AP,concentrator_trafo_3_22,prosumer27,cfp,100,1.126406,0
1789091967.331630,81,ciclo1_AC_AP,concentrator_trafo_3_22,prosumer28,cfp,100,2.385439,0
1789091967.332092,81,ciclo1_AC_AP,concentrator_trafo_3_22,prosumer29,cfp,100,6.706672,0
1789091967.332479,81,ciclo1_AC_AP,concentrator_trafo_3_22,prosumer30,cfp,100,1.430623,0
1789091967.332766,81,ciclo1_AC_AP,concentrator_trafo_3_22,prosumer31,cfp,100,3.457945,0
1789091967.332999,81,ciclo1_AC_AP,concentrator_trafo_3_22,prosumer32,cfp,100,6.136831,0
1789091967.333218,81,ciclo1_AC_AP,concentrator_trafo_3_22,prosumer33,cfp,100,2.027989,0
1789091967.334627,81,ciclo1_AC_AP,concentrator_trafo_4_34,prosumer34,cfp,100,1.394799,0
1789091967.334888,81,ciclo1_AC_AP,concentrator_trafo_4_34,prosumer35,cfp,100,4.581174,0
1789091967.335093,81,ciclo1_AC_AP,concentrator_trafo_4_34,prosumer36,cfp,100,5.357642,0
1789091967.335282,81,ciclo1_AC_AP,concentrator_trafo_4_34,prosumer37,cfp,100,2.430435,0
1789091967.335466,81,ciclo1_AC_AP,concentrator_trafo_4_34,prosumer38,cfp,100,5.202696,0
1789091967.335662,81,ciclo1_AC_AP,concentrator_trafo_4_34,prosumer39,cfp,100,4.248309,0
1789091967.335846,81,ciclo1_AC_AP,concentrator_trafo_4_34,prosumer40,cfp,100,0.606576,0
1789091967.336028,81,ciclo1_AC_AP,concentrator_trafo_4_34,prosumer41,cfp,100,1.702178,0
1789091967.336260,81,ciclo1_AC_AP,concentrator_trafo_4_34,prosumer42,cfp,100,6.113524,0
1789091967.336478,81,ciclo1_AC_AP,concentrator_trafo_4_34,prosumer43,cfp,100,1.140442,0
1789091967.336705,81,ciclo1_AC_AP,concentrator_trafo_4_34,prosumer44,cfp,100,3.475803,0
1789091967.336917,81,ciclo1_AC_AP,concentrator_trafo_4_34,prosumer45,cfp,100,2.462139,0
1789091967.337138,81,ciclo1_AC_AP,concentrator_trafo_4_34,prosumer46,cfp,100,3.729065,0
1789091967.343819,81,ciclo1_AC_AP,prosumer11,concentrator_trafo_1_5,propose,475,8.650986,0
1789091967.348803,81,ciclo1_AC_AP,prosumer5,concentrator_trafo_1_5,propose,244,2.592440,0
1789091967.352971,81,ciclo1_AC_AP,prosumer8,concentrator_trafo_1_5,propose,475,9.027356,0
1789091967.361206,81,ciclo1_AC_AP,prosumer21,concentrator_trafo_2_12,propose,256,6.749522,0
1789091967.369674,81,ciclo1_AC_AP,prosumer17,concentrator_trafo_2_12,propose,254,5.023971,0
1789091967.373035,81,ciclo1_AC_AP,prosumer40,concentrator_trafo_4_34,propose,300,7.830654,0
1789091967.377013,81,ciclo1_AC_AP,prosumer23,concentrator_trafo_3_22,propose,116,3.846098,0
1789091967.379818,81,ciclo1_AC_AP,prosumer12,concentrator_trafo_2_12,propose,400,7.016679,0
1789091967.381852,81,ciclo1_AC_AP,prosumer27,concentrator_trafo_3_22,propose,236,11.069442,0
1789091967.383888,81,ciclo1_AC_AP,prosumer30,concentrator_trafo_3_22,propose,269,4.557996,0
1789091967.385977,81,ciclo1_AC_AP,prosumer43,concentrator_trafo_4_34,propose,489,8.847513,0
1789091967.388182,81,ciclo1_AC_AP,prosumer10,concentrator_trafo_1_5,propose,336,6.278120,0
1789091967.390687,81,ciclo1_AC_AP,prosumer34,concentrator_trafo_4_34,propose,134,5.426987,0
1789091967.391314,81,ciclo1_AC_AP,prosumer14,concentrator_trafo_2_12,propose,130,4.902668,0
1789091967.393255,81,ciclo1_AC_AP,prosumer41,concentrator_trafo_4_34,propose,491,6.399087,0
1789091967.393985,81,ciclo1_AC_AP,prosumer33,concentrator_trafo_3_22,propose,433,9.908739,0
1789091967.396105,81,ciclo1_AC_AP,prosumer9,concentrator_trafo_1_5,propose,464,6.869099,0
1789091967.398162,81,ciclo1_AC_AP,prosumer28,concentrator_trafo_3_22,propose,250,8.749433,0
1789091967.398949,81,ciclo1_AC_AP,prosumer26,concentrator_trafo_3_22,propose,212,6.423478,0
1789091967.402594,81,ciclo1_AC_AP,prosumer16,concentrator_trafo_2_12,propose,332,4.871829,0
1789091967.404723,81,ciclo1_AC_AP,prosumer24,concentrator_trafo_3_22,propose,424,9.348786,0
1789091967.406756,81,ciclo1_AC_AP,prosumer37,concentrator_trafo_4_34,propose,258,13.612592,0
1789091967.408066,81,ciclo1_AC_AP,prosumer45,concentrator_trafo_4_34,propose,380,11.906796,0
1789091967.410947,81,ciclo1_AC_AP,prosumer18,concentrator_trafo_2_12,propose,205,2.969376,0
1789091967.412851,81,ciclo1_AC_AP,prosumer20,concentrator_trafo_2_12,propose,293,6.370028,0
1789091967.414845,81,ciclo1_AC_AP,prosumer7,concentrator_trafo_1_5,propose,134,2.590605,0
1789091967.417340,81,ciclo1_AC_AP,prosumer6,concentrator_trafo_1_5,propose,317,5.637614,0
1789091967.419283,81,ciclo1_AC_AP,prosumer19,concentrator_trafo_2_12,propose,120,2.145681,0
1789091967.419899,81,ciclo1_AC_AP,prosumer15,concentrator_trafo_2_12,propose,121,3.370958,0
1789091967.422131,81,ciclo1_AC_AP,prosumer31,concentrator_trafo_3_22,propose,146,5.165902,0
1789091967.424233,81,ciclo1_AC_AP,prosumer22,concentrator_trafo_3_22,propose,288,4.182794,0
1789091967.426180,81,ciclo1_AC_AP,prosumer44,concentrator_trafo_4_34,propose,103,5.274622,0
1789091967.428223,81,ciclo1_AC_AP,prosumer46,concentrator_trafo_4_34,propose,250,2.751916,0
1789091967.430666,81,ciclo1_AC_AP,prosumer25,concentrator_trafo_3_22,propose,258,13.727288,0
1789091967.432650,81,ciclo1_AC_AP,prosumer39,concentrator_trafo_4_34,propose,129,7.184887,0
1789091967.434758,81,ciclo1_AC_AP,prosumer35,concentrator_trafo_4_34,propose,100,5.870182,0
1789091967.435432,81,ciclo1_AC_AP,prosumer13,concentrator_trafo_2_12,propose,116,2.438368,0
1789091967.437435,81,ciclo1_AC_AP,prosumer38,concentrator_trafo_4_34,propose,419,15.165566,0
1789091967.439413,81,ciclo1_AC_AP,prosumer36,concentrator_trafo_4_34,propose,122,3.765246,0
1789091967.441371,81,ciclo1_AC_AP,prosumer32,concentrator_trafo_3_22,propose,179,6.785508,0
1789091967.444374,81,ciclo1_AC_AP,prosumer42,concentrator_trafo_4_34,propose,404,16.778339,0
1789091967.446303,81,ciclo1_AC_AP,prosumer29,concentrator_trafo_3_22,propose,186,10.874651,0
1789091967.618475,81,ciclo2_AD_AC,dso,concentrator_trafo_1_5,cfp,100,4.592155,0
1789091967.618746,81,ciclo2_AD_AC,dso,concentrator_trafo_2_12,cfp,100,0.623219,0
1789091967.618941,81,ciclo2_AD_AC,dso,concentrator_trafo_3_22,cfp,100,3.777334,0
1789091967.619070,81,ciclo2_AD_AC,dso,concentrator_trafo_4_34,cfp,100,4.237962,0
1789091967.630566,81,ciclo2_AD_AC,concentrator_trafo_2_12,dso,propose,1240,22.063954,0
1789091967.662225,81,ciclo2_AD_AC,concentrator_trafo_3_22,dso,propose,1332,44.964370,0
1789091967.667582,81,ciclo2_AD_AC,concentrator_trafo_4_34,dso,propose,1041,57.618634,0
1789091967.672978,81,ciclo2_AD_AC,concentrator_trafo_1_5,dso,propose,1299,44.000734,0
1789091968.250902,81,ciclo3_AM_AC_AD,market,dso,cfp,100,1.666331,0
1789091968.281415,81,ciclo3_AM_AC_AD,dso,market,propose,1071,16.312308,0
1789091968.449367,81,ciclo3_AM_AC_AD,market,concentrator_trafo_1_5,cfp,100,2.748084,0
1789091968.449656,81,ciclo3_AM_AC_AD,market,concentrator_trafo_2_12,cfp,100,2.699079,0
1789091968.449746,81,ciclo3_AM_AC_AD,market,concentrator_trafo_3_22,cfp,100,3.005429,0
1789091968.449814,81,ciclo3_AM_AC_AD,market,concentrator_trafo_4_34,cfp,100,2.057995,0
1789091968.449880,81,ciclo3_AM_AC_AD,market,dso,cfp,100,0.810500,0
1789091968.491871,81,ciclo3_AM_AC_AD,dso,market,propose,1010,17.923167,0
1789091968.499788,81,ciclo3_AM_AC_AD,concentrator_trafo_4_34,market,propose,1485,53.891728,0
1789091968.509081,81,ciclo3_AM_AC_AD,concentrator_trafo_1_5,market,propose,1380,43.949747,0
1789091968.510574,81,ciclo3_AM_AC_AD,concentrator_trafo_2_12,market,propose,1287,47.626589,0
1789091968.512606,81,ciclo3_AM_AC_AD,concentrator_trafo_3_22,market,propose,1069,16.258307,0
1789091969.107819,82,ciclo1_AC_AP,concentrator_trafo_1_5,prosumer5,cfp,100,2.413048,0
1789091969.108201,82,ciclo1_AC_AP,concentrator_trafo_1_5,prosumer6,cfp,100,1.647661,0
1789091969.108455,82,ciclo1_AC_AP,concentrator_trafo_1_5,prosumer7,cfp,100,6.040478,0
1789091969.108649,82,ciclo1_AC_AP,concentrator_trafo_1_5,prosumer8,cfp,100,0.362934,0
1789091969.108824,82,ciclo1_AC_AP,concentrator_trafo_1_5,prosumer9,cfp,100,0.275817,0
1789091969.108993,82,ciclo1_AC_AP,concentrator_trafo_1_5,prosumer10,cfp,100,3.926263,0
1789091969.109161,82,ciclo1_AC_AP,concentrator_trafo_1_5,prosumer11,cfp,100,1.120089,0
1789091969.110168,82,ciclo1_AC_AP,concentrator_trafo_2_12,prosumer12,cfp,100,3.912906,0
1789091969.110349,82,ciclo1_AC_AP,concentrator_trafo_2_12,prosumer13,cfp,100,4.953162,0
1789091969.110713,82,ciclo1_AC_AP,concentrator_trafo_2_12,prosumer14,cfp,100,2.368733,0
1789091969.110886,82,ciclo1_AC_AP,concentrator_trafo_2_12,prosumer15,cfp,100,4.719495,0
1789091969.111047,82,ciclo1_AC_AP,concentrator_trafo_2_12,prosumer16,cfp,100,0.029045,0
1789091969.111209,82,ciclo1_AC_AP,concentrator_trafo_2_12,prosumer17,cfp,100,1.439796,0
1789091969.111527,82,ciclo1_AC_AP,concentrator_trafo_2_12,prosumer18,cfp,100,2.411427,0
1789091969.112144,82,ciclo1_AC_AP,concentrator_trafo_2_12,prosumer19,cfp,100,0.852282,0
1789091969.112417,82,ciclo1_AC_AP,concentrator_trafo_2_12,prosumer20,cfp,100,1.424531,0
1789091969.112754,82,ciclo1_AC_AP,concentrator_trafo_2_12,prosumer21,cfp,100,0.853095,0
1789091969.113637,82,ciclo1_AC_AP,concentrator_trafo_3_22,prosumer22,cfp,100,0.641397,0
1789091969.113880,82,ciclo1_AC_AP,concentrator_trafo_3_22,prosumer23,cfp,100,2.617868,0
1789091969.114161,82,ciclo1_AC_AP,concentrator_trafo_3_22,prosumer24,cfp,100,1.439191,0
1789091969.114308,82,ciclo1_AC_AP,concentrator_trafo_3_22,prosumer25,cfp,100,4.223483,0
1789091969.114431,82,ciclo1_AC_AP,concentrator_trafo_3_22,prosumer26,cfp,100,1.619305,0
1789091969.114564,82,ciclo1_AC_AP,concentrator_trafo_3_22,prosumer27,cfp,100,2.220076,0
1789091969.114686,82,ciclo1_AC_AP,concentrator_trafo_3_22,prosumer28,cfp,100,3.329057,0
1789091969.114800,82,ciclo1_AC_AP,concentrator_trafo_3_22,prosumer29,cfp,100,1.614945,0
1789091969.114918,82,ciclo1_AC_AP,concentrator_trafo_3_22,prosumer30,cfp,100,1.764263,0
1789091969.115036,82,ciclo1_AC_AP,concentrator_trafo_3_22,prosumer31,cfp,100,3.837684,0
1789091969.115154,82,ciclo1_AC_AP,concentrator_trafo_3_22,prosumer32,cfp,100,7.490411,0
1789091969.115273,82,ciclo1_AC_AP,concentrator_trafo_3_22,prosumer33,cfp,100,4.039399,0
1789091969.116316,82,ciclo1_AC_AP,concentrator_trafo_4_34,prosumer34,cfp,100,3.874328,0
1789091969.116652,82,ciclo1_AC_AP,concentrator_trafo_4_34,prosumer35,cfp,100,3.525610,0
1789091969.116881,82,ciclo1_AC_AP,concentrator_trafo_4_34,prosumer36,cfp,100,5.735862,0
1789091969.117090,82,ciclo1_AC_AP,concentrator_trafo_4_34,prosumer37,cfp,100,4.751624,0
1789091969.117260,82,ciclo1_AC_AP,concentrator_trafo_4_34,prosumer38,cfp,100,1.507378,0
1789091969.117420,82,ciclo1_AC_AP,concentrator_trafo_4_34,prosumer39,cfp,100,3.151947,0
1789091969.117588,82,ciclo1_AC_AP,concentrator_trafo_4_34,prosumer40,cfp,100,0.220714,0
1789091969.117750,82,ciclo1_AC_AP,concentrator_trafo_4_34,prosumer41,cfp,100,3.026058,0
1789091969.117902,82,ciclo1_AC_AP,concentrator_trafo_4_34,prosumer42,cfp,100,4.782821,0
1789091969.118057,82,ciclo1_AC_AP,concentrator_trafo_4_34,prosumer43,cfp,100,0.021098,0
1789091969.118209,82,ciclo1_AC_AP,concentrator_trafo_4_34,prosumer44,cfp,100,3.045225,0
1789091969.118360,82,ciclo1_AC_AP,concentrator_trafo_4_34,prosumer45,cfp,100,5.550880,0
1789091969.118651,82,ciclo1_AC_AP,concentrator_trafo_4_34,prosumer46,cfp,100,0.019853,0
1789091969.125113,82,ciclo1_AC_AP,prosumer16,concentrator_trafo_2_12,propose,152,5.222449,0
1789091969.126050,82,ciclo1_AC_AP,prosumer9,concentrator_trafo_1_5,propose,139,2.977723,0
1789091969.129142,82,ciclo1_AC_AP,prosumer8,concentrator_trafo_1_5,propose,463,9.205011,0
1789091969.132432,82,ciclo1_AC_AP,prosumer43,concentrator_trafo_4_34,propose,133,3.394640,0
1789091969.136266,82,ciclo1_AC_AP,prosumer46,concentrator_trafo_4_34,propose,411,8.722505,0
1789091969.138317,82,ciclo1_AC_AP,prosumer40,concentrator_trafo_4_34,propose,497,9.734595,0
1789091969.139321,82,ciclo1_AC_AP,prosumer22,concentrator_trafo_3_22,propose,438,8.788857,0
1789091969.142338,82,ciclo1_AC_AP,prosumer11,concentrator_trafo_1_5,propose,159,2.546785,0
1789091969.142886,82,ciclo1_AC_AP,prosumer19,concentrator_trafo_2_12,propose,203,4.223960,0
1789091969.143997,82,ciclo1_AC_AP,prosumer21,concentrator_trafo_2_12,propose,151,2.659700,0
1789091969.146230,82,ciclo1_AC_AP,prosumer6,concentrator_trafo_1_5,propose,349,7.580596,0
1789091969.146928,82,ciclo1_AC_AP,prosumer17,concentrator_trafo_2_12,propose,321,6.612196,0
1789091969.148997,82,ciclo1_AC_AP,prosumer20,concentrator_trafo_2_12,propose,141,5.163266,0
1789091969.150006,82,ciclo1_AC_AP,prosumer24,concentrator_trafo_3_22,propose,158,5.283666,0
1789091969.152080,82,ciclo1_AC_AP,prosumer26,concentrator_trafo_3_22,propose,342,12.489075,0
1789091969.154050,82,ciclo1_AC_AP,prosumer29,concentrator_trafo_3_22,propose,467,16.590080,0
1789091969.156010,82,ciclo1_AC_AP,prosumer5,concentrator_trafo_1_5,propose,328,7.326699,0
1789091969.158624,82,ciclo1_AC_AP,prosumer38,concentrator_trafo_4_34,propose,356,8.910923,0
1789091969.160641,82,ciclo1_AC_AP,prosumer30,concentrator_trafo_3_22,propose,472,8.439593,0
1789091969.163054,82,ciclo1_AC_AP,prosumer14,concentrator_trafo_2_12,propose,186,4.006230,0
1789091969.165073,82,ciclo1_AC_AP,prosumer18,concentrator_trafo_2_12,propose,376,5.912324,0
1789091969.167059,82,ciclo1_AC_AP,prosumer27,concentrator_trafo_3_22,propose,152,8.110466,0
1789091969.167972,82,ciclo1_AC_AP,prosumer23,concentrator_trafo_3_22,propose,170,5.993073,0
1789091969.171728,82,ciclo1_AC_AP,prosumer28,concentrator_trafo_3_22,propose,290,12.819627,0
1789091969.173702,82,ciclo1_AC_AP,prosumer41,concentrator_trafo_4_34,propose,473,8.379945,0
1789091969.175641,82,ciclo1_AC_AP,prosumer10,concentrator_trafo_1_5,propose,316,4.294301,0
1789091969.176214,82,ciclo1_AC_AP,prosumer44,concentrator_trafo_4_34,propose,361,11.941817,0
1789091969.178169,82,ciclo1_AC_AP,prosumer39,concentrator_trafo_4_34,propose,166,5.980490,0
1789091969.178754,82,ciclo1_AC_AP,prosumer12,concentrator_trafo_2_12,propose,141,5.754502,0
1789091969.180640,82,ciclo1_AC_AP,prosumer35,concentrator_trafo_4_34,propose,420,14.909472,0
1789091969.182595,82,ciclo1_AC_AP,prosumer31,concentrator_trafo_3_22,propose,359,5.106896,0
1789091969.184590,82,ciclo1_AC_AP,prosumer34,concentrator_trafo_4_34,propose,117,0.819296,0
1789091969.186514,82,ciclo1_AC_AP,prosumer33,concentrator_trafo_3_22,propose,473,7.875469,0
1789091969.187356,82,ciclo1_AC_AP,prosumer25,concentrator_trafo_3_22,propose,383,15.844185,0
1789091969.189414,82,ciclo1_AC_AP,prosumer15,concentrator_trafo_2_12,propose,227,9.255745,0
1789091969.190302,82,ciclo1_AC_AP,prosumer13,concentrator_trafo_2_12,propose,148,8.070873,0
1789091969.192742,82,ciclo1_AC_AP,prosumer37,concentrator_trafo_4_34,propose,473,15.585984,0
1789091969.194739,82,ciclo1_AC_AP,prosumer42,concentrator_trafo_4_34,propose,293,12.017980,0
1789091969.196092,82,ciclo1_AC_AP,prosumer7,concentrator_trafo_1_5,propose,290,8.574393,0
1789091969.197783,82,ciclo1_AC_AP,prosumer45,concentrator_trafo_4_34,propose,370,14.508951,0
1789091969.198324,82,ciclo1_AC_AP,prosumer36,concentrator_trafo_4_34,propose,265,15.091122,0
1789091969.200648,82,ciclo1_AC_AP,prosumer32,concentrator_trafo_3_22,propose,387,16.533821,0
1789091969.372405,82,ciclo2_AD_AC,dso,concentrator_trafo_1_5,cfp,100,4.294812,0
1789091969.372644,82,ciclo2_AD_AC,dso,concentrator_trafo_2_12,cfp,100,3.657418,0
1789091969.372799,82,ciclo2_AD_AC,dso,concentrator_trafo_3_22,cfp,100,3.977892,0
1789091969.372927,82,ciclo2_AD_AC,dso,concentrator_trafo_4_34,cfp,100,8.386489,0
1789091969.413323,82,ciclo2_AD_AC,concentrator_trafo_2_12,dso,propose,1357,23.086627,0
1789091969.414438,82,ciclo2_AD_AC,concentrator_trafo_3_22,dso,propose,1292,43.185636,0
1789091969.417111,82,ciclo2_AD_AC,concentrator_trafo_1_5,dso,propose,1279,45.025713,0
1789091969.460108,82,ciclo2_AD_AC,concentrator_trafo_4_34,dso,propose,1200,59.809139,0
1789091970.068499,82,ciclo3_AM_AC_AD,market,dso,cfp,100,1.353962,0
1789091970.088151,82,ciclo3_AM_AC_AD,dso,market,propose,1465,24.913964,0
1789091970.345579,82,ciclo3_AM_AC_AD,market,concentrator_trafo_1_5,cfp,100,7.493109,0
1789091970.345816,82,ciclo3_AM_AC_AD,market,concentrator_trafo_2_12,cfp,100,2.019098,0
1789091970.345959,82,ciclo3_AM_AC_AD,market,concentrator_trafo_3_22,cfp,100,3.955456,0
1789091970.346074,82,ciclo3_AM_AC_AD,market,concentrator_trafo_4_34,cfp,100,2.687670,0
1789091970.346184,82,ciclo3_AM_AC_AD,market,dso,cfp,100,3.377390,0
1789091970.414512,82,ciclo3_AM_AC_AD,concentrator_trafo_2_12,market,propose,1157,39.041722,0
1789091970.418291,82,ciclo3_AM_AC_AD,concentrator_trafo_4_34,market,propose,1123,40.571854,0
1789091970.435122,82,ciclo3_AM_AC_AD,concentrator_trafo_3_22,market,propose,1289,21.492793,0
1789091970.436913,82,ciclo3_AM_AC_AD,dso,market,propose,1355,20.406985,0
1789091970.459098,82,ciclo3_AM_AC_AD,concentrator_trafo_1_5,market,propose,1046,37.700782,0
1789091970.902889,83,ciclo1_AC_AP,concentrator_trafo_1_5,prosumer5,cfp,100,1.972371,0
1789091970.903266,83,ciclo1_AC_AP,concentrator_trafo_1_5,prosumer6,cfp,100,0.181299,0
1789091970.903458,83,ciclo1_AC_AP,concentrator_trafo_1_5,prosumer7,cfp,100,8.779561,0
1789091970.903700,83,ciclo1_AC_AP,concentrator_trafo_1_5,prosumer8,cfp,100,0.350735,0
1789091970.903958,83,ciclo1_AC_AP,concentrator_trafo_1_5,prosumer9,cfp,100,1.094020,0
1789091970.904119,83,ciclo1_AC_AP,concentrator_trafo_1_5,prosumer10,cfp,100,0.482513,0
1789091970.904257,83,ciclo1_AC_AP,concentrator_trafo_1_5,prosumer11,cfp,100,0.320783,0
1789091970.905077,83,ciclo1_AC_AP,concentrator_trafo_2_12,prosumer12,cfp,100,2.907065,0
1789091970.905233,83,ciclo1_AC_AP,concentrator_trafo_2_12,prosumer13,cfp,100,8.537665,0
1789091970.905358,83,ciclo1_AC_AP,concentrator_trafo_2_12,prosumer14,cfp,100,2.212037,0
1789091970.905474,83,ciclo1_AC_AP,concentrator_trafo_2_12,prosumer15,cfp,100,5.911234,0
1789091970.905607,83,ciclo1_AC_AP,concentrator_trafo_2_12,prosumer16,cfp,100,2.380378,0
1789091970.905722,83,ciclo1_AC_AP,concentrator_trafo_2_12,prosumer17,cfp,100,1.143887,0
1789091970.905843,83,ciclo1_AC_AP,concentrator_trafo_2_12,prosumer18,cfp,100,1.934375,0
1789091970.905948,83,ciclo1_AC_AP,concentrator_trafo_2_12,prosumer19,cfp,100,1.294797,0
1789091970.906050,83,ciclo1_AC_AP,concentrator_trafo_2_12,prosumer20,cfp,100,3.857238,0
1789091970.906160,83,ciclo1_AC_AP,concentrator_trafo_2_12,prosumer21,cfp,100,1.794697,0
1789091970.906821,83,ciclo1_AC_AP,concentrator_trafo_3_22,prosumer22,cfp,100,2.674528,0
1789091970.906954,83,ciclo1_AC_AP,concentrator_trafo_3_22,prosumer23,cfp,100,0.661626,0
1789091970.907076,83,ciclo1_AC_AP,concentrator_trafo_3_22,prosumer24,cfp,100,1.246538,0
1789091970.907188,83,ciclo1_AC_AP,concentrator_trafo_3_22,prosumer25,cfp,100,1.251372,0
1789091970.907298,83,ciclo1_AC_AP,concentrator_trafo_3_22,prosumer26,cfp,100,5.624505,0
1789091970.907403,83,ciclo1_AC_AP,concentrator_trafo_3_22,prosumer27,cfp,100,4.211863,0
1789091970.907506,83,ciclo1_AC_AP,concentrator_trafo_3_22,prosumer28,cfp,100,4.914174,0
1789091970.907729,83,ciclo1_AC_AP,concentrator_trafo_3_22,prosumer29,cfp,100,1.613481,0
1789091970.907929,83,ciclo1_AC_AP,concentrator_trafo_3_22,prosumer30,cfp,100,3.858100,0
1789091970.908126,83,ciclo1_AC_AP,concentrator_trafo_3_22,prosumer31,cfp,100,2.091691,0
1789091970.908330,83,ciclo1_AC_AP,concentrator_trafo_3_22,prosumer32,cfp,100,7.408514,0
1789091970.908432,83,ciclo1_AC_AP,concentrator_trafo_3_22,prosumer33,cfp,100,1.476595,0
1789091970.909192,83,ciclo1_AC_AP,concentrator_trafo_4_34,prosumer34,cfp,100,3.558875,0
1789091970.909373,83,ciclo1_AC_AP,concentrator_trafo_4_34,prosumer35,cfp,100,1.812037,0
1789091970.909485,83,ciclo1_AC_AP,concentrator_trafo_4_34,prosumer36,cfp,100,4.377877,0
1789091970.909636,83,ciclo1_AC_AP,concentrator_trafo_4_34,prosumer37,cfp,100,5.372515,0
1789091970.909807,83,ciclo1_AC_AP,concentrator_trafo_4_34,prosumer38,cfp,100,5.649110,0
1789091970.909929,83,ciclo1_AC_AP,concentrator_trafo_4_34,prosumer39,cfp,100,2.379610,0
1789091970.910045,83,ciclo1_AC_AP,concentrator_trafo_4_34,prosumer40,cfp,100,3.773810,0
1789091970.910154,83,ciclo1_AC_AP,concentrator_trafo_4_34,prosumer41,cfp,100,1.426684,0
1789091970.910260,83,ciclo1_AC_AP,concentrator_trafo_4_34,prosumer42,cfp,100,5.004624,0
1789091970.910365,83,ciclo1_AC_AP,concentrator_trafo_4_34,prosumer43,cfp,100,1.299852,0
1789091970.910470,83,ciclo1_AC_AP,concentrator_trafo_4_34,prosumer44,cfp,100,1.907945,0
1789091970.910580,83,ciclo1_AC_AP,concentrator_trafo_4_34,prosumer45,cfp,100,1.745180,0
1789091970.910682,83,ciclo1_AC_AP,concentrator_trafo_4_34,prosumer46,cfp,100,3.034403,0
1789091970.916648,83,ciclo1_AC_AP,prosumer6,concentrator_trafo_1_5,propose,178,5.664067,0
1789091970.920362,83,ciclo1_AC_AP,prosumer8,concentrator_trafo_1_5,propose,409,6.667877,0
1789091970.922998,83,ciclo1_AC_AP,prosumer11,concentrator_trafo_1_5,propose,307,4.843883,0
1789091970.925001,83,ciclo1_AC_AP,prosumer10,concentrator_trafo_1_5,propose,498,6.090607,0
1789091970.928710,83,ciclo1_AC_AP,prosumer23,concentrator_trafo_3_22,propose,286,7.539045,0
1789091970.930610,83,ciclo1_AC_AP,prosumer9,concentrator_trafo_1_5,propose,476,6.389069,0
1789091970.932530,83,ciclo1_AC_AP,prosumer17,concentrator_trafo_2_12,propose,245,5.757486,0
1789091970.934461,83,ciclo1_AC_AP,prosumer19,concentrator_trafo_2_12,propose,280,7.793001,0
1789091970.935027,83,ciclo1_AC_AP,prosumer24,concentrator_trafo_3_22,propose,358,7.570215,0
1789091970.935575,83,ciclo1_AC_AP,prosumer25,concentrator_trafo_3_22,propose,291,10.497991,0
1789091970.937497,83,ciclo1_AC_AP,prosumer5,concentrator_trafo_1_5,propose,110,0.097910,0
1789091970.938022,83,ciclo1_AC_AP,prosumer33,concentrator_trafo_3_22,propose,104,0.943665,0
1789091970.938551,83,ciclo1_AC_AP,prosumer43,concentrator_trafo_4_34,propose,100,0.153149,0
1789091970.940479,83,ciclo1_AC_AP,prosumer29,concentrator_trafo_3_22,propose,173,8.485302,0
1789091970.941058,83,ciclo1_AC_AP,prosumer21,concentrator_trafo_2_12,propose,231,2.705455,0
1789091970.942952,83,ciclo1_AC_AP,prosumer41,concentrator_trafo_4_34,propose,479,7.205504,0
1789091970.944135,83,ciclo1_AC_AP,prosumer18,concentrator_trafo_2_12,propose,448,6.158519,0
1789091970.946314,83,ciclo1_AC_AP,prosumer14,concentrator_trafo_2_12,propose,454,6.179579,0
1789091970.948234,83,ciclo1_AC_AP,prosumer35,concentrator_trafo_4_34,propose,207,6.930500,0
1789091970.950123,83,ciclo1_AC_AP,prosumer45,concentrator_trafo_4_34,propose,434,15.818585,0
1789091970.952019,83,ciclo1_AC_AP,prosumer31,concentrator_trafo_3_22,propose,170,5.374855,0
1789091970.952610,83,ciclo1_AC_AP,prosumer16,concentrator_trafo_2_12,propose,195,3.736104,0
1789091970.953145,83,ciclo1_AC_AP,prosumer44,concentrator_trafo_4_34,propose,159,7.927301,0
1789091970.954972,83,ciclo1_AC_AP,prosumer22,concentrator_trafo_3_22,propose,350,5.565982,0
1789091970.956842,83,ciclo1_AC_AP,prosumer39,concentrator_trafo_4_34,propose,476,15.794002,0
1789091970.958717,83,ciclo1_AC_AP,prosumer12,concentrator_trafo_2_12,propose,347,4.521416,0
1789091970.961218,83,ciclo1_AC_AP,prosumer46,concentrator_trafo_4_34,propose,441,8.049167,0
1789091970.963922,83,ciclo1_AC_AP,prosumer20,concentrator_trafo_2_12,propose,164,4.373994,0
1789091970.964531,83,ciclo1_AC_AP,prosumer34,concentrator_trafo_4_34,propose,241,2.597252,0
1789091970.966294,83,ciclo1_AC_AP,prosumer30,concentrator_trafo_3_22,propose,233,4.228963,0
1789091970.967072,83,ciclo1_AC_AP,prosumer40,concentrator_trafo_4_34,propose,171,4.677468,0
1789091970.968997,83,ciclo1_AC_AP,prosumer27,concentrator_trafo_3_22,propose,120,0.725791,0
1789091970.970956,83,ciclo1_AC_AP,prosumer36,concentrator_trafo_4_34,propose,188,10.585371,0
1789091970.972854,83,ciclo1_AC_AP,prosumer28,concentrator_trafo_3_22,propose,436,18.485520,0
1789091970.974756,83,ciclo1_AC_AP,prosumer42,concentrator_trafo_4_34,propose,279,14.507023,0
1789091970.977067,83,ciclo1_AC_AP,prosumer37,concentrator_trafo_4_34,propose,482,17.460242,0
1789091970.979040,83,ciclo1_AC_AP,prosumer26,concentrator_trafo_3_22,propose,265,11.462169,0
1789091970.981242,83,ciclo1_AC_AP,prosumer15,concentrator_trafo_2_12,propose,202,5.077832,0
1789091970.983812,83,ciclo1_AC_AP,prosumer38,concentrator_trafo_4_34,propose,423,11.863440,0
1789091970.987068,83,ciclo1_AC_AP,prosumer32,concentrator_trafo_3_22,propose,148,7.847785,0
1789091970.993616,83,ciclo1_AC_AP,prosumer13,concentrator_trafo_2_12,propose,356,5.114179,0
1789091970.994212,83,ciclo1_AC_AP,prosumer7,concentrator_trafo_1_5,propose,353,6.095799,0
1789091971.160657,83,ciclo2_AD_AC,dso,concentrator_trafo_1_5,cfp,100,4.030092,0
1789091971.160823,83,ciclo2_AD_AC,dso,concentrator_trafo_2_12,cfp,100,2.242124,0
1789091971.160977,83,ciclo2_AD_AC,dso,concentrator_trafo_3_22,cfp,100,4.069467,0
1789091971.161130,83,ciclo2_AD_AC,dso,concentrator_trafo_4_34,cfp,100,4.946356,0
1789091971.187676,83,ciclo2_AD_AC,concentrator_trafo_2_12,dso,propose,1074,17.366963,0
1789091971.204684,83,ciclo2_AD_AC,concentrator_trafo_1_5,dso,propose,1323,42.594746,0
1789091971.206753,83,ciclo2_AD_AC,concentrator_trafo_3_22,dso,propose,1128,35.884643,0
1789091971.213513,83,ciclo2_AD_AC,concentrator_trafo_4_34,dso,propose,1164,57.381943,0
1789091971.791618,83,ciclo3_AM_AC_AD,market,dso,cfp,100,2.746494,0
1789091971.824756,83,ciclo3_AM_AC_AD,dso,market,propose,1097,20.174721,0
1789091972.037197,83,ciclo3_AM_AC_AD,market,concentrator_trafo_1_5,cfp,100,5.714224,0
1789091972.037417,83,ciclo3_AM_AC_AD,market,concentrator_trafo_2_12,cfp,100,1.151811,0
1789091972.037572,83,ciclo3_AM_AC_AD,market,concentrator_trafo_3_22,cfp,100,2.123083,0
1789091972.037955,83,ciclo3_AM_AC_AD,market,concentrator_trafo_4_34,cfp,100,4.021796,0
1789091972.038270,83,ciclo3_AM_AC_AD,market,dso,cfp,100,0.288761,0
1789091972.075026,83,ciclo3_AM_AC_AD,concentrator_trafo_2_12,market,propose,1325,45.503892,0
1789091972.077668,83,ciclo3_AM_AC_AD,dso,market,propose,1059,18.934717,0
1789091972.079609,83,ciclo3_AM_AC_AD,concentrator_trafo_3_22,market,propose,1316,22.357497,0
1789091972.090076,83,ciclo3_AM_AC_AD,concentrator_trafo_4_34,market,propose,1343,51.963369,0
1789091972.112705,83,ciclo3_AM_AC_AD,concentrator_trafo_1_5,market,propose,1353,44.686655,0
1789091972.686035,84,ciclo1_AC_AP,concentrator_trafo_1_5,prosumer5,cfp,100,1.885900,0
1789091972.686470,84,ciclo1_AC_AP,concentrator_trafo_1_5,prosumer6,cfp,100,0.138530,0
1789091972.686785,84,ciclo1_AC_AP,concentrator_trafo_1_5,prosumer7,cfp,100,0.188334,0
1789091972.687023,84,ciclo1_AC_AP,concentrator_trafo_1_5,prosumer8,cfp,100,3.094923,0
1789091972.687240,84,ciclo1_AC_AP,concentrator_trafo_1_5,prosumer9,cfp,100,3.356917,0
1789091972.687365,84,ciclo1_AC_AP,concentrator_trafo_1_5,prosumer10,cfp,100,3.706987,0
1789091972.687479,84,ciclo1_AC_AP,concentrator_trafo_1_5,prosumer11,cfp,100,3.264524,0
1789091972.688339,84,ciclo1_AC_AP,concentrator_trafo_2_12,prosumer12,cfp,100,2.819785,0
1789091972.688484,84,ciclo1_AC_AP,concentrator_trafo_2_12,prosumer13,cfp,100,0.489480,0
1789091972.688613,84,ciclo1_AC_AP,concentrator_trafo_2_12,prosumer14,cfp,100,0.699808,0
1789091972.688724,84,ciclo1_AC_AP,concentrator_trafo_2_12,prosumer15,cfp,100,1.348348,0
1789091972.688831,84,ciclo1_AC_AP,concentrator_trafo_2_12,prosumer16,cfp,100,1.068237,0
1789091972.688935,84,ciclo1_AC_AP,concentrator_trafo_2_12,prosumer17,cfp,100,2.749090,0
1789091972.689037,84,ciclo1_AC_AP,concentrator_trafo_2_12,prosumer18,cfp,100,1.322621,0
1789091972.689138,84,ciclo1_AC_AP,concentrator_trafo_2_12,prosumer19,cfp,100,1.139841,0
1789091972.689239,84,ciclo1_AC_AP,concentrator_trafo_2_12,prosumer20,cfp,100,1.260854,0
1789091972.689340,84,ciclo1_AC_AP,concentrator_trafo_2_12,prosumer21,cfp,100,1.718460,0
1789091972.690082,84,ciclo1_AC_AP,concentrator_trafo_3_22,prosumer22,cfp,100,1.465893,0
1789091972.690251,84,ciclo1_AC_AP,concentrator_trafo_3_22,prosumer23,cfp,100,0.637352,0
1789091972.690366,84,ciclo1_AC_AP,concentrator_trafo_3_22,prosumer24,cfp,100,3.366402,0
1789091972.690475,84,ciclo1_AC_AP,concentrator_trafo_3_22,prosumer25,cfp,100,2.921622,0
1789091972.690596,84,ciclo1_AC_AP,concentrator_trafo_3_22,prosumer26,cfp,100,2.948382,0
1789091972.690704,84,ciclo1_AC_AP,concentrator_trafo_3_22,prosumer27,cfp,100,4.686823,0
1789091972.690806,84,ciclo1_AC_AP,concentrator_trafo_3_22,prosumer28,cfp,100,5.654093,0
1789091972.690907,84,ciclo1_AC_AP,concentrator_trafo_3_22,prosumer29,cfp,100,2.966824,0
1789091972.691009,84,ciclo1_AC_AP,concentrator_trafo_3_22,prosumer30,cfp,100,2.679669,0
1789091972.691108,84,ciclo1_AC_AP,concentrator_trafo_3_22,prosumer31,cfp,100,2.343727,0
1789091972.691208,84,ciclo1_AC_AP,concentrator_trafo_3_22,prosumer32,cfp,100,5.027735,0
1789091972.691310,84,ciclo1_AC_AP,concentrator_trafo_3_22,prosumer33,cfp,100,0.854792,0
1789091972.692017,84,ciclo1_AC_AP,concentrator_trafo_4_34,prosumer34,cfp,100,3.278398,0
1789091972.692147,84,ciclo1_AC_AP,concentrator_trafo_4_34,prosumer35,cfp,100,3.078542,0
1789091972.692266,84,ciclo1_AC_AP,concentrator_trafo_4_34,prosumer36,cfp,100,3.562797,0
1789091972.692373,84,ciclo1_AC_AP,concentrator_trafo_4_34,prosumer37,cfp,100,3.809926,0
1789091972.692476,84,ciclo1_AC_AP,concentrator_trafo_4_34,prosumer38,cfp,100,0.782093,0
1789091972.692590,84,ciclo1_AC_AP,concentrator_trafo_4_34,prosumer39,cfp,100,7.129316,0
1789091972.692699,84,ciclo1_AC_AP,concentrator_trafo_4_34,prosumer40,cfp,100,2.534986,0
1789091972.692816,84,ciclo1_AC_AP,concentrator_trafo_4_34,prosumer41,cfp,100,1.790677,0
1789091972.692928,84,ciclo1_AC_AP,concentrator_trafo_4_34,prosumer42,cfp,100,4.072874,0
1789091972.693037,84,ciclo1_AC_AP,concentrator_trafo_4_34,prosumer43,cfp,100,2.133490,0
1789091972.693141,84,ciclo1_AC_AP,concentrator_trafo_4_34,prosumer44,cfp,100,3.782623,0
1789091972.693249,84,ciclo1_AC_AP,concentrator_trafo_4_34,prosumer45,cfp,100,6.504246,0
1789091972.693357,84,ciclo1_AC_AP,concentrator_trafo_4_34,prosumer46,cfp,100,1.513942,0
1789091972.698990,84,ciclo1_AC_AP,prosumer6,concentrator_trafo_1_5,propose,224,4.353445,0
1789091972.703197,84,ciclo1_AC_AP,prosumer7,concentrator_trafo_1_5,propose,280,5.707734,0
1789091972.704364,84,ciclo1_AC_AP,prosumer13,concentrator_trafo_2_12,propose,304,4.177350,0
1789091972.711444,84,ciclo1_AC_AP,prosumer14,concentrator_trafo_2_12,propose,493,7.598176,0
1789091972.715463,84,ciclo1_AC_AP,prosumer23,concentrator_trafo_3_22,propose,152,4.810795,0
1789091972.716700,84,ciclo1_AC_AP,prosumer16,concentrator_trafo_2_12,propose,240,4.639504,0
1789091972.720452,84,ciclo1_AC_AP,prosumer33,concentrator_trafo_3_22,propose,496,7.555501,0
1789091972.722942,84,ciclo1_AC_AP,prosumer38,concentrator_trafo_4_34,propose,298,5.632309,0
1789091972.724967,84,ciclo1_AC_AP,prosumer19,concentrator_trafo_2_12,propose,385,8.226179,0
1789091972.726875,84,ciclo1_AC_AP,prosumer20,concentrator_trafo_2_12,propose,282,6.495680,0
1789091972.728775,84,ciclo1_AC_AP,prosumer15,concentrator_trafo_2_12,propose,116,3.076620,0
1789091972.730673,84,ciclo1_AC_AP,prosumer18,concentrator_trafo_2_12,propose,426,7.706203,0
1789091972.733637,84,ciclo1_AC_AP,prosumer22,concentrator_trafo_3_22,propose,269,6.626490,0
1789091972.735665,84,ciclo1_AC_AP,prosumer5,concentrator_trafo_1_5,propose,218,6.007074,0
1789091972.738190,84,ciclo1_AC_AP,prosumer21,concentrator_trafo_2_12,propose,301,6.965221,0
1789091972.742369,84,ciclo1_AC_AP,prosumer46,concentrator_trafo_4_34,propose,117,3.977976,0
1789091972.744319,84,ciclo1_AC_AP,prosumer41,concentrator_trafo_4_34,propose,487,7.907511,0
1789091972.746311,84,ciclo1_AC_AP,prosumer43,concentrator_trafo_4_34,propose,315,7.785315,0
1789091972.747113,84,ciclo1_AC_AP,prosumer31,concentrator_trafo_3_22,propose,374,5.856610,0
1789091972.749127,84,ciclo1_AC_AP,prosumer17,concentrator_trafo_2_12,propose,238,4.034083,0
1789091972.751034,84,ciclo1_AC_AP,prosumer12,concentrator_trafo_2_12,propose,498,6.394896,0
1789091972.752985,84,ciclo1_AC_AP,prosumer30,concentrator_trafo_3_22,propose,181,3.718657,0
1789091972.753619,84,ciclo1_AC_AP,prosumer8,concentrator_trafo_1_5,propose,234,5.245887,0
1789091972.755524,84,ciclo1_AC_AP,prosumer40,concentrator_trafo_4_34,propose,123,3.261819,0
1789091972.757659,84,ciclo1_AC_AP,prosumer25,concentrator_trafo_3_22,propose,481,17.325419,0
1789091972.759757,84,ciclo1_AC_AP,prosumer26,concentrator_trafo_3_22,propose,237,8.107631,0
1789091972.761782,84,ciclo1_AC_AP,prosumer11,concentrator_trafo_1_5,propose,470,9.135130,0
1789091972.763753,84,ciclo1_AC_AP,prosumer29,concentrator_trafo_3_22,propose,140,10.754073,0
1789091972.765619,84,ciclo1_AC_AP,prosumer9,concentrator_trafo_1_5,propose,271,7.709386,0
1789091972.767651,84,ciclo1_AC_AP,prosumer35,concentrator_trafo_4_34,propose,432,19.161975,0
1789091972.769623,84,ciclo1_AC_AP,prosumer24,concentrator_trafo_3_22,propose,313,5.040360,0
1789091972.771647,84,ciclo1_AC_AP,prosumer10,concentrator_trafo_1_5,propose,103,3.553827,0
1789091972.773652,84,ciclo1_AC_AP,prosumer34,concentrator_trafo_4_34,propose,496,7.142547,0
1789091972.774297,84,ciclo1_AC_AP,prosumer36,concentrator_trafo_4_34,propose,447,16.253920,0
1789091972.776395,84,ciclo1_AC_AP,prosumer37,concentrator_trafo_4_34,propose,236,5.861702,0
1789091972.777689,84,ciclo1_AC_AP,prosumer44,concentrator_trafo_4_34,propose,216,6.157436,0
1789091972.779632,84,ciclo1_AC_AP,prosumer42,concentrator_trafo_4_34,propose,435,17.605692,0
1789091972.780461,84,ciclo1_AC_AP,prosumer27,concentrator_trafo_3_22,propose,498,15.151485,0
1789091972.782089,84,ciclo1_AC_AP,prosumer32,concentrator_trafo_3_22,propose,462,15.515010,0
1789091972.784588,84,ciclo1_AC_AP,prosumer28,concentrator_trafo_3_22,propose,191,6.811545,0
1789091972.785159,84,ciclo1_AC_AP,prosumer45,concentrator_trafo_4_34,propose,229,5.115445,0
1789091972.788047,84,ciclo1_AC_AP,prosumer39,concentrator_trafo_4_34,propose,289,11.343559,0
1789091972.962742,84,ciclo2_AD_AC,dso,concentrator_trafo_1_5,cfp,100,4.217898,0
1789091972.962871,84,ciclo2_AD_AC,dso,concentrator_trafo_2_12,cfp,100,1.918702,0
1789091972.962945,84,ciclo2_AD_AC,dso,concentrator_trafo_3_22,cfp,100,4.645697,0
1789091972.963094,84,ciclo2_AD_AC,dso,concentrator_trafo_4_34,cfp,100,7.830960,0
1789091972.987724,84,ciclo2_AD_AC,concentrator_trafo_2_12,dso,propose,1474,22.567221,0
1789091973.006214,84,ciclo2_AD_AC,concentrator_trafo_1_5,dso,propose,1486,49.297211,0
1789091973.011260,84,ciclo2_AD_AC,concentrator_trafo_3_22,dso,propose,1421,50.405255,0
1789091973.045233,84,ciclo2_AD_AC,concentrator_trafo_4_34,dso,propose,1268,60.925817,0
1789091973.658665,84,ciclo3_AM_AC_AD,market,dso,cfp,100,0.928236,0
1789091973.705953,84,ciclo3_AM_AC_AD,dso,market,propose,1324,23.115995,0
1789091973.943018,84,ciclo3_AM_AC_AD,market,concentrator_trafo_1_5,cfp,100,3.453343,0
1789091973.943385,84,ciclo3_AM_AC_AD,market,concentrator_trafo_2_12,cfp,100,5.076289,0
1789091973.943704,84,ciclo3_AM_AC_AD,market,concentrator_trafo_3_22,cfp,100,2.507788,0
1789091973.943964,84,ciclo3_AM_AC_AD,market,concentrator_trafo_4_34,cfp,100,4.142795,0
1789091973.944117,84,ciclo3_AM_AC_AD,market,dso,cfp,100,3.060817,0
1789091973.994292,84,ciclo3_AM_AC_AD,concentrator_trafo_3_22,market,propose,1058,19.752807,0
1789091974.006771,84,ciclo3_AM_AC_AD,concentrator_trafo_1_5,market,propose,1087,34.807254,0
1789091974.009227,84,ciclo3_AM_AC_AD,dso,market,propose,1254,19.473507,0
1789091974.012149,84,ciclo3_AM_AC_AD,concentrator_trafo_4_34,market,propose,1102,43.838381,0
1789091974.014617,84,ciclo3_AM_AC_AD,concentrator_trafo_2_12,market,propose,1446,47.799852,0
1789091974.559094,85,ciclo1_AC_AP,concentrator_trafo_1_5,prosumer5,cfp,100,3.651001,0
1789091974.559337,85,ciclo1_AC_AP,concentrator_trafo_1_5,prosumer6,cfp,100,2.722247,0
1789091974.559490,85,ciclo1_AC_AP,concentrator_trafo_1_5,prosumer7,cfp,100,3.246194,0
1789091974.559627,85,ciclo1_AC_AP,concentrator_trafo_1_5,prosumer8,cfp,100,0.968368,0
1789091974.559746,85,ciclo1_AC_AP,concentrator_trafo_1_5,prosumer9,cfp,100,3.742076,0
1789091974.559860,85,ciclo1_AC_AP,concentrator_trafo_1_5,prosumer10,cfp,100,0.838491,0
1789091974.559971,85,ciclo1_AC_AP,concentrator_trafo_1_5,prosumer11,cfp,100,3.411578,0
1789091974.560728,85,ciclo1_AC_AP,concentrator_trafo_2_12,prosumer12,cfp,100,1.493949,0
1789091974.560888,85,ciclo1_AC_AP,concentrator_trafo_2_12,prosumer13,cfp,100,0.090489,0
1789091974.561011,85,ciclo1_AC_AP,concentrator_trafo_2_12,prosumer14,cfp,100,0.890949,0
1789091974.561123,85,ciclo1_AC_AP,concentrator_trafo_2_12,prosumer15,cfp,100,4.320148,0
1789091974.561231,85,ciclo1_AC_AP,concentrator_trafo_2_12,prosumer16,cfp,100,1.303352,0
1789091974.561337,85,ciclo1_AC_AP,concentrator_trafo_2_12,prosumer17,cfp,100,2.702084,0
1789091974.561441,85,ciclo1_AC_AP,concentrator_trafo_2_12,prosumer18,cfp,100,2.375449,0
1789091974.561562,85,ciclo1_AC_AP,concentrator_trafo_2_12,prosumer19,cfp,100,2.882576,0
1789091974.561676,85,ciclo1_AC_AP,concentrator_trafo_2_12,prosumer20,cfp,100,1.245777,0
1789091974.561786,85,ciclo1_AC_AP,concentrator_trafo_2_12,prosumer21,cfp,100,3.102091,0
1789091974.562530,85,ciclo1_AC_AP,concentrator_trafo_3_22,prosumer22,cfp,100,2.069125,0
1789091974.562685,85,ciclo1_AC_AP,concentrator_trafo_3_22,prosumer23,cfp,100,0.318326,0
1789091974.562800,85,ciclo1_AC_AP,concentrator_trafo_3_22,prosumer24,cfp,100,1.723013,0
1789091974.562912,85,ciclo1_AC_AP,concentrator_trafo_3_22,prosumer25,cfp,100,1.719203,0
1789091974.563019,85,ciclo1_AC_AP,concentrator_trafo_3_22,prosumer26,cfp,100,5.229361,0
1789091974.563125,85,ciclo1_AC_AP,concentrator_trafo_3_22,prosumer27,cfp,100,2.895394,0
1789091974.563232,85,ciclo1_AC_AP,concentrator_trafo_3_22,prosumer28,cfp,100,5.329791,0
1789091974.563336,85,ciclo1_AC_AP,concentrator_trafo_3_22,prosumer29,cfp,100,3.387371,0
1789091974.563445,85,ciclo1_AC_AP,concentrator_trafo_3_22,prosumer30,cfp,100,2.029726,0
1789091974.563568,85,ciclo1_AC_AP,concentrator_trafo_3_22,prosumer31,cfp,100,2.869998,0
1789091974.563677,85,ciclo1_AC_AP,concentrator_trafo_3_22,prosumer32,cfp,100,5.708808,0
1789091974.563786,85,ciclo1_AC_AP,concentrator_trafo_3_22,prosumer33,cfp,100,0.965564,0
1789091974.564491,85,ciclo1_AC_AP,concentrator_trafo_4_34,prosumer34,cfp,100,0.056261,0
1789091974.564647,85,ciclo1_AC_AP,concentrator_trafo_4_34,prosumer35,cfp,100,3.722696,0
1789091974.564770,85,ciclo1_AC_AP,concentrator_trafo_4_34,prosumer36,cfp,100,3.774597,0
1789091974.564880,85,ciclo1_AC_AP,concentrator_trafo_4_34,prosumer37,cfp,100,7.291832,0
1789091974.564986,85,ciclo1_AC_AP,concentrator_trafo_4_34,prosumer38,cfp,100,2.884644,0
1789091974.565092,85,ciclo1_AC_AP,concentrator_trafo_4_34,prosumer39,cfp,100,6.317722,0
1789091974.565199,85,ciclo1_AC_AP,concentrator_trafo_4_34,prosumer40,cfp,100,0.436935,0
1789091974.565303,85,ciclo1_AC_AP,concentrator_trafo_4_34,prosumer41,cfp,100,3.987151,0
1789091974.565406,85,ciclo1_AC_AP,concentrator_trafo_4_34,prosumer42,cfp,100,7.416652,0
1789091974.565515,85,ciclo1_AC_AP,concentrator_trafo_4_34,prosumer43,cfp,100,0.274613,0
1789091974.565661,85,ciclo1_AC_AP,concentrator_trafo_4_34,prosumer44,cfp,100,4.004620,0
1789091974.565779,85,ciclo1_AC_AP,concentrator_trafo_4_34,prosumer45,cfp,100,3.752791,0
1789091974.565883,85,ciclo1_AC_AP,concentrator_trafo_4_34,prosumer46,cfp,100,2.972753,0
1789091974.571021,85,ciclo1_AC_AP,prosumer13,concentrator_trafo_2_12,propose,390,9.491222,0
1789091974.572322,85,ciclo1_AC_AP,prosumer34,concentrator_trafo_4_34,propose,412,9.738169,0
1789091974.573483,85,ciclo1_AC_AP,prosumer23,concentrator_trafo_3_22,propose,403,6.375087,0
1789091974.579169,85,ciclo1_AC_AP,prosumer10,concentrator_trafo_1_5,propose,137,4.195256,0
1789091974.582676,85,ciclo1_AC_AP,prosumer43,concentrator_trafo_4_34,propose,308,5.815348,0
1789091974.586374,85,ciclo1_AC_AP,prosumer8,concentrator_trafo_1_5,propose,246,5.194210,0
1789091974.590570,85,ciclo1_AC_AP,prosumer40,concentrator_trafo_4_34,propose,455,9.498078,0
1789091974.591644,85,ciclo1_AC_AP,prosumer14,concentrator_trafo_2_12,propose,447,8.839375,0
1789091974.595088,85,ciclo1_AC_AP,prosumer33,concentrator_trafo_3_22,propose,121,2.313859,0
1789091974.598719,85,ciclo1_AC_AP,prosumer20,concentrator_trafo_2_12,propose,232,4.484159,0
1789091974.601016,85,ciclo1_AC_AP,prosumer16,concentrator_trafo_2_12,propose,102,1.304999,0
1789091974.605780,85,ciclo1_AC_AP,prosumer12,concentrator_trafo_2_12,propose,115,1.101217,0
1789091974.608614,85,ciclo1_AC_AP,prosumer24,concentrator_trafo_3_22,propose,410,9.194592,0
1789091974.610928,85,ciclo1_AC_AP,prosumer25,concentrator_trafo_3_22,propose,181,5.265747,0
1789091974.613113,85,ciclo1_AC_AP,prosumer22,concentrator_trafo_3_22,propose,268,5.661615,0
1789091974.615119,85,ciclo1_AC_AP,prosumer30,concentrator_trafo_3_22,propose,188,4.386730,0
1789091974.617061,85,ciclo1_AC_AP,prosumer18,concentrator_trafo_2_12,propose,307,5.991547,0
1789091974.619055,85,ciclo1_AC_AP,prosumer6,concentrator_trafo_1_5,propose,219,4.625806,0
1789091974.620934,85,ciclo1_AC_AP,prosumer17,concentrator_trafo_2_12,propose,398,6.845275,0
1789091974.622977,85,ciclo1_AC_AP,prosumer19,concentrator_trafo_2_12,propose,380,6.040639,0
1789091974.625035,85,ciclo1_AC_AP,prosumer7,concentrator_trafo_1_5,propose,201,5.962495,0
1789091974.627057,85,ciclo1_AC_AP,prosumer27,concentrator_trafo_3_22,propose,116,3.959527,0
1789091974.629036,85,ciclo1_AC_AP,prosumer31,concentrator_trafo_3_22,propose,429,8.239238,0
1789091974.631030,85,ciclo1_AC_AP,prosumer21,concentrator_trafo_2_12,propose,378,6.140010,0
1789091974.632964,85,ciclo1_AC_AP,prosumer38,concentrator_trafo_4_34,propose,485,10.232488,0
1789091974.634921,85,ciclo1_AC_AP,prosumer11,concentrator_trafo_1_5,propose,197,2.712681,0
1789091974.637621,85,ciclo1_AC_AP,prosumer46,concentrator_trafo_4_34,propose,332,5.150419,0
1789091974.638212,85,ciclo1_AC_AP,prosumer5,concentrator_trafo_1_5,propose,379,6.107750,0
1789091974.640700,85,ciclo1_AC_AP,prosumer9,concentrator_trafo_1_5,propose,437,6.930315,0
1789091974.642769,85,ciclo1_AC_AP,prosumer29,concentrator_trafo_3_22,propose,330,14.204143,0
1789091974.645077,85,ciclo1_AC_AP,prosumer35,concentrator_trafo_4_34,propose,403,16.165662,0
1789091974.645682,85,ciclo1_AC_AP,prosumer36,concentrator_trafo_4_34,propose,416,17.070674,0
1789091974.647612,85,ciclo1_AC_AP,prosumer45,concentrator_trafo_4_34,propose,271,13.819265,0
1789091974.649106,85,ciclo1_AC_AP,prosumer15,concentrator_trafo_2_12,propose,277,9.778070,0
1789091974.650261,85,ciclo1_AC_AP,prosumer41,concentrator_trafo_4_34,propose,286,7.882325,0
1789091974.652200,85,ciclo1_AC_AP,prosumer44,concentrator_trafo_4_34,propose,159,8.900026,0
1789091974.654872,85,ciclo1_AC_AP,prosumer26,concentrator_trafo_3_22,propose,494,18.608714,0
1789091974.656886,85,ciclo1_AC_AP,prosumer28,concentrator_trafo_3_22,propose,108,3.653761,0
1789091974.659391,85,ciclo1_AC_AP,prosumer32,concentrator_trafo_3_22,propose,314,13.208417,0
1789091974.660246,85,ciclo1_AC_AP,prosumer39,concentrator_trafo_4_34,propose,286,11.975421,0
1789091974.662623,85,ciclo1_AC_AP,prosumer37,concentrator_trafo_4_34,propose,195,6.820816,0
1789091974.665015,85,ciclo1_AC_AP,prosumer42,concentrator_trafo_4_34,propose,345,8.680261,0
1789091974.847499,85,ciclo2_AD_AC,dso,concentrator_trafo_1_5,cfp,100,2.411537,0
1789091974.847914,85,ciclo2_AD_AC,dso,concentrator_trafo_2_12,cfp,100,3.170035,0
1789091974.848269,85,ciclo2_AD_AC,dso,concentrator_trafo_3_22,cfp,100,4.753065,0
1789091974.848619,85,ciclo2_AD_AC,dso,concentrator_trafo_4_34,cfp,100,7.253545,0
1789091974.875890,85,ciclo2_AD_AC,concentrator_trafo_1_5,dso,propose,1445,49.621842,0
1789091974.882087,85,ciclo2_AD_AC,concentrator_trafo_2_12,dso,propose,1461,24.658149,0
1789091974.905320,85,ciclo2_AD_AC,concentrator_trafo_3_22,dso,propose,1116,36.798185,0
1789091974.926905,85,ciclo2_AD_AC,concentrator_trafo_4_34,dso,propose,1369,67.041436,0
1789091975.607726,85,ciclo3_AM_AC_AD,market,dso,cfp,100,3.471727,0
1789091975.656093,85,ciclo3_AM_AC_AD,dso,market,propose,1348,23.323214,0
1789091975.898411,85,ciclo3_AM_AC_AD,market,concentrator_trafo_1_5,cfp,100,4.011010,0
1789091975.898886,85,ciclo3_AM_AC_AD,market,concentrator_trafo_2_12,cfp,100,4.719019,0
1789091975.899126,85,ciclo3_AM_AC_AD,market,concentrator_trafo_3_22,cfp,100,0.284526,0
1789091975.899305,85,ciclo3_AM_AC_AD,market,concentrator_trafo_4_34,cfp,100,5.398855,0
1789091975.899467,85,ciclo3_AM_AC_AD,market,dso,cfp,100,1.234261,0
1789091975.942601,85,ciclo3_AM_AC_AD,concentrator_trafo_3_22,market,propose,1375,27.434743,0
1789091975.973322,85,ciclo3_AM_AC_AD,dso,market,propose,1441,22.399609,0
1789091975.977227,85,ciclo3_AM_AC_AD,concentrator_trafo_1_5,market,propose,1325,46.461424,0
1789091975.980317,85,ciclo3_AM_AC_AD,concentrator_trafo_2_12,market,propose,1412,48.553572,0
1789091975.981799,85,ciclo3_AM_AC_AD,concentrator_trafo_4_34,market,propose,1461,55.079460,0
1789091976.596766,86,ciclo1_AC_AP,concentrator_trafo_1_5,prosumer5,cfp,100,2.795134,0
1789091976.596932,86,ciclo1_AC_AP,concentrator_trafo_1_5,prosumer6,cfp,100,3.453651,0
1789091976.597024,86,ciclo1_AC_AP,concentrator_trafo_1_5,prosumer7,cfp,100,3.793150,0
1789091976.597101,86,ciclo1_AC_AP,concentrator_trafo_1_5,prosumer8,cfp,100,1.797326,0
1789091976.597179,86,ciclo1_AC_AP,concentrator_trafo_1_5,prosumer9,cfp,100,2.144197,0
1789091976.597259,86,ciclo1_AC_AP,concentrator_trafo_1_5,prosumer10,cfp,100,3.409701,0
1789091976.597351,86,ciclo1_AC_AP,concentrator_trafo_1_5,prosumer11,cfp,100,0.471612,0
1789091976.597852,86,ciclo1_AC_AP,concentrator_trafo_2_12,prosumer12,cfp,100,0.107135,0
1789091976.597940,86,ciclo1_AC_AP,concentrator_trafo_2_12,prosumer13,cfp,100,4.905921,0
1789091976.598007,86,ciclo1_AC_AP,concentrator_trafo_2_12,prosumer14,cfp,100,1.872083,0
1789091976.598072,86,ciclo1_AC_AP,concentrator_trafo_2_12,prosumer15,cfp,100,0.385978,0
1789091976.598145,86,ciclo1_AC_AP,concentrator_trafo_2_12,prosumer16,cfp,100,3.888643,0
1789091976.598212,86,ciclo1_AC_AP,concentrator_trafo_2_12,prosumer17,cfp,100,0.734303,0
1789091976.598289,86,ciclo1_AC_AP,concentrator_trafo_2_12,prosumer18,cfp,100,2.828322,0
1789091976.598361,86,ciclo1_AC_AP,concentrator_trafo_2_12,prosumer19,cfp,100,2.072997,0
1789091976.598425,86,ciclo1_AC_AP,concentrator_trafo_2_12,prosumer20,cfp,100,3.643060,0
1789091976.598489,86,ciclo1_AC_AP,concentrator_trafo_2_12,prosumer21,cfp,100,2.533289,0
1789091976.598863,86,ciclo1_AC_AP,concentrator_trafo_3_22,prosumer22,cfp,100,0.059913,0
1789091976.599011,86,ciclo1_AC_AP,concentrator_trafo_3_22,prosumer23,cfp,100,0.827543,0
1789091976.599103,86,ciclo1_AC_AP,concentrator_trafo_3_22,prosumer24,cfp,100,1.508512,0
1789091976.599185,86,ciclo1_AC_AP,concentrator_trafo_3_22,prosumer25,cfp,100,5.984555,0
1789091976.599249,86,ciclo1_AC_AP,concentrator_trafo_3_22,prosumer26,cfp,100,4.362015,0
1789091976.599310,86,ciclo1_AC_AP,concentrator_trafo_3_22,prosumer27,cfp,100,1.684890,0
1789091976.599370,86,ciclo1_AC_AP,concentrator_trafo_3_22,prosumer28,cfp,100,2.347357,0
1789091976.599428,86,ciclo1_AC_AP,concentrator_trafo_3_22,prosumer29,cfp,100,4.558784,0
1789091976.599486,86,ciclo1_AC_AP,concentrator_trafo_3_22,prosumer30,cfp,100,1.527118,0
1789091976.599549,86,ciclo1_AC_AP,concentrator_trafo_3_22,prosumer31,cfp,100,1.564487,0
1789091976.599614,86,ciclo1_AC_AP,concentrator_trafo_3_22,prosumer32,cfp,100,3.200738,0
1789091976.599680,86,ciclo1_AC_AP,concentrator_trafo_3_22,prosumer33,cfp,100,1.532371,0
1789091976.600167,86,ciclo1_AC_AP,concentrator_trafo_4_34,prosumer34,cfp,100,0.557011,0
1789091976.600242,86,ciclo1_AC_AP,concentrator_trafo_4_34,prosumer35,cfp,100,4.437788,0
1789091976.600304,86,ciclo1_AC_AP,concentrator_trafo_4_34,prosumer36,cfp,100,1.819375,0
1789091976.600363,86,ciclo1_AC_AP,concentrator_trafo_4_34,prosumer37,cfp,100,4.160274,0
1789091976.600421,86,ciclo1_AC_AP,concentrator_trafo_4_34,prosumer38,cfp,100,2.526927,0
1789091976.600478,86,ciclo1_AC_AP,concentrator_trafo_4_34,prosumer39,cfp,100,5.102347,0
1789091976.600536,86,ciclo1_AC_AP,concentrator_trafo_4_34,prosumer40,cfp,100,1.756406,0
1789091976.600606,86,ciclo1_AC_AP,concentrator_trafo_4_34,prosumer41,cfp,100,3.418546,0
1789091976.600665,86,ciclo1_AC_AP,concentrator_trafo_4_34,prosumer42,cfp,100,3.988080,0
1789091976.600724,86,ciclo1_AC_AP,concentrator_trafo_4_34,prosumer43,cfp,100,2.625477,0
1789091976.600781,86,ciclo1_AC_AP,concentrator_trafo_4_34,prosumer44,cfp,100,4.542993,0
1789091976.600839,86,ciclo1_AC_AP,concentrator_trafo_4_34,prosumer45,cfp,100,3.123058,0
1789091976.600895,86,ciclo1_AC_AP,concentrator_trafo_4_34,prosumer46,cfp,100,1.616691,0
1789091976.604786,86,ciclo1_AC_AP,prosumer12,concentrator_trafo_2_12,propose,483,9.910757,0
1789091976.605429,86,ciclo1_AC_AP,prosumer22,concentrator_trafo_3_22,propose,471,6.371620,0
1789091976.607065,86,ciclo1_AC_AP,prosumer15,concentrator_trafo_2_12,propose,423,19.418913,0
1789091976.610400,86,ciclo1_AC_AP,prosumer11,concentrator_trafo_1_5,propose,297,6.135597,0
1789091976.613118,86,ciclo1_AC_AP,prosumer17,concentrator_trafo_2_12,propose,491,7.086337,0
1789091976.614148,86,ciclo1_AC_AP,prosumer34,concentrator_trafo_4_34,propose,407,8.335617,0
1789091976.617661,86,ciclo1_AC_AP,prosumer23,concentrator_trafo_3_22,propose,107,1.932491,0
1789091976.621034,86,ciclo1_AC_AP,prosumer24,concentrator_trafo_3_22,propose,441,8.183792,0
1789091976.624253,86,ciclo1_AC_AP,prosumer30,concentrator_trafo_3_22,propose,196,6.040687,0
1789091976.626810,86,ciclo1_AC_AP,prosumer33,concentrator_trafo_3_22,propose,414,9.674023,0
1789091976.627563,86,ciclo1_AC_AP,prosumer8,concentrator_trafo_1_5,propose,483,7.676997,0
1789091976.629498,86,ciclo1_AC_AP,prosumer31,concentrator_trafo_3_22,propose,353,8.013180,0
1789091976.630293,86,ciclo1_AC_AP,prosumer27,concentrator_trafo_3_22,propose,311,14.412432,0
1789091976.632418,86,ciclo1_AC_AP,prosumer14,concentrator_trafo_2_12,propose,487,7.343312,0
1789091976.634473,86,ciclo1_AC_AP,prosumer46,concentrator_trafo_4_34,propose,300,6.609740,0
1789091976.639561,86,ciclo1_AC_AP,prosumer40,concentrator_trafo_4_34,propose,182,2.715177,0
1789091976.641388,86,ciclo1_AC_AP,prosumer36,concentrator_trafo_4_34,propose,178,8.022533,0
1789091976.644254,86,ciclo1_AC_AP,prosumer9,concentrator_trafo_1_5,propose,447,9.354598,0
1789091976.646770,86,ciclo1_AC_AP,prosumer19,concentrator_trafo_2_12,propose,319,5.488925,0
1789091976.649555,86,ciclo1_AC_AP,prosumer28,concentrator_trafo_3_22,propose,295,10.306878,0
1789091976.650259,86,ciclo1_AC_AP,prosumer21,concentrator_trafo_2_12,propose,327,4.115305,0
1789091976.652971,86,ciclo1_AC_AP,prosumer5,concentrator_trafo_1_5,propose,477,6.941972,0
1789091976.655061,86,ciclo1_AC_AP,prosumer38,concentrator_trafo_4_34,propose,468,9.223453,0
1789091976.655840,86,ciclo1_AC_AP,prosumer18,concentrator_trafo_2_12,propose,429,9.879008,0
1789091976.656462,86,ciclo1_AC_AP,prosumer43,concentrator_trafo_4_34,propose,483,6.110105,0
1789091976.658661,86,ciclo1_AC_AP,prosumer10,concentrator_trafo_1_5,propose,209,4.671337,0
1789091976.659352,86,ciclo1_AC_AP,prosumer6,concentrator_trafo_1_5,propose,229,5.404517,0
1789091976.660236,86,ciclo1_AC_AP,prosumer32,concentrator_trafo_3_22,propose,132,8.502943,0
1789091976.662635,86,ciclo1_AC_AP,prosumer45,concentrator_trafo_4_34,propose,458,15.364612,0
1789091976.665614,86,ciclo1_AC_AP,prosumer41,concentrator_trafo_4_34,propose,181,4.050564,0
1789091976.668278,86,ciclo1_AC_AP,prosumer20,concentrator_trafo_2_12,propose,391,8.996615,0
1789091976.670812,86,ciclo1_AC_AP,prosumer7,concentrator_trafo_1_5,propose,101,0.108924,0
1789091976.673467,86,ciclo1_AC_AP,prosumer16,concentrator_trafo_2_12,propose,254,3.061102,0
1789091976.676364,86,ciclo1_AC_AP,prosumer42,concentrator_trafo_4_34,propose,483,13.616059,0
1789091976.679396,86,ciclo1_AC_AP,prosumer37,concentrator_trafo_4_34,propose,194,10.758445,0
1789091976.680587,86,ciclo1_AC_AP,prosumer26,concentrator_trafo_3_22,propose,150,10.753877,0
1789091976.681994,86,ciclo1_AC_AP,prosumer35,concentrator_trafo_4_34,propose,178,7.210804,0
1789091976.682744,86,ciclo1_AC_AP,prosumer29,concentrator_trafo_3_22,propose,228,10.069411,0
1789091976.683599,86,ciclo1_AC_AP,prosumer44,concentrator_trafo_4_34,propose,190,7.036014,0
1789091976.685895,86,ciclo1_AC_AP,prosumer13,concentrator_trafo_2_12,propose,303,13.659710,1
1789091976.688971,86,ciclo1_AC_AP,prosumer39,concentrator_trafo_4_34,propose,231,8.425522,0
1789091976.691250,86,ciclo1_AC_AP,prosumer25,concentrator_trafo_3_22,propose,367,12.549906,0
1789091996.702445,86,ciclo1_AC_AP,concentrator_trafo_2_12,prosumer13,cfp,100,6.744220,0
1789091996.775862,86,ciclo1_AC_AP,prosumer13,concentrator_trafo_2_12,propose,430,8.868014,0
1789091996.871505,86,ciclo2_AD_AC,dso,concentrator_trafo_1_5,cfp,100,0.130987,0
1789091996.872025,86,ciclo2_AD_AC,dso,concentrator_trafo_2_12,cfp,100,2.331745,0
1789091996.872326,86,ciclo2_AD_AC,dso,concentrator_trafo_3_22,cfp,100,2.108211,0
1789091996.872466,86,ciclo2_AD_AC,dso,concentrator_trafo_4_34,cfp,100,5.983167,0
1789091996.879117,86,ciclo2_AD_AC,concentrator_trafo_1_5,dso,propose,1215,41.160670,0
1789091996.897579,86,ciclo2_AD_AC,concentrator_trafo_3_22,dso,propose,1164,37.736105,0
1789091996.903423,86,ciclo2_AD_AC,concentrator_trafo_2_12,dso,propose,1275,21.665052,0
1789091996.935245,86,ciclo2_AD_AC,concentrator_trafo_4_34,dso,propose,1372,63.479608,0
1789091997.577733,86,ciclo3_AM_AC_AD,market,dso,cfp,100,0.933272,0
1789091997.597753,86,ciclo3_AM_AC_AD,dso,market,propose,1217,21.536361,0
1789091997.821093,86,ciclo3_AM_AC_AD,market,concentrator_trafo_1_5,cfp,100,3.498821,0
1789091997.821357,86,ciclo3_AM_AC_AD,market,concentrator_trafo_2_12,cfp,100,3.379557,0
1789091997.821501,86,ciclo3_AM_AC_AD,market,concentrator_trafo_3_22,cfp,100,1.715153,0
1789091997.821634,86,ciclo3_AM_AC_AD,market,concentrator_trafo_4_34,cfp,100,1.168666,0
1789091997.821750,86,ciclo3_AM_AC_AD,market,dso,cfp,100,3.007944,0
1789091997.879627,86,ciclo3_AM_AC_AD,concentrator_trafo_4_34,market,propose,1251,45.377716,0
1789091997.884501,86,ciclo3_AM_AC_AD,concentrator_trafo_3_22,market,propose,1237,18.391121,0
1789091997.893300,86,ciclo3_AM_AC_AD,dso,market,propose,1061,17.833368,0
1789091997.896567,86,ciclo3_AM_AC_AD,concentrator_trafo_2_12,market,propose,1128,37.892248,0
1789091997.899744,86,ciclo3_AM_AC_AD,concentrator_trafo_1_5,market,propose,1309,43.029190,0
1789091998.408396,87,ciclo1_AC_AP,concentrator_trafo_1_5,prosumer5,cfp,100,2.196640,0
1789091998.408689,87,ciclo1_AC_AP,concentrator_trafo_1_5,prosumer6,cfp,100,1.209768,0
1789091998.408834,87,ciclo1_AC_AP,concentrator_trafo_1_5,prosumer7,cfp,100,5.273638,0
1789091998.408955,87,ciclo1_AC_AP,concentrator_trafo_1_5,prosumer8,cfp,100,1.815560,0
1789091998.409067,87,ciclo1_AC_AP,concentrator_trafo_1_5,prosumer9,cfp,100,3.324985,0
1789091998.409169,87,ciclo1_AC_AP,concentrator_trafo_1_5,prosumer10,cfp,100,1.995483,0
1789091998.409269,87,ciclo1_AC_AP,concentrator_trafo_1_5,prosumer11,cfp,100,3.689369,0
1789091998.409888,87,ciclo1_AC_AP,concentrator_trafo_2_12,prosumer12,cfp,100,0.454576,0
1789091998.410014,87,ciclo1_AC_AP,concentrator_trafo_2_12,prosumer13,cfp,100,1.693367,0
1789091998.410122,87,ciclo1_AC_AP,concentrator_trafo_2_12,prosumer14,cfp,100,1.335716,0
1789091998.410231,87,ciclo1_AC_AP,concentrator_trafo_2_12,prosumer15,cfp,100,6.666685,0
1789091998.410330,87,ciclo1_AC_AP,concentrator_trafo_2_12,prosumer16,cfp,100,2.095360,0
1789091998.410430,87,ciclo1_AC_AP,concentrator_trafo_2_12,prosumer17,cfp,100,1.261999,0
1789091998.410528,87,ciclo1_AC_AP,concentrator_trafo_2_12,prosumer18,cfp,100,2.019519,0
1789091998.410740,87,ciclo1_AC_AP,concentrator_trafo_2_12,prosumer19,cfp,100,1.988065,0
1789091998.410846,87,ciclo1_AC_AP,concentrator_trafo_2_12,prosumer20,cfp,100,2.076918,0
1789091998.410947,87,ciclo1_AC_AP,concentrator_trafo_2_12,prosumer21,cfp,100,3.965355,0
1789091998.411665,87,ciclo1_AC_AP,concentrator_trafo_3_22,prosumer22,cfp,100,0.821826,0
1789091998.411792,87,ciclo1_AC_AP,concentrator_trafo_3_22,prosumer23,cfp,100,1.733373,0
1789091998.411906,87,ciclo1_AC_AP,concentrator_trafo_3_22,prosumer24,cfp,100,1.236031,0
1789091998.412011,87,ciclo1_AC_AP,concentrator_trafo_3_22,prosumer25,cfp,100,6.265568,0
1789091998.412113,87,ciclo1_AC_AP,concentrator_trafo_3_22,prosumer26,cfp,100,5.673688,0
1789091998.412210,87,ciclo1_AC_AP,concentrator_trafo_3_22,prosumer27,cfp,100,6.714262,0
1789091998.412310,87,ciclo1_AC_AP,concentrator_trafo_3_22,prosumer28,cfp,100,3.665027,0
1789091998.412408,87,ciclo1_AC_AP,concentrator_trafo_3_22,prosumer29,cfp,100,2.488327,0
1789091998.412505,87,ciclo1_AC_AP,concentrator_trafo_3_22,prosumer30,cfp,100,1.412217,0
1789091998.412611,87,ciclo1_AC_AP,concentrator_trafo_3_22,prosumer31,cfp,100,1.165079,0
1789091998.412749,87,ciclo1_AC_AP,concentrator_trafo_3_22,prosumer32,cfp,100,2.795812,0
1789091998.412857,87,ciclo1_AC_AP,concentrator_trafo_3_22,prosumer33,cfp,100,2.162118,0
1789091998.413553,87,ciclo1_AC_AP,concentrator_trafo_4_34,prosumer34,cfp,100,2.253689,0
1789091998.413680,87,ciclo1_AC_AP,concentrator_trafo_4_34,prosumer35,cfp,100,2.331015,0
1789091998.413791,87,ciclo1_AC_AP,concentrator_trafo_4_34,prosumer36,cfp,100,3.466653,0
1789091998.413895,87,ciclo1_AC_AP,concentrator_trafo_4_34,prosumer37,cfp,100,2.103182,0
1789091998.413996,87,ciclo1_AC_AP,concentrator_trafo_4_34,prosumer38,cfp,100,1.582530,0
1789091998.414094,87,ciclo1_AC_AP,concentrator_trafo_4_34,prosumer39,cfp,100,3.588745,0
1789091998.414201,87,ciclo1_AC_AP,concentrator_trafo_4_34,prosumer40,cfp,100,0.400320,0
1789091998.414301,87,ciclo1_AC_AP,concentrator_trafo_4_34,prosumer41,cfp,100,1.301839,0
1789091998.414400,87,ciclo1_AC_AP,concentrator_trafo_4_34,prosumer42,cfp,100,1.726362,0
1789091998.414500,87,ciclo1_AC_AP,concentrator_trafo_4_34,prosumer43,cfp,100,1.635705,0
1789091998.414603,87,ciclo1_AC_AP,concentrator_trafo_4_34,prosumer44,cfp,100,5.152420,0
1789091998.414702,87,ciclo1_AC_AP,concentrator_trafo_4_34,prosumer45,cfp,100,4.059295,0
1789091998.414803,87,ciclo1_AC_AP,concentrator_trafo_4_34,prosumer46,cfp,100,2.317812,0
1789091998.419626,87,ciclo1_AC_AP,prosumer12,concentrator_trafo_2_12,propose,261,7.746607,0
1789091998.424934,87,ciclo1_AC_AP,prosumer40,concentrator_trafo_4_34,propose,231,5.479687,0
1789091998.426192,87,ciclo1_AC_AP,prosumer22,concentrator_trafo_3_22,propose,229,5.300903,0
1789091998.432693,87,ciclo1_AC_AP,prosumer6,concentrator_trafo_1_5,propose,469,9.439709,0
1789091998.439298,87,ciclo1_AC_AP,prosumer17,concentrator_trafo_2_12,propose,245,3.099883,0
1789091998.443521,87,ciclo1_AC_AP,prosumer14,concentrator_trafo_2_12,propose,292,7.572745,0
1789091998.447547,87,ciclo1_AC_AP,prosumer31,concentrator_trafo_3_22,propose,411,6.128615,0
1789091998.451247,87,ciclo1_AC_AP,prosumer24,concentrator_trafo_3_22,propose,363,4.864837,0
1789091998.454275,87,ciclo1_AC_AP,prosumer30,concentrator_trafo_3_22,propose,111,3.788174,0
1789091998.459433,87,ciclo1_AC_AP,prosumer13,concentrator_trafo_2_12,propose,355,8.989838,0
1789091998.463783,87,ciclo1_AC_AP,prosumer8,concentrator_trafo_1_5,propose,430,8.989783,0
1789091998.467850,87,ciclo1_AC_AP,prosumer41,concentrator_trafo_4_34,propose,363,7.495391,0
1789091998.471690,87,ciclo1_AC_AP,prosumer10,concentrator_trafo_1_5,propose,357,4.124639,0
1789091998.475709,87,ciclo1_AC_AP,prosumer23,concentrator_trafo_3_22,propose,203,3.430035,0
1789091998.479679,87,ciclo1_AC_AP,prosumer38,concentrator_trafo_4_34,propose,316,13.846518,0
1789091998.483614,87,ciclo1_AC_AP,prosumer5,concentrator_trafo_1_5,propose,239,5.773952,0
1789091998.487738,87,ciclo1_AC_AP,prosumer19,concentrator_trafo_2_12,propose,474,8.967295,0
1789091998.489308,87,ciclo1_AC_AP,prosumer18,concentrator_trafo_2_12,propose,435,7.215635,0
1789091998.490404,87,ciclo1_AC_AP,prosumer43,concentrator_trafo_4_34,propose,489,7.229565,0
1789091998.494343,87,ciclo1_AC_AP,prosumer16,concentrator_trafo_2_12,propose,308,7.000131,0
1789091998.498113,87,ciclo1_AC_AP,prosumer20,concentrator_trafo_2_12,propose,469,6.600642,0
1789091998.501063,87,ciclo1_AC_AP,prosumer42,concentrator_trafo_4_34,propose,118,3.143989,0
1789091998.502650,87,ciclo1_AC_AP,prosumer33,concentrator_trafo_3_22,propose,111,2.880583,0
1789091998.506811,87,ciclo1_AC_AP,prosumer37,concentrator_trafo_4_34,propose,312,14.434038,0
1789091998.509728,87,ciclo1_AC_AP,prosumer34,concentrator_trafo_4_34,propose,384,7.395961,0
1789091998.512196,87,ciclo1_AC_AP,prosumer35,concentrator_trafo_4_34,propose,143,10.789276,0
1789091998.512929,87,ciclo1_AC_AP,prosumer29,concentrator_trafo_3_22,propose,242,9.238429,0
1789091998.515082,87,ciclo1_AC_AP,prosumer46,concentrator_trafo_4_34,propose,464,8.331663,0
1789091998.517378,87,ciclo1_AC_AP,prosumer32,concentrator_trafo_3_22,propose,113,4.378934,0
1789091998.518174,87,ciclo1_AC_AP,prosumer9,concentrator_trafo_1_5,propose,115,1.057093,0
1789091998.521529,87,ciclo1_AC_AP,prosumer11,concentrator_trafo_1_5,propose,352,6.779098,0
1789091998.524737,87,ciclo1_AC_AP,prosumer36,concentrator_trafo_4_34,propose,447,15.146957,0
1789091998.527323,87,ciclo1_AC_AP,prosumer28,concentrator_trafo_3_22,propose,299,13.853496,0
1789091998.527983,87,ciclo1_AC_AP,prosumer39,concentrator_trafo_4_34,propose,373,10.961880,0
1789091998.528588,87,ciclo1_AC_AP,prosumer21,concentrator_trafo_2_12,propose,279,6.311737,0
1789091998.529319,87,ciclo1_AC_AP,prosumer45,concentrator_trafo_4_34,propose,381,9.654125,0
1789091998.531302,87,ciclo1_AC_AP,prosumer7,concentrator_trafo_1_5,propose,341,8.566763,0
1789091998.531882,87,ciclo1_AC_AP,prosumer44,concentrator_trafo_4_34,propose,368,9.634556,0
1789091998.532569,87,ciclo1_AC_AP,prosumer26,concentrator_trafo_3_22,propose,327,11.083612,0
1789091998.536225,87,ciclo1_AC_AP,prosumer25,concentrator_trafo_3_22,propose,384,13.075150,0
1789091998.536908,87,ciclo1_AC_AP,prosumer15,concentrator_trafo_2_12,propose,480,15.320567,0
1789091998.537862,87,ciclo1_AC_AP,prosumer27,concentrator_trafo_3_22,propose,475,17.818349,0
1789091998.723208,87,ciclo2_AD_AC,dso,concentrator_trafo_1_5,cfp,100,5.486054,0
1789091998.723485,87,ciclo2_AD_AC,dso,concentrator_trafo_2_12,cfp,100,3.307066,0
1789091998.723637,87,ciclo2_AD_AC,dso,concentrator_trafo_3_22,cfp,100,2.342183,0
1789091998.723756,87,ciclo2_AD_AC,dso,concentrator_trafo_4_34,cfp,100,9.065759,0
1789091998.753411,87,ciclo2_AD_AC,concentrator_trafo_3_22,dso,propose,1360,44.751779,0
1789091998.762058,87,ciclo2_AD_AC,concentrator_trafo_2_12,dso,propose,1460,22.828691,0
1789091998.784386,87,ciclo2_AD_AC,concentrator_trafo_1_5,dso,propose,1243,38.787585,0
1789091998.820869,87,ciclo2_AD_AC,concentrator_trafo_4_34,dso,propose,1296,64.397628,0
1789091999.472833,87,ciclo3_AM_AC_AD,market,dso,cfp,100,0.892405,0
1789091999.527073,87,ciclo3_AM_AC_AD,dso,market,propose,1094,16.813532,0
1789091999.702768,87,ciclo3_AM_AC_AD,market,concentrator_trafo_1_5,cfp,100,5.649416,0
1789091999.703157,87,ciclo3_AM_AC_AD,market,concentrator_trafo_2_12,cfp,100,3.522734,0
1789091999.703303,87,ciclo3_AM_AC_AD,market,concentrator_trafo_3_22,cfp,100,2.936529,0
1789091999.703427,87,ciclo3_AM_AC_AD,market,concentrator_trafo_4_34,cfp,100,5.446674,0
1789091999.703550,87,ciclo3_AM_AC_AD,market,dso,cfp,100,3.271608,0
1789091999.791518,87,ciclo3_AM_AC_AD,concentrator_trafo_3_22,market,propose,1412,23.677779,0
1789091999.797755,87,ciclo3_AM_AC_AD,concentrator_trafo_2_12,market,propose,1300,43.849465,0
1789091999.799350,87,ciclo3_AM_AC_AD,dso,market,propose,1386,21.077527,0
1789091999.803534,87,ciclo3_AM_AC_AD,concentrator_trafo_1_5,market,propose,1012,33.394896,0
1789091999.807754,87,ciclo3_AM_AC_AD,concentrator_trafo_4_34,market,propose,1310,47.288061,0
1789092000.356396,88,ciclo1_AC_AP,concentrator_trafo_1_5,prosumer5,cfp,100,3.019308,0
1789092000.356902,88,ciclo1_AC_AP,concentrator_trafo_1_5,prosumer6,cfp,100,3.744030,0
1789092000.357309,88,ciclo1_AC_AP,concentrator_trafo_1_5,prosumer7,cfp,100,2.047617,0
1789092000.357694,88,ciclo1_AC_AP,concentrator_trafo_1_5,prosumer8,cfp,100,0.906587,0
1789092000.358036,88,ciclo1_AC_AP,concentrator_trafo_1_5,prosumer9,cfp,100,2.483023,0
1789092000.358251,88,ciclo1_AC_AP,concentrator_trafo_1_5,prosumer10,cfp,100,2.367538,0
1789092000.358406,88,ciclo1_AC_AP,concentrator_trafo_1_5,prosumer11,cfp,100,0.382590,0
1789092000.359293,88,ciclo1_AC_AP,concentrator_trafo_2_12,prosumer12,cfp,100,0.820829,0
1789092000.359487,88,ciclo1_AC_AP,concentrator_trafo_2_12,prosumer13,cfp,100,3.964911,0
1789092000.359653,88,ciclo1_AC_AP,concentrator_trafo_2_12,prosumer14,cfp,100,2.455694,0
1789092000.359800,88,ciclo1_AC_AP,concentrator_trafo_2_12,prosumer15,cfp,100,1.983978,0
1789092000.359940,88,ciclo1_AC_AP,concentrator_trafo_2_12,prosumer16,cfp,100,3.379846,0
1789092000.360078,88,ciclo1_AC_AP,concentrator_trafo_2_12,prosumer17,cfp,100,3.182617,0
1789092000.360219,88,ciclo1_AC_AP,concentrator_trafo_2_12,prosumer18,cfp,100,3.760743,0
1789092000.360363,88,ciclo1_AC_AP,concentrator_trafo_2_12,prosumer19,cfp,100,3.547989,0
1789092000.360501,88,ciclo1_AC_AP,concentrator_trafo_2_12,prosumer20,cfp,100,0.091878,0
1789092000.360655,88,ciclo1_AC_AP,concentrator_trafo_2_12,prosumer21,cfp,100,1.701701,0
1789092000.361564,88,ciclo1_AC_AP,concentrator_trafo_3_22,prosumer22,cfp,100,2.739887,0
1789092000.362008,88,ciclo1_AC_AP,concentrator_trafo_3_22,prosumer23,cfp,100,0.903401,0
1789092000.362440,88,ciclo1_AC_AP,concentrator_trafo_3_22,prosumer24,cfp,100,1.738314,0
1789092000.362668,88,ciclo1_AC_AP,concentrator_trafo_3_22,prosumer25,cfp,100,3.895247,0
1789092000.362823,88,ciclo1_AC_AP,concentrator_trafo_3_22,prosumer26,cfp,100,0.438854,0
1789092000.362967,88,ciclo1_AC_AP,concentrator_trafo_3_22,prosumer27,cfp,100,4.412585,0
1789092000.363118,88,ciclo1_AC_AP,concentrator_trafo_3_22,prosumer28,cfp,100,2.816225,0
1789092000.363367,88,ciclo1_AC_AP,concentrator_trafo_3_22,prosumer29,cfp,100,5.289791,0
1789092000.363619,88,ciclo1_AC_AP,concentrator_trafo_3_22,prosumer30,cfp,100,1.007903,0
1789092000.363883,88,ciclo1_AC_AP,concentrator_trafo_3_22,prosumer31,cfp,100,3.623658,0
1789092000.364291,88,ciclo1_AC_AP,concentrator_trafo_3_22,prosumer32,cfp,100,2.673605,0
1789092000.364522,88,ciclo1_AC_AP,concentrator_trafo_3_22,prosumer33,cfp,100,2.552965,0
1789092000.365643,88,ciclo1_AC_AP,concentrator_trafo_4_34,prosumer34,cfp,100,3.710187,0
1789092000.365865,88,ciclo1_AC_AP,concentrator_trafo_4_34,prosumer35,cfp,100,1.297496,0
1789092000.366040,88,ciclo1_AC_AP,concentrator_trafo_4_34,prosumer36,cfp,100,3.588439,0
1789092000.366207,88,ciclo1_AC_AP,concentrator_trafo_4_34,prosumer37,cfp,100,5.639037,0
1789092000.366410,88,ciclo1_AC_AP,concentrator_trafo_4_34,prosumer38,cfp,100,2.738576,0
1789092000.366688,88,ciclo1_AC_AP,concentrator_trafo_4_34,prosumer39,cfp,100,4.668406,0
1789092000.366917,88,ciclo1_AC_AP,concentrator_trafo_4_34,prosumer40,cfp,100,0.366679,0
1789092000.367217,88,ciclo1_AC_AP,concentrator_trafo_4_34,prosumer41,cfp,100,2.978805,0
1789092000.367373,88,ciclo1_AC_AP,concentrator_trafo_4_34,prosumer42,cfp,100,1.499717,0
1789092000.367518,88,ciclo1_AC_AP,concentrator_trafo_4_34,prosumer43,cfp,100,1.186488,0
1789092000.367669,88,ciclo1_AC_AP,concentrator_trafo_4_34,prosumer44,cfp,100,1.012651,0
1789092000.367799,88,ciclo1_AC_AP,concentrator_trafo_4_34,prosumer45,cfp,100,1.962954,0
1789092000.367934,88,ciclo1_AC_AP,concentrator_trafo_4_34,prosumer46,cfp,100,3.806047,0
1789092000.374837,88,ciclo1_AC_AP,prosumer20,concentrator_trafo_2_12,propose,282,4.874671,0
1789092000.379853,88,ciclo1_AC_AP,prosumer11,concentrator_trafo_1_5,propose,207,5.797598,0
1789092000.384382,88,ciclo1_AC_AP,prosumer8,concentrator_trafo_1_5,propose,257,7.825403,0
1789092000.385634,88,ciclo1_AC_AP,prosumer26,concentrator_trafo_3_22,propose,320,14.241025,0
1789092000.389936,88,ciclo1_AC_AP,prosumer12,concentrator_trafo_2_12,propose,134,2.954920,0
1789092000.396419,88,ciclo1_AC_AP,prosumer40,concentrator_trafo_4_34,propose,212,3.865577,0
1789092000.397217,88,ciclo1_AC_AP,prosumer23,concentrator_trafo_3_22,propose,149,4.426344,0
1789092000.397821,88,ciclo1_AC_AP,prosumer30,concentrator_trafo_3_22,propose,184,4.778193,0
1789092000.399808,88,ciclo1_AC_AP,prosumer21,concentrator_trafo_2_12,propose,410,8.223943,0
1789092000.401747,88,ciclo1_AC_AP,prosumer7,concentrator_trafo_1_5,propose,332,7.170894,0
1789092000.403659,88,ciclo1_AC_AP,prosumer44,concentrator_trafo_4_34,propose,421,14.933669,0
1789092000.405622,88,ciclo1_AC_AP,prosumer35,concentrator_trafo_4_34,propose,165,8.465689,0
1789092000.407625,88,ciclo1_AC_AP,prosumer43,concentrator_trafo_4_34,propose,354,5.412735,0
1789092000.408188,88,ciclo1_AC_AP,prosumer15,concentrator_trafo_2_12,propose,261,10.117895,0
1789092000.409151,88,ciclo1_AC_AP,prosumer24,concentrator_trafo_3_22,propose,325,5.161278,0
1789092000.411089,88,ciclo1_AC_AP,prosumer10,concentrator_trafo_1_5,propose,455,9.780122,0
1789092000.412971,88,ciclo1_AC_AP,prosumer42,concentrator_trafo_4_34,propose,179,6.240749,0
1789092000.414914,88,ciclo1_AC_AP,prosumer9,concentrator_trafo_1_5,propose,350,4.702487,0
1789092000.416876,88,ciclo1_AC_AP,prosumer14,concentrator_trafo_2_12,propose,500,8.408616,0
1789092000.418758,88,ciclo1_AC_AP,prosumer5,concentrator_trafo_1_5,propose,229,4.408694,0
1789092000.420696,88,ciclo1_AC_AP,prosumer45,concentrator_trafo_4_34,propose,351,9.679774,0
1789092000.421269,88,ciclo1_AC_AP,prosumer22,concentrator_trafo_3_22,propose,274,4.070877,0
1789092000.423171,88,ciclo1_AC_AP,prosumer33,concentrator_trafo_3_22,propose,463,8.860703,0
1789092000.425702,88,ciclo1_AC_AP,prosumer32,concentrator_trafo_3_22,propose,368,14.538841,0
1789092000.428117,88,ciclo1_AC_AP,prosumer28,concentrator_trafo_3_22,propose,470,19.283821,0
1789092000.430087,88,ciclo1_AC_AP,prosumer17,concentrator_trafo_2_12,propose,214,5.036973,0
1789092000.432151,88,ciclo1_AC_AP,prosumer16,concentrator_trafo_2_12,propose,496,7.095478,0
1789092000.434043,88,ciclo1_AC_AP,prosumer38,concentrator_trafo_4_34,propose,122,3.036691,0
1789092000.437101,88,ciclo1_AC_AP,prosumer6,concentrator_trafo_1_5,propose,284,4.669419,0
1789092000.438318,88,ciclo1_AC_AP,prosumer19,concentrator_trafo_2_12,propose,361,5.334698,0
1789092000.440240,88,ciclo1_AC_AP,prosumer41,concentrator_trafo_4_34,propose,235,5.754656,0
1789092000.442140,88,ciclo1_AC_AP,prosumer18,concentrator_trafo_2_12,propose,301,4.507899,0
1789092000.442804,88,ciclo1_AC_AP,prosumer13,concentrator_trafo_2_12,propose,373,5.971195,0
1789092000.444788,88,ciclo1_AC_AP,prosumer31,concentrator_trafo_3_22,propose,432,7.011130,0
1789092000.445370,88,ciclo1_AC_AP,prosumer25,concentrator_trafo_3_22,propose,404,16.209668,0
1789092000.447290,88,ciclo1_AC_AP,prosumer36,concentrator_trafo_4_34,propose,149,7.335564,0
1789092000.449269,88,ciclo1_AC_AP,prosumer34,concentrator_trafo_4_34,propose,257,6.386635,0
1789092000.451630,88,ciclo1_AC_AP,prosumer46,concentrator_trafo_4_34,propose,166,2.831915,0
1789092000.453627,88,ciclo1_AC_AP,prosumer27,concentrator_trafo_3_22,propose,358,13.969167,0
1789092000.455636,88,ciclo1_AC_AP,prosumer39,concentrator_trafo_4_34,propose,171,5.902523,0
1789092000.456220,88,ciclo1_AC_AP,prosumer29,concentrator_trafo_3_22,propose,174,8.178457,0
1789092000.456975,88,ciclo1_AC_AP,prosumer37,concentrator_trafo_4_34,propose,132,6.198294,0
1789092000.626568,88,ciclo2_AD_AC,dso,concentrator_trafo_1_5,cfp,100,2.704672,0
1789092000.626832,88,ciclo2_AD_AC,dso,concentrator_trafo_2_12,cfp,100,1.003096,0
1789092000.626955,88,ciclo2_AD_AC,dso,concentrator_trafo_3_22,cfp,100,3.996403,0
1789092000.627052,88,ciclo2_AD_AC,dso,concentrator_trafo_4_34,cfp,100,4.270482,0
1789092000.642250,88,ciclo2_AD_AC,concentrator_trafo_2_12,dso,propose,1478,25.266251,0
1789092000.660947,88,ciclo2_AD_AC,concentrator_trafo_1_5,dso,propose,1174,41.416810,0
1789092000.671828,88,ciclo2_AD_AC,concentrator_trafo_3_22,dso,propose,1099,33.040274,0
1789092000.673246,88,ciclo2_AD_AC,concentrator_trafo_4_34,dso,propose,1022,53.765868,0
1789092001.219851,88,ciclo3_AM_AC_AD,market,dso,cfp,100,1.976119,0
1789092001.280406,88,ciclo3_AM_AC_AD,dso,market,propose,1013,15.189660,0
1789092001.442138,88,ciclo3_AM_AC_AD,market,concentrator_trafo_1_5,cfp,100,4.545505,0
1789092001.442603,88,ciclo3_AM_AC_AD,market,concentrator_trafo_2_12,cfp,100,5.709103,0
1789092001.442785,88,ciclo3_AM_AC_AD,market,concentrator_trafo_3_22,cfp,100,3.800419,0
1789092001.442931,88,ciclo3_AM_AC_AD,market,concentrator_trafo_4_34,cfp,100,2.427879,0
1789092001.443068,88,ciclo3_AM_AC_AD,market,dso,cfp,100,0.093492,0
1789092001.492666,88,ciclo3_AM_AC_AD,dso,market,propose,1250,18.561161,0
1789092001.498289,88,ciclo3_AM_AC_AD,concentrator_trafo_4_34,market,propose,1241,51.684733,0
1789092001.526401,88,ciclo3_AM_AC_AD,concentrator_trafo_3_22,market,propose,1039,19.614000,0
1789092001.532146,88,ciclo3_AM_AC_AD,concentrator_trafo_1_5,market,propose,1293,44.423054,0
1789092001.536653,88,ciclo3_AM_AC_AD,concentrator_trafo_2_12,market,propose,1268,40.639964,0
1789092002.094138,89,ciclo1_AC_AP,concentrator_trafo_1_5,prosumer5,cfp,100,2.715188,0
1789092002.094407,89,ciclo1_AC_AP,concentrator_trafo_1_5,prosumer6,cfp,100,2.055688,0
1789092002.094585,89,ciclo1_AC_AP,concentrator_trafo_1_5,prosumer7,cfp,100,2.943007,0
1789092002.094747,89,ciclo1_AC_AP,concentrator_trafo_1_5,prosumer8,cfp,100,2.498808,0
1789092002.094894,89,ciclo1_AC_AP,concentrator_trafo_1_5,prosumer9,cfp,100,3.608110,0
1789092002.095019,89,ciclo1_AC_AP,concentrator_trafo_1_5,prosumer10,cfp,100,1.290622,0
1789092002.095143,89,ciclo1_AC_AP,concentrator_trafo_1_5,prosumer11,cfp,100,2.968853,0
1789092002.095989,89,ciclo1_AC_AP,concentrator_trafo_2_12,prosumer12,cfp,100,0.729764,0
1789092002.096394,89,ciclo1_AC_AP,concentrator_trafo_2_12,prosumer13,cfp,100,1.512567,0
1789092002.097060,89,ciclo1_AC_AP,concentrator_trafo_2_12,prosumer14,cfp,100,1.830647,0
1789092002.097489,89,ciclo1_AC_AP,concentrator_trafo_2_12,prosumer15,cfp,100,2.887903,0
1789092002.097782,89,ciclo1_AC_AP,concentrator_trafo_2_12,prosumer16,cfp,100,3.487073,0
1789092002.097944,89,ciclo1_AC_AP,concentrator_trafo_2_12,prosumer17,cfp,100,0.673706,0
1789092002.098097,89,ciclo1_AC_AP,concentrator_trafo_2_12,prosumer18,cfp,100,2.923685,0
1789092002.098244,89,ciclo1_AC_AP,concentrator_trafo_2_12,prosumer19,cfp,100,2.794779,0
1789092002.098388,89,ciclo1_AC_AP,concentrator_trafo_2_12,prosumer20,cfp,100,1.589711,0
1789092002.098533,89,ciclo1_AC_AP,concentrator_trafo_2_12,prosumer21,cfp,100,2.884514,0
1789092002.099665,89,ciclo1_AC_AP,concentrator_trafo_3_22,prosumer22,cfp,100,0.502208,0
1789092002.099878,89,ciclo1_AC_AP,concentrator_trafo_3_22,prosumer23,cfp,100,2.130383,0
1789092002.100049,89,ciclo1_AC_AP,concentrator_trafo_3_22,prosumer24,cfp,100,3.071602,0
1789092002.100213,89,ciclo1_AC_AP,concentrator_trafo_3_22,prosumer25,cfp,100,5.502128,0
1789092002.100372,89,ciclo1_AC_AP,concentrator_trafo_3_22,prosumer26,cfp,100,3.213790,0
1789092002.100531,89,ciclo1_AC_AP,concentrator_trafo_3_22,prosumer27,cfp,100,4.166155,0
1789092002.100700,89,ciclo1_AC_AP,concentrator_trafo_3_22,prosumer28,cfp,100,3.959310,0
1789092002.100852,89,ciclo1_AC_AP,concentrator_trafo_3_22,prosumer29,cfp,100,4.935134,0
1789092002.101002,89,ciclo1_AC_AP,concentrator_trafo_3_22,prosumer30,cfp,100,1.154513,0
1789092002.101148,89,ciclo1_AC_AP,concentrator_trafo_3_22,prosumer31,cfp,100,2.528275,0
1789092002.101292,89,ciclo1_AC_AP,concentrator_trafo_3_22,prosumer32,cfp,100,2.557078,0
1789092002.101438,89,ciclo1_AC_AP,concentrator_trafo_3_22,prosumer33,cfp,100,0.498307,0
1789092002.102427,89,ciclo1_AC_AP,concentrator_trafo_4_34,prosumer34,cfp,100,1.093272,0
1789092002.102602,89,ciclo1_AC_AP,concentrator_trafo_4_34,prosumer35,cfp,100,0.733442,0
1789092002.102758,89,ciclo1_AC_AP,concentrator_trafo_4_34,prosumer36,cfp,100,5.074641,0
1789092002.102906,89,ciclo1_AC_AP,concentrator_trafo_4_34,prosumer37,cfp,100,5.676668,0
1789092002.103058,89,ciclo1_AC_AP,concentrator_trafo_4_34,prosumer38,cfp,100,0.058900,0
1789092002.103202,89,ciclo1_AC_AP,concentrator_trafo_4_34,prosumer39,cfp,100,0.936685,0
1789092002.103364,89,ciclo1_AC_AP,concentrator_trafo_4_34,prosumer40,cfp,100,3.207365,0
1789092002.103549,89,ciclo1_AC_AP,concentrator_trafo_4_34,prosumer41,cfp,100,1.340302,0
1789092002.103728,89,ciclo1_AC_AP,concentrator_trafo_4_34,prosumer42,cfp,100,3.381634,0
1789092002.103880,89,ciclo1_AC_AP,concentrator_trafo_4_34,prosumer43,cfp,100,2.265062,0
1789092002.104059,89,ciclo1_AC_AP,concentrator_trafo_4_34,prosumer44,cfp,100,4.821828,0
1789092002.104214,89,ciclo1_AC_AP,concentrator_trafo_4_34,prosumer45,cfp,100,3.265616,0
1789092002.104681,89,ciclo1_AC_AP,concentrator_trafo_4_34,prosumer46,cfp,100,0.950400,0
1789092002.109526,89,ciclo1_AC_AP,prosumer12,concentrator_trafo_2_12,propose,125,2.530246,0
1789092002.114007,89,ciclo1_AC_AP,prosumer38,concentrator_trafo_4_34,propose,171,3.005720,0
1789092002.118286,89,ciclo1_AC_AP,prosumer17,concentrator_trafo_2_12,propose,421,8.536079,0
1789092002.122308,89,ciclo1_AC_AP,prosumer22,concentrator_trafo_3_22,propose,338,6.579845,0
1789092002.128093,89,ciclo1_AC_AP,prosumer33,concentrator_trafo_3_22,propose,388,8.662652,0
1789092002.135872,89,ciclo1_AC_AP,prosumer10,concentrator_trafo_1_5,propose,169,4.809950,0
1789092002.141693,89,ciclo1_AC_AP,prosumer35,concentrator_trafo_4_34,propose,388,18.359829,0
1789092002.145153,89,ciclo1_AC_AP,prosumer13,concentrator_trafo_2_12,propose,232,10.562667,0
1789092002.145985,89,ciclo1_AC_AP,prosumer30,concentrator_trafo_3_22,propose,141,2.955942,0
1789092002.147187,89,ciclo1_AC_AP,prosumer39,concentrator_trafo_4_34,propose,254,8.446129,0
1789092002.150586,89,ciclo1_AC_AP,prosumer34,concentrator_trafo_4_34,propose,282,4.223654,0
1789092002.153292,89,ciclo1_AC_AP,prosumer46,concentrator_trafo_4_34,propose,166,5.319257,0
1789092002.155336,89,ciclo1_AC_AP,prosumer20,concentrator_trafo_2_12,propose,339,7.873511,0
1789092002.155928,89,ciclo1_AC_AP,prosumer6,concentrator_trafo_1_5,propose,289,6.196678,0
1789092002.157875,89,ciclo1_AC_AP,prosumer14,concentrator_trafo_2_12,propose,121,2.432890,0
1789092002.159856,89,ciclo1_AC_AP,prosumer41,concentrator_trafo_4_34,propose,268,5.765897,0
1789092002.161816,89,ciclo1_AC_AP,prosumer8,concentrator_trafo_1_5,propose,152,6.042583,0
1789092002.162566,89,ciclo1_AC_AP,prosumer23,concentrator_trafo_3_22,propose,151,4.025132,0
1789092002.164625,89,ciclo1_AC_AP,prosumer5,concentrator_trafo_1_5,propose,419,10.098277,0
1789092002.166638,89,ciclo1_AC_AP,prosumer7,concentrator_trafo_1_5,propose,446,13.683547,0
1789092002.168993,89,ciclo1_AC_AP,prosumer11,concentrator_trafo_1_5,propose,156,2.388018,0
1789092002.170965,89,ciclo1_AC_AP,prosumer19,concentrator_trafo_2_12,propose,256,4.466059,0
1789092002.172886,89,ciclo1_AC_AP,prosumer15,concentrator_trafo_2_12,propose,436,16.674728,0
1789092002.174692,89,ciclo1_AC_AP,prosumer31,concentrator_trafo_3_22,propose,257,4.386301,0
1789092002.176548,89,ciclo1_AC_AP,prosumer43,concentrator_trafo_4_34,propose,397,9.741546,0
1789092002.178407,89,ciclo1_AC_AP,prosumer32,concentrator_trafo_3_22,propose,287,11.655079,0
1789092002.180210,89,ciclo1_AC_AP,prosumer18,concentrator_trafo_2_12,propose,192,4.122879,0
1789092002.182232,89,ciclo1_AC_AP,prosumer21,concentrator_trafo_2_12,propose,494,8.587178,0
1789092002.185148,89,ciclo1_AC_AP,prosumer24,concentrator_trafo_3_22,propose,103,0.551790,0
1789092002.187086,89,ciclo1_AC_AP,prosumer9,concentrator_trafo_1_5,propose,436,7.136761,0
1789092002.188055,89,ciclo1_AC_AP,prosumer26,concentrator_trafo_3_22,propose,486,16.080355,0
1789092002.189903,89,ciclo1_AC_AP,prosumer16,concentrator_trafo_2_12,propose,343,7.969834,0
1789092002.190699,89,ciclo1_AC_AP,prosumer40,concentrator_trafo_4_34,propose,307,7.354338,0
1789092002.191343,89,ciclo1_AC_AP,prosumer45,concentrator_trafo_4_34,propose,307,13.582923,0
1789092002.193605,89,ciclo1_AC_AP,prosumer42,concentrator_trafo_4_34,propose,424,19.791601,0
1789092002.195520,89,ciclo1_AC_AP,prosumer28,concentrator_trafo_3_22,propose,209,7.337034,0
1789092002.195979,89,ciclo1_AC_AP,prosumer27,concentrator_trafo_3_22,propose,146,5.815765,0
1789092002.198077,89,ciclo1_AC_AP,prosumer29,concentrator_trafo_3_22,propose,313,13.321086,0
1789092002.199967,89,ciclo1_AC_AP,prosumer44,concentrator_trafo_4_34,propose,236,7.446862,0
1789092002.201868,89,ciclo1_AC_AP,prosumer36,concentrator_trafo_4_34,propose,348,11.375802,0
1789092002.202355,89,ciclo1_AC_AP,prosumer25,concentrator_trafo_3_22,propose,321,9.239691,0
1789092002.204651,89,ciclo1_AC_AP,prosumer37,concentrator_trafo_4_34,propose,442,15.760054,0
1789092002.401008,89,ciclo2_AD_AC,dso,concentrator_trafo_1_5,cfp,100,4.693366,0
1789092002.401278,89,ciclo2_AD_AC,dso,concentrator_trafo_2_12,cfp,100,2.614291,0
1789092002.401443,89,ciclo2_AD_AC,dso,concentrator_trafo_3_22,cfp,100,5.040553,0
1789092002.401679,89,ciclo2_AD_AC,dso,concentrator_trafo_4_34,cfp,100,3.636632,0
1789092002.436512,89,ciclo2_AD_AC,concentrator_trafo_2_12,dso,propose,1252,19.877591,0
1789092002.442681,89,ciclo2_AD_AC,concentrator_trafo_4_34,dso,propose,1454,70.054798,0
1789092002.454488,89,ciclo2_AD_AC,concentrator_trafo_1_5,dso,propose,1192,42.596528,0
1789092002.459430,89,ciclo2_AD_AC,concentrator_trafo_3_22,dso,propose,1074,35.857373,0
1789092003.151443,89,ciclo3_AM_AC_AD,market,dso,cfp,100,0.245756,0
1789092003.163754,89,ciclo3_AM_AC_AD,dso,market,propose,1219,22.095002,0
1789092003.393344,89,ciclo3_AM_AC_AD,market,concentrator_trafo_1_5,cfp,100,5.976992,0
1789092003.393564,89,ciclo3_AM_AC_AD,market,concentrator_trafo_2_12,cfp,100,2.647558,0
1789092003.393696,89,ciclo3_AM_AC_AD,market,concentrator_trafo_3_22,cfp,100,0.537839,0
1789092003.393807,89,ciclo3_AM_AC_AD,market,concentrator_trafo_4_34,cfp,100,1.746871,0
1789092003.393912,89,ciclo3_AM_AC_AD,market,dso,cfp,100,2.928737,0
1789092003.437627,89,ciclo3_AM_AC_AD,concentrator_trafo_3_22,market,propose,1414,25.604097,0
1789092003.448814,89,ciclo3_AM_AC_AD,concentrator_trafo_4_34,market,propose,1105,35.730465,0
1789092003.467551,89,ciclo3_AM_AC_AD,concentrator_trafo_2_12,market,propose,1390,43.775296,0
1789092003.488298,89,ciclo3_AM_AC_AD,concentrator_trafo_1_5,market,propose,1217,39.436594,0
1789092003.493814,89,ciclo3_AM_AC_AD,dso,market,propose,1321,22.891154,0
1789092003.972678,90,ciclo1_AC_AP,concentrator_trafo_1_5,prosumer5,cfp,100,3.755566,0
1789092003.973120,90,ciclo1_AC_AP,concentrator_trafo_1_5,prosumer6,cfp,100,1.634083,0
1789092003.973384,90,ciclo1_AC_AP,concentrator_trafo_1_5,prosumer7,cfp,100,9.222843,1
1789092003.973621,90,ciclo1_AC_AP,concentrator_trafo_1_5,prosumer8,cfp,100,2.791665,0
1789092003.973938,90,ciclo1_AC_AP,concentrator_trafo_1_5,prosumer9,cfp,100,2.345538,0
1789092003.974299,90,ciclo1_AC_AP,concentrator_trafo_1_5,prosumer10,cfp,100,1.475606,0
1789092003.974555,90,ciclo1_AC_AP,concentrator_trafo_1_5,prosumer11,cfp,100,3.862126,0
1789092003.975836,90,ciclo1_AC_AP,concentrator_trafo_2_12,prosumer12,cfp,100,2.232915,0
1789092003.976122,90,ciclo1_AC_AP,concentrator_trafo_2_12,prosumer13,cfp,100,0.724403,0
1789092003.976329,90,ciclo1_AC_AP,concentrator_trafo_2_12,prosumer14,cfp,100,0.393283,0
1789092003.976507,90,ciclo1_AC_AP,concentrator_trafo_2_12,prosumer15,cfp,100,6.244929,0
1789092003.976763,90,ciclo1_AC_AP,concentrator_trafo_2_12,prosumer16,cfp,100,2.894805,0
1789092003.977109,90,ciclo1_AC_AP,concentrator_trafo_2_12,prosumer17,cfp,100,0.182227,0
1789092003.977462,90,ciclo1_AC_AP,concentrator_trafo_2_12,prosumer18,cfp,100,2.848184,0
1789092003.977806,90,ciclo1_AC_AP,concentrator_trafo_2_12,prosumer19,cfp,100,1.343281,0
1789092003.978193,90,ciclo1_AC_AP,concentrator_trafo_2_12,prosumer20,cfp,100,2.578710,0
1789092003.978576,90,ciclo1_AC_AP,concentrator_trafo_2_12,prosumer21,cfp,100,1.328889,0
1789092003.980154,90,ciclo1_AC_AP,concentrator_trafo_3_22,prosumer22,cfp,100,1.288723,0
1789092003.980555,90,ciclo1_AC_AP,concentrator_trafo_3_22,prosumer23,cfp,100,1.383407,0
1789092003.980956,90,ciclo1_AC_AP,concentrator_trafo_3_22,prosumer24,cfp,100,0.706520,0
1789092003.981333,90,ciclo1_AC_AP,concentrator_trafo_3_22,prosumer25,cfp,100,6.247897,0
1789092003.981713,90,ciclo1_AC_AP,concentrator_trafo_3_22,prosumer26,cfp,100,5.439396,0
1789092003.982114,90,ciclo1_AC_AP,concentrator_trafo_3_22,prosumer27,cfp,100,4.182665,0
1789092003.982447,90,ciclo1_AC_AP,concentrator_trafo_3_22,prosumer28,cfp,100,1.648385,0
1789092003.982827,90,ciclo1_AC_AP,concentrator_trafo_3_22,prosumer29,cfp,100,4.317609,0
1789092003.983176,90,ciclo1_AC_AP,concentrator_trafo_3_22,prosumer30,cfp,100,1.400050,0
1789092003.983488,90,ciclo1_AC_AP,concentrator_trafo_3_22,prosumer31,cfp,100,2.002814,0
1789092003.983887,90,ciclo1_AC_AP,concentrator_trafo_3_22,prosumer32,cfp,100,3.015184,0
1789092003.984142,90,ciclo1_AC_AP,concentrator_trafo_3_22,prosumer33,cfp,100,2.285156,0
1789092003.984992,90,ciclo1_AC_AP,concentrator_trafo_4_34,prosumer34,cfp,100,2.970298,0
1789092003.985221,90,ciclo1_AC_AP,concentrator_trafo_4_34,prosumer35,cfp,100,5.538978,0
1789092003.985420,90,ciclo1_AC_AP,concentrator_trafo_4_34,prosumer36,cfp,100,3.866940,0
1789092003.985634,90,ciclo1_AC_AP,concentrator_trafo_4_34,prosumer37,cfp,100,2.529511,0
1789092003.985835,90,ciclo1_AC_AP,concentrator_trafo_4_34,prosumer38,cfp,100,5.764621,0
1789092003.986040,90,ciclo1_AC_AP,concentrator_trafo_4_34,prosumer39,cfp,100,2.567561,0
1789092003.986243,90,ciclo1_AC_AP,concentrator_trafo_4_34,prosumer40,cfp,100,1.642591,0
1789092003.986451,90,ciclo1_AC_AP,concentrator_trafo_4_34,prosumer41,cfp,100,4.003553,0
1789092003.986791,90,ciclo1_AC_AP,concentrator_trafo_4_34,prosumer42,cfp,100,3.330380,0
1789092003.987187,90,ciclo1_AC_AP,concentrator_trafo_4_34,prosumer43,cfp,100,0.834652,0
1789092003.987593,90,ciclo1_AC_AP,concentrator_trafo_4_34,prosumer44,cfp,100,2.781796,0
1789092003.987952,90,ciclo1_AC_AP,concentrator_trafo_4_34,prosumer45,cfp,100,3.211806,0
1789092003.988187,90,ciclo1_AC_AP,concentrator_trafo_4_34,prosumer46,cfp,100,0.967718,0
1789092003.996845,90,ciclo1_AC_AP,prosumer17,concentrator_trafo_2_12,propose,494,8.768199,0
1789092004.003083,90,ciclo1_AC_AP,prosumer14,concentrator_trafo_2_12,propose,198,3.091906,0
1789092004.005201,90,ciclo1_AC_AP,prosumer13,concentrator_trafo_2_12,propose,237,15.195210,0
1789092004.006453,90,ciclo1_AC_AP,prosumer24,concentrator_trafo_3_22,propose,136,3.997565,0
1789092004.009218,90,ciclo1_AC_AP,prosumer10,concentrator_trafo_1_5,propose,170,2.139211,0
1789092004.013694,90,ciclo1_AC_AP,prosumer6,concentrator_trafo_1_5,propose,338,4.226059,0
1789092004.019077,90,ciclo1_AC_AP,prosumer19,concentrator_trafo_2_12,propose,264,6.371463,0
1789092004.022353,90,ciclo1_AC_AP,prosumer21,concentrator_trafo_2_12,propose,285,4.791460,0
1789092004.028368,90,ciclo1_AC_AP,prosumer22,concentrator_trafo_3_22,propose,249,2.276345,0
1789092004.035527,90,ciclo1_AC_AP,prosumer23,concentrator_trafo_3_22,propose,330,4.537862,0
1789092004.037971,90,ciclo1_AC_AP,prosumer43,concentrator_trafo_4_34,propose,275,7.412144,0
1789092004.042767,90,ciclo1_AC_AP,prosumer30,concentrator_trafo_3_22,propose,225,3.645207,0
1789092004.044136,90,ciclo1_AC_AP,prosumer9,concentrator_trafo_1_5,propose,183,4.530504,0
1789092004.049116,90,ciclo1_AC_AP,prosumer46,concentrator_trafo_4_34,propose,336,4.083582,0
1789092004.054789,90,ciclo1_AC_AP,prosumer12,concentrator_trafo_2_12,propose,165,4.785301,0
1789092004.059220,90,ciclo1_AC_AP,prosumer28,concentrator_trafo_3_22,propose,460,17.890795,0
1789092004.064013,90,ciclo1_AC_AP,prosumer8,concentrator_trafo_1_5,propose,274,7.776352,0
1789092004.068245,90,ciclo1_AC_AP,prosumer40,concentrator_trafo_4_34,propose,212,5.920271,0
1789092004.071924,90,ciclo1_AC_AP,prosumer31,concentrator_trafo_3_22,propose,354,7.884499,0
1789092004.074679,90,ciclo1_AC_AP,prosumer20,concentrator_trafo_2_12,propose,179,5.812369,0
1789092004.075632,90,ciclo1_AC_AP,prosumer16,concentrator_trafo_2_12,propose,149,6.012201,0
1789092004.079118,90,ciclo1_AC_AP,prosumer18,concentrator_trafo_2_12,propose,374,6.127932,0
1789092004.083204,90,ciclo1_AC_AP,prosumer33,concentrator_trafo_3_22,propose,400,6.347072,0
1789092004.085174,90,ciclo1_AC_AP,prosumer5,concentrator_trafo_1_5,propose,409,6.728060,0
1789092004.087801,90,ciclo1_AC_AP,prosumer37,concentrator_trafo_4_34,propose,327,11.482944,0
1789092004.091393,90,ciclo1_AC_AP,prosumer39,concentrator_trafo_4_34,propose,473,14.072284,0
1789092004.095428,90,ciclo1_AC_AP,prosumer11,concentrator_trafo_1_5,propose,262,6.543573,0
1789092004.098626,90,ciclo1_AC_AP,prosumer32,concentrator_trafo_3_22,propose,189,7.031819,0
1789092004.099744,90,ciclo1_AC_AP,prosumer34,concentrator_trafo_4_34,propose,144,3.661283,0
1789092004.103990,90,ciclo1_AC_AP,prosumer44,concentrator_trafo_4_34,propose,438,15.997800,0
1789092004.109672,90,ciclo1_AC_AP,prosumer45,concentrator_trafo_4_34,propose,261,12.400132,0
1789092004.113004,90,ciclo1_AC_AP,prosumer42,concentrator_trafo_4_34,propose,183,8.598965,0
1789092004.114421,90,ciclo1_AC_AP,prosumer27,concentrator_trafo_3_22,propose,239,10.334255,0
1789092004.116810,90,ciclo1_AC_AP,prosumer36,concentrator_trafo_4_34,propose,282,12.713652,0
1789092004.119511,90,ciclo1_AC_AP,prosumer29,concentrator_trafo_3_22,propose,439,16.967758,0
1789092004.120363,90,ciclo1_AC_AP,prosumer41,concentrator_trafo_4_34,propose,465,9.612110,0
1789092004.124073,90,ciclo1_AC_AP,prosumer26,concentrator_trafo_3_22,propose,159,6.532092,0
1789092004.125068,90,ciclo1_AC_AP,prosumer15,concentrator_trafo_2_12,propose,157,10.374891,0
1789092004.128019,90,ciclo1_AC_AP,prosumer35,concentrator_trafo_4_34,propose,293,11.804164,0
1789092004.129220,90,ciclo1_AC_AP,prosumer38,concentrator_trafo_4_34,propose,264,7.910377,0
1789092004.132080,90,ciclo1_AC_AP,prosumer25,concentrator_trafo_3_22,propose,488,16.071615,0
1789092024.080027,90,ciclo1_AC_AP,concentrator_trafo_1_5,prosumer7,cfp,100,5.837923,0
1789092024.144710,90,ciclo1_AC_AP,prosumer7,concentrator_trafo_1_5,propose,267,10.500233,0
1789092024.254237,90,ciclo2_AD_AC,dso,concentrator_trafo_1_5,cfp,100,4.341129,0
1789092024.254367,90,ciclo2_AD_AC,dso,concentrator_trafo_2_12,cfp,100,1.433438,0
1789092024.254453,90,ciclo2_AD_AC,dso,concentrator_trafo_3_22,cfp,100,2.876712,0
1789092024.254536,90,ciclo2_AD_AC,dso,concentrator_trafo_4_34,cfp,100,8.868546,0
1789092024.272475,90,ciclo2_AD_AC,concentrator_trafo_2_12,dso,propose,1158,19.712571,0
1789092024.284889,90,ciclo2_AD_AC,concentrator_trafo_3_22,dso,propose,1170,39.820251,0
1789092024.300703,90,ciclo2_AD_AC,concentrator_trafo_1_5,dso,propose,1438,46.454659,0
1789092024.346972,90,ciclo2_AD_AC,concentrator_trafo_4_34,dso,propose,1390,68.567431,0
1789092025.041299,90,ciclo3_AM_AC_AD,market,dso,cfp,100,1.935773,0
1789092025.068841,90,ciclo3_AM_AC_AD,dso,market,propose,1442,22.655131,0
1789092025.300561,90,ciclo3_AM_AC_AD,market,concentrator_trafo_1_5,cfp,100,6.127809,0
1789092025.300673,90,ciclo3_AM_AC_AD,market,concentrator_trafo_2_12,cfp,100,2.043099,0
1789092025.300738,90,ciclo3_AM_AC_AD,market,concentrator_trafo_3_22,cfp,100,0.650596,0
1789092025.300795,90,ciclo3_AM_AC_AD,market,concentrator_trafo_4_34,cfp,100,6.509973,0
1789092025.300843,90,ciclo3_AM_AC_AD,market,dso,cfp,100,2.699856,0
1789092025.341680,90,ciclo3_AM_AC_AD,concentrator_trafo_3_22,market,propose,1000,16.507112,0
1789092025.359503,90,ciclo3_AM_AC_AD,concentrator_trafo_2_12,market,propose,1096,36.429675,0
1789092025.371403,90,ciclo3_AM_AC_AD,dso,market,propose,1337,22.046049,0
1789092025.384714,90,ciclo3_AM_AC_AD,concentrator_trafo_1_5,market,propose,1332,45.565105,0
1789092025.399288,90,ciclo3_AM_AC_AD,concentrator_trafo_4_34,market,propose,1154,50.329119,0
1789092025.981169,91,ciclo1_AC_AP,concentrator_trafo_1_5,prosumer5,cfp,100,0.046976,0
1789092025.982248,91,ciclo1_AC_AP,concentrator_trafo_1_5,prosumer6,cfp,100,1.627664,0
1789092025.983277,91,ciclo1_AC_AP,concentrator_trafo_1_5,prosumer7,cfp,100,0.554893,0
1789092025.984174,91,ciclo1_AC_AP,concentrator_trafo_1_5,prosumer8,cfp,100,2.877008,0
1789092025.984860,91,ciclo1_AC_AP,concentrator_trafo_1_5,prosumer9,cfp,100,1.568087,0
1789092025.985458,91,ciclo1_AC_AP,concentrator_trafo_1_5,prosumer10,cfp,100,1.059076,0
1789092025.986061,91,ciclo1_AC_AP,concentrator_trafo_1_5,prosumer11,cfp,100,3.501243,0
1789092025.987293,91,ciclo1_AC_AP,concentrator_trafo_2_12,prosumer12,cfp,100,1.997190,0
1789092025.987628,91,ciclo1_AC_AP,concentrator_trafo_2_12,prosumer13,cfp,100,5.999304,0
1789092025.987833,91,ciclo1_AC_AP,concentrator_trafo_2_12,prosumer14,cfp,100,3.243305,0
1789092025.988007,91,ciclo1_AC_AP,concentrator_trafo_2_12,prosumer15,cfp,100,3.548743,0
1789092025.988175,91,ciclo1_AC_AP,concentrator_trafo_2_12,prosumer16,cfp,100,0.172915,0
1789092025.988360,91,ciclo1_AC_AP,concentrator_trafo_2_12,prosumer17,cfp,100,2.193167,0
1789092025.988520,91,ciclo1_AC_AP,concentrator_trafo_2_12,prosumer18,cfp,100,3.638450,0
1789092025.988685,91,ciclo1_AC_AP,concentrator_trafo_2_12,prosumer19,cfp,100,3.154919,0
1789092025.988838,91,ciclo1_AC_AP,concentrator_trafo_2_12,prosumer20,cfp,100,3.578188,0
1789092025.988988,91,ciclo1_AC_AP,concentrator_trafo_2_12,prosumer21,cfp,100,1.075796,0
1789092025.989896,91,ciclo1_AC_AP,concentrator_trafo_3_22,prosumer22,cfp,100,0.622880,0
1789092025.990084,91,ciclo1_AC_AP,concentrator_trafo_3_22,prosumer23,cfp,100,2.123090,0
1789092025.990235,91,ciclo1_AC_AP,concentrator_trafo_3_22,prosumer24,cfp,100,3.649322,0
1789092025.990380,91,ciclo1_AC_AP,concentrator_trafo_3_22,prosumer25,cfp,100,6.641057,0
1789092025.990520,91,ciclo1_AC_AP,concentrator_trafo_3_22,prosumer26,cfp,100,5.430093,0
1789092025.990681,91,ciclo1_AC_AP,concentrator_trafo_3_22,prosumer27,cfp,100,4.525688,0
1789092025.990824,91,ciclo1_AC_AP,concentrator_trafo_3_22,prosumer28,cfp,100,5.662792,0
1789092025.990963,91,ciclo1_AC_AP,concentrator_trafo_3_22,prosumer29,cfp,100,2.510472,0
1789092025.991100,91,ciclo1_AC_AP,concentrator_trafo_3_22,prosumer30,cfp,100,3.283411,0
1789092025.991239,91,ciclo1_AC_AP,concentrator_trafo_3_22,prosumer31,cfp,100,0.042828,0
1789092025.991377,91,ciclo1_AC_AP,concentrator_trafo_3_22,prosumer32,cfp,100,5.553811,0
1789092025.991514,91,ciclo1_AC_AP,concentrator_trafo_3_22,prosumer33,cfp,100,0.435544,0
1789092025.992265,91,ciclo1_AC_AP,concentrator_trafo_4_34,prosumer34,cfp,100,2.433860,0
1789092025.992438,91,ciclo1_AC_AP,concentrator_trafo_4_34,prosumer35,cfp,100,2.202496,0
1789092025.992586,91,ciclo1_AC_AP,concentrator_trafo_4_34,prosumer36,cfp,100,2.687633,0
1789092025.992727,91,ciclo1_AC_AP,concentrator_trafo_4_34,prosumer37,cfp,100,1.723997,0
1789092025.992863,91,ciclo1_AC_AP,concentrator_trafo_4_34,prosumer38,cfp,100,2.201215,0
1789092025.992994,91,ciclo1_AC_AP,concentrator_trafo_4_34,prosumer39,cfp,100,3.761492,0
1789092025.993123,91,ciclo1_AC_AP,concentrator_trafo_4_34,prosumer40,cfp,100,1.770210,0
1789092025.993253,91,ciclo1_AC_AP,concentrator_trafo_4_34,prosumer41,cfp,100,1.747427,0
1789092025.993382,91,ciclo1_AC_AP,concentrator_trafo_4_34,prosumer42,cfp,100,3.630012,0
1789092025.993513,91,ciclo1_AC_AP,concentrator_trafo_4_34,prosumer43,cfp,100,0.043900,0
1789092025.993655,91,ciclo1_AC_AP,concentrator_trafo_4_34,prosumer44,cfp,100,5.715911,0
1789092025.993785,91,ciclo1_AC_AP,concentrator_trafo_4_34,prosumer45,cfp,100,1.945926,0
1789092025.993914,91,ciclo1_AC_AP,concentrator_trafo_4_34,prosumer46,cfp,100,3.840040,0
1789092025.999705,91,ciclo1_AC_AP,prosumer5,concentrator_trafo_1_5,propose,427,9.725059,0
1789092026.003381,91,ciclo1_AC_AP,prosumer7,concentrator_trafo_1_5,propose,195,4.218140,0
1789092026.004187,91,ciclo1_AC_AP,prosumer16,concentrator_trafo_2_12,propose,186,4.926649,0
1789092026.006648,91,ciclo1_AC_AP,prosumer31,concentrator_trafo_3_22,propose,385,7.879835,0
1789092026.008629,91,ciclo1_AC_AP,prosumer43,concentrator_trafo_4_34,propose,181,2.941174,0
1789092026.011559,91,ciclo1_AC_AP,prosumer33,concentrator_trafo_3_22,propose,343,7.545314,0
1789092026.013602,91,ciclo1_AC_AP,prosumer10,concentrator_trafo_1_5,propose,223,2.284449,0
1789092026.014174,91,ciclo1_AC_AP,prosumer22,concentrator_trafo_3_22,propose,140,5.570574,0
1789092026.016028,91,ciclo1_AC_AP,prosumer6,concentrator_trafo_1_5,propose,465,8.325447,0
1789092026.017915,91,ciclo1_AC_AP,prosumer21,concentrator_trafo_2_12,propose,368,6.314837,0
1789092026.019852,91,ciclo1_AC_AP,prosumer9,concentrator_trafo_1_5,propose,232,3.925022,0
1789092026.021770,91,ciclo1_AC_AP,prosumer12,concentrator_trafo_2_12,propose,461,8.857960,0
1789092026.066073,91,ciclo1_AC_AP,prosumer37,concentrator_trafo_4_34,propose,154,7.330231,0
1789092026.069076,91,ciclo1_AC_AP,prosumer17,concentrator_trafo_2_12,propose,126,0.941072,0
1789092026.071878,91,ciclo1_AC_AP,prosumer41,concentrator_trafo_4_34,propose,293,5.068323,0
1789092026.074309,91,ciclo1_AC_AP,prosumer40,concentrator_trafo_4_34,propose,481,7.421580,0
1789092026.076606,91,ciclo1_AC_AP,prosumer23,concentrator_trafo_3_22,propose,145,4.146940,0
1789092026.079254,91,ciclo1_AC_AP,prosumer8,concentrator_trafo_1_5,propose,300,4.337198,0
1789092026.080974,91,ciclo1_AC_AP,prosumer45,concentrator_trafo_4_34,propose,337,12.722279,0
1789092026.083559,91,ciclo1_AC_AP,prosumer35,concentrator_trafo_4_34,propose,348,13.565462,0
1789092026.088596,91,ciclo1_AC_AP,prosumer38,concentrator_trafo_4_34,propose,439,8.787747,0
1789092026.092010,91,ciclo1_AC_AP,prosumer29,concentrator_trafo_3_22,propose,172,5.998800,0
1789092026.094158,91,ciclo1_AC_AP,prosumer34,concentrator_trafo_4_34,propose,461,8.428375,0
1789092026.096224,91,ciclo1_AC_AP,prosumer36,concentrator_trafo_4_34,propose,172,10.876767,0
1789092026.096851,91,ciclo1_AC_AP,prosumer19,concentrator_trafo_2_12,propose,129,2.810384,0
1789092026.097495,91,ciclo1_AC_AP,prosumer14,concentrator_trafo_2_12,propose,157,6.032076,0
1789092026.098126,91,ciclo1_AC_AP,prosumer11,concentrator_trafo_1_5,propose,177,5.890787,0
1789092026.101712,91,ciclo1_AC_AP,prosumer15,concentrator_trafo_2_12,propose,423,16.268454,0
1789092026.103744,91,ciclo1_AC_AP,prosumer30,concentrator_trafo_3_22,propose,161,3.989521,0
1789092026.105767,91,ciclo1_AC_AP,prosumer20,concentrator_trafo_2_12,propose,306,7.369165,0
1789092026.107683,91,ciclo1_AC_AP,prosumer18,concentrator_trafo_2_12,propose,411,8.091981,0
1789092026.109697,91,ciclo1_AC_AP,prosumer24,concentrator_trafo_3_22,propose,148,4.694302,0
1789092026.110325,91,ciclo1_AC_AP,prosumer42,concentrator_trafo_4_34,propose,244,8.892799,0
1789092026.111141,91,ciclo1_AC_AP,prosumer39,concentrator_trafo_4_34,propose,141,5.752710,0
1789092026.113056,91,ciclo1_AC_AP,prosumer46,concentrator_trafo_4_34,propose,395,6.717762,0
1789092026.113615,91,ciclo1_AC_AP,prosumer27,concentrator_trafo_3_22,propose,397,16.844469,0
1789092026.116106,91,ciclo1_AC_AP,prosumer26,concentrator_trafo_3_22,propose,151,6.031599,0
1789092026.116975,91,ciclo1_AC_AP,prosumer32,concentrator_trafo_3_22,propose,211,7.751042,0
1789092026.119033,91,ciclo1_AC_AP,prosumer28,concentrator_trafo_3_22,propose,482,17.035353,0
1789092026.121013,91,ciclo1_AC_AP,prosumer13,concentrator_trafo_2_12,propose,254,5.989276,0
1789092026.122981,91,ciclo1_AC_AP,prosumer44,concentrator_trafo_4_34,propose,306,14.292849,0
1789092026.125792,91,ciclo1_AC_AP,prosumer25,concentrator_trafo_3_22,propose,188,7.773710,0
1789092026.295274,91,ciclo2_AD_AC,dso,concentrator_trafo_1_5,cfp,100,4.252726,0
1789092026.295797,91,ciclo2_AD_AC,dso,concentrator_trafo_2_12,cfp,100,1.936411,0
1789092026.296129,91,ciclo2_AD_AC,dso,concentrator_trafo_3_22,cfp,100,5.981407,0
1789092026.296359,91,ciclo2_AD_AC,dso,concentrator_trafo_4_34,cfp,100,8.450855,0
1789092026.320468,91,ciclo2_AD_AC,concentrator_trafo_2_12,dso,propose,1271,22.942113,0
1789092026.345660,91,ciclo2_AD_AC,concentrator_trafo_1_5,dso,propose,1231,39.827411,0
1789092026.363912,91,ciclo2_AD_AC,concentrator_trafo_3_22,dso,propose,1359,44.704195,0
1789092026.389104,91,ciclo2_AD_AC,concentrator_trafo_4_34,dso,propose,1136,53.930926,0
1789092026.937532,91,ciclo3_AM_AC_AD,market,dso,cfp,100,2.646722,0
1789092026.976683,91,ciclo3_AM_AC_AD,dso,market,propose,1391,22.015091,0
1789092027.206549,91,ciclo3_AM_AC_AD,market,concentrator_trafo_1_5,cfp,100,1.665363,0
1789092027.206806,91,ciclo3_AM_AC_AD,market,concentrator_trafo_2_12,cfp,100,3.062592,0
1789092027.206978,91,ciclo3_AM_AC_AD,market,concentrator_trafo_3_22,cfp,100,1.915811,0
1789092027.207128,91,ciclo3_AM_AC_AD,market,concentrator_trafo_4_34,cfp,100,3.923298,0
1789092027.207275,91,ciclo3_AM_AC_AD,market,dso,cfp,100,0.224624,0
1789092027.265678,91,ciclo3_AM_AC_AD,dso,market,propose,1172,19.197826,0
1789092027.269783,91,ciclo3_AM_AC_AD,concentrator_trafo_3_22,market,propose,1320,21.318782,0
1789092027.273662,91,ciclo3_AM_AC_AD,concentrator_trafo_1_5,market,propose,1089,35.399585,0
1789092027.276783,91,ciclo3_AM_AC_AD,concentrator_trafo_2_12,market,propose,1331,45.806764,0
1789092027.279260,91,ciclo3_AM_AC_AD,concentrator_trafo_4_34,market,propose,1413,59.231850,0
1789092027.948936,92,ciclo1_AC_AP,concentrator_trafo_1_5,prosumer5,cfp,100,0.801461,0
1789092027.949229,92,ciclo1_AC_AP,concentrator_trafo_1_5,prosumer6,cfp,100,1.996150,0
1789092027.949386,92,ciclo1_AC_AP,concentrator_trafo_1_5,prosumer7,cfp,100,5.766094,0
1789092027.949518,92,ciclo1_AC_AP,concentrator_trafo_1_5,prosumer8,cfp,100,2.925843,0
1789092027.949667,92,ciclo1_AC_AP,concentrator_trafo_1_5,prosumer9,cfp,100,3.809788,0
1789092027.949794,92,ciclo1_AC_AP,concentrator_trafo_1_5,prosumer10,cfp,100,0.748711,0
1789092027.949915,92,ciclo1_AC_AP,concentrator_trafo_1_5,prosumer11,cfp,100,2.369112,0
1789092027.950734,92,ciclo1_AC_AP,concentrator_trafo_2_12,prosumer12,cfp,100,1.294595,0
1789092027.950885,92,ciclo1_AC_AP,concentrator_trafo_2_12,prosumer13,cfp,100,3.015666,0
1789092027.951010,92,ciclo1_AC_AP,concentrator_trafo_2_12,prosumer14,cfp,100,0.023601,0
1789092027.951127,92,ciclo1_AC_AP,concentrator_trafo_2_12,prosumer15,cfp,100,0.591450,0
1789092027.951242,92,ciclo1_AC_AP,concentrator_trafo_2_12,prosumer16,cfp,100,1.949658,0
1789092027.951353,92,ciclo1_AC_AP,concentrator_trafo_2_12,prosumer17,cfp,100,1.732038,0
1789092027.951461,92,ciclo1_AC_AP,concentrator_trafo_2_12,prosumer18,cfp,100,3.045974,0
1789092027.951578,92,ciclo1_AC_AP,concentrator_trafo_2_12,prosumer19,cfp,100,3.621461,0
1789092027.951693,92,ciclo1_AC_AP,concentrator_trafo_2_12,prosumer20,cfp,100,2.198778,0
1789092027.951802,92,ciclo1_AC_AP,concentrator_trafo_2_12,prosumer21,cfp,100,3.396356,0
1789092027.952592,92,ciclo1_AC_AP,concentrator_trafo_3_22,prosumer22,cfp,100,0.188773,0
1789092027.952735,92,ciclo1_AC_AP,concentrator_trafo_3_22,prosumer23,cfp,100,1.883267,0
1789092027.952848,92,ciclo1_AC_AP,concentrator_trafo_3_22,prosumer24,cfp,100,0.222890,0
1789092027.952954,92,ciclo1_AC_AP,concentrator_trafo_3_22,prosumer25,cfp,100,0.968569,0
1789092027.953061,92,ciclo1_AC_AP,concentrator_trafo_3_22,prosumer26,cfp,100,4.966551,0
1789092027.953162,92,ciclo1_AC_AP,concentrator_trafo_3_22,prosumer27,cfp,100,3.640818,0
1789092027.953262,92,ciclo1_AC_AP,concentrator_trafo_3_22,prosumer28,cfp,100,1.925635,0
1789092027.953365,92,ciclo1_AC_AP,concentrator_trafo_3_22,prosumer29,cfp,100,4.331844,0
1789092027.953515,92,ciclo1_AC_AP,concentrator_trafo_3_22,prosumer30,cfp,100,2.214336,0
1789092027.953640,92,ciclo1_AC_AP,concentrator_trafo_3_22,prosumer31,cfp,100,2.923822,0
1789092027.953753,92,ciclo1_AC_AP,concentrator_trafo_3_22,prosumer32,cfp,100,4.554728,0
1789092027.953862,92,ciclo1_AC_AP,concentrator_trafo_3_22,prosumer33,cfp,100,0.336958,0
1789092027.954557,92,ciclo1_AC_AP,concentrator_trafo_4_34,prosumer34,cfp,100,3.535345,0
1789092027.954699,92,ciclo1_AC_AP,concentrator_trafo_4_34,prosumer35,cfp,100,4.945369,0
1789092027.954815,92,ciclo1_AC_AP,concentrator_trafo_4_34,prosumer36,cfp,100,2.632951,0
1789092027.954930,92,ciclo1_AC_AP,concentrator_trafo_4_34,prosumer37,cfp,100,3.376245,0
1789092027.955065,92,ciclo1_AC_AP,concentrator_trafo_4_34,prosumer38,cfp,100,8.681518,0
1789092027.955176,92,ciclo1_AC_AP,concentrator_trafo_4_34,prosumer39,cfp,100,3.101636,0
1789092027.955280,92,ciclo1_AC_AP,concentrator_trafo_4_34,prosumer40,cfp,100,2.655571,0
1789092027.955381,92,ciclo1_AC_AP,concentrator_trafo_4_34,prosumer41,cfp,100,3.702749,0
1789092027.955482,92,ciclo1_AC_AP,concentrator_trafo_4_34,prosumer42,cfp,100,3.149458,0
1789092027.955596,92,ciclo1_AC_AP,concentrator_trafo_4_34,prosumer43,cfp,100,4.006423,0
1789092027.955701,92,ciclo1_AC_AP,concentrator_trafo_4_34,prosumer44,cfp,100,3.292707,0
1789092027.955803,92,ciclo1_AC_AP,concentrator_trafo_4_34,prosumer45,cfp,100,3.868261,0
1789092027.955903,92,ciclo1_AC_AP,concentrator_trafo_4_34,prosumer46,cfp,100,2.496897,0
1789092027.962870,92,ciclo1_AC_AP,prosumer14,concentrator_trafo_2_12,propose,306,4.953799,0
1789092027.967232,92,ciclo1_AC_AP,prosumer22,concentrator_trafo_3_22,propose,233,3.692154,0
1789092027.968567,92,ciclo1_AC_AP,prosumer24,concentrator_trafo_3_22,propose,190,5.315937,0
1789092027.970821,92,ciclo1_AC_AP,prosumer5,concentrator_trafo_1_5,propose,182,2.505389,0
1789092027.974777,92,ciclo1_AC_AP,prosumer15,concentrator_trafo_2_12,propose,470,16.641862,0
1789092027.979970,92,ciclo1_AC_AP,prosumer33,concentrator_trafo_3_22,propose,143,5.067477,0
1789092027.981074,92,ciclo1_AC_AP,prosumer10,concentrator_trafo_1_5,propose,208,4.624698,0
1789092027.986937,92,ciclo1_AC_AP,prosumer25,concentrator_trafo_3_22,propose,426,18.232112,0
1789092027.990811,92,ciclo1_AC_AP,prosumer12,concentrator_trafo_2_12,propose,366,5.805023,0
1789092027.994009,92,ciclo1_AC_AP,prosumer17,concentrator_trafo_2_12,propose,492,7.528877,0
1789092027.996766,92,ciclo1_AC_AP,prosumer6,concentrator_trafo_1_5,propose,283,6.850830,0
1789092028.002230,92,ciclo1_AC_AP,prosumer16,concentrator_trafo_2_12,propose,445,6.246546,0
1789092028.002928,92,ciclo1_AC_AP,prosumer23,concentrator_trafo_3_22,propose,476,9.763902,0
1789092028.005531,92,ciclo1_AC_AP,prosumer28,concentrator_trafo_3_22,propose,333,14.581291,0
1789092028.007779,92,ciclo1_AC_AP,prosumer11,concentrator_trafo_1_5,propose,437,6.811270,0
1789092028.009804,92,ciclo1_AC_AP,prosumer20,concentrator_trafo_2_12,propose,146,5.286365,0
1789092028.011624,92,ciclo1_AC_AP,prosumer30,concentrator_trafo_3_22,propose,269,6.435029,0
1789092028.013391,92,ciclo1_AC_AP,prosumer8,concentrator_trafo_1_5,propose,364,6.566355,0
1789092028.013926,92,ciclo1_AC_AP,prosumer46,concentrator_trafo_4_34,propose,317,7.546342,0
1789092028.015790,92,ciclo1_AC_AP,prosumer13,concentrator_trafo_2_12,propose,254,8.004272,0
1789092028.017651,92,ciclo1_AC_AP,prosumer36,concentrator_trafo_4_34,propose,334,9.916742,0
1789092028.020021,92,ciclo1_AC_AP,prosumer40,concentrator_trafo_4_34,propose,128,3.513873,0
1789092028.020586,92,ciclo1_AC_AP,prosumer18,concentrator_trafo_2_12,propose,171,3.275597,0
1789092028.022677,92,ciclo1_AC_AP,prosumer31,concentrator_trafo_3_22,propose,278,5.045812,0
1789092028.025277,92,ciclo1_AC_AP,prosumer21,concentrator_trafo_2_12,propose,189,5.571523,0
1789092028.027378,92,ciclo1_AC_AP,prosumer39,concentrator_trafo_4_34,propose,355,12.886932,0
1789092028.029359,92,ciclo1_AC_AP,prosumer42,concentrator_trafo_4_34,propose,215,8.346840,0
1789092028.029924,92,ciclo1_AC_AP,prosumer9,concentrator_trafo_1_5,propose,218,2.941043,0
1789092028.030464,92,ciclo1_AC_AP,prosumer19,concentrator_trafo_2_12,propose,133,5.676628,0
1789092028.030920,92,ciclo1_AC_AP,prosumer44,concentrator_trafo_4_34,propose,164,11.196159,0
1789092028.032752,92,ciclo1_AC_AP,prosumer37,concentrator_trafo_4_34,propose,491,15.461421,0
1789092028.034609,92,ciclo1_AC_AP,prosumer27,concentrator_trafo_3_22,propose,325,12.871961,0
1789092028.035153,92,ciclo1_AC_AP,prosumer34,concentrator_trafo_4_34,propose,322,7.790358,0
1789092028.037091,92,ciclo1_AC_AP,prosumer41,concentrator_trafo_4_34,propose,150,4.271695,0
1789092028.039220,92,ciclo1_AC_AP,prosumer45,concentrator_trafo_4_34,propose,284,12.845492,0
1789092028.041693,92,ciclo1_AC_AP,prosumer43,concentrator_trafo_4_34,propose,484,8.632427,0
1789092028.044398,92,ciclo1_AC_AP,prosumer29,concentrator_trafo_3_22,propose,215,6.704513,0
1789092028.045887,92,ciclo1_AC_AP,prosumer32,concentrator_trafo_3_22,propose,161,5.794552,0
1789092028.048394,92,ciclo1_AC_AP,prosumer26,concentrator_trafo_3_22,propose,265,9.514554,0
1789092028.050972,92,ciclo1_AC_AP,prosumer35,concentrator_trafo_4_34,propose,168,4.200070,0
1789092028.052066,92,ciclo1_AC_AP,prosumer7,concentrator_trafo_1_5,propose,202,7.209603,0
1789092028.054840,92,ciclo1_AC_AP,prosumer38,concentrator_trafo_4_34,propose,221,4.640069,0
1789092028.193981,92,ciclo2_AD_AC,dso,concentrator_trafo_1_5,cfp,100,0.828124,0
1789092028.194229,92,ciclo2_AD_AC,dso,concentrator_trafo_2_12,cfp,100,2.934483,0
1789092028.194369,92,ciclo2_AD_AC,dso,concentrator_trafo_3_22,cfp,100,4.409088,0
1789092028.194489,92,ciclo2_AD_AC,dso,concentrator_trafo_4_34,cfp,100,8.025223,0
1789092028.208253,92,ciclo2_AD_AC,concentrator_trafo_1_5,dso,propose,1315,46.208683,0
1789092028.226526,92,ciclo2_AD_AC,concentrator_trafo_2_12,dso,propose,1280,23.625440,0
1789092028.244802,92,ciclo2_AD_AC,concentrator_trafo_3_22,dso,propose,1161,39.484957,0
1789092028.280265,92,ciclo2_AD_AC,concentrator_trafo_4_34,dso,propose,1338,65.748031,0
1789092028.947456,92,ciclo3_AM_AC_AD,market,dso,cfp,100,2.759649,0
1789092029.014654,92,ciclo3_AM_AC_AD,dso,market,propose,1254,22.037707,0
1789092029.242819,92,ciclo3_AM_AC_AD,market,concentrator_trafo_1_5,cfp,100,3.759665,0
1789092029.243062,92,ciclo3_AM_AC_AD,market,concentrator_trafo_2_12,cfp,100,4.827092,0
1789092029.243186,92,ciclo3_AM_AC_AD,market,concentrator_trafo_3_22,cfp,100,2.015398,0
1789092029.243290,92,ciclo3_AM_AC_AD,market,concentrator_trafo_4_34,cfp,100,3.433667,0
1789092029.243396,92,ciclo3_AM_AC_AD,market,dso,cfp,100,1.862526,0
1789092029.335795,92,ciclo3_AM_AC_AD,concentrator_trafo_3_22,market,propose,1440,24.573681,0
1789092029.340633,92,ciclo3_AM_AC_AD,dso,market,propose,1175,18.213460,0
1789092029.343543,92,ciclo3_AM_AC_AD,concentrator_trafo_4_34,market,propose,1301,51.615549,0
1789092029.345507,92,ciclo3_AM_AC_AD,concentrator_trafo_1_5,market,propose,1498,49.907272,0
1789092029.347439,92,ciclo3_AM_AC_AD,concentrator_trafo_2_12,market,propose,1326,41.818471,0
1789092029.931406,93,ciclo1_AC_AP,concentrator_trafo_1_5,prosumer5,cfp,100,1.198706,0
1789092029.931856,93,ciclo1_AC_AP,concentrator_trafo_1_5,prosumer6,cfp,100,2.490648,0
1789092029.932261,93,ciclo1_AC_AP,concentrator_trafo_1_5,prosumer7,cfp,100,4.705930,0
1789092029.932421,93,ciclo1_AC_AP,concentrator_trafo_1_5,prosumer8,cfp,100,0.373438,0
1789092029.932589,93,ciclo1_AC_AP,concentrator_trafo_1_5,prosumer9,cfp,100,2.579514,0
1789092029.932737,93,ciclo1_AC_AP,concentrator_trafo_1_5,prosumer10,cfp,100,0.486128,0
1789092029.933107,93,ciclo1_AC_AP,concentrator_trafo_1_5,prosumer11,cfp,100,3.904814,0
1789092029.934127,93,ciclo1_AC_AP,concentrator_trafo_2_12,prosumer12,cfp,100,0.814901,0
1789092029.934274,93,ciclo1_AC_AP,concentrator_trafo_2_12,prosumer13,cfp,100,11.580632,1
1789092029.934381,93,ciclo1_AC_AP,concentrator_trafo_2_12,prosumer14,cfp,100,1.620461,0
1789092029.934483,93,ciclo1_AC_AP,concentrator_trafo_2_12,prosumer15,cfp,100,5.779719,0
1789092029.934606,93,ciclo1_AC_AP,concentrator_trafo_2_12,prosumer16,cfp,100,3.460072,0
1789092029.934707,93,ciclo1_AC_AP,concentrator_trafo_2_12,prosumer17,cfp,100,0.174680,0
1789092029.934805,93,ciclo1_AC_AP,concentrator_trafo_2_12,prosumer18,cfp,100,2.114765,0
1789092029.934903,93,ciclo1_AC_AP,concentrator_trafo_2_12,prosumer19,cfp,100,1.588713,0
1789092029.935002,93,ciclo1_AC_AP,concentrator_trafo_2_12,prosumer20,cfp,100,1.153001,0
1789092029.935100,93,ciclo1_AC_AP,concentrator_trafo_2_12,prosumer21,cfp,100,0.950274,0
1789092029.935730,93,ciclo1_AC_AP,concentrator_trafo_3_22,prosumer22,cfp,100,2.666062,0
1789092029.935852,93,ciclo1_AC_AP,concentrator_trafo_3_22,prosumer23,cfp,100,1.852203,0
1789092029.935955,93,ciclo1_AC_AP,concentrator_trafo_3_22,prosumer24,cfp,100,0.242652,0
1789092029.936052,93,ciclo1_AC_AP,concentrator_trafo_3_22,prosumer25,cfp,100,3.805978,0
1789092029.936145,93,ciclo1_AC_AP,concentrator_trafo_3_22,prosumer26,cfp,100,3.859741,0
1789092029.936238,93,ciclo1_AC_AP,concentrator_trafo_3_22,prosumer27,cfp,100,4.001102,0
1789092029.936329,93,ciclo1_AC_AP,concentrator_trafo_3_22,prosumer28,cfp,100,5.268795,0
1789092029.936420,93,ciclo1_AC_AP,concentrator_trafo_3_22,prosumer29,cfp,100,6.519493,0
1789092029.936511,93,ciclo1_AC_AP,concentrator_trafo_3_22,prosumer30,cfp,100,0.097219,0
1789092029.936613,93,ciclo1_AC_AP,concentrator_trafo_3_22,prosumer31,cfp,100,2.095891,0
1789092029.936706,93,ciclo1_AC_AP,concentrator_trafo_3_22,prosumer32,cfp,100,2.126413,0
1789092029.936796,93,ciclo1_AC_AP,concentrator_trafo_3_22,prosumer33,cfp,100,3.018300,0
1789092029.937452,93,ciclo1_AC_AP,concentrator_trafo_4_34,prosumer34,cfp,100,2.062971,0
1789092029.937637,93,ciclo1_AC_AP,concentrator_trafo_4_34,prosumer35,cfp,100,5.305926,0
1789092029.937949,93,ciclo1_AC_AP,concentrator_trafo_4_34,prosumer36,cfp,100,5.334610,0
1789092029.938199,93,ciclo1_AC_AP,concentrator_trafo_4_34,prosumer37,cfp,100,2.499470,0
1789092029.938358,93,ciclo1_AC_AP,concentrator_trafo_4_34,prosumer38,cfp,100,2.902176,0
1789092029.938480,93,ciclo1_AC_AP,concentrator_trafo_4_34,prosumer39,cfp,100,3.204016,0
1789092029.938606,93,ciclo1_AC_AP,concentrator_trafo_4_34,prosumer40,cfp,100,1.397990,0
1789092029.938712,93,ciclo1_AC_AP,concentrator_trafo_4_34,prosumer41,cfp,100,0.687924,0
1789092029.938809,93,ciclo1_AC_AP,concentrator_trafo_4_34,prosumer42,cfp,100,4.386943,0
1789092029.938905,93,ciclo1_AC_AP,concentrator_trafo_4_34,prosumer43,cfp,100,0.107525,0
1789092029.938998,93,ciclo1_AC_AP,concentrator_trafo_4_34,prosumer44,cfp,100,1.632925,0
1789092029.939092,93,ciclo1_AC_AP,concentrator_trafo_4_34,prosumer45,cfp,100,3.662135,0
1789092029.939185,93,ciclo1_AC_AP,concentrator_trafo_4_34,prosumer46,cfp,100,0.147041,0
1789092029.946079,93,ciclo1_AC_AP,prosumer8,concentrator_trafo_1_5,propose,346,6.844670,0
1789092029.947274,93,ciclo1_AC_AP,prosumer17,concentrator_trafo_2_12,propose,358,5.092559,0
1789092029.951056,93,ciclo1_AC_AP,prosumer30,concentrator_trafo_3_22,propose,439,8.257116,0
1789092029.954954,93,ciclo1_AC_AP,prosumer10,concentrator_trafo_1_5,propose,238,2.837532,0
1789092029.958516,93,ciclo1_AC_AP,prosumer24,concentrator_trafo_3_22,propose,496,8.412803,0
1789092029.963264,93,ciclo1_AC_AP,prosumer43,concentrator_trafo_4_34,propose,251,2.612576,0
1789092029.966396,93,ciclo1_AC_AP,prosumer46,concentrator_trafo_4_34,propose,109,2.019883,0
1789092029.972625,93,ciclo1_AC_AP,prosumer12,concentrator_trafo_2_12,propose,418,8.783443,0
1789092029.973443,93,ciclo1_AC_AP,prosumer5,concentrator_trafo_1_5,propose,450,7.294590,0
1789092029.974181,93,ciclo1_AC_AP,prosumer21,concentrator_trafo_2_12,propose,418,9.772656,0
1789092029.977037,93,ciclo1_AC_AP,prosumer41,concentrator_trafo_4_34,propose,192,4.169746,0
1789092029.977687,93,ciclo1_AC_AP,prosumer20,concentrator_trafo_2_12,propose,239,4.002418,0
1789092029.978447,93,ciclo1_AC_AP,prosumer14,concentrator_trafo_2_12,propose,200,3.919672,0
1789092029.981628,93,ciclo1_AC_AP,prosumer19,concentrator_trafo_2_12,propose,356,4.879601,0
1789092029.982223,93,ciclo1_AC_AP,prosumer40,concentrator_trafo_4_34,propose,380,5.691637,0
1789092029.984360,93,ciclo1_AC_AP,prosumer23,concentrator_trafo_3_22,propose,463,6.315222,0
1789092029.986351,93,ciclo1_AC_AP,prosumer44,concentrator_trafo_4_34,propose,156,9.630842,0
1789092029.988252,93,ciclo1_AC_AP,prosumer18,concentrator_trafo_2_12,propose,259,4.976156,0
1789092029.988690,93,ciclo1_AC_AP,prosumer6,concentrator_trafo_1_5,propose,325,6.725461,0
1789092029.990459,93,ciclo1_AC_AP,prosumer31,concentrator_trafo_3_22,propose,189,3.853332,0
1789092029.990964,93,ciclo1_AC_AP,prosumer32,concentrator_trafo_3_22,propose,156,9.552787,0
1789092029.992731,93,ciclo1_AC_AP,prosumer34,concentrator_trafo_4_34,propose,124,3.918836,0
1789092029.994486,93,ciclo1_AC_AP,prosumer9,concentrator_trafo_1_5,propose,333,4.244511,0
1789092029.995753,93,ciclo1_AC_AP,prosumer22,concentrator_trafo_3_22,propose,371,7.655521,0
1789092029.996239,93,ciclo1_AC_AP,prosumer37,concentrator_trafo_4_34,propose,370,12.706346,0
1789092029.998060,93,ciclo1_AC_AP,prosumer33,concentrator_trafo_3_22,propose,387,6.999258,0
1789092029.998498,93,ciclo1_AC_AP,prosumer38,concentrator_trafo_4_34,propose,413,8.237855,0
1789092030.000371,93,ciclo1_AC_AP,prosumer16,concentrator_trafo_2_12,propose,388,9.109858,0
1789092030.002413,93,ciclo1_AC_AP,prosumer39,concentrator_trafo_4_34,propose,379,10.677647,0
1789092030.004204,93,ciclo1_AC_AP,prosumer11,concentrator_trafo_1_5,propose,477,8.513784,0
1789092030.004637,93,ciclo1_AC_AP,prosumer25,concentrator_trafo_3_22,propose,437,16.327594,0
1789092030.006463,93,ciclo1_AC_AP,prosumer26,concentrator_trafo_3_22,propose,292,13.402417,0
1789092030.006923,93,ciclo1_AC_AP,prosumer45,concentrator_trafo_4_34,propose,314,8.661579,0
1789092030.007358,93,ciclo1_AC_AP,prosumer27,concentrator_trafo_3_22,propose,262,11.585093,0
1789092030.009244,93,ciclo1_AC_AP,prosumer7,concentrator_trafo_1_5,propose,411,6.826493,0
1789092030.010986,93,ciclo1_AC_AP,prosumer42,concentrator_trafo_4_34,propose,272,12.488923,0
1789092030.013397,93,ciclo1_AC_AP,prosumer28,concentrator_trafo_3_22,propose,216,7.611033,0
1789092030.015652,93,ciclo1_AC_AP,prosumer35,concentrator_trafo_4_34,propose,269,12.815964,0
1789092030.016236,93,ciclo1_AC_AP,prosumer36,concentrator_trafo_4_34,propose,353,11.297120,0
1789092030.018151,93,ciclo1_AC_AP,prosumer15,concentrator_trafo_2_12,propose,174,7.545000,0
1789092030.021199,93,ciclo1_AC_AP,prosumer29,concentrator_trafo_3_22,propose,366,11.279568,0
1789092049.988154,93,ciclo1_AC_AP,concentrator_trafo_2_12,prosumer13,cfp,100,3.745543,0
1789092050.032554,93,ciclo1_AC_AP,prosumer13,concentrator_trafo_2_12,propose,469,9.648593,0
1789092050.137285,93,ciclo2_AD_AC,dso,concentrator_trafo_1_5,cfp,100,4.349857,0
1789092050.137600,93,ciclo2_AD_AC,dso,concentrator_trafo_2_12,cfp,100,0.369086,0
1789092050.137759,93,ciclo2_AD_AC,dso,concentrator_trafo_3_22,cfp,100,6.730903,0
1789092050.137887,93,ciclo2_AD_AC,dso,concentrator_trafo_4_34,cfp,100,5.523692,0
1789092050.147744,93,ciclo2_AD_AC,concentrator_trafo_2_12,dso,propose,1377,23.309831,0
1789092050.188128,93,ciclo2_AD_AC,concentrator_trafo_1_5,dso,propose,1432,49.475774,0
1789092050.198698,93,ciclo2_AD_AC,concentrator_trafo_4_34,dso,propose,1013,48.161977,0
1789092050.212343,93,ciclo2_AD_AC,concentrator_trafo_3_22,dso,propose,1499,48.574471,0
1789092050.708432,93,ciclo3_AM_AC_AD,market,dso,cfp,100,3.702033,0
1789092050.761580,93,ciclo3_AM_AC_AD,dso,market,propose,1378,21.714242,0
1789092050.989297,93,ciclo3_AM_AC_AD,market,concentrator_trafo_1_5,cfp,100,3.091454,0
1789092050.989725,93,ciclo3_AM_AC_AD,market,concentrator_trafo_2_12,cfp,100,6.668784,0
1789092050.989978,93,ciclo3_AM_AC_AD,market,concentrator_trafo_3_22,cfp,100,0.716919,0
1789092050.990289,93,ciclo3_AM_AC_AD,market,concentrator_trafo_4_34,cfp,100,4.457233,0
1789092050.990621,93,ciclo3_AM_AC_AD,market,dso,cfp,100,3.409236,0
1789092051.033566,93,ciclo3_AM_AC_AD,concentrator_trafo_3_22,market,propose,1246,21.344185,0
1789092051.053726,93,ciclo3_AM_AC_AD,concentrator_trafo_1_5,market,propose,1412,49.399172,0
1789092051.067664,93,ciclo3_AM_AC_AD,dso,market,propose,1071,17.322072,0
1789092051.069996,93,ciclo3_AM_AC_AD,concentrator_trafo_4_34,market,propose,1000,38.320782,0
1789092051.075060,93,ciclo3_AM_AC_AD,concentrator_trafo_2_12,market,propose,1043,36.103594,0
1789092051.620627,94,ciclo1_AC_AP,concentrator_trafo_1_5,prosumer5,cfp,100,2.673587,0
1789092051.620785,94,ciclo1_AC_AP,concentrator_trafo_1_5,prosumer6,cfp,100,2.674826,0
1789092051.620885,94,ciclo1_AC_AP,concentrator_trafo_1_5,prosumer7,cfp,100,3.153579,0
1789092051.620974,94,ciclo1_AC_AP,concentrator_trafo_1_5,prosumer8,cfp,100,1.414142,0
1789092051.621058,94,ciclo1_AC_AP,concentrator_trafo_1_5,prosumer9,cfp,100,0.702819,0
1789092051.621139,94,ciclo1_AC_AP,concentrator_trafo_1_5,prosumer10,cfp,100,3.472560,0
1789092051.621217,94,ciclo1_AC_AP,concentrator_trafo_1_5,prosumer11,cfp,100,0.074029,0
1789092051.621725,94,ciclo1_AC_AP,concentrator_trafo_2_12,prosumer12,cfp,100,2.535463,0
1789092051.621828,94,ciclo1_AC_AP,concentrator_trafo_2_12,prosumer13,cfp,100,3.756371,0
1789092051.621910,94,ciclo1_AC_AP,concentrator_trafo_2_12,prosumer14,cfp,100,3.724073,0
1789092051.621986,94,ciclo1_AC_AP,concentrator_trafo_2_12,prosumer15,cfp,100,5.524810,0
1789092051.622060,94,ciclo1_AC_AP,concentrator_trafo_2_12,prosumer16,cfp,100,0.200884,0
1789092051.622132,94,ciclo1_AC_AP,concentrator_trafo_2_12,prosumer17,cfp,100,1.947410,0
1789092051.622203,94,ciclo1_AC_AP,concentrator_trafo_2_12,prosumer18,cfp,100,0.787435,0
1789092051.622274,94,ciclo1_AC_AP,concentrator_trafo_2_12,prosumer19,cfp,100,2.660702,0
1789092051.622347,94,ciclo1_AC_AP,concentrator_trafo_2_12,prosumer20,cfp,100,1.160171,0
1789092051.622518,94,ciclo1_AC_AP,concentrator_trafo_2_12,prosumer21,cfp,100,2.768999,0
1789092051.623121,94,ciclo1_AC_AP,concentrator_trafo_3_22,prosumer22,cfp,100,2.389995,0
1789092051.623223,94,ciclo1_AC_AP,concentrator_trafo_3_22,prosumer23,cfp,100,2.281850,0
1789092051.623303,94,ciclo1_AC_AP,concentrator_trafo_3_22,prosumer24,cfp,100,3.287033,0
1789092051.623378,94,ciclo1_AC_AP,concentrator_trafo_3_22,prosumer25,cfp,100,2.208391,0
1789092051.623451,94,ciclo1_AC_AP,concentrator_trafo_3_22,prosumer26,cfp,100,4.043980,0
1789092051.623521,94,ciclo1_AC_AP,concentrator_trafo_3_22,prosumer27,cfp,100,4.693956,0
1789092051.623607,94,ciclo1_AC_AP,concentrator_trafo_3_22,prosumer28,cfp,100,6.377771,0
1789092051.623682,94,ciclo1_AC_AP,concentrator_trafo_3_22,prosumer29,cfp,100,3.566102,0
1789092051.623753,94,ciclo1_AC_AP,concentrator_trafo_3_22,prosumer30,cfp,100,3.085102,0
1789092051.623823,94,ciclo1_AC_AP,concentrator_trafo_3_22,prosumer31,cfp,100,0.934904,0
1789092051.623893,94,ciclo1_AC_AP,concentrator_trafo_3_22,prosumer32,cfp,100,1.691890,0
1789092051.623963,94,ciclo1_AC_AP,concentrator_trafo_3_22,prosumer33,cfp,100,2.073445,0
1789092051.624503,94,ciclo1_AC_AP,concentrator_trafo_4_34,prosumer34,cfp,100,2.563803,0
1789092051.624641,94,ciclo1_AC_AP,concentrator_trafo_4_34,prosumer35,cfp,100,3.661181,0
1789092051.624719,94,ciclo1_AC_AP,concentrator_trafo_4_34,prosumer36,cfp,100,3.740219,0
1789092051.624790,94,ciclo1_AC_AP,concentrator_trafo_4_34,prosumer37,cfp,100,4.297412,0
1789092051.625003,94,ciclo1_AC_AP,concentrator_trafo_4_34,prosumer38,cfp,100,2.434691,0
1789092051.625137,94,ciclo1_AC_AP,concentrator_trafo_4_34,prosumer39,cfp,100,4.426823,0
1789092051.625213,94,ciclo1_AC_AP,concentrator_trafo_4_34,prosumer40,cfp,100,2.762645,0
1789092051.625283,94,ciclo1_AC_AP,concentrator_trafo_4_34,prosumer41,cfp,100,1.172034,0
1789092051.625362,94,ciclo1_AC_AP,concentrator_trafo_4_34,prosumer42,cfp,100,5.210135,0
1789092051.625432,94,ciclo1_AC_AP,concentrator_trafo_4_34,prosumer43,cfp,100,1.086623,0
1789092051.625501,94,ciclo1_AC_AP,concentrator_trafo_4_34,prosumer44,cfp,100,4.076738,0
1789092051.625590,94,ciclo1_AC_AP,concentrator_trafo_4_34,prosumer45,cfp,100,4.712978,0
1789092051.625672,94,ciclo1_AC_AP,concentrator_trafo_4_34,prosumer46,cfp,100,2.399018,0
1789092051.629865,94,ciclo1_AC_AP,prosumer11,concentrator_trafo_1_5,propose,387,6.833784,0
1789092051.634124,94,ciclo1_AC_AP,prosumer16,concentrator_trafo_2_12,propose,109,2.608167,0
1789092051.641515,94,ciclo1_AC_AP,prosumer9,concentrator_trafo_1_5,propose,170,4.614508,0
1789092051.648030,94,ciclo1_AC_AP,prosumer18,concentrator_trafo_2_12,propose,491,8.776746,0
1789092051.653566,94,ciclo1_AC_AP,prosumer31,concentrator_trafo_3_22,propose,156,5.609149,0
1789092051.654937,94,ciclo1_AC_AP,prosumer20,concentrator_trafo_2_12,propose,128,2.581121,0
1789092051.660142,94,ciclo1_AC_AP,prosumer8,concentrator_trafo_1_5,propose,264,5.133468,0
1789092051.666560,94,ciclo1_AC_AP,prosumer43,concentrator_trafo_4_34,propose,259,4.611352,0
1789092051.669380,94,ciclo1_AC_AP,prosumer41,concentrator_trafo_4_34,propose,441,8.257636,0
1789092051.671666,94,ciclo1_AC_AP,prosumer32,concentrator_trafo_3_22,propose,199,7.112129,0
1789092051.674328,94,ciclo1_AC_AP,prosumer17,concentrator_trafo_2_12,propose,492,9.999867,0
1789092051.676390,94,ciclo1_AC_AP,prosumer33,concentrator_trafo_3_22,propose,132,2.262897,0
1789092051.678355,94,ciclo1_AC_AP,prosumer25,concentrator_trafo_3_22,propose,445,14.639939,0
1789092051.680362,94,ciclo1_AC_AP,prosumer23,concentrator_trafo_3_22,propose,124,2.982367,0
1789092051.682353,94,ciclo1_AC_AP,prosumer22,concentrator_trafo_3_22,propose,488,8.109033,0
1789092051.684291,94,ciclo1_AC_AP,prosumer12,concentrator_trafo_2_12,propose,217,3.452307,0
1789092051.686265,94,ciclo1_AC_AP,prosumer5,concentrator_trafo_1_5,propose,474,6.300775,0
1789092051.688997,94,ciclo1_AC_AP,prosumer6,concentrator_trafo_1_5,propose,190,4.758727,0
1789092051.691363,94,ciclo1_AC_AP,prosumer19,concentrator_trafo_2_12,propose,284,5.465850,0
1789092051.692024,94,ciclo1_AC_AP,prosumer38,concentrator_trafo_4_34,propose,296,10.081903,0
1789092051.694036,94,ciclo1_AC_AP,prosumer46,concentrator_trafo_4_34,propose,432,9.888251,0
1789092051.696044,94,ciclo1_AC_AP,prosumer34,concentrator_trafo_4_34,propose,371,4.146712,0
1789092051.698002,94,ciclo1_AC_AP,prosumer21,concentrator_trafo_2_12,propose,417,7.175021,0
1789092051.698554,94,ciclo1_AC_AP,prosumer7,concentrator_trafo_1_5,propose,447,11.122779,0
1789092051.700408,94,ciclo1_AC_AP,prosumer40,concentrator_trafo_4_34,propose,288,4.114987,0
1789092051.701061,94,ciclo1_AC_AP,prosumer30,concentrator_trafo_3_22,propose,314,4.224619,0
1789092051.703728,94,ciclo1_AC_AP,prosumer10,concentrator_trafo_1_5,propose,207,2.887516,0
1789092051.706255,94,ciclo1_AC_AP,prosumer24,concentrator_trafo_3_22,propose,300,5.767824,0
1789092051.708445,94,ciclo1_AC_AP,prosumer14,concentrator_trafo_2_12,propose,468,7.800435,0
1789092051.710524,94,ciclo1_AC_AP,prosumer29,concentrator_trafo_3_22,propose,120,1.614122,0
1789092051.712447,94,ciclo1_AC_AP,prosumer13,concentrator_trafo_2_12,propose,405,10.074049,0
1789092051.713785,94,ciclo1_AC_AP,prosumer35,concentrator_trafo_4_34,propose,477,14.878074,0
1789092051.715774,94,ciclo1_AC_AP,prosumer36,concentrator_trafo_4_34,propose,214,8.981018,0
1789092051.718786,94,ciclo1_AC_AP,prosumer26,concentrator_trafo_3_22,propose,391,14.914627,0
1789092051.721657,94,ciclo1_AC_AP,prosumer44,concentrator_trafo_4_34,propose,103,1.446267,0
1789092051.723673,94,ciclo1_AC_AP,prosumer37,concentrator_trafo_4_34,propose,328,10.976427,0
1789092051.725844,94,ciclo1_AC_AP,prosumer39,concentrator_trafo_4_34,propose,477,16.735597,0
1789092051.727897,94,ciclo1_AC_AP,prosumer27,concentrator_trafo_3_22,propose,105,3.328419,0
1789092051.730177,94,ciclo1_AC_AP,prosumer45,concentrator_trafo_4_34,propose,312,11.548499,0
1789092051.732139,94,ciclo1_AC_AP,prosumer15,concentrator_trafo_2_12,propose,178,9.102825,0
1789092051.734166,94,ciclo1_AC_AP,prosumer42,concentrator_trafo_4_34,propose,497,16.465994,0
1789092051.736415,94,ciclo1_AC_AP,prosumer28,concentrator_trafo_3_22,propose,202,6.609509,0
1789092051.902373,94,ciclo2_AD_AC,dso,concentrator_trafo_1_5,cfp,100,7.293996,0
1789092051.902454,94,ciclo2_AD_AC,dso,concentrator_trafo_2_12,cfp,100,1.952604,0
1789092051.902511,94,ciclo2_AD_AC,dso,concentrator_trafo_3_22,cfp,100,2.449062,0
1789092051.902567,94,ciclo2_AD_AC,dso,concentrator_trafo_4_34,cfp,100,5.595317,0
1789092051.925557,94,ciclo2_AD_AC,concentrator_trafo_2_12,dso,propose,1032,19.164196,0
1789092051.930032,94,ciclo2_AD_AC,concentrator_trafo_3_22,dso,propose,1296,43.751974,0
1789092051.960609,94,ciclo2_AD_AC,concentrator_trafo_4_34,dso,propose,1325,69.467674,0
1789092051.978535,94,ciclo2_AD_AC,concentrator_trafo_1_5,dso,propose,1066,37.414283,0
1789092052.663720,94,ciclo3_AM_AC_AD,market,dso,cfp,100,2.863585,0
1789092052.721956,94,ciclo3_AM_AC_AD,dso,market,propose,1476,23.494202,0
1789092052.963605,94,ciclo3_AM_AC_AD,market,concentrator_trafo_1_5,cfp,100,6.213776,0
1789092052.963849,94,ciclo3_AM_AC_AD,market,concentrator_trafo_2_12,cfp,100,5.052594,0
1789092052.963978,94,ciclo3_AM_AC_AD,market,concentrator_trafo_3_22,cfp,100,0.617045,0
1789092052.964089,94,ciclo3_AM_AC_AD,market,concentrator_trafo_4_34,cfp,100,2.768422,0
1789092052.964199,94,ciclo3_AM_AC_AD,market,dso,cfp,100,1.482477,0
1789092053.039354,94,ciclo3_AM_AC_AD,concentrator_trafo_3_22,market,propose,1466,25.206346,0
1789092053.064139,94,ciclo3_AM_AC_AD,dso,market,propose,1456,25.872063,0
1789092053.070025,94,ciclo3_AM_AC_AD,concentrator_trafo_4_34,market,propose,1403,52.884572,0
1789092053.074098,94,ciclo3_AM_AC_AD,concentrator_trafo_2_12,market,propose,1162,40.437007,0
1789092053.085045,94,ciclo3_AM_AC_AD,concentrator_trafo_1_5,market,propose,1384,44.942282,0
1789092053.682562,95,ciclo1_AC_AP,concentrator_trafo_1_5,prosumer5,cfp,100,2.294418,0
1789092053.682982,95,ciclo1_AC_AP,concentrator_trafo_1_5,prosumer6,cfp,100,0.065399,0
1789092053.683223,95,ciclo1_AC_AP,concentrator_trafo_1_5,prosumer7,cfp,100,3.086325,0
1789092053.683430,95,ciclo1_AC_AP,concentrator_trafo_1_5,prosumer8,cfp,100,3.184106,0
1789092053.683649,95,ciclo1_AC_AP,concentrator_trafo_1_5,prosumer9,cfp,100,1.794092,0
1789092053.683840,95,ciclo1_AC_AP,concentrator_trafo_1_5,prosumer10,cfp,100,1.218191,0
1789092053.684021,95,ciclo1_AC_AP,concentrator_trafo_1_5,prosumer11,cfp,100,2.913188,0
1789092053.685246,95,ciclo1_AC_AP,concentrator_trafo_2_12,prosumer12,cfp,100,1.797215,0
1789092053.685472,95,ciclo1_AC_AP,concentrator_trafo_2_12,prosumer13,cfp,100,1.274511,0
1789092053.685690,95,ciclo1_AC_AP,concentrator_trafo_2_12,prosumer14,cfp,100,0.705271,0
1789092053.685881,95,ciclo1_AC_AP,concentrator_trafo_2_12,prosumer15,cfp,100,2.849474,0
1789092053.686058,95,ciclo1_AC_AP,concentrator_trafo_2_12,prosumer16,cfp,100,2.309664,0
1789092053.686232,95,ciclo1_AC_AP,concentrator_trafo_2_12,prosumer17,cfp,100,0.765633,0
1789092053.686403,95,ciclo1_AC_AP,concentrator_trafo_2_12,prosumer18,cfp,100,3.045012,0
1789092053.686715,95,ciclo1_AC_AP,concentrator_trafo_2_12,prosumer19,cfp,100,1.529902,0
1789092053.687388,95,ciclo1_AC_AP,concentrator_trafo_2_12,prosumer20,cfp,100,3.069398,0
1789092053.687953,95,ciclo1_AC_AP,concentrator_trafo_2_12,prosumer21,cfp,100,3.468089,0
1789092053.689777,95,ciclo1_AC_AP,concentrator_trafo_3_22,prosumer22,cfp,100,0.663709,0
1789092053.690093,95,ciclo1_AC_AP,concentrator_trafo_3_22,prosumer23,cfp,100,2.956032,0
1789092053.690299,95,ciclo1_AC_AP,concentrator_trafo_3_22,prosumer24,cfp,100,0.742497,0
1789092053.690481,95,ciclo1_AC_AP,concentrator_trafo_3_22,prosumer25,cfp,100,2.936684,0
1789092053.690660,95,ciclo1_AC_AP,concentrator_trafo_3_22,prosumer26,cfp,100,4.879585,0
1789092053.690905,95,ciclo1_AC_AP,concentrator_trafo_3_22,prosumer27,cfp,100,6.245395,0
1789092053.691086,95,ciclo1_AC_AP,concentrator_trafo_3_22,prosumer28,cfp,100,4.664827,0
1789092053.691279,95,ciclo1_AC_AP,concentrator_trafo_3_22,prosumer29,cfp,100,3.105688,0
1789092053.691441,95,ciclo1_AC_AP,concentrator_trafo_3_22,prosumer30,cfp,100,2.652365,0
1789092053.691601,95,ciclo1_AC_AP,concentrator_trafo_3_22,prosumer31,cfp,100,3.165936,0
1789092053.691752,95,ciclo1_AC_AP,concentrator_trafo_3_22,prosumer32,cfp,100,4.671133,0
1789092053.691901,95,ciclo1_AC_AP,concentrator_trafo_3_22,prosumer33,cfp,100,3.946208,0
1789092053.692902,95,ciclo1_AC_AP,concentrator_trafo_4_34,prosumer34,cfp,100,2.742527,0
1789092053.693100,95,ciclo1_AC_AP,concentrator_trafo_4_34,prosumer35,cfp,100,2.977454,0
1789092053.693273,95,ciclo1_AC_AP,concentrator_trafo_4_34,prosumer36,cfp,100,1.616379,0
1789092053.693440,95,ciclo1_AC_AP,concentrator_trafo_4_34,prosumer37,cfp,100,4.267578,0
1789092053.693630,95,ciclo1_AC_AP,concentrator_trafo_4_34,prosumer38,cfp,100,0.840303,0
1789092053.693802,95,ciclo1_AC_AP,concentrator_trafo_4_34,prosumer39,cfp,100,3.177621,0
1789092053.693972,95,ciclo1_AC_AP,concentrator_trafo_4_34,prosumer40,cfp,100,3.569577,0
1789092053.694130,95,ciclo1_AC_AP,concentrator_trafo_4_34,prosumer41,cfp,100,2.271703,0
1789092053.694287,95,ciclo1_AC_AP,concentrator_trafo_4_34,prosumer42,cfp,100,5.172513,0
1789092053.694447,95,ciclo1_AC_AP,concentrator_trafo_4_34,prosumer43,cfp,100,1.941270,0
1789092053.694622,95,ciclo1_AC_AP,concentrator_trafo_4_34,prosumer44,cfp,100,2.410337,0
1789092053.694808,95,ciclo1_AC_AP,concentrator_trafo_4_34,prosumer45,cfp,100,5.106848,0
1789092053.695102,95,ciclo1_AC_AP,concentrator_trafo_4_34,prosumer46,cfp,100,0.847096,0
1789092053.703676,95,ciclo1_AC_AP,prosumer6,concentrator_trafo_1_5,propose,243,3.460111,0
1789092053.704867,95,ciclo1_AC_AP,prosumer14,concentrator_trafo_2_12,propose,250,4.272198,0
1789092053.708167,95,ciclo1_AC_AP,prosumer17,concentrator_trafo_2_12,propose,497,8.523595,0
1789092053.711281,95,ciclo1_AC_AP,prosumer10,concentrator_trafo_1_5,propose,331,4.634463,0
1789092053.711786,95,ciclo1_AC_AP,prosumer22,concentrator_trafo_3_22,propose,275,5.092188,0
1789092053.712887,95,ciclo1_AC_AP,prosumer24,concentrator_trafo_3_22,propose,368,4.577332,0
1789092053.713685,95,ciclo1_AC_AP,prosumer13,concentrator_trafo_2_12,propose,311,9.591657,0
1789092053.714479,95,ciclo1_AC_AP,prosumer9,concentrator_trafo_1_5,propose,351,6.414752,0
1789092053.715003,95,ciclo1_AC_AP,prosumer38,concentrator_trafo_4_34,propose,268,5.037630,0
1789092053.717000,95,ciclo1_AC_AP,prosumer19,concentrator_trafo_2_12,propose,236,3.847188,0
1789092053.718990,95,ciclo1_AC_AP,prosumer12,concentrator_trafo_2_12,propose,364,7.762026,0
1789092053.719520,95,ciclo1_AC_AP,prosumer46,concentrator_trafo_4_34,propose,255,6.258797,0
1789092053.720056,95,ciclo1_AC_AP,prosumer5,concentrator_trafo_1_5,propose,327,7.955702,0
1789092053.721855,95,ciclo1_AC_AP,prosumer16,concentrator_trafo_2_12,propose,373,5.682193,0
1789092053.722399,95,ciclo1_AC_AP,prosumer36,concentrator_trafo_4_34,propose,270,9.629435,0
1789092053.723844,95,ciclo1_AC_AP,prosumer11,concentrator_trafo_1_5,propose,305,4.748144,0
1789092053.726090,95,ciclo1_AC_AP,prosumer43,concentrator_trafo_4_34,propose,443,7.894405,0
1789092053.728523,95,ciclo1_AC_AP,prosumer7,concentrator_trafo_1_5,propose,271,7.111768,0
1789092053.729092,95,ciclo1_AC_AP,prosumer15,concentrator_trafo_2_12,propose,306,11.677138,0
1789092053.731057,95,ciclo1_AC_AP,prosumer8,concentrator_trafo_1_5,propose,486,8.881340,0
1789092053.732965,95,ciclo1_AC_AP,prosumer41,concentrator_trafo_4_34,propose,243,4.865726,0
1789092053.734856,95,ciclo1_AC_AP,prosumer18,concentrator_trafo_2_12,propose,456,8.339753,0
1789092053.736731,95,ciclo1_AC_AP,prosumer30,concentrator_trafo_3_22,propose,107,2.018662,0
1789092053.738720,95,ciclo1_AC_AP,prosumer20,concentrator_trafo_2_12,propose,209,4.808021,0
1789092053.740705,95,ciclo1_AC_AP,prosumer44,concentrator_trafo_4_34,propose,465,15.768120,0
1789092053.742666,95,ciclo1_AC_AP,prosumer23,concentrator_trafo_3_22,propose,339,6.204341,0
1789092053.744648,95,ciclo1_AC_AP,prosumer25,concentrator_trafo_3_22,propose,485,17.569778,0
1789092053.746634,95,ciclo1_AC_AP,prosumer34,concentrator_trafo_4_34,propose,252,3.925411,0
1789092053.749256,95,ciclo1_AC_AP,prosumer29,concentrator_trafo_3_22,propose,306,11.074431,0
1789092053.749806,95,ciclo1_AC_AP,prosumer21,concentrator_trafo_2_12,propose,319,6.610222,0
1789092053.751816,95,ciclo1_AC_AP,prosumer35,concentrator_trafo_4_34,propose,478,13.022201,0
1789092053.752431,95,ciclo1_AC_AP,prosumer31,concentrator_trafo_3_22,propose,478,8.786585,0
1789092053.754066,95,ciclo1_AC_AP,prosumer39,concentrator_trafo_4_34,propose,449,12.784152,0
1789092053.756182,95,ciclo1_AC_AP,prosumer40,concentrator_trafo_4_34,propose,166,5.579466,0
1789092053.756700,95,ciclo1_AC_AP,prosumer33,concentrator_trafo_3_22,propose,191,2.317544,0
1789092053.758652,95,ciclo1_AC_AP,prosumer37,concentrator_trafo_4_34,propose,344,12.798830,0
1789092053.760659,95,ciclo1_AC_AP,prosumer28,concentrator_trafo_3_22,propose,197,7.897829,0
1789092053.761480,95,ciclo1_AC_AP,prosumer32,concentrator_trafo_3_22,propose,187,8.750778,0
1789092053.763403,95,ciclo1_AC_AP,prosumer26,concentrator_trafo_3_22,propose,419,15.059757,0
1789092053.765804,95,ciclo1_AC_AP,prosumer45,concentrator_trafo_4_34,propose,198,6.613311,0
1789092053.766380,95,ciclo1_AC_AP,prosumer42,concentrator_trafo_4_34,propose,139,9.843673,0
1789092053.767979,95,ciclo1_AC_AP,prosumer27,concentrator_trafo_3_22,propose,238,8.188921,0
1789092053.925626,95,ciclo2_AD_AC,dso,concentrator_trafo_1_5,cfp,100,4.420042,0
1789092053.925889,95,ciclo2_AD_AC,dso,concentrator_trafo_2_12,cfp,100,3.509824,0
1789092053.926053,95,ciclo2_AD_AC,dso,concentrator_trafo_3_22,cfp,100,7.065969,0
1789092053.926182,95,ciclo2_AD_AC,dso,concentrator_trafo_4_34,cfp,100,9.015699,0
1789092053.969489,95,ciclo2_AD_AC,concentrator_trafo_2_12,dso,propose,1257,20.729406,0
1789092053.974966,95,ciclo2_AD_AC,concentrator_trafo_1_5,dso,propose,1430,50.707515,0
1789092054.004200,95,ciclo2_AD_AC,concentrator_trafo_3_22,dso,propose,1259,37.584131,0
1789092054.022425,95,ciclo2_AD_AC,concentrator_trafo_4_34,dso,propose,1083,54.076083,0
1789092054.572244,95,ciclo3_AM_AC_AD,market,dso,cfp,100,2.534810,0
1789092054.609686,95,ciclo3_AM_AC_AD,dso,market,propose,1300,22.824073,0
1789092054.847422,95,ciclo3_AM_AC_AD,market,concentrator_trafo_1_5,cfp,100,6.925411,0
1789092054.847802,95,ciclo3_AM_AC_AD,market,concentrator_trafo_2_12,cfp,100,4.212973,0
1789092054.847983,95,ciclo3_AM_AC_AD,market,concentrator_trafo_3_22,cfp,100,2.886296,0
1789092054.848116,95,ciclo3_AM_AC_AD,market,concentrator_trafo_4_34,cfp,100,4.398968,0
1789092054.848238,95,ciclo3_AM_AC_AD,market,dso,cfp,100,0.484540,0
1789092054.896242,95,ciclo3_AM_AC_AD,dso,market,propose,1437,24.540269,0
1789092054.908159,95,ciclo3_AM_AC_AD,concentrator_trafo_3_22,market,propose,1094,18.722431,0
1789092054.918634,95,ciclo3_AM_AC_AD,concentrator_trafo_2_12,market,propose,1338,44.722422,0
1789092054.926334,95,ciclo3_AM_AC_AD,concentrator_trafo_4_34,market,propose,1248,40.934114,0
1789092054.931507,95,ciclo3_AM_AC_AD,concentrator_trafo_1_5,market,propose,1062,35.869312,0
