wall_time,t,ciclo,sender,receiver,performative,bytes,delay_s,dropped
1789091230.610517,,,concentrator_trafo_1_3,dso,subscribe,100,4.410278,0
1789091230.612331,,,concentrator_trafo_2_12,dso,subscribe,100,3.903465,0
1789091230.613805,,,prosumer3,concentrator_trafo_1_3,subscribe,100,1.127902,0
1789091230.615238,,,prosumer4,concentrator_trafo_1_3,subscribe,100,2.366467,0
1789091230.616295,,,prosumer5,concentrator_trafo_1_3,subscribe,100,3.917167,0
1789091230.617005,,,prosumer6,concentrator_trafo_1_3,subscribe,100,2.266562,0
1789091230.617648,,,prosumer7,concentrator_trafo_1_3,subscribe,100,0.075335,0
1789091230.618020,,,prosumer8,concentrator_trafo_1_3,subscribe,100,4.175772,0
1789091230.618336,,,prosumer9,concentrator_trafo_1_3,subscribe,100,3.260705,0
1789091230.618609,,,prosumer10,concentrator_trafo_1_3,subscribe,100,1.566957,0
1789091230.618881,,,prosumer11,concentrator_trafo_1_3,subscribe,100,3.488709,0
1789091230.619158,,,prosumer12,concentrator_trafo_2_12,subscribe,100,3.018371,0
1789091230.619423,,,prosumer13,concentrator_trafo_2_12,subscribe,100,2.247211,0
1789091230.619702,,,prosumer14,concentrator_trafo_2_12,subscribe,100,0.551279,0
1789091230.619980,,,prosumer15,concentrator_trafo_2_12,subscribe,100,0.732295,0
1789091230.620253,,,prosumer16,concentrator_trafo_2_12,subscribe,100,0.179990,0
1789091230.620508,,,prosumer17,concentrator_trafo_2_12,subscribe,100,0.434276,0
1789091230.620766,,,prosumer18,concentrator_trafo_2_12,subscribe,100,0.911866,0
1789091230.621012,,,prosumer19,concentrator_trafo_2_12,subscribe,100,2.880475,0
1789091230.621258,,,prosumer20,concentrator_trafo_2_12,subscribe,100,2.311983,0
1789091230.624128,,,concentrator_trafo_1_3,prosumer7,agree,100,0.290776,0
1789091230.625646,,,concentrator_trafo_2_12,prosumer16,agree,100,3.907796,0
1789091230.627906,,,concentrator_trafo_2_12,prosumer17,agree,100,2.295126,0
1789091230.629044,,,concentrator_trafo_1_3,prosumer3,agree,100,0.821305,0
1789091230.630199,,,concentrator_trafo_2_12,prosumer14,agree,100,1.019396,0
1789091230.633395,,,concentrator_trafo_2_12,prosumer15,agree,100,3.794592,0
1789091230.634615,,,concentrator_trafo_2_12,prosumer18,agree,100,2.348690,0
1789091230.636493,,,concentrator_trafo_1_3,prosumer10,agree,100,3.918881,0
1789091230.642538,,,concentrator_trafo_1_3,prosumer4,agree,100,3.421188,0
1789091230.644285,,,concentrator_trafo_1_3,prosumer6,agree,100,0.968985,0
1789091230.647125,,,concentrator_trafo_2_12,prosumer13,agree,100,1.994830,0
1789091230.648272,,,concentrator_trafo_2_12,prosumer20,agree,100,5.853704,0
1789091230.651182,,,concentrator_trafo_2_12,prosumer12,agree,100,0.633437,0
1789091230.652646,,,concentrator_trafo_2_12,prosumer19,agree,100,0.075048,0
1789091230.654733,,,concentrator_trafo_1_3,prosumer9,agree,100,0.282889,0
1789091230.655628,,,dso,concentrator_trafo_2_12,agree,100,4.414405,0
1789091230.658759,,,concentrator_trafo_1_3,prosumer11,agree,100,2.298160,0
1789091230.660154,,,dso,concentrator_trafo_1_3,agree,100,5.276153,0
1789091230.661026,,,concentrator_trafo_1_3,prosumer5,agree,100,2.342171,0
1789091230.664286,,,concentrator_trafo_1_3,prosumer8,agree,100,3.761601,0
1789091231.978141,,ciclo1_AC_AP,concentrator_trafo_1_3,prosumer3,cfp,100,3.011151,0
1789091231.978787,,ciclo1_AC_AP,concentrator_trafo_1_3,prosumer4,cfp,100,2.703701,0
1789091231.979283,,ciclo1_AC_AP,concentrator_trafo_1_3,prosumer5,cfp,100,1.070275,0
1789091231.979494,,ciclo1_AC_AP,concentrator_trafo_1_3,prosumer6,cfp,100,0.267993,0
1789091231.979910,,ciclo1_AC_AP,concentrator_trafo_1_3,prosumer7,cfp,100,1.495140,0
1789091231.980250,,ciclo1_AC_AP,concentrator_trafo_1_3,prosumer8,cfp,100,3.393162,0
1789091231.980425,,ciclo1_AC_AP,concentrator_trafo_1_3,prosumer9,cfp,100,3.041132,0
1789091231.980606,,ciclo1_AC_AP,concentrator_trafo_1_3,prosumer10,cfp,100,0.268807,0
1789091231.980927,,ciclo1_AC_AP,concentrator_trafo_1_3,prosumer11,cfp,100,1.051673,0
1789091231.981807,,ciclo1_AC_AP,concentrator_trafo_2_12,prosumer12,cfp,100,3.251208,0
1789091231.981982,,ciclo1_AC_AP,concentrator_trafo_2_12,prosumer13,cfp,100,0.781474,0
1789091231.982156,,ciclo1_AC_AP,concentrator_trafo_2_12,prosumer14,cfp,100,2.583422,0
1789091231.982290,,ciclo1_AC_AP,concentrator_trafo_2_12,prosumer15,cfp,100,5.855892,0
1789091231.982417,,ciclo1_AC_AP,concentrator_trafo_2_12,prosumer16,cfp,100,1.063719,0
1789091231.982568,,ciclo1_AC_AP,concentrator_trafo_2_12,prosumer17,cfp,100,0.266483,0
1789091231.982701,,ciclo1_AC_AP,concentrator_trafo_2_12,prosumer18,cfp,100,2.969667,0
1789091231.982833,,ciclo1_AC_AP,concentrator_trafo_2_12,prosumer19,cfp,100,3.119599,0
1789091231.982960,,ciclo1_AC_AP,concentrator_trafo_2_12,prosumer20,cfp,100,7.432743,0
1789091232.153454,,ciclo1_AC_AP,prosumer10,concentrator_trafo_1_3,propose,1432,22.276364,0
1789091232.160878,,ciclo1_AC_AP,prosumer6,concentrator_trafo_1_3,propose,1197,18.212331,0
1789091232.241773,,ciclo1_AC_AP,prosumer17,concentrator_trafo_2_12,propose,1388,23.941773,0
1789091232.312221,,ciclo1_AC_AP,prosumer13,concentrator_trafo_2_12,propose,1455,22.765720,0
1789091232.314853,,ciclo1_AC_AP,prosumer11,concentrator_trafo_1_3,propose,1215,18.605781,0
1789091232.317977,,ciclo1_AC_AP,prosumer5,concentrator_trafo_1_3,propose,1020,18.511337,0
1789091232.319279,,ciclo1_AC_AP,prosumer7,concentrator_trafo_1_3,propose,1132,18.367241,0
1789091232.331594,,ciclo1_AC_AP,prosumer16,concentrator_trafo_2_12,propose,1494,22.282754,0
1789091232.333422,,ciclo1_AC_AP,prosumer3,concentrator_trafo_1_3,propose,1261,20.377345,0
1789091232.334591,,ciclo1_AC_AP,prosumer14,concentrator_trafo_2_12,propose,1248,20.923438,0
1789091232.335641,,ciclo1_AC_AP,prosumer4,concentrator_trafo_1_3,propose,1207,18.512310,0
1789091232.338674,,ciclo1_AC_AP,prosumer18,concentrator_trafo_2_12,propose,1470,24.590807,0
1789091232.339591,,ciclo1_AC_AP,prosumer9,concentrator_trafo_1_3,propose,1401,23.287381,0
1789091232.340471,,ciclo1_AC_AP,prosumer19,concentrator_trafo_2_12,propose,1424,24.732554,0
1789091232.342074,,ciclo1_AC_AP,prosumer12,concentrator_trafo_2_12,propose,1155,19.068260,0
1789091232.343110,,ciclo1_AC_AP,prosumer8,concentrator_trafo_1_3,propose,1495,47.252546,0
1789091232.344120,,ciclo1_AC_AP,prosumer15,concentrator_trafo_2_12,propose,1244,39.349430,0
1789091232.344704,,ciclo1_AC_AP,prosumer20,concentrator_trafo_2_12,propose,1183,40.534694,0
1789091232.820340,,ciclo2_AD_AC,dso,concentrator_trafo_1_3,cfp,100,5.120783,0
1789091232.820582,,ciclo2_AD_AC,dso,concentrator_trafo_2_12,cfp,100,3.435419,0
1789091232.859414,,ciclo2_AD_AC,concentrator_trafo_2_12,dso,propose,1298,43.454663,0
1789091232.875676,,ciclo2_AD_AC,concentrator_trafo_1_3,dso,propose,1456,45.339311,0
1789091233.335298,,ciclo3_AM_AC_AD,market,concentrator_trafo_1_3,cfp,100,3.370113,0
1789091233.336720,,ciclo3_AM_AC_AD,market,concentrator_trafo_2_12,cfp,100,3.111764,0
1789091233.339959,,ciclo3_AM_AC_AD,market,dso,cfp,100,2.956184,0
1789091233.589580,,ciclo3_AM_AC_AD,concentrator_trafo_2_12,market,propose,1464,23.269182,0
1789091233.599988,,ciclo3_AM_AC_AD,concentrator_trafo_1_3,market,propose,1111,34.166343,0
1789091233.716987,,ciclo3_AM_AC_AD,dso,market,propose,1258,21.448672,0
1789091233.948102,,,market,concentrator_trafo_1_3,reject-proposal,1071,33.204907,0
1789091233.949465,,,market,concentrator_trafo_2_12,reject-proposal,1144,19.180841,0
1789091233.950507,,,market,dso,reject-proposal,1071,18.041863,0
1789091234.003354,,ciclo3_AM_AC_AD,market,concentrator_trafo_1_3,cfp,100,1.027396,0
1789091234.004791,,ciclo3_AM_AC_AD,market,concentrator_trafo_2_12,cfp,100,2.032106,0
1789091234.006331,,ciclo3_AM_AC_AD,market,dso,cfp,100,3.181827,0
1789091234.247446,,ciclo3_AM_AC_AD,concentrator_trafo_1_3,market,propose,1386,45.553786,0
1789091234.253883,,ciclo3_AM_AC_AD,concentrator_trafo_2_12,market,propose,1048,19.456670,0
1789091234.356346,,ciclo3_AM_AC_AD,dso,market,propose,1316,23.874933,0
1789091234.710712,,,market,concentrator_trafo_1_3,reject-proposal,1409,48.473314,0
1789091234.712141,,,market,concentrator_trafo_2_12,reject-proposal,1128,20.165460,0
1789091234.713563,,,market,dso,reject-proposal,1465,25.125121,0
1789091234.768241,,ciclo3_AM_AC_AD,market,concentrator_trafo_1_3,cfp,100,6.913415,0
1789091234.770508,,ciclo3_AM_AC_AD,market,concentrator_trafo_2_12,cfp,100,0.588055,0
1789091234.772920,,ciclo3_AM_AC_AD,market,dso,cfp,100,0.637229,0
1789091235.011695,,ciclo3_AM_AC_AD,concentrator_trafo_2_12,market,propose,1272,20.958032,0
1789091235.044753,,ciclo3_AM_AC_AD,concentrator_trafo_1_3,market,propose,1361,44.666586,0
1789091235.119817,,ciclo3_AM_AC_AD,dso,market,propose,1414,24.375960,0
1789091235.495615,,,market,concentrator_trafo_1_3,reject-proposal,1308,47.386804,0
1789091235.496485,,,market,concentrator_trafo_2_12,reject-proposal,1461,23.567095,0
1789091235.497222,,,market,dso,reject-proposal,1075,17.159480,0
1789091235.552180,,ciclo3_AM_AC_AD,market,concentrator_trafo_1_3,cfp,100,4.638352,0
1789091235.554764,,ciclo3_AM_AC_AD,market,concentrator_trafo_2_12,cfp,100,0.353428,0
1789091235.557429,,ciclo3_AM_AC_AD,market,dso,cfp,100,0.918331,0
1789091235.789890,,ciclo3_AM_AC_AD,concentrator_trafo_2_12,market,propose,1158,19.450082,0
1789091235.830419,,ciclo3_AM_AC_AD,concentrator_trafo_1_3,market,propose,1050,35.208093,0
1789091235.907514,,ciclo3_AM_AC_AD,dso,market,propose,1373,22.557092,0
1789091236.187881,,,market,concentrator_trafo_1_3,reject-proposal,1037,38.960871,0
1789091236.188908,,,market,concentrator_trafo_2_12,reject-proposal,1460,23.011402,0
1789091236.189342,,,market,dso,reject-proposal,1435,24.207970,0
1789091236.244068,,ciclo3_AM_AC_AD,market,concentrator_trafo_1_3,cfp,100,5.280088,0
1789091236.246224,,ciclo3_AM_AC_AD,market,concentrator_trafo_2_12,cfp,100,0.669728,0
1789091236.248444,,ciclo3_AM_AC_AD,market,dso,cfp,100,1.870197,0
1789091236.467786,,ciclo3_AM_AC_AD,concentrator_trafo_2_12,market,propose,1350,22.767489,0
1789091236.499557,,ciclo3_AM_AC_AD,concentrator_trafo_1_3,market,propose,1169,42.418799,0
1789091236.584911,,ciclo3_AM_AC_AD,dso,market,propose,1241,18.723809,0
1789091236.931592,,,market,concentrator_trafo_1_3,reject-proposal,1286,44.446399,0
1789091236.933218,,,market,concentrator_trafo_2_12,reject-proposal,1051,17.888059,0
1789091236.934861,,,market,dso,reject-proposal,1181,19.426913,0
1789091236.988187,,ciclo3_AM_AC_AD,market,concentrator_trafo_1_3,cfp,100,3.094507,0
1789091236.990127,,ciclo3_AM_AC_AD,market,concentrator_trafo_2_12,cfp,100,2.965130,0
1789091236.992589,,ciclo3_AM_AC_AD,market,dso,cfp,100,0.746412,0
1789091237.246960,,ciclo3_AM_AC_AD,concentrator_trafo_2_12,market,propose,1222,21.899617,0
1789091237.248110,,ciclo3_AM_AC_AD,concentrator_trafo_1_3,market,propose,1161,42.562337,0
1789091237.313189,,ciclo3_AM_AC_AD,dso,market,propose,1312,20.845728,0
1789091237.676355,,,market,concentrator_trafo_1_3,reject-proposal,1327,43.740934,0
1789091237.676688,,,market,concentrator_trafo_2_12,reject-proposal,1467,25.380015,0
1789091237.676946,,,market,dso,reject-proposal,1104,16.467724,0
1789091237.731609,,ciclo3_AM_AC_AD,market,concentrator_trafo_1_3,cfp,100,3.724818,0
1789091237.733377,,ciclo3_AM_AC_AD,market,concentrator_trafo_2_12,cfp,100,3.423270,0
1789091237.735518,,ciclo3_AM_AC_AD,market,dso,cfp,100,2.296959,0
1789091238.029304,,ciclo3_AM_AC_AD,concentrator_trafo_2_12,market,propose,1494,24.670025,0
1789091238.031279,,ciclo3_AM_AC_AD,concentrator_trafo_1_3,market,propose,1282,43.318240,0
1789091238.096968,,ciclo3_AM_AC_AD,dso,market,propose,1244,21.662345,0
1789091238.470714,,,market,concentrator_trafo_1_3,reject-proposal,1226,40.669419,0
1789091238.471855,,,market,concentrator_trafo_2_12,reject-proposal,1443,23.930429,0
1789091238.472667,,,market,dso,reject-proposal,1266,21.310582,0
1789091238.527275,,ciclo3_AM_AC_AD,market,concentrator_trafo_1_3,cfp,100,4.398146,0
1789091238.529380,,ciclo3_AM_AC_AD,market,concentrator_trafo_2_12,cfp,100,0.777407,0
1789091238.531696,,ciclo3_AM_AC_AD,market,dso,cfp,100,0.813281,0
1789091238.733821,,ciclo3_AM_AC_AD,concentrator_trafo_2_12,market,propose,1133,16.653502,0
1789091238.780298,,ciclo3_AM_AC_AD,concentrator_trafo_1_3,market,propose,1031,33.867427,0
1789091238.870198,,ciclo3_AM_AC_AD,dso,market,propose,1412,24.038557,0
1789091239.122476,,,market,concentrator_trafo_1_3,reject-proposal,1470,50.169838,0
1789091239.123494,,,market,concentrator_trafo_2_12,reject-proposal,1280,22.382654,0
1789091239.124404,,,market,dso,reject-proposal,1468,22.533967,0
1789091239.177861,,ciclo3_AM_AC_AD,market,concentrator_trafo_1_3,cfp,100,5.845947,0
1789091239.179260,,ciclo3_AM_AC_AD,market,concentrator_trafo_2_12,cfp,100,2.482955,0
1789091239.181413,,ciclo3_AM_AC_AD,market,dso,cfp,100,2.150971,0
1789091239.419047,,ciclo3_AM_AC_AD,concentrator_trafo_2_12,market,propose,1007,17.519253,0
1789091239.453151,,ciclo3_AM_AC_AD,concentrator_trafo_1_3,market,propose,1047,37.909610,0
1789091239.591564,,ciclo3_AM_AC_AD,dso,market,propose,1368,23.092421,0
1789091239.834053,,,market,concentrator_trafo_1_3,reject-proposal,1430,51.289227,0
1789091239.834747,,,market,concentrator_trafo_2_12,reject-proposal,1204,19.695368,0
1789091239.835416,,,market,dso,reject-proposal,1363,20.224270,0
1789091239.887568,,ciclo3_AM_AC_AD,market,concentrator_trafo_1_3,cfp,100,3.834969,0
1789091239.888953,,ciclo3_AM_AC_AD,market,concentrator_trafo_2_12,cfp,100,0.292758,0
1789091239.890358,,ciclo3_AM_AC_AD,market,dso,cfp,100,1.328276,0
1789091240.129636,,ciclo3_AM_AC_AD,concentrator_trafo_2_12,market,propose,1422,25.494702,0
1789091240.170177,,ciclo3_AM_AC_AD,concentrator_trafo_1_3,market,propose,1401,49.087627,0
1789091240.253858,,ciclo3_AM_AC_AD,dso,market,propose,1342,22.981529,0
1789091240.664903,,,market,concentrator_trafo_1_3,reject-proposal,1320,42.522004,0
1789091240.665868,,,market,concentrator_trafo_2_12,reject-proposal,1000,15.872887,0
1789091240.666810,,,market,dso,reject-proposal,1313,23.619845,0
1789091240.719006,,ciclo3_AM_AC_AD,market,concentrator_trafo_1_3,cfp,100,2.824023,0
1789091240.719857,,ciclo3_AM_AC_AD,market,concentrator_trafo_2_12,cfp,100,3.478810,0
1789091240.720907,,ciclo3_AM_AC_AD,market,dso,cfp,100,3.287486,0
1789091240.930707,,ciclo3_AM_AC_AD,concentrator_trafo_1_3,market,propose,1252,39.886716,0
1789091240.940439,,ciclo3_AM_AC_AD,concentrator_trafo_2_12,market,propose,1423,22.476685,0
1789091241.050000,,ciclo3_AM_AC_AD,dso,market,propose,1444,22.434098,0
1789091241.332851,,,market,concentrator_trafo_1_3,reject-proposal,1170,41.976808,0
1789091241.333177,,,market,concentrator_trafo_2_12,reject-proposal,1124,16.513694,0
1789091241.333462,,,market,dso,reject-proposal,1373,20.801312,0
1789091241.385069,,ciclo3_AM_AC_AD,market,concentrator_trafo_1_3,cfp,100,3.646462,0
1789091241.385855,,ciclo3_AM_AC_AD,market,concentrator_trafo_2_12,cfp,100,1.762214,0
1789091241.386835,,ciclo3_AM_AC_AD,market,dso,cfp,100,2.064625,0
1789091241.626770,,ciclo3_AM_AC_AD,concentrator_trafo_2_12,market,propose,1166,22.105749,0
1789091241.664528,,ciclo3_AM_AC_AD,concentrator_trafo_1_3,market,propose,1360,46.022100,0
1789091241.749907,,ciclo3_AM_AC_AD,dso,market,propose,1445,22.829169,0
1789091242.127428,,,market,concentrator_trafo_1_3,reject-proposal,1032,38.645586,0
1789091242.127718,,,market,concentrator_trafo_2_12,reject-proposal,1097,17.069331,0
1789091242.128285,,,market,dso,reject-proposal,1469,25.557174,0
1789091242.179817,,ciclo3_AM_AC_AD,market,concentrator_trafo_1_3,cfp,100,1.678114,0
1789091242.180576,,ciclo3_AM_AC_AD,market,concentrator_trafo_2_12,cfp,100,1.539569,0
1789091242.181590,,ciclo3_AM_AC_AD,market,dso,cfp,100,2.663754,0
1789091242.434332,,ciclo3_AM_AC_AD,concentrator_trafo_2_12,market,propose,1290,20.486510,0
1789091242.438147,,ciclo3_AM_AC_AD,concentrator_trafo_1_3,market,propose,1113,37.326711,0
1789091242.548354,,ciclo3_AM_AC_AD,dso,market,propose,1122,19.946498,0
1789091242.813993,,,market,concentrator_trafo_1_3,reject-proposal,1411,51.439244,0
1789091242.814586,,,market,concentrator_trafo_2_12,reject-proposal,1495,24.344240,0
1789091242.815310,,,market,dso,reject-proposal,1072,19.016408,0
1789091242.867141,,ciclo3_AM_AC_AD,market,concentrator_trafo_1_3,cfp,100,7.710728,0
1789091242.867848,,ciclo3_AM_AC_AD,market,concentrator_trafo_2_12,cfp,100,0.130070,0
1789091242.868716,,ciclo3_AM_AC_AD,market,dso,cfp,100,1.933464,0
1789091243.094274,,ciclo3_AM_AC_AD,concentrator_trafo_2_12,market,propose,1411,22.548641,0
1789091243.127711,,ciclo3_AM_AC_AD,concentrator_trafo_1_3,market,propose,1278,40.710969,0
1789091243.199821,,ciclo3_AM_AC_AD,dso,market,propose,1229,20.248727,0
1789091243.538284,,,market,concentrator_trafo_1_3,reject-proposal,1046,35.844399,0
1789091243.538693,,,market,concentrator_trafo_2_12,reject-proposal,1041,18.221724,0
1789091243.539252,,,market,dso,reject-proposal,1163,19.659992,0
1789091243.590765,,ciclo3_AM_AC_AD,market,concentrator_trafo_1_3,cfp,100,5.326129,0
1789091243.591433,,ciclo3_AM_AC_AD,market,concentrator_trafo_2_12,cfp,100,3.627317,0
1789091243.592345,,ciclo3_AM_AC_AD,market,dso,cfp,100,1.755764,0
1789091243.852796,,ciclo3_AM_AC_AD,concentrator_trafo_2_12,market,propose,1448,23.172691,0
1789091243.878166,,ciclo3_AM_AC_AD,concentrator_trafo_1_3,market,propose,1260,38.894144,0
1789091243.925516,,ciclo3_AM_AC_AD,dso,market,propose,1477,26.063916,0
1789091244.269847,,,market,concentrator_trafo_1_3,reject-proposal,1250,40.667534,0
1789091244.270686,,,market,concentrator_trafo_2_12,reject-proposal,1055,18.567769,0
1789091244.271353,,,market,dso,reject-proposal,1154,20.612822,0
1789091244.323379,,ciclo3_AM_AC_AD,market,concentrator_trafo_1_3,cfp,100,3.418755,0
1789091244.324417,,ciclo3_AM_AC_AD,market,concentrator_trafo_2_12,cfp,100,3.203603,0
1789091244.325502,,ciclo3_AM_AC_AD,market,dso,cfp,100,2.079643,0
1789091244.624158,,ciclo3_AM_AC_AD,concentrator_trafo_1_3,market,propose,1282,44.093620,0
1789091244.625571,,ciclo3_AM_AC_AD,concentrator_trafo_2_12,market,propose,1149,18.521349,0
1789091244.676983,,ciclo3_AM_AC_AD,dso,market,propose,1361,21.008736,0
1789091245.069949,,,market,concentrator_trafo_1_3,reject-proposal,1063,37.046402,0
1789091245.070983,,,market,concentrator_trafo_2_12,reject-proposal,1280,22.561571,0
1789091245.071661,,,market,dso,reject-proposal,1170,21.216627,0
1789091245.125920,,ciclo3_AM_AC_AD,market,concentrator_trafo_1_3,cfp,100,1.936759,0
1789091245.127811,,ciclo3_AM_AC_AD,market,concentrator_trafo_2_12,cfp,100,2.079861,0
1789091245.129994,,ciclo3_AM_AC_AD,market,dso,cfp,100,2.455260,0
1789091245.369089,,ciclo3_AM_AC_AD,concentrator_trafo_1_3,market,propose,1417,46.851159,0
1789091245.385044,,ciclo3_AM_AC_AD,concentrator_trafo_2_12,market,propose,1472,23.939309,0
1789091245.490801,,ciclo3_AM_AC_AD,dso,market,propose,1276,22.184084,0
1789091245.844716,,,market,concentrator_trafo_1_3,reject-proposal,1104,38.760099,0
1789091245.846004,,,market,concentrator_trafo_2_12,reject-proposal,1493,25.833507,0
1789091245.846302,,,market,dso,reject-proposal,1409,25.535818,0
1789091245.901526,,ciclo3_AM_AC_AD,market,concentrator_trafo_1_3,cfp,100,3.178456,0
1789091245.904084,,ciclo3_AM_AC_AD,market,concentrator_trafo_2_12,cfp,100,3.425064,0
1789091245.906572,,ciclo3_AM_AC_AD,market,dso,cfp,100,3.320271,0
1789091246.171331,,ciclo3_AM_AC_AD,concentrator_trafo_1_3,market,propose,1308,46.945546,0
1789091246.183013,,ciclo3_AM_AC_AD,concentrator_trafo_2_12,market,propose,1280,21.696035,0
1789091246.288656,,ciclo3_AM_AC_AD,dso,market,propose,1300,20.802914,0
1789091246.647569,,,market,concentrator_trafo_1_3,reject-proposal,1147,39.684985,0
1789091246.648356,,,market,concentrator_trafo_2_12,reject-proposal,1227,21.773348,0
1789091246.649621,,,market,dso,reject-proposal,1046,17.862482,0
1789091246.702648,,ciclo3_AM_AC_AD,market,concentrator_trafo_1_3,cfp,100,4.453986,0
1789091246.704076,,ciclo3_AM_AC_AD,market,concentrator_trafo_2_12,cfp,100,2.016780,0
1789091246.705954,,ciclo3_AM_AC_AD,market,dso,cfp,100,0.905815,0
1789091246.983833,,ciclo3_AM_AC_AD,concentrator_trafo_2_12,market,propose,1305,21.340545,0
1789091246.985270,,ciclo3_AM_AC_AD,concentrator_trafo_1_3,market,propose,1408,48.432943,0
1789091247.020678,,ciclo3_AM_AC_AD,dso,market,propose,1197,22.144817,0
1789091247.475964,,,market,concentrator_trafo_1_3,reject-proposal,1162,38.444130,0
1789091247.477268,,,market,concentrator_trafo_2_12,reject-proposal,1294,21.132870,0
1789091247.478075,,,market,dso,reject-proposal,1123,17.563372,0
1789091247.532713,,ciclo3_AM_AC_AD,market,concentrator_trafo_1_3,cfp,100,5.563948,0
1789091247.534760,,ciclo3_AM_AC_AD,market,concentrator_trafo_2_12,cfp,100,0.404948,0
1789091247.537153,,ciclo3_AM_AC_AD,market,dso,cfp,100,2.169509,0
1789091247.734075,,ciclo3_AM_AC_AD,concentrator_trafo_2_12,market,propose,1148,19.658573,0
1789091247.786173,,ciclo3_AM_AC_AD,concentrator_trafo_1_3,market,propose,1094,37.436430,0
1789091247.873436,,ciclo3_AM_AC_AD,dso,market,propose,1096,17.306324,0
1789091248.166697,,,market,concentrator_trafo_1_3,reject-proposal,1420,49.968349,0
1789091248.167537,,,market,concentrator_trafo_2_12,reject-proposal,1095,18.135753,0
1789091248.168285,,,market,dso,reject-proposal,1016,16.677933,0
1789091248.223417,,ciclo3_AM_AC_AD,market,concentrator_trafo_1_3,cfp,100,6.257348,0
1789091248.225677,,ciclo3_AM_AC_AD,market,concentrator_trafo_2_12,cfp,100,2.411430,0
1789091248.228256,,ciclo3_AM_AC_AD,market,dso,cfp,100,3.957544,0
1789091248.529752,,ciclo3_AM_AC_AD,concentrator_trafo_2_12,market,propose,1313,21.981667,0
1789091248.552757,,ciclo3_AM_AC_AD,concentrator_trafo_1_3,market,propose,1336,44.144204,0
1789091248.639587,,ciclo3_AM_AC_AD,dso,market,propose,1133,18.582951,0
1789091248.997379,,,market,concentrator_trafo_1_3,reject-proposal,1243,37.798662,0
1789091248.997714,,,market,concentrator_trafo_2_12,reject-proposal,1035,17.185509,0
1789091248.997780,,,market,dso,reject-proposal,1045,17.296457,0
1789091249.049549,,ciclo3_AM_AC_AD,market,concentrator_trafo_1_3,cfp,100,4.529636,0
1789091249.050312,,ciclo3_AM_AC_AD,market,concentrator_trafo_2_12,cfp,100,1.243845,0
1789091249.051269,,ciclo3_AM_AC_AD,market,dso,cfp,100,3.749561,0
1789091249.260041,,ciclo3_AM_AC_AD,concentrator_trafo_2_12,market,propose,1347,24.146741,0
1789091249.309182,,ciclo3_AM_AC_AD,concentrator_trafo_1_3,market,propose,1387,43.629385,0
1789091249.391740,,ciclo3_AM_AC_AD,dso,market,propose,1066,16.878574,0
1789091249.753387,,,market,concentrator_trafo_1_3,reject-proposal,1448,47.360788,0
1789091249.754452,,,market,concentrator_trafo_2_12,reject-proposal,1076,19.601861,0
1789091249.755348,,,market,dso,reject-proposal,1472,22.630389,0
1789091249.809308,,ciclo3_AM_AC_AD,market,concentrator_trafo_1_3,cfp,100,5.896401,0
1789091249.811170,,ciclo3_AM_AC_AD,market,concentrator_trafo_2_12,cfp,100,1.503063,0
1789091249.813324,,ciclo3_AM_AC_AD,market,dso,cfp,100,1.448885,0
1789091250.091059,,ciclo3_AM_AC_AD,concentrator_trafo_2_12,market,propose,1019,18.423007,0
1789091250.115398,,ciclo3_AM_AC_AD,concentrator_trafo_1_3,market,propose,1431,45.341238,0
1789091250.182379,,ciclo3_AM_AC_AD,dso,market,propose,1041,16.826234,0
1789091250.575235,,,market,concentrator_trafo_1_3,reject-proposal,1459,47.901803,0
1789091250.576370,,,market,concentrator_trafo_2_12,reject-proposal,1358,22.887399,0
1789091250.577442,,,market,dso,reject-proposal,1472,25.671931,0
1789091250.631566,,ciclo3_AM_AC_AD,market,concentrator_trafo_1_3,cfp,100,6.499792,0
1789091250.633289,,ciclo3_AM_AC_AD,market,concentrator_trafo_2_12,cfp,100,1.956636,0
1789091250.635478,,ciclo3_AM_AC_AD,market,dso,cfp,100,3.909489,0
1789091250.905177,,ciclo3_AM_AC_AD,concentrator_trafo_2_12,market,propose,1424,22.798487,0
1789091250.937090,,ciclo3_AM_AC_AD,concentrator_trafo_1_3,market,propose,1276,41.233769,0
1789091251.034951,,ciclo3_AM_AC_AD,dso,market,propose,1349,22.220892,0
1789091251.356253,,,market,concentrator_trafo_1_3,reject-proposal,1200,42.501156,0
1789091251.357930,,,market,concentrator_trafo_2_12,reject-proposal,1428,26.121867,0
1789091251.359378,,,market,dso,reject-proposal,1361,20.686420,0
1789091251.413633,,ciclo3_AM_AC_AD,market,concentrator_trafo_1_3,cfp,100,3.345193,0
1789091251.415368,,ciclo3_AM_AC_AD,market,concentrator_trafo_2_12,cfp,100,3.256179,0
1789091251.417383,,ciclo3_AM_AC_AD,market,dso,cfp,100,3.508692,0
1789091251.666757,,ciclo3_AM_AC_AD,concentrator_trafo_1_3,market,propose,1268,39.798232,0
1789091251.674258,,ciclo3_AM_AC_AD,concentrator_trafo_2_12,market,propose,1141,19.492429,0
1789091251.789735,,ciclo3_AM_AC_AD,dso,market,propose,1267,19.229558,0
1789091252.071006,,,market,concentrator_trafo_1_3,reject-proposal,1415,48.576815,0
1789091252.072241,,,market,concentrator_trafo_2_12,reject-proposal,1120,19.594760,0
1789091252.073269,,,market,dso,reject-proposal,1434,23.577790,0
1789091252.126842,,ciclo3_AM_AC_AD,market,concentrator_trafo_1_3,cfp,100,6.897095,0
1789091252.128378,,ciclo3_AM_AC_AD,market,concentrator_trafo_2_12,cfp,100,0.004173,0
1789091252.130326,,ciclo3_AM_AC_AD,market,dso,cfp,100,1.923400,0
1789091252.345756,,ciclo3_AM_AC_AD,concentrator_trafo_2_12,market,propose,1110,18.814443,0
1789091252.381622,,ciclo3_AM_AC_AD,concentrator_trafo_1_3,market,propose,1458,49.721223,0
1789091252.456554,,ciclo3_AM_AC_AD,dso,market,propose,1347,23.618061,0
1789091252.884511,,,market,concentrator_trafo_1_3,reject-proposal,1301,41.700136,0
1789091252.885724,,,market,concentrator_trafo_2_12,reject-proposal,1422,24.158140,0
1789091252.886102,,,market,dso,reject-proposal,1486,23.432741,0
1789091252.939333,,ciclo3_AM_AC_AD,market,concentrator_trafo_1_3,cfp,100,2.726729,0
1789091252.941379,,ciclo3_AM_AC_AD,market,concentrator_trafo_2_12,cfp,100,3.416284,0
1789091252.943339,,ciclo3_AM_AC_AD,market,dso,cfp,100,3.986177,0
1789091253.187596,,ciclo3_AM_AC_AD,concentrator_trafo_1_3,market,propose,1214,37.566621,0
1789091253.214664,,ciclo3_AM_AC_AD,concentrator_trafo_2_12,market,propose,1296,21.066450,0
1789091253.313105,,ciclo3_AM_AC_AD,dso,market,propose,1140,17.129984,0
1789091253.568232,,,market,concentrator_trafo_1_3,reject-proposal,1230,40.125458,0
1789091253.568470,,,market,concentrator_trafo_2_12,reject-proposal,1252,21.731428,0
1789091253.569139,,,market,dso,reject-proposal,1338,23.488956,0
1789091253.622613,,ciclo3_AM_AC_AD,market,concentrator_trafo_1_3,cfp,100,5.370470,0
1789091253.623953,,ciclo3_AM_AC_AD,market,concentrator_trafo_2_12,cfp,100,3.826534,0
1789091253.625780,,ciclo3_AM_AC_AD,market,dso,cfp,100,2.162334,0
1789091253.910862,,ciclo3_AM_AC_AD,concentrator_trafo_2_12,market,propose,1328,22.434316,0
1789091253.912873,,ciclo3_AM_AC_AD,concentrator_trafo_1_3,market,propose,1358,48.113489,0
1789091253.992907,,ciclo3_AM_AC_AD,dso,market,propose,1469,23.476574,0
1789091254.399780,,,market,concentrator_trafo_1_3,reject-proposal,1406,50.121477,0
1789091254.401231,,,market,concentrator_trafo_2_12,reject-proposal,1182,20.058146,0
1789091254.402532,,,market,dso,reject-proposal,1042,20.082560,0
1789091254.457581,,ciclo3_AM_AC_AD,market,concentrator_trafo_1_3,cfp,100,2.879557,0
1789091254.459790,,ciclo3_AM_AC_AD,market,concentrator_trafo_2_12,cfp,100,1.201513,0
1789091254.462301,,ciclo3_AM_AC_AD,market,dso,cfp,100,2.945556,0
1789091254.685459,,ciclo3_AM_AC_AD,concentrator_trafo_2_12,market,propose,1166,21.437376,0
1789091254.691423,,ciclo3_AM_AC_AD,concentrator_trafo_1_3,market,propose,1313,45.150976,0
1789091254.811759,,ciclo3_AM_AC_AD,dso,market,propose,1059,16.604303,0
1789091255.150808,,,market,concentrator_trafo_1_3,accept-proposal,1249,41.973314,0
1789091255.152125,,,market,concentrator_trafo_2_12,accept-proposal,1300,23.908834,0
1789091255.152569,,,market,dso,accept-proposal,1322,20.727999,0
1789091255.155030,,,dso,concentrator_trafo_2_12,inform,1171,38.823681,0
1789091255.155876,,,dso,concentrator_trafo_1_3,inform,1432,47.076808,0
1789091255.550422,,,concentrator_trafo_2_12,prosumer15,inform,1097,35.274483,0
1789091255.551293,,,concentrator_trafo_2_12,prosumer18,inform,1124,16.543623,0
1789091255.552759,,,concentrator_trafo_2_12,prosumer14,inform,1008,16.257710,0
1789091255.553874,,,concentrator_trafo_2_12,prosumer16,inform,1374,20.426173,0
1789091255.554927,,,concentrator_trafo_2_12,prosumer19,inform,1138,17.683656,0
1789091255.555377,,,concentrator_trafo_2_12,prosumer13,inform,1059,16.617381,0
1789091255.556211,,,concentrator_trafo_2_12,prosumer12,inform,1361,20.643310,0
1789091255.556881,,,concentrator_trafo_2_12,prosumer20,inform,1112,37.909408,0
1789091255.557596,,,concentrator_trafo_2_12,prosumer17,inform,1190,19.276347,0
1789091255.633269,,,concentrator_trafo_1_3,prosumer7,inform,1406,24.103717,0
1789091255.634559,,,concentrator_trafo_1_3,prosumer8,inform,1087,38.079567,0
1789091255.635631,,,concentrator_trafo_1_3,prosumer10,inform,1170,20.494194,0
1789091255.636060,,,concentrator_trafo_1_3,prosumer3,inform,1218,20.047119,0
1789091255.637242,,,concentrator_trafo_1_3,prosumer11,inform,1417,24.534282,0
1789091255.638124,,,concentrator_trafo_1_3,prosumer5,inform,1031,17.879927,0
1789091255.638423,,,concentrator_trafo_1_3,prosumer9,inform,1051,19.674440,0
1789091255.639075,,,concentrator_trafo_1_3,prosumer4,inform,1400,26.189212,0
1789091255.639661,,,concentrator_trafo_1_3,prosumer6,inform,1074,19.760822,0
1789091255.720675,,,prosumer14,concentrator_trafo_2_12,inform,100,0.065839,0
1789091255.722837,,,prosumer18,concentrator_trafo_2_12,inform,100,0.892107,0
1789091255.726175,,,prosumer13,concentrator_trafo_2_12,inform,100,2.066307,0
1789091255.736905,,,prosumer19,concentrator_trafo_2_12,inform,100,3.184774,0
1789091255.752940,,,prosumer17,concentrator_trafo_2_12,inform,100,0.747493,0
1789091255.761285,,,prosumer16,concentrator_trafo_2_12,inform,100,2.205146,0
1789091255.764913,,,prosumer12,concentrator_trafo_2_12,inform,100,3.224708,0
1789091255.820991,,,prosumer5,concentrator_trafo_1_3,inform,100,1.317448,0
1789091255.839095,,,prosumer9,concentrator_trafo_1_3,inform,100,0.713741,0
1789091255.842401,,,prosumer3,concentrator_trafo_1_3,inform,100,2.197582,0
1789091255.844890,,,prosumer6,concentrator_trafo_1_3,inform,100,2.898903,0
1789091255.846473,,,prosumer10,concentrator_trafo_1_3,inform,100,1.018678,0
1789091255.877590,,,prosumer7,concentrator_trafo_1_3,inform,100,2.849768,0
1789091255.885465,,,prosumer11,concentrator_trafo_1_3,inform,100,1.192759,0
1789091255.903869,,,prosumer4,concentrator_trafo_1_3,inform,100,1.259417,0
1789091255.906601,,,prosumer15,concentrator_trafo_2_12,inform,100,4.303523,0
1789091255.938881,,,prosumer20,concentrator_trafo_2_12,inform,100,4.699530,0
1789091255.990014,,,concentrator_trafo_2_12,dso,inform,100,2.451244,0
1789091256.018929,,,prosumer8,concentrator_trafo_1_3,inform,100,5.260108,0
1789091256.074804,,,concentrator_trafo_1_3,dso,inform,100,2.438726,0
1789091256.171015,1,ciclo1_AC_AP,concentrator_trafo_1_3,prosumer3,cfp,100,1.751916,0
1789091256.171948,1,ciclo1_AC_AP,concentrator_trafo_1_3,prosumer4,cfp,100,0.179078,0
1789091256.172632,1,ciclo1_AC_AP,concentrator_trafo_1_3,prosumer5,cfp,100,2.808959,0
1789091256.173232,1,ciclo1_AC_AP,concentrator_trafo_1_3,prosumer6,cfp,100,2.127774,0
1789091256.173714,1,ciclo1_AC_AP,concentrator_trafo_1_3,prosumer7,cfp,100,1.427811,0
1789091256.174105,1,ciclo1_AC_AP,concentrator_trafo_1_3,prosumer8,cfp,100,5.915141,0
1789091256.174490,1,ciclo1_AC_AP,concentrator_trafo_1_3,prosumer9,cfp,100,3.620971,0
1789091256.175032,1,ciclo1_AC_AP,concentrator_trafo_1_3,prosumer10,cfp,100,2.606387,0
1789091256.175335,1,ciclo1_AC_AP,concentrator_trafo_1_3,prosumer11,cfp,100,3.792568,0
1789091256.176811,1,ciclo1_AC_AP,concentrator_trafo_2_12,prosumer12,cfp,100,3.318504,0
1789091256.177210,1,ciclo1_AC_AP,concentrator_trafo_2_12,prosumer13,cfp,100,0.622077,0
1789091256.177610,1,ciclo1_AC_AP,concentrator_trafo_2_12,prosumer14,cfp,100,0.452078,0
1789091256.177977,1,ciclo1_AC_AP,concentrator_trafo_2_12,prosumer15,cfp,100,5.256353,0
1789091256.178356,1,ciclo1_AC_AP,concentrator_trafo_2_12,prosumer16,cfp,100,3.112302,0
1789091256.178743,1,ciclo1_AC_AP,concentrator_trafo_2_12,prosumer17,cfp,100,0.660969,0
1789091256.179113,1,ciclo1_AC_AP,concentrator_trafo_2_12,prosumer18,cfp,100,3.397738,0
1789091256.179381,1,ciclo1_AC_AP,concentrator_trafo_2_12,prosumer19,cfp,100,2.536836,0
1789091256.179547,1,ciclo1_AC_AP,concentrator_trafo_2_12,prosumer20,cfp,100,6.905332,0
1789091256.181968,1,ciclo1_AC_AP,prosumer4,concentrator_trafo_1_3,propose,457,9.943678,0
1789091256.184243,1,ciclo1_AC_AP,prosumer14,concentrator_trafo_2_12,propose,212,5.097389,0
1789091256.186862,1,ciclo1_AC_AP,prosumer13,concentrator_trafo_2_12,propose,123,2.806525,0
1789091256.189273,1,ciclo1_AC_AP,prosumer17,concentrator_trafo_2_12,propose,393,6.165848,0
1789091256.191403,1,ciclo1_AC_AP,prosumer7,concentrator_trafo_1_3,propose,424,7.869512,0
1789091256.192889,1,ciclo1_AC_AP,prosumer3,concentrator_trafo_1_3,propose,373,7.814687,0
1789091256.197573,1,ciclo1_AC_AP,prosumer6,concentrator_trafo_1_3,propose,408,8.794224,0
1789091256.203019,1,ciclo1_AC_AP,prosumer5,concentrator_trafo_1_3,propose,448,6.185232,0
1789091256.204944,1,ciclo1_AC_AP,prosumer10,concentrator_trafo_1_3,propose,137,4.688594,0
1789091256.207121,1,ciclo1_AC_AP,prosumer19,concentrator_trafo_2_12,propose,113,2.458604,0
1789091256.213418,1,ciclo1_AC_AP,prosumer16,concentrator_trafo_2_12,propose,163,3.036705,0
1789091256.215014,1,ciclo1_AC_AP,prosumer12,concentrator_trafo_2_12,propose,425,8.178714,0
1789091256.217047,1,ciclo1_AC_AP,prosumer9,concentrator_trafo_1_3,propose,196,2.765362,0
1789091256.219245,1,ciclo1_AC_AP,prosumer18,concentrator_trafo_2_12,propose,410,9.394022,0
1789091256.220254,1,ciclo1_AC_AP,prosumer11,concentrator_trafo_1_3,propose,394,9.303581,0
1789091256.235469,1,ciclo1_AC_AP,prosumer15,concentrator_trafo_2_12,propose,161,5.581535,0
1789091256.239597,1,ciclo1_AC_AP,prosumer8,concentrator_trafo_1_3,propose,300,10.375137,0
1789091256.251530,1,ciclo1_AC_AP,prosumer20,concentrator_trafo_2_12,propose,146,10.706470,0
1789091256.363638,1,ciclo2_AD_AC,dso,concentrator_trafo_1_3,cfp,100,5.256126,0
1789091256.363921,1,ciclo2_AD_AC,dso,concentrator_trafo_2_12,cfp,100,0.154974,0
1789091256.369580,1,ciclo2_AD_AC,concentrator_trafo_2_12,dso,propose,1189,41.157239,0
1789091256.421987,1,ciclo2_AD_AC,concentrator_trafo_1_3,dso,propose,1426,45.367223,0
1789091256.880829,1,ciclo3_AM_AC_AD,market,dso,cfp,100,0.393862,0
1789091256.892248,1,ciclo3_AM_AC_AD,dso,market,propose,1059,19.715533,0
1789091257.094063,1,ciclo3_AM_AC_AD,market,concentrator_trafo_1_3,cfp,100,4.531970,0
1789091257.094515,1,ciclo3_AM_AC_AD,market,concentrator_trafo_2_12,cfp,100,3.754435,0
1789091257.094963,1,ciclo3_AM_AC_AD,market,dso,cfp,100,2.313833,0
1789091257.154448,1,ciclo3_AM_AC_AD,dso,market,propose,1018,16.643538,0
1789091257.157355,1,ciclo3_AM_AC_AD,concentrator_trafo_2_12,market,propose,1310,23.949099,0
1789091257.162845,1,ciclo3_AM_AC_AD,concentrator_trafo_1_3,market,propose,1011,31.053754,0
1789091257.544014,2,ciclo1_AC_AP,concentrator_trafo_1_3,prosumer3,cfp,100,2.661552,0
1789091257.545132,2,ciclo1_AC_AP,concentrator_trafo_1_3,prosumer4,cfp,100,0.152061,0
1789091257.546038,2,ciclo1_AC_AP,concentrator_trafo_1_3,prosumer5,cfp,100,2.589594,0
1789091257.546522,2,ciclo1_AC_AP,concentrator_trafo_1_3,prosumer6,cfp,100,3.930863,0
1789091257.547060,2,ciclo1_AC_AP,concentrator_trafo_1_3,prosumer7,cfp,100,1.338165,0
1789091257.547324,2,ciclo1_AC_AP,concentrator_trafo_1_3,prosumer8,cfp,100,5.516159,0
1789091257.547470,2,ciclo1_AC_AP,concentrator_trafo_1_3,prosumer9,cfp,100,0.112942,0
1789091257.547640,2,ciclo1_AC_AP,concentrator_trafo_1_3,prosumer10,cfp,100,2.707072,0
1789091257.547779,2,ciclo1_AC_AP,concentrator_trafo_1_3,prosumer11,cfp,100,2.530297,0
1789091257.548706,2,ciclo1_AC_AP,concentrator_trafo_2_12,prosumer12,cfp,100,0.187349,0
1789091257.548874,2,ciclo1_AC_AP,concentrator_trafo_2_12,prosumer13,cfp,100,2.536028,0
1789091257.549016,2,ciclo1_AC_AP,concentrator_trafo_2_12,prosumer14,cfp,100,2.647932,0
1789091257.549147,2,ciclo1_AC_AP,concentrator_trafo_2_12,prosumer15,cfp,100,3.675777,0
1789091257.549284,2,ciclo1_AC_AP,concentrator_trafo_2_12,prosumer16,cfp,100,1.436533,0
1789091257.549413,2,ciclo1_AC_AP,concentrator_trafo_2_12,prosumer17,cfp,100,3.817800,0
1789091257.549835,2,ciclo1_AC_AP,concentrator_trafo_2_12,prosumer18,cfp,100,1.113943,0
1789091257.549987,2,ciclo1_AC_AP,concentrator_trafo_2_12,prosumer19,cfp,100,3.644051,0
1789091257.550117,2,ciclo1_AC_AP,concentrator_trafo_2_12,prosumer20,cfp,100,5.171322,0
1789091257.553227,2,ciclo1_AC_AP,prosumer4,concentrator_trafo_1_3,propose,199,6.054884,0
1789091257.554216,2,ciclo1_AC_AP,prosumer9,concentrator_trafo_1_3,propose,194,4.771690,0
1789091257.555787,2,ciclo1_AC_AP,prosumer12,concentrator_trafo_2_12,propose,467,7.151369,0
1789091257.564003,2,ciclo1_AC_AP,prosumer7,concentrator_trafo_1_3,propose,163,3.261821,0
1789091257.565749,2,ciclo1_AC_AP,prosumer18,concentrator_trafo_2_12,propose,345,6.218610,0
1789091257.567756,2,ciclo1_AC_AP,prosumer16,concentrator_trafo_2_12,propose,207,2.781962,0
1789091257.572974,2,ciclo1_AC_AP,prosumer3,concentrator_trafo_1_3,propose,472,7.181959,0
1789091257.575422,2,ciclo1_AC_AP,prosumer5,concentrator_trafo_1_3,propose,131,5.792061,0
1789091257.577067,2,ciclo1_AC_AP,prosumer11,concentrator_trafo_1_3,propose,447,6.837368,0
1789091257.579619,2,ciclo1_AC_AP,prosumer13,concentrator_trafo_2_12,propose,111,4.010028,0
1789091257.580955,2,ciclo1_AC_AP,prosumer10,concentrator_trafo_1_3,propose,378,7.326334,0
1789091257.581883,2,ciclo1_AC_AP,prosumer14,concentrator_trafo_2_12,propose,317,5.802618,0
1789091257.589047,2,ciclo1_AC_AP,prosumer6,concentrator_trafo_1_3,propose,417,9.785321,0
1789091257.590601,2,ciclo1_AC_AP,prosumer15,concentrator_trafo_2_12,propose,151,8.592955,0
1789091257.591841,2,ciclo1_AC_AP,prosumer19,concentrator_trafo_2_12,propose,233,5.322224,0
1789091257.593101,2,ciclo1_AC_AP,prosumer17,concentrator_trafo_2_12,propose,135,2.952773,0
1789091257.605183,2,ciclo1_AC_AP,prosumer20,concentrator_trafo_2_12,propose,213,6.557409,0
1789091257.606960,2,ciclo1_AC_AP,prosumer8,concentrator_trafo_1_3,propose,136,5.214292,0
1789091257.691718,2,ciclo2_AD_AC,dso,concentrator_trafo_1_3,cfp,100,3.722814,0
1789091257.692208,2,ciclo2_AD_AC,dso,concentrator_trafo_2_12,cfp,100,4.671256,0
1789091257.733822,2,ciclo2_AD_AC,concentrator_trafo_1_3,dso,propose,1331,43.500483,0
1789091257.743149,2,ciclo2_AD_AC,concentrator_trafo_2_12,dso,propose,1154,41.046675,0
1789091258.174854,2,ciclo3_AM_AC_AD,market,dso,cfp,100,1.833969,0
1789091258.202105,2,ciclo3_AM_AC_AD,dso,market,propose,1179,20.689443,0
1789091258.415684,2,ciclo3_AM_AC_AD,market,concentrator_trafo_1_3,cfp,100,5.044406,0
1789091258.416469,2,ciclo3_AM_AC_AD,market,concentrator_trafo_2_12,cfp,100,2.315190,0
1789091258.416902,2,ciclo3_AM_AC_AD,market,dso,cfp,100,3.930356,0
1789091258.470108,2,ciclo3_AM_AC_AD,concentrator_trafo_2_12,market,propose,1223,18.913615,0
1789091258.487096,2,ciclo3_AM_AC_AD,dso,market,propose,1092,17.747558,0
1789091258.488580,2,ciclo3_AM_AC_AD,concentrator_trafo_1_3,market,propose,1031,34.754706,0
1789091258.906015,3,ciclo1_AC_AP,concentrator_trafo_1_3,prosumer3,cfp,100,2.242551,0
1789091258.906806,3,ciclo1_AC_AP,concentrator_trafo_1_3,prosumer4,cfp,100,1.183711,0
1789091258.907143,3,ciclo1_AC_AP,concentrator_trafo_1_3,prosumer5,cfp,100,2.333062,0
1789091258.907316,3,ciclo1_AC_AP,concentrator_trafo_1_3,prosumer6,cfp,100,2.960390,0
1789091258.907475,3,ciclo1_AC_AP,concentrator_trafo_1_3,prosumer7,cfp,100,1.778965,0
1789091258.907804,3,ciclo1_AC_AP,concentrator_trafo_1_3,prosumer8,cfp,100,3.644350,0
1789091258.908129,3,ciclo1_AC_AP,concentrator_trafo_1_3,prosumer9,cfp,100,4.034340,0
1789091258.908305,3,ciclo1_AC_AP,concentrator_trafo_1_3,prosumer10,cfp,100,0.981229,0
1789091258.908453,3,ciclo1_AC_AP,concentrator_trafo_1_3,prosumer11,cfp,100,3.800947,0
1789091258.909475,3,ciclo1_AC_AP,concentrator_trafo_2_12,prosumer12,cfp,100,0.877568,0
1789091258.909721,3,ciclo1_AC_AP,concentrator_trafo_2_12,prosumer13,cfp,100,2.010160,0
1789091258.909881,3,ciclo1_AC_AP,concentrator_trafo_2_12,prosumer14,cfp,100,3.317555,0
1789091258.910017,3,ciclo1_AC_AP,concentrator_trafo_2_12,prosumer15,cfp,100,5.745561,0
1789091258.910136,3,ciclo1_AC_AP,concentrator_trafo_2_12,prosumer16,cfp,100,1.779380,0
1789091258.910254,3,ciclo1_AC_AP,concentrator_trafo_2_12,prosumer17,cfp,100,3.046867,0
1789091258.910370,3,ciclo1_AC_AP,concentrator_trafo_2_12,prosumer18,cfp,100,3.716612,0
1789091258.910487,3,ciclo1_AC_AP,concentrator_trafo_2_12,prosumer19,cfp,100,1.783061,0
1789091258.910615,3,ciclo1_AC_AP,concentrator_trafo_2_12,prosumer20,cfp,100,2.399764,0
1789091258.923558,3,ciclo1_AC_AP,prosumer10,concentrator_trafo_1_3,propose,357,5.618723,0
1789091258.925038,3,ciclo1_AC_AP,prosumer12,concentrator_trafo_2_12,propose,339,7.656356,0
1789091258.927228,3,ciclo1_AC_AP,prosumer4,concentrator_trafo_1_3,propose,120,2.953796,0
1789091258.930504,3,ciclo1_AC_AP,prosumer7,concentrator_trafo_1_3,propose,405,8.263703,0
1789091258.933246,3,ciclo1_AC_AP,prosumer16,concentrator_trafo_2_12,propose,151,2.400651,0
1789091258.936088,3,ciclo1_AC_AP,prosumer19,concentrator_trafo_2_12,propose,458,7.207292,0
1789091258.938071,3,ciclo1_AC_AP,prosumer3,concentrator_trafo_1_3,propose,300,5.227013,0
1789091258.939640,3,ciclo1_AC_AP,prosumer13,concentrator_trafo_2_12,propose,202,5.083885,0
1789091258.940738,3,ciclo1_AC_AP,prosumer5,concentrator_trafo_1_3,propose,233,4.507533,0
1789091258.943349,3,ciclo1_AC_AP,prosumer20,concentrator_trafo_2_12,propose,283,13.580871,0
1789091258.945019,3,ciclo1_AC_AP,prosumer6,concentrator_trafo_1_3,propose,474,7.040554,0
1789091258.946447,3,ciclo1_AC_AP,prosumer17,concentrator_trafo_2_12,propose,340,5.417318,0
1789091258.948943,3,ciclo1_AC_AP,prosumer14,concentrator_trafo_2_12,propose,391,6.691682,0
1789091258.950444,3,ciclo1_AC_AP,prosumer8,concentrator_trafo_1_3,propose,186,9.243090,0
1789091258.951728,3,ciclo1_AC_AP,prosumer11,concentrator_trafo_1_3,propose,457,6.221348,0
1789091258.953317,3,ciclo1_AC_AP,prosumer18,concentrator_trafo_2_12,propose,444,7.201009,0
1789091258.954758,3,ciclo1_AC_AP,prosumer9,concentrator_trafo_1_3,propose,204,2.381139,0
1789091258.971079,3,ciclo1_AC_AP,prosumer15,concentrator_trafo_2_12,propose,492,14.678233,0
1789091259.124077,3,ciclo2_AD_AC,dso,concentrator_trafo_1_3,cfp,100,6.743814,0
1789091259.125260,3,ciclo2_AD_AC,dso,concentrator_trafo_2_12,cfp,100,4.897803,0
1789091259.179343,3,ciclo2_AD_AC,concentrator_trafo_2_12,dso,propose,1029,34.907805,0
1789091259.197103,3,ciclo2_AD_AC,concentrator_trafo_1_3,dso,propose,1403,48.159245,0
1789091259.683784,3,ciclo3_AM_AC_AD,market,dso,cfp,100,1.598831,0
1789091259.709481,3,ciclo3_AM_AC_AD,dso,market,propose,1346,20.539446,0
1789091259.920272,3,ciclo3_AM_AC_AD,market,concentrator_trafo_1_3,cfp,100,3.686881,0
1789091259.920813,3,ciclo3_AM_AC_AD,market,concentrator_trafo_2_12,cfp,100,2.800506,0
1789091259.921498,3,ciclo3_AM_AC_AD,market,dso,cfp,100,2.373437,0
1789091259.982125,3,ciclo3_AM_AC_AD,dso,market,propose,1081,18.752667,0
1789091259.986050,3,ciclo3_AM_AC_AD,concentrator_trafo_2_12,market,propose,1432,24.503770,0
1789091259.989713,3,ciclo3_AM_AC_AD,concentrator_trafo_1_3,market,propose,1082,34.728682,0
1789091260.405083,4,ciclo1_AC_AP,concentrator_trafo_1_3,prosumer3,cfp,100,0.107637,0
1789091260.405734,4,ciclo1_AC_AP,concentrator_trafo_1_3,prosumer4,cfp,100,1.710162,0
1789091260.406181,4,ciclo1_AC_AP,concentrator_trafo_1_3,prosumer5,cfp,100,2.995567,0
1789091260.406515,4,ciclo1_AC_AP,concentrator_trafo_1_3,prosumer6,cfp,100,0.710481,0
1789091260.406887,4,ciclo1_AC_AP,concentrator_trafo_1_3,prosumer7,cfp,100,1.381515,0
1789091260.407412,4,ciclo1_AC_AP,concentrator_trafo_1_3,prosumer8,cfp,100,6.098126,0
1789091260.407916,4,ciclo1_AC_AP,concentrator_trafo_1_3,prosumer9,cfp,100,2.091569,0
1789091260.408350,4,ciclo1_AC_AP,concentrator_trafo_1_3,prosumer10,cfp,100,2.452699,0
1789091260.408579,4,ciclo1_AC_AP,concentrator_trafo_1_3,prosumer11,cfp,100,5.154434,0
1789091260.409684,4,ciclo1_AC_AP,concentrator_trafo_2_12,prosumer12,cfp,100,3.971477,0
1789091260.409870,4,ciclo1_AC_AP,concentrator_trafo_2_12,prosumer13,cfp,100,2.417646,0
1789091260.410038,4,ciclo1_AC_AP,concentrator_trafo_2_12,prosumer14,cfp,100,1.551821,0
1789091260.410202,4,ciclo1_AC_AP,concentrator_trafo_2_12,prosumer15,cfp,100,3.408250,0
1789091260.410364,4,ciclo1_AC_AP,concentrator_trafo_2_12,prosumer16,cfp,100,3.659466,0
1789091260.410523,4,ciclo1_AC_AP,concentrator_trafo_2_12,prosumer17,cfp,100,1.285159,0
1789091260.410703,4,ciclo1_AC_AP,concentrator_trafo_2_12,prosumer18,cfp,100,3.096628,0
1789091260.410873,4,ciclo1_AC_AP,concentrator_trafo_2_12,prosumer19,cfp,100,1.161492,0
1789091260.411047,4,ciclo1_AC_AP,concentrator_trafo_2_12,prosumer20,cfp,100,6.704546,0
1789091260.414077,4,ciclo1_AC_AP,prosumer3,concentrator_trafo_1_3,propose,275,6.565063,0
1789091260.416417,4,ciclo1_AC_AP,prosumer6,concentrator_trafo_1_3,propose,371,5.126931,0
1789091260.424518,4,ciclo1_AC_AP,prosumer7,concentrator_trafo_1_3,propose,228,4.759455,0
1789091260.427595,4,ciclo1_AC_AP,prosumer19,concentrator_trafo_2_12,propose,160,2.751094,0
1789091260.429281,4,ciclo1_AC_AP,prosumer4,concentrator_trafo_1_3,propose,405,9.428975,0
1789091260.430754,4,ciclo1_AC_AP,prosumer17,concentrator_trafo_2_12,propose,326,7.504406,0
1789091260.432936,4,ciclo1_AC_AP,prosumer14,concentrator_trafo_2_12,propose,440,9.415711,0
1789091260.435355,4,ciclo1_AC_AP,prosumer9,concentrator_trafo_1_3,propose,189,3.174295,0
1789091260.437381,4,ciclo1_AC_AP,prosumer10,concentrator_trafo_1_3,propose,106,0.927344,0
1789091260.439578,4,ciclo1_AC_AP,prosumer13,concentrator_trafo_2_12,propose,341,7.331232,0
1789091260.441166,4,ciclo1_AC_AP,prosumer5,concentrator_trafo_1_3,propose,448,7.565781,0
1789091260.444629,4,ciclo1_AC_AP,prosumer18,concentrator_trafo_2_12,propose,309,5.848015,0
1789091260.446745,4,ciclo1_AC_AP,prosumer15,concentrator_trafo_2_12,propose,391,18.058621,0
1789091260.449818,4,ciclo1_AC_AP,prosumer16,concentrator_trafo_2_12,propose,360,4.578912,0
1789091260.451478,4,ciclo1_AC_AP,prosumer12,concentrator_trafo_2_12,propose,259,4.498180,0
1789091260.463473,4,ciclo1_AC_AP,prosumer11,concentrator_trafo_1_3,propose,432,6.157068,0
1789091260.472933,4,ciclo1_AC_AP,prosumer8,concentrator_trafo_1_3,propose,282,10.010678,0
1789091260.480711,4,ciclo1_AC_AP,prosumer20,concentrator_trafo_2_12,propose,298,12.505680,0
1789091260.630388,4,ciclo2_AD_AC,dso,concentrator_trafo_1_3,cfp,100,2.594391,0
1789091260.630761,4,ciclo2_AD_AC,dso,concentrator_trafo_2_12,cfp,100,2.883114,0
1789091260.659644,4,ciclo2_AD_AC,concentrator_trafo_1_3,dso,propose,1428,46.558553,0
1789091260.663025,4,ciclo2_AD_AC,concentrator_trafo_2_12,dso,propose,1336,43.514328,0
1789091261.129256,4,ciclo3_AM_AC_AD,market,dso,cfp,100,2.566472,0
1789091261.157942,4,ciclo3_AM_AC_AD,dso,market,propose,1128,18.508402,0
1789091261.348588,4,ciclo3_AM_AC_AD,market,concentrator_trafo_1_3,cfp,100,3.684560,0
1789091261.349622,4,ciclo3_AM_AC_AD,market,concentrator_trafo_2_12,cfp,100,2.373870,0
1789091261.350219,4,ciclo3_AM_AC_AD,market,dso,cfp,100,2.995878,0
1789091261.391963,4,ciclo3_AM_AC_AD,concentrator_trafo_2_12,market,propose,1078,17.820801,0
1789091261.397439,4,ciclo3_AM_AC_AD,dso,market,propose,1287,22.056846,0
1789091261.398651,4,ciclo3_AM_AC_AD,concentrator_trafo_1_3,market,propose,1353,45.986965,0
1789091261.930044,5,ciclo1_AC_AP,concentrator_trafo_1_3,prosumer3,cfp,100,0.515985,0
1789091261.930862,5,ciclo1_AC_AP,concentrator_trafo_1_3,prosumer4,cfp,100,0.081964,0
1789091261.931521,5,ciclo1_AC_AP,concentrator_trafo_1_3,prosumer5,cfp,100,0.182475,0
1789091261.932240,5,ciclo1_AC_AP,concentrator_trafo_1_3,prosumer6,cfp,100,3.642867,0
1789091261.933051,5,ciclo1_AC_AP,concentrator_trafo_1_3,prosumer7,cfp,100,3.151895,0
1789091261.933617,5,ciclo1_AC_AP,concentrator_trafo_1_3,prosumer8,cfp,100,6.952559,0
1789091261.933855,5,ciclo1_AC_AP,concentrator_trafo_1_3,prosumer9,cfp,100,1.678934,0
1789091261.934088,5,ciclo1_AC_AP,concentrator_trafo_1_3,prosumer10,cfp,100,2.986923,0
1789091261.934289,5,ciclo1_AC_AP,concentrator_trafo_1_3,prosumer11,cfp,100,1.527980,0
1789091261.935115,5,ciclo1_AC_AP,concentrator_trafo_2_12,prosumer12,cfp,100,2.035180,0
1789091261.935327,5,ciclo1_AC_AP,concentrator_trafo_2_12,prosumer13,cfp,100,0.179369,0
1789091261.935442,5,ciclo1_AC_AP,concentrator_trafo_2_12,prosumer14,cfp,100,1.249514,0
1789091261.935554,5,ciclo1_AC_AP,concentrator_trafo_2_12,prosumer15,cfp,100,4.816989,0
1789091261.935658,5,ciclo1_AC_AP,concentrator_trafo_2_12,prosumer16,cfp,100,0.062860,0
1789091261.935755,5,ciclo1_AC_AP,concentrator_trafo_2_12,prosumer17,cfp,100,2.424114,0
1789091261.935852,5,ciclo1_AC_AP,concentrator_trafo_2_12,prosumer18,cfp,100,1.016925,0
1789091261.935950,5,ciclo1_AC_AP,concentrator_trafo_2_12,prosumer19,cfp,100,2.990066,0
1789091261.936047,5,ciclo1_AC_AP,concentrator_trafo_2_12,prosumer20,cfp,100,2.710856,0
1789091261.938508,5,ciclo1_AC_AP,prosumer4,concentrator_trafo_1_3,propose,106,1.854276,0
1789091261.939852,5,ciclo1_AC_AP,prosumer5,concentrator_trafo_1_3,propose,334,7.444189,0
1789091261.941184,5,ciclo1_AC_AP,prosumer3,concentrator_trafo_1_3,propose,479,8.633460,0
1789091261.942767,5,ciclo1_AC_AP,prosumer16,concentrator_trafo_2_12,propose,140,3.615748,0
1789091261.944123,5,ciclo1_AC_AP,prosumer13,concentrator_trafo_2_12,propose,271,4.447947,0
1789091261.948297,5,ciclo1_AC_AP,prosumer18,concentrator_trafo_2_12,propose,478,6.732963,0
1789091261.950492,5,ciclo1_AC_AP,prosumer14,concentrator_trafo_2_12,propose,123,1.471248,0
1789091261.952924,5,ciclo1_AC_AP,prosumer11,concentrator_trafo_1_3,propose,378,6.329248,0
1789091261.954328,5,ciclo1_AC_AP,prosumer9,concentrator_trafo_1_3,propose,243,4.686278,0
1789091261.956644,5,ciclo1_AC_AP,prosumer12,concentrator_trafo_2_12,propose,169,4.416629,0
1789091261.962051,5,ciclo1_AC_AP,prosumer17,concentrator_trafo_2_12,propose,222,3.841606,0
1789091261.965199,5,ciclo1_AC_AP,prosumer20,concentrator_trafo_2_12,propose,490,15.229163,0
1789091261.968348,5,ciclo1_AC_AP,prosumer10,concentrator_trafo_1_3,propose,346,6.589105,0
1789091261.969509,5,ciclo1_AC_AP,prosumer7,concentrator_trafo_1_3,propose,280,5.621394,0
1789091261.971964,5,ciclo1_AC_AP,prosumer19,concentrator_trafo_2_12,propose,412,10.095178,0
1789091261.973846,5,ciclo1_AC_AP,prosumer6,concentrator_trafo_1_3,propose,247,4.315284,0
1789091261.987667,5,ciclo1_AC_AP,prosumer15,concentrator_trafo_2_12,propose,444,16.967751,0
1789091262.008081,5,ciclo1_AC_AP,prosumer8,concentrator_trafo_1_3,propose,283,11.185135,0
1789091262.162168,5,ciclo2_AD_AC,dso,concentrator_trafo_1_3,cfp,100,4.951522,0
1789091262.162895,5,ciclo2_AD_AC,dso,concentrator_trafo_2_12,cfp,100,2.430457,0
1789091262.192338,5,ciclo2_AD_AC,concentrator_trafo_2_12,dso,propose,1302,46.154672,0
1789091262.217360,5,ciclo2_AD_AC,concentrator_trafo_1_3,dso,propose,1484,51.262840,0
1789091262.736600,5,ciclo3_AM_AC_AD,market,dso,cfp,100,2.557324,0
1789091262.772986,5,ciclo3_AM_AC_AD,dso,market,propose,1456,23.671698,0
1789091263.016565,5,ciclo3_AM_AC_AD,market,concentrator_trafo_1_3,cfp,100,4.248323,0
1789091263.017279,5,ciclo3_AM_AC_AD,market,concentrator_trafo_2_12,cfp,100,0.757196,0
1789091263.018033,5,ciclo3_AM_AC_AD,market,dso,cfp,100,0.221247,0
1789091263.055106,5,ciclo3_AM_AC_AD,dso,market,propose,1324,21.902824,0
1789091263.056847,5,ciclo3_AM_AC_AD,concentrator_trafo_2_12,market,propose,1437,23.797376,0
1789091263.079734,5,ciclo3_AM_AC_AD,concentrator_trafo_1_3,market,propose,1317,44.365006,0
1789091263.591185,6,ciclo1_AC_AP,concentrator_trafo_1_3,prosumer3,cfp,100,1.983270,0
1789091263.591884,6,ciclo1_AC_AP,concentrator_trafo_1_3,prosumer4,cfp,100,3.993914,0
1789091263.592498,6,ciclo1_AC_AP,concentrator_trafo_1_3,prosumer5,cfp,100,3.645431,0
1789091263.593058,6,ciclo1_AC_AP,concentrator_trafo_1_3,prosumer6,cfp,100,3.521585,0
1789091263.593407,6,ciclo1_AC_AP,concentrator_trafo_1_3,prosumer7,cfp,100,3.548897,0
1789091263.593789,6,ciclo1_AC_AP,concentrator_trafo_1_3,prosumer8,cfp,100,2.189691,0
1789091263.594017,6,ciclo1_AC_AP,concentrator_trafo_1_3,prosumer9,cfp,100,0.546458,0
1789091263.594171,6,ciclo1_AC_AP,concentrator_trafo_1_3,prosumer10,cfp,100,2.136637,0
1789091263.594308,6,ciclo1_AC_AP,concentrator_trafo_1_3,prosumer11,cfp,100,3.653092,0
1789091263.595222,6,ciclo1_AC_AP,concentrator_trafo_2_12,prosumer12,cfp,100,1.204539,0
1789091263.595504,6,ciclo1_AC_AP,concentrator_trafo_2_12,prosumer13,cfp,100,1.378690,0
1789091263.595701,6,ciclo1_AC_AP,concentrator_trafo_2_12,prosumer14,cfp,100,1.580112,0
1789091263.595856,6,ciclo1_AC_AP,concentrator_trafo_2_12,prosumer15,cfp,100,3.415002,0
1789091263.596005,6,ciclo1_AC_AP,concentrator_trafo_2_12,prosumer16,cfp,100,2.744609,0
1789091263.596148,6,ciclo1_AC_AP,concentrator_trafo_2_12,prosumer17,cfp,100,0.325140,0
1789091263.596288,6,ciclo1_AC_AP,concentrator_trafo_2_12,prosumer18,cfp,100,0.609835,0
1789091263.596430,6,ciclo1_AC_AP,concentrator_trafo_2_12,prosumer19,cfp,100,3.731525,0
1789091263.596600,6,ciclo1_AC_AP,concentrator_trafo_2_12,prosumer20,cfp,100,4.528584,0
1789091263.602799,6,ciclo1_AC_AP,prosumer17,concentrator_trafo_2_12,propose,167,2.955922,0
1789091263.604939,6,ciclo1_AC_AP,prosumer9,concentrator_trafo_1_3,propose,466,8.093646,0
1789091263.607335,6,ciclo1_AC_AP,prosumer18,concentrator_trafo_2_12,propose,258,7.256025,0
1789091263.608985,6,ciclo1_AC_AP,prosumer12,concentrator_trafo_2_12,propose,298,4.128232,0
1789091263.612258,6,ciclo1_AC_AP,prosumer13,concentrator_trafo_2_12,propose,483,7.114562,0
1789091263.614750,6,ciclo1_AC_AP,prosumer3,concentrator_trafo_1_3,propose,312,6.147996,0
1789091263.616372,6,ciclo1_AC_AP,prosumer14,concentrator_trafo_2_12,propose,433,9.868098,0
1789091263.618693,6,ciclo1_AC_AP,prosumer10,concentrator_trafo_1_3,propose,141,5.493194,0
1789091263.620042,6,ciclo1_AC_AP,prosumer8,concentrator_trafo_1_3,propose,100,1.135366,0
1789091263.626267,6,ciclo1_AC_AP,prosumer16,concentrator_trafo_2_12,propose,404,9.018738,0
1789091263.630861,6,ciclo1_AC_AP,prosumer6,concentrator_trafo_1_3,propose,198,5.048915,0
1789091263.632893,6,ciclo1_AC_AP,prosumer7,concentrator_trafo_1_3,propose,457,8.460343,0
1789091263.634521,6,ciclo1_AC_AP,prosumer5,concentrator_trafo_1_3,propose,271,4.416306,0
1789091263.636043,6,ciclo1_AC_AP,prosumer15,concentrator_trafo_2_12,propose,181,10.656570,0
1789091263.636687,6,ciclo1_AC_AP,prosumer11,concentrator_trafo_1_3,propose,222,2.498209,0
1789091263.637802,6,ciclo1_AC_AP,prosumer4,concentrator_trafo_1_3,propose,214,3.711583,0
1789091263.638775,6,ciclo1_AC_AP,prosumer19,concentrator_trafo_2_12,propose,426,7.544216,0
1789091263.644406,6,ciclo1_AC_AP,prosumer20,concentrator_trafo_2_12,propose,329,10.723772,0
1789091263.756854,6,ciclo2_AD_AC,dso,concentrator_trafo_1_3,cfp,100,3.112934,0
1789091263.757630,6,ciclo2_AD_AC,dso,concentrator_trafo_2_12,cfp,100,5.786788,0
1789091263.791519,6,ciclo2_AD_AC,concentrator_trafo_1_3,dso,propose,1193,38.037291,0
1789091263.819970,6,ciclo2_AD_AC,concentrator_trafo_2_12,dso,propose,1363,44.324915,0
1789091264.269057,6,ciclo3_AM_AC_AD,market,dso,cfp,100,1.244469,0
1789091264.292100,6,ciclo3_AM_AC_AD,dso,market,propose,1448,24.591327,0
1789091264.545621,6,ciclo3_AM_AC_AD,market,concentrator_trafo_1_3,cfp,100,3.883232,0
1789091264.546331,6,ciclo3_AM_AC_AD,market,concentrator_trafo_2_12,cfp,100,1.460846,0
1789091264.546985,6,ciclo3_AM_AC_AD,market,dso,cfp,100,3.034762,0
1789091264.599565,6,ciclo3_AM_AC_AD,concentrator_trafo_2_12,market,propose,1344,21.922984,0
1789091264.608057,6,ciclo3_AM_AC_AD,dso,market,propose,1290,24.137422,0
1789091264.611634,6,ciclo3_AM_AC_AD,concentrator_trafo_1_3,market,propose,1447,47.952861,0
1789091265.163093,7,ciclo1_AC_AP,concentrator_trafo_1_3,prosumer3,cfp,100,3.457509,0
1789091265.164384,7,ciclo1_AC_AP,concentrator_trafo_1_3,prosumer4,cfp,100,3.751980,0
1789091265.165339,7,ciclo1_AC_AP,concentrator_trafo_1_3,prosumer5,cfp,100,2.246542,0
1789091265.166207,7,ciclo1_AC_AP,concentrator_trafo_1_3,prosumer6,cfp,100,0.817546,0
1789091265.166828,7,ciclo1_AC_AP,concentrator_trafo_1_3,prosumer7,cfp,100,0.645397,0
1789091265.167385,7,ciclo1_AC_AP,concentrator_trafo_1_3,prosumer8,cfp,100,5.492289,0
1789091265.167548,7,ciclo1_AC_AP,concentrator_trafo_1_3,prosumer9,cfp,100,2.032077,0
1789091265.167694,7,ciclo1_AC_AP,concentrator_trafo_1_3,prosumer10,cfp,100,2.389458,0
1789091265.167832,7,ciclo1_AC_AP,concentrator_trafo_1_3,prosumer11,cfp,100,2.055966,0
1789091265.168665,7,ciclo1_AC_AP,concentrator_trafo_2_12,prosumer12,cfp,100,1.102358,0
1789091265.168816,7,ciclo1_AC_AP,concentrator_trafo_2_12,prosumer13,cfp,100,2.647569,0
1789091265.168943,7,ciclo1_AC_AP,concentrator_trafo_2_12,prosumer14,cfp,100,2.084332,0
1789091265.169064,7,ciclo1_AC_AP,concentrator_trafo_2_12,prosumer15,cfp,100,3.446887,0
1789091265.169175,7,ciclo1_AC_AP,concentrator_trafo_2_12,prosumer16,cfp,100,2.390546,0
1789091265.169285,7,ciclo1_AC_AP,concentrator_trafo_2_12,prosumer17,cfp,100,1.394375,0
1789091265.169395,7,ciclo1_AC_AP,concentrator_trafo_2_12,prosumer18,cfp,100,0.520138,0
1789091265.169504,7,ciclo1_AC_AP,concentrator_trafo_2_12,prosumer19,cfp,100,1.220781,0
1789091265.169689,7,ciclo1_AC_AP,concentrator_trafo_2_12,prosumer20,cfp,100,3.484201,0
1789091265.176962,7,ciclo1_AC_AP,prosumer7,concentrator_trafo_1_3,propose,312,4.604853,0
1789091265.179335,7,ciclo1_AC_AP,prosumer6,concentrator_trafo_1_3,propose,116,0.861223,0
1789091265.181040,7,ciclo1_AC_AP,prosumer18,concentrator_trafo_2_12,propose,305,7.268968,0
1789091265.183626,7,ciclo1_AC_AP,prosumer12,concentrator_trafo_2_12,propose,459,9.164570,0
1789091265.185058,7,ciclo1_AC_AP,prosumer19,concentrator_trafo_2_12,propose,390,9.362101,0
1789091265.186860,7,ciclo1_AC_AP,prosumer17,concentrator_trafo_2_12,propose,314,5.022986,0
1789091265.190615,7,ciclo1_AC_AP,prosumer5,concentrator_trafo_1_3,propose,495,6.158141,0
1789091265.191450,7,ciclo1_AC_AP,prosumer9,concentrator_trafo_1_3,propose,439,6.370402,0
1789091265.193044,7,ciclo1_AC_AP,prosumer11,concentrator_trafo_1_3,propose,463,7.207973,0
1789091265.194634,7,ciclo1_AC_AP,prosumer14,concentrator_trafo_2_12,propose,123,1.741134,0
1789091265.195454,7,ciclo1_AC_AP,prosumer10,concentrator_trafo_1_3,propose,184,5.547912,0
1789091265.196358,7,ciclo1_AC_AP,prosumer16,concentrator_trafo_2_12,propose,328,7.994576,0
1789091265.197267,7,ciclo1_AC_AP,prosumer13,concentrator_trafo_2_12,propose,132,4.029424,0
1789091265.199080,7,ciclo1_AC_AP,prosumer3,concentrator_trafo_1_3,propose,232,5.975675,0
1789091265.203275,7,ciclo1_AC_AP,prosumer4,concentrator_trafo_1_3,propose,459,8.879844,0
1789091265.205781,7,ciclo1_AC_AP,prosumer15,concentrator_trafo_2_12,propose,180,8.355027,0
1789091265.206615,7,ciclo1_AC_AP,prosumer20,concentrator_trafo_2_12,propose,328,13.614818,0
1789091265.225914,7,ciclo1_AC_AP,prosumer8,concentrator_trafo_1_3,propose,370,12.212868,0
1789091265.353827,7,ciclo2_AD_AC,dso,concentrator_trafo_1_3,cfp,100,4.094964,0
1789091265.354504,7,ciclo2_AD_AC,dso,concentrator_trafo_2_12,cfp,100,5.808291,0
1789091265.397975,7,ciclo2_AD_AC,concentrator_trafo_1_3,dso,propose,1453,48.365011,0
1789091265.417806,7,ciclo2_AD_AC,concentrator_trafo_2_12,dso,propose,1249,38.127298,0
1789091265.888352,7,ciclo3_AM_AC_AD,market,dso,cfp,100,0.972938,0
1789091265.908282,7,ciclo3_AM_AC_AD,dso,market,propose,1464,23.160978,0
1789091266.147669,7,ciclo3_AM_AC_AD,market,concentrator_trafo_1_3,cfp,100,7.151866,0
1789091266.148613,7,ciclo3_AM_AC_AD,market,concentrator_trafo_2_12,cfp,100,3.960008,0
1789091266.149202,7,ciclo3_AM_AC_AD,market,dso,cfp,100,3.062694,0
1789091266.243001,7,ciclo3_AM_AC_AD,dso,market,propose,1287,22.519175,0
1789091266.244403,7,ciclo3_AM_AC_AD,concentrator_trafo_2_12,market,propose,1309,22.304689,0
1789091266.249443,7,ciclo3_AM_AC_AD,concentrator_trafo_1_3,market,propose,1386,41.998529,0
1789091266.739965,8,ciclo1_AC_AP,concentrator_trafo_1_3,prosumer3,cfp,100,3.361796,0
1789091266.741327,8,ciclo1_AC_AP,concentrator_trafo_1_3,prosumer4,cfp,100,3.724679,0
1789091266.742292,8,ciclo1_AC_AP,concentrator_trafo_1_3,prosumer5,cfp,100,1.468347,0
1789091266.743405,8,ciclo1_AC_AP,concentrator_trafo_1_3,prosumer6,cfp,100,1.419919,0
1789091266.743940,8,ciclo1_AC_AP,concentrator_trafo_1_3,prosumer7,cfp,100,2.678791,0
1789091266.744335,8,ciclo1_AC_AP,concentrator_trafo_1_3,prosumer8,cfp,100,4.410009,0
1789091266.744715,8,ciclo1_AC_AP,concentrator_trafo_1_3,prosumer9,cfp,100,0.964819,0
1789091266.745043,8,ciclo1_AC_AP,concentrator_trafo_1_3,prosumer10,cfp,100,3.112040,0
1789091266.745226,8,ciclo1_AC_AP,concentrator_trafo_1_3,prosumer11,cfp,100,0.535752,0
1789091266.746222,8,ciclo1_AC_AP,concentrator_trafo_2_12,prosumer12,cfp,100,0.882925,0
1789091266.746426,8,ciclo1_AC_AP,concentrator_trafo_2_12,prosumer13,cfp,100,1.884811,0
1789091266.746615,8,ciclo1_AC_AP,concentrator_trafo_2_12,prosumer14,cfp,100,1.987176,0
1789091266.746782,8,ciclo1_AC_AP,concentrator_trafo_2_12,prosumer15,cfp,100,4.973177,0
1789091266.746936,8,ciclo1_AC_AP,concentrator_trafo_2_12,prosumer16,cfp,100,0.696992,0
1789091266.747079,8,ciclo1_AC_AP,concentrator_trafo_2_12,prosumer17,cfp,100,1.944416,0
1789091266.747223,8,ciclo1_AC_AP,concentrator_trafo_2_12,prosumer18,cfp,100,0.612771,0
1789091266.747383,8,ciclo1_AC_AP,concentrator_trafo_2_12,prosumer19,cfp,100,0.615297,0
1789091266.747526,8,ciclo1_AC_AP,concentrator_trafo_2_12,prosumer20,cfp,100,2.418388,0
1789091266.753911,8,ciclo1_AC_AP,prosumer11,concentrator_trafo_1_3,propose,100,2.237008,0
1789091266.757325,8,ciclo1_AC_AP,prosumer18,concentrator_trafo_2_12,propose,119,0.866997,0
1789091266.758981,8,ciclo1_AC_AP,prosumer19,concentrator_trafo_2_12,propose,353,5.655331,0
1789091266.760208,8,ciclo1_AC_AP,prosumer16,concentrator_trafo_2_12,propose,266,4.737975,0
1789091266.761631,8,ciclo1_AC_AP,prosumer9,concentrator_trafo_1_3,propose,259,6.443558,0
1789091266.762909,8,ciclo1_AC_AP,prosumer12,concentrator_trafo_2_12,propose,339,6.807948,0
1789091266.765139,8,ciclo1_AC_AP,prosumer5,concentrator_trafo_1_3,propose,125,2.270632,0
1789091266.766756,8,ciclo1_AC_AP,prosumer6,concentrator_trafo_1_3,propose,312,6.457929,0
1789091266.769149,8,ciclo1_AC_AP,prosumer13,concentrator_trafo_2_12,propose,196,5.770030,0
1789091266.770765,8,ciclo1_AC_AP,prosumer14,concentrator_trafo_2_12,propose,380,8.020680,0
1789091266.771964,8,ciclo1_AC_AP,prosumer17,concentrator_trafo_2_12,propose,424,6.676087,0
1789091266.773499,8,ciclo1_AC_AP,prosumer7,concentrator_trafo_1_3,propose,142,5.816616,0
1789091266.774413,8,ciclo1_AC_AP,prosumer20,concentrator_trafo_2_12,propose,471,17.051237,0
1789091266.775401,8,ciclo1_AC_AP,prosumer3,concentrator_trafo_1_3,propose,166,4.653982,0
1789091266.777922,8,ciclo1_AC_AP,prosumer10,concentrator_trafo_1_3,propose,107,1.331190,0
1789091266.780627,8,ciclo1_AC_AP,prosumer4,concentrator_trafo_1_3,propose,305,4.706421,0
1789091266.793386,8,ciclo1_AC_AP,prosumer8,concentrator_trafo_1_3,propose,447,16.087475,0
1789091266.799274,8,ciclo1_AC_AP,prosumer15,concentrator_trafo_2_12,propose,313,9.904944,0
1789091266.960078,8,ciclo2_AD_AC,dso,concentrator_trafo_1_3,cfp,100,1.244108,0
1789091266.960925,8,ciclo2_AD_AC,dso,concentrator_trafo_2_12,cfp,100,3.747056,0
1789091266.977685,8,ciclo2_AD_AC,concentrator_trafo_1_3,dso,propose,1161,38.068351,0
1789091267.001928,8,ciclo2_AD_AC,concentrator_trafo_2_12,dso,propose,1001,32.134692,0
1789091267.362574,8,ciclo3_AM_AC_AD,market,dso,cfp,100,3.415770,0
1789091267.408070,8,ciclo3_AM_AC_AD,dso,market,propose,1109,18.699270,0
1789091267.599946,8,ciclo3_AM_AC_AD,market,concentrator_trafo_1_3,cfp,100,5.493067,0
1789091267.600698,8,ciclo3_AM_AC_AD,market,concentrator_trafo_2_12,cfp,100,3.659475,0
1789091267.601578,8,ciclo3_AM_AC_AD,market,dso,cfp,100,2.432935,0
1789091267.660015,8,ciclo3_AM_AC_AD,dso,market,propose,1007,17.825313,0
1789091267.663449,8,ciclo3_AM_AC_AD,concentrator_trafo_2_12,market,propose,1367,21.945713,0
1789091267.676638,8,ciclo3_AM_AC_AD,concentrator_trafo_1_3,market,propose,1386,44.034540,0
1789091268.187205,9,ciclo1_AC_AP,concentrator_trafo_1_3,prosumer3,cfp,100,3.891496,0
1789091268.187947,9,ciclo1_AC_AP,concentrator_trafo_1_3,prosumer4,cfp,100,3.066578,0
1789091268.188510,9,ciclo1_AC_AP,concentrator_trafo_1_3,prosumer5,cfp,100,1.315183,0
1789091268.189302,9,ciclo1_AC_AP,concentrator_trafo_1_3,prosumer6,cfp,100,0.346831,0
1789091268.189865,9,ciclo1_AC_AP,concentrator_trafo_1_3,prosumer7,cfp,100,2.165537,0
1789091268.190242,9,ciclo1_AC_AP,concentrator_trafo_1_3,prosumer8,cfp,100,1.445556,0
1789091268.190605,9,ciclo1_AC_AP,concentrator_trafo_1_3,prosumer9,cfp,100,3.115455,0
1789091268.190838,9,ciclo1_AC_AP,concentrator_trafo_1_3,prosumer10,cfp,100,1.555033,0
1789091268.191046,9,ciclo1_AC_AP,concentrator_trafo_1_3,prosumer11,cfp,100,2.308137,0
1789091268.191919,9,ciclo1_AC_AP,concentrator_trafo_2_12,prosumer12,cfp,100,3.053201,0
1789091268.192157,9,ciclo1_AC_AP,concentrator_trafo_2_12,prosumer13,cfp,100,3.801024,0
1789091268.192306,9,ciclo1_AC_AP,concentrator_trafo_2_12,prosumer14,cfp,100,2.473782,0
1789091268.192442,9,ciclo1_AC_AP,concentrator_trafo_2_12,prosumer15,cfp,100,1.718910,0
1789091268.192578,9,ciclo1_AC_AP,concentrator_trafo_2_12,prosumer16,cfp,100,0.298632,0
1789091268.192713,9,ciclo1_AC_AP,concentrator_trafo_2_12,prosumer17,cfp,100,1.291551,0
1789091268.192860,9,ciclo1_AC_AP,concentrator_trafo_2_12,prosumer18,cfp,100,2.669790,0
1789091268.192995,9,ciclo1_AC_AP,concentrator_trafo_2_12,prosumer19,cfp,100,2.808414,0
1789091268.193126,9,ciclo1_AC_AP,concentrator_trafo_2_12,prosumer20,cfp,100,1.173676,0
1789091268.194752,9,ciclo1_AC_AP,prosumer6,concentrator_trafo_1_3,propose,101,1.234263,0
1789091268.198485,9,ciclo1_AC_AP,prosumer16,concentrator_trafo_2_12,propose,445,8.272201,0
1789091268.204349,9,ciclo1_AC_AP,prosumer5,concentrator_trafo_1_3,propose,370,4.789334,0
1789091268.209010,9,ciclo1_AC_AP,prosumer8,concentrator_trafo_1_3,propose,413,16.814677,0
1789091268.210838,9,ciclo1_AC_AP,prosumer20,concentrator_trafo_2_12,propose,150,10.213672,0
1789091268.212235,9,ciclo1_AC_AP,prosumer17,concentrator_trafo_2_12,propose,197,5.104273,0
1789091268.214027,9,ciclo1_AC_AP,prosumer10,concentrator_trafo_1_3,propose,160,4.337521,0
1789091268.217193,9,ciclo1_AC_AP,prosumer15,concentrator_trafo_2_12,propose,411,13.462600,0
1789091268.218062,9,ciclo1_AC_AP,prosumer7,concentrator_trafo_1_3,propose,432,6.289864,0
1789091268.219430,9,ciclo1_AC_AP,prosumer11,concentrator_trafo_1_3,propose,201,2.473088,0
1789091268.220771,9,ciclo1_AC_AP,prosumer14,concentrator_trafo_2_12,propose,254,4.434980,0
1789091268.221472,9,ciclo1_AC_AP,prosumer4,concentrator_trafo_1_3,propose,243,3.998823,0
1789091268.222319,9,ciclo1_AC_AP,prosumer18,concentrator_trafo_2_12,propose,452,7.767296,0
1789091268.223643,9,ciclo1_AC_AP,prosumer19,concentrator_trafo_2_12,propose,193,5.946963,0
1789091268.224124,9,ciclo1_AC_AP,prosumer9,concentrator_trafo_1_3,propose,151,4.389215,0
1789091268.224796,9,ciclo1_AC_AP,prosumer12,concentrator_trafo_2_12,propose,343,5.871879,0
1789091268.227720,9,ciclo1_AC_AP,prosumer3,concentrator_trafo_1_3,propose,303,7.418152,0
1789091268.232214,9,ciclo1_AC_AP,prosumer13,concentrator_trafo_2_12,propose,421,7.835738,0
1789091268.382488,9,ciclo2_AD_AC,dso,concentrator_trafo_1_3,cfp,100,1.901552,0
1789091268.383047,9,ciclo2_AD_AC,dso,concentrator_trafo_2_12,cfp,100,6.594358,0
1789091268.405725,9,ciclo2_AD_AC,concentrator_trafo_1_3,dso,propose,1041,34.126765,0
1789091268.453944,9,ciclo2_AD_AC,concentrator_trafo_2_12,dso,propose,1011,31.556061,0
1789091268.776317,9,ciclo3_AM_AC_AD,market,dso,cfp,100,2.114756,0
1789091268.804143,9,ciclo3_AM_AC_AD,dso,market,propose,1140,19.503258,0
1789091269.003764,9,ciclo3_AM_AC_AD,market,concentrator_trafo_1_3,cfp,100,3.064513,0
1789091269.004615,9,ciclo3_AM_AC_AD,market,concentrator_trafo_2_12,cfp,100,2.691567,0
1789091269.005385,9,ciclo3_AM_AC_AD,market,dso,cfp,100,4.036813,0
1789091269.068323,9,ciclo3_AM_AC_AD,concentrator_trafo_2_12,market,propose,1467,25.869623,0
1789091269.070670,9,ciclo3_AM_AC_AD,concentrator_trafo_1_3,market,propose,1231,39.836819,0
1789091269.083230,9,ciclo3_AM_AC_AD,dso,market,propose,1409,22.645896,0
1789091269.535216,10,ciclo1_AC_AP,concentrator_trafo_1_3,prosumer3,cfp,100,1.426919,0
1789091269.535903,10,ciclo1_AC_AP,concentrator_trafo_1_3,prosumer4,cfp,100,1.899139,0
1789091269.536301,10,ciclo1_AC_AP,concentrator_trafo_1_3,prosumer5,cfp,100,3.325148,0
1789091269.536492,10,ciclo1_AC_AP,concentrator_trafo_1_3,prosumer6,cfp,100,2.273082,0
1789091269.536670,10,ciclo1_AC_AP,concentrator_trafo_1_3,prosumer7,cfp,100,3.667668,0
1789091269.536831,10,ciclo1_AC_AP,concentrator_trafo_1_3,prosumer8,cfp,100,3.769007,0
1789091269.536989,10,ciclo1_AC_AP,concentrator_trafo_1_3,prosumer9,cfp,100,1.062310,0
1789091269.537143,10,ciclo1_AC_AP,concentrator_trafo_1_3,prosumer10,cfp,100,1.563372,0
1789091269.537301,10,ciclo1_AC_AP,concentrator_trafo_1_3,prosumer11,cfp,100,0.720024,0
1789091269.538239,10,ciclo1_AC_AP,concentrator_trafo_2_12,prosumer12,cfp,100,3.506426,0
1789091269.538415,10,ciclo1_AC_AP,concentrator_trafo_2_12,prosumer13,cfp,100,3.413283,0
1789091269.538569,10,ciclo1_AC_AP,concentrator_trafo_2_12,prosumer14,cfp,100,0.587878,0
1789091269.538873,10,ciclo1_AC_AP,concentrator_trafo_2_12,prosumer15,cfp,100,5.165721,0
1789091269.539184,10,ciclo1_AC_AP,concentrator_trafo_2_12,prosumer16,cfp,100,0.614139,0
1789091269.539404,10,ciclo1_AC_AP,concentrator_trafo_2_12,prosumer17,cfp,100,1.956092,0
1789091269.539632,10,ciclo1_AC_AP,concentrator_trafo_2_12,prosumer18,cfp,100,1.875436,0
1789091269.539784,10,ciclo1_AC_AP,concentrator_trafo_2_12,prosumer19,cfp,100,1.826775,0
1789091269.539917,10,ciclo1_AC_AP,concentrator_trafo_2_12,prosumer20,cfp,100,7.064537,0
1789091269.549084,10,ciclo1_AC_AP,prosumer14,concentrator_trafo_2_12,propose,159,2.699895,0
1789091269.550293,10,ciclo1_AC_AP,prosumer11,concentrator_trafo_1_3,propose,231,4.018879,0
1789091269.551785,10,ciclo1_AC_AP,prosumer16,concentrator_trafo_2_12,propose,168,5.752190,0
1789091269.553982,10,ciclo1_AC_AP,prosumer9,concentrator_trafo_1_3,propose,434,6.502549,0
1789091269.555449,10,ciclo1_AC_AP,prosumer3,concentrator_trafo_1_3,propose,366,6.293797,0
1789091269.557633,10,ciclo1_AC_AP,prosumer10,concentrator_trafo_1_3,propose,433,9.113538,0
1789091269.558578,10,ciclo1_AC_AP,prosumer4,concentrator_trafo_1_3,propose,430,7.752094,0
1789091269.561601,10,ciclo1_AC_AP,prosumer19,concentrator_trafo_2_12,propose,277,7.307861,0
1789091269.563078,10,ciclo1_AC_AP,prosumer18,concentrator_trafo_2_12,propose,158,2.247570,0
1789091269.564366,10,ciclo1_AC_AP,prosumer17,concentrator_trafo_2_12,propose,179,4.339262,0
1789091269.565445,10,ciclo1_AC_AP,prosumer6,concentrator_trafo_1_3,propose,242,2.929591,0
1789091269.571224,10,ciclo1_AC_AP,prosumer5,concentrator_trafo_1_3,propose,109,3.862319,0
1789091269.575259,10,ciclo1_AC_AP,prosumer13,concentrator_trafo_2_12,propose,121,2.281025,0
1789091269.576143,10,ciclo1_AC_AP,prosumer12,concentrator_trafo_2_12,propose,120,0.879125,0
1789091269.577433,10,ciclo1_AC_AP,prosumer7,concentrator_trafo_1_3,propose,205,3.027908,0
1789091269.579675,10,ciclo1_AC_AP,prosumer8,concentrator_trafo_1_3,propose,448,13.271763,0
1789091269.595510,10,ciclo1_AC_AP,prosumer15,concentrator_trafo_2_12,propose,232,7.726536,0
1789091269.616535,10,ciclo1_AC_AP,prosumer20,concentrator_trafo_2_12,propose,385,18.723206,0
1789091269.810285,10,ciclo2_AD_AC,dso,concentrator_trafo_1_3,cfp,100,4.475587,0
1789091269.810911,10,ciclo2_AD_AC,dso,concentrator_trafo_2_12,cfp,100,3.685738,0
1789091269.853192,10,ciclo2_AD_AC,concentrator_trafo_2_12,dso,propose,1161,39.620796,0
1789091269.858315,10,ciclo2_AD_AC,concentrator_trafo_1_3,dso,propose,1484,49.053873,0
1789091270.355903,10,ciclo3_AM_AC_AD,market,dso,cfp,100,0.690285,0
1789091270.373166,10,ciclo3_AM_AC_AD,dso,market,propose,1187,20.638959,0
1789091270.583890,10,ciclo3_AM_AC_AD,market,concentrator_trafo_1_3,cfp,100,2.652433,0
1789091270.584240,10,ciclo3_AM_AC_AD,market,concentrator_trafo_2_12,cfp,100,0.940731,0
1789091270.584404,10,ciclo3_AM_AC_AD,market,dso,cfp,100,3.049424,0
1789091270.622279,10,ciclo3_AM_AC_AD,concentrator_trafo_2_12,market,propose,1480,24.946477,0
1789091270.635256,10,ciclo3_AM_AC_AD,concentrator_trafo_1_3,market,propose,1290,45.648197,0
1789091270.641556,10,ciclo3_AM_AC_AD,dso,market,propose,1465,23.976360,0
1789091271.161596,11,ciclo1_AC_AP,concentrator_trafo_1_3,prosumer3,cfp,100,0.493738,0
1789091271.162112,11,ciclo1_AC_AP,concentrator_trafo_1_3,prosumer4,cfp,100,1.390553,0
1789091271.162344,11,ciclo1_AC_AP,concentrator_trafo_1_3,prosumer5,cfp,100,0.284205,0
1789091271.162559,11,ciclo1_AC_AP,concentrator_trafo_1_3,prosumer6,cfp,100,2.124075,0
1789091271.162747,11,ciclo1_AC_AP,concentrator_trafo_1_3,prosumer7,cfp,100,2.627171,0
1789091271.162927,11,ciclo1_AC_AP,concentrator_trafo_1_3,prosumer8,cfp,100,5.774540,0
1789091271.163096,11,ciclo1_AC_AP,concentrator_trafo_1_3,prosumer9,cfp,100,0.951688,0
1789091271.163256,11,ciclo1_AC_AP,concentrator_trafo_1_3,prosumer10,cfp,100,2.497455,0
1789091271.163405,11,ciclo1_AC_AP,concentrator_trafo_1_3,prosumer11,cfp,100,1.223427,0
1789091271.164359,11,ciclo1_AC_AP,concentrator_trafo_2_12,prosumer12,cfp,100,0.358622,0
1789091271.164569,11,ciclo1_AC_AP,concentrator_trafo_2_12,prosumer13,cfp,100,1.233256,0
1789091271.164738,11,ciclo1_AC_AP,concentrator_trafo_2_12,prosumer14,cfp,100,0.288280,0
1789091271.164906,11,ciclo1_AC_AP,concentrator_trafo_2_12,prosumer15,cfp,100,6.810388,0
1789091271.165044,11,ciclo1_AC_AP,concentrator_trafo_2_12,prosumer16,cfp,100,0.409902,0
1789091271.165178,11,ciclo1_AC_AP,concentrator_trafo_2_12,prosumer17,cfp,100,3.176528,0
1789091271.165298,11,ciclo1_AC_AP,concentrator_trafo_2_12,prosumer18,cfp,100,1.422708,0
1789091271.165421,11,ciclo1_AC_AP,concentrator_trafo_2_12,prosumer19,cfp,100,3.682198,0
1789091271.165556,11,ciclo1_AC_AP,concentrator_trafo_2_12,prosumer20,cfp,100,5.527488,0
1789091271.167468,11,ciclo1_AC_AP,prosumer5,concentrator_trafo_1_3,propose,121,0.890940,0
1789091271.170376,11,ciclo1_AC_AP,prosumer3,concentrator_trafo_1_3,propose,483,7.543457,0
1789091271.171434,11,ciclo1_AC_AP,prosumer14,concentrator_trafo_2_12,propose,459,9.450935,0
1789091271.172672,11,ciclo1_AC_AP,prosumer12,concentrator_trafo_2_12,propose,411,7.944836,0
1789091271.174318,11,ciclo1_AC_AP,prosumer16,concentrator_trafo_2_12,propose,435,7.934832,0
1789091271.175785,11,ciclo1_AC_AP,prosumer9,concentrator_trafo_1_3,propose,353,6.269021,0
1789091271.177933,11,ciclo1_AC_AP,prosumer11,concentrator_trafo_1_3,propose,464,6.759907,0
1789091271.179056,11,ciclo1_AC_AP,prosumer4,concentrator_trafo_1_3,propose,429,7.657524,0
1789091271.181101,11,ciclo1_AC_AP,prosumer13,concentrator_trafo_2_12,propose,334,4.609066,0
1789091271.181920,11,ciclo1_AC_AP,prosumer18,concentrator_trafo_2_12,propose,427,9.340947,0
1789091271.185382,11,ciclo1_AC_AP,prosumer6,concentrator_trafo_1_3,propose,322,6.387455,0
1789091271.189598,11,ciclo1_AC_AP,prosumer10,concentrator_trafo_1_3,propose,290,5.825647,0
1789091271.190922,11,ciclo1_AC_AP,prosumer7,concentrator_trafo_1_3,propose,375,4.746339,0
1789091271.199338,11,ciclo1_AC_AP,prosumer17,concentrator_trafo_2_12,propose,191,4.451837,0
1789091271.204304,11,ciclo1_AC_AP,prosumer19,concentrator_trafo_2_12,propose,206,3.699190,0
1789091271.226147,11,ciclo1_AC_AP,prosumer8,concentrator_trafo_1_3,propose,292,13.056680,0
1789091271.228947,11,ciclo1_AC_AP,prosumer20,concentrator_trafo_2_12,propose,400,14.262986,0
1789091271.235726,11,ciclo1_AC_AP,prosumer15,concentrator_trafo_2_12,propose,249,9.231302,0
1789091271.376273,11,ciclo2_AD_AC,dso,concentrator_trafo_1_3,cfp,100,2.824498,0
1789091271.376593,11,ciclo2_AD_AC,dso,concentrator_trafo_2_12,cfp,100,4.356280,0
1789091271.408875,11,ciclo2_AD_AC,concentrator_trafo_1_3,dso,propose,1004,33.573339,0
1789091271.425052,11,ciclo2_AD_AC,concentrator_trafo_2_12,dso,propose,1070,37.734709,0
1789091271.807391,11,ciclo3_AM_AC_AD,market,dso,cfp,100,3.588861,0
1789091271.850872,11,ciclo3_AM_AC_AD,dso,market,propose,1077,17.386813,0
1789091272.031519,11,ciclo3_AM_AC_AD,market,concentrator_trafo_1_3,cfp,100,3.980490,0
1789091272.032385,11,ciclo3_AM_AC_AD,market,concentrator_trafo_2_12,cfp,100,2.988307,0
1789091272.033152,11,ciclo3_AM_AC_AD,market,dso,cfp,100,1.718324,0
1789091272.087394,11,ciclo3_AM_AC_AD,dso,market,propose,1138,19.457979,0
1789091272.090761,11,ciclo3_AM_AC_AD,concentrator_trafo_2_12,market,propose,1170,21.395100,0
1789091272.092783,11,ciclo3_AM_AC_AD,concentrator_trafo_1_3,market,propose,1172,40.807057,0
1789091272.572257,12,ciclo1_AC_AP,concentrator_trafo_1_3,prosumer3,cfp,100,3.080262,0
1789091272.572977,12,ciclo1_AC_AP,concentrator_trafo_1_3,prosumer4,cfp,100,2.414384,0
1789091272.573557,12,ciclo1_AC_AP,concentrator_trafo_1_3,prosumer5,cfp,100,0.900370,0
1789091272.573996,12,ciclo1_AC_AP,concentrator_trafo_1_3,prosumer6,cfp,100,0.785356,0
1789091272.574381,12,ciclo1_AC_AP,concentrator_trafo_1_3,prosumer7,cfp,100,3.093372,0
1789091272.574549,12,ciclo1_AC_AP,concentrator_trafo_1_3,prosumer8,cfp,100,4.018199,0
1789091272.574814,12,ciclo1_AC_AP,concentrator_trafo_1_3,prosumer9,cfp,100,1.005549,0
1789091272.574955,12,ciclo1_AC_AP,concentrator_trafo_1_3,prosumer10,cfp,100,3.200944,0
1789091272.575084,12,ciclo1_AC_AP,concentrator_trafo_1_3,prosumer11,cfp,100,2.905428,0
1789091272.575995,12,ciclo1_AC_AP,concentrator_trafo_2_12,prosumer12,cfp,100,0.993759,0
1789091272.576285,12,ciclo1_AC_AP,concentrator_trafo_2_12,prosumer13,cfp,100,2.241765,0
1789091272.576424,12,ciclo1_AC_AP,concentrator_trafo_2_12,prosumer14,cfp,100,2.365767,0
1789091272.576568,12,ciclo1_AC_AP,concentrator_trafo_2_12,prosumer15,cfp,100,4.787634,0
1789091272.576695,12,ciclo1_AC_AP,concentrator_trafo_2_12,prosumer16,cfp,100,1.635588,0
1789091272.576813,12,ciclo1_AC_AP,concentrator_trafo_2_12,prosumer17,cfp,100,1.244358,0
1789091272.577114,12,ciclo1_AC_AP,concentrator_trafo_2_12,prosumer18,cfp,100,0.962768,0
1789091272.577480,12,ciclo1_AC_AP,concentrator_trafo_2_12,prosumer19,cfp,100,0.373714,0
1789091272.577799,12,ciclo1_AC_AP,concentrator_trafo_2_12,prosumer20,cfp,100,5.314433,0
1789091272.585525,12,ciclo1_AC_AP,prosumer19,concentrator_trafo_2_12,propose,288,6.816868,0
1789091272.587415,12,ciclo1_AC_AP,prosumer6,concentrator_trafo_1_3,propose,467,7.830542,0
1789091272.589578,12,ciclo1_AC_AP,prosumer5,concentrator_trafo_1_3,propose,147,4.371643,0
1789091272.592292,12,ciclo1_AC_AP,prosumer9,concentrator_trafo_1_3,propose,273,6.057079,0
1789091272.593677,12,ciclo1_AC_AP,prosumer12,concentrator_trafo_2_12,propose,499,9.347914,0
1789091272.594669,12,ciclo1_AC_AP,prosumer18,concentrator_trafo_2_12,propose,417,7.625909,0
1789091272.596300,12,ciclo1_AC_AP,prosumer17,concentrator_trafo_2_12,propose,118,0.451770,0
1789091272.597618,12,ciclo1_AC_AP,prosumer16,concentrator_trafo_2_12,propose,121,2.145431,0
1789091272.599461,12,ciclo1_AC_AP,prosumer4,concentrator_trafo_1_3,propose,238,5.306647,0
1789091272.601013,12,ciclo1_AC_AP,prosumer13,concentrator_trafo_2_12,propose,183,3.595776,0
1789091272.602514,12,ciclo1_AC_AP,prosumer14,concentrator_trafo_2_12,propose,176,5.053646,0
1789091272.604821,12,ciclo1_AC_AP,prosumer3,concentrator_trafo_1_3,propose,398,8.239515,0
1789091272.606824,12,ciclo1_AC_AP,prosumer11,concentrator_trafo_1_3,propose,248,2.983886,0
1789091272.608315,12,ciclo1_AC_AP,prosumer7,concentrator_trafo_1_3,propose,284,7.536870,0
1789091272.609445,12,ciclo1_AC_AP,prosumer10,concentrator_trafo_1_3,propose,302,5.333377,0
1789091272.617248,12,ciclo1_AC_AP,prosumer8,concentrator_trafo_1_3,propose,380,10.897925,0
1789091272.627577,12,ciclo1_AC_AP,prosumer15,concentrator_trafo_2_12,propose,166,9.566622,0
1789091272.634555,12,ciclo1_AC_AP,prosumer20,concentrator_trafo_2_12,propose,250,11.126112,0
1789091272.748805,12,ciclo2_AD_AC,dso,concentrator_trafo_1_3,cfp,100,5.048203,0
1789091272.749005,12,ciclo2_AD_AC,dso,concentrator_trafo_2_12,cfp,100,3.829360,0
1789091272.793566,12,ciclo2_AD_AC,concentrator_trafo_2_12,dso,propose,1058,34.887409,0
1789091272.803188,12,ciclo2_AD_AC,concentrator_trafo_1_3,dso,propose,1244,40.334136,0
1789091273.213311,12,ciclo3_AM_AC_AD,market,dso,cfp,100,3.389601,0
1789091273.257719,12,ciclo3_AM_AC_AD,dso,market,propose,1374,23.878514,0
1789091273.503670,12,ciclo3_AM_AC_AD,market,concentrator_trafo_1_3,cfp,100,2.552727,0
1789091273.504203,12,ciclo3_AM_AC_AD,market,concentrator_trafo_2_12,cfp,100,0.150491,0
1789091273.504500,12,ciclo3_AM_AC_AD,market,dso,cfp,100,1.255720,0
1789091273.531438,12,ciclo3_AM_AC_AD,concentrator_trafo_2_12,market,propose,1122,16.250001,0
1789091273.543070,12,ciclo3_AM_AC_AD,dso,market,propose,1478,23.595671,0
1789091273.545758,12,ciclo3_AM_AC_AD,concentrator_trafo_1_3,market,propose,1024,35.874231,0
1789091273.973221,13,ciclo1_AC_AP,concentrator_trafo_1_3,prosumer3,cfp,100,2.959304,0
1789091273.974002,13,ciclo1_AC_AP,concentrator_trafo_1_3,prosumer4,cfp,100,3.752138,0
1789091273.974535,13,ciclo1_AC_AP,concentrator_trafo_1_3,prosumer5,cfp,100,0.693307,0
1789091273.974924,13,ciclo1_AC_AP,concentrator_trafo_1_3,prosumer6,cfp,100,1.191133,0
1789091273.975292,13,ciclo1_AC_AP,concentrator_trafo_1_3,prosumer7,cfp,100,0.378696,0
1789091273.975457,13,ciclo1_AC_AP,concentrator_trafo_1_3,prosumer8,cfp,100,2.824645,0
1789091273.975728,13,ciclo1_AC_AP,concentrator_trafo_1_3,prosumer9,cfp,100,2.556159,0
1789091273.975904,13,ciclo1_AC_AP,concentrator_trafo_1_3,prosumer10,cfp,100,1.904941,0
1789091273.976068,13,ciclo1_AC_AP,concentrator_trafo_1_3,prosumer11,cfp,100,2.899383,0
1789091273.976962,13,ciclo1_AC_AP,concentrator_trafo_2_12,prosumer12,cfp,100,1.087663,0
1789091273.977125,13,ciclo1_AC_AP,concentrator_trafo_2_12,prosumer13,cfp,100,0.699149,0
1789091273.977257,13,ciclo1_AC_AP,concentrator_trafo_2_12,prosumer14,cfp,100,1.531655,0
1789091273.977386,13,ciclo1_AC_AP,concentrator_trafo_2_12,prosumer15,cfp,100,3.475240,0
1789091273.977509,13,ciclo1_AC_AP,concentrator_trafo_2_12,prosumer16,cfp,100,3.690822,0
1789091273.977653,13,ciclo1_AC_AP,concentrator_trafo_2_12,prosumer17,cfp,100,1.089051,0
1789091273.977782,13,ciclo1_AC_AP,concentrator_trafo_2_12,prosumer18,cfp,100,1.422255,0
1789091273.977925,13,ciclo1_AC_AP,concentrator_trafo_2_12,prosumer19,cfp,100,0.869447,0
1789091273.978060,13,ciclo1_AC_AP,concentrator_trafo_2_12,prosumer20,cfp,100,3.077585,0
1789091273.981365,13,ciclo1_AC_AP,prosumer7,concentrator_trafo_1_3,propose,257,6.364725,0
1789091273.984012,13,ciclo1_AC_AP,prosumer5,concentrator_trafo_1_3,propose,191,3.068349,0
1789091273.986310,13,ciclo1_AC_AP,prosumer13,concentrator_trafo_2_12,propose,367,7.017468,0
1789091273.990560,13,ciclo1_AC_AP,prosumer19,concentrator_trafo_2_12,propose,473,8.960038,0
1789091273.992353,13,ciclo1_AC_AP,prosumer6,concentrator_trafo_1_3,propose,136,4.781775,0
1789091273.994308,13,ciclo1_AC_AP,prosumer12,concentrator_trafo_2_12,propose,254,3.888979,0
1789091273.996632,13,ciclo1_AC_AP,prosumer17,concentrator_trafo_2_12,propose,306,4.854782,0
1789091273.998052,13,ciclo1_AC_AP,prosumer18,concentrator_trafo_2_12,propose,268,5.317073,0
1789091273.999497,13,ciclo1_AC_AP,prosumer14,concentrator_trafo_2_12,propose,253,2.620884,0
1789091274.001111,13,ciclo1_AC_AP,prosumer10,concentrator_trafo_1_3,propose,312,7.271389,0
1789091274.003193,13,ciclo1_AC_AP,prosumer9,concentrator_trafo_1_3,propose,155,4.624142,0
1789091274.004985,13,ciclo1_AC_AP,prosumer3,concentrator_trafo_1_3,propose,150,5.434805,0
1789091274.006424,13,ciclo1_AC_AP,prosumer8,concentrator_trafo_1_3,propose,387,15.432382,0
1789091274.008117,13,ciclo1_AC_AP,prosumer11,concentrator_trafo_1_3,propose,346,5.091105,0
1789091274.011162,13,ciclo1_AC_AP,prosumer20,concentrator_trafo_2_12,propose,342,9.968750,0
1789091274.014344,13,ciclo1_AC_AP,prosumer4,concentrator_trafo_1_3,propose,272,6.454155,0
1789091274.015524,13,ciclo1_AC_AP,prosumer15,concentrator_trafo_2_12,propose,275,10.479339,0
1789091274.017847,13,ciclo1_AC_AP,prosumer16,concentrator_trafo_2_12,propose,163,2.433552,0
1789091274.166174,13,ciclo2_AD_AC,dso,concentrator_trafo_1_3,cfp,100,5.085814,0
1789091274.166508,13,ciclo2_AD_AC,dso,concentrator_trafo_2_12,cfp,100,3.370475,0
1789091274.203647,13,ciclo2_AD_AC,concentrator_trafo_2_12,dso,propose,1245,40.095426,0
1789091274.221910,13,ciclo2_AD_AC,concentrator_trafo_1_3,dso,propose,1059,34.975706,0
1789091274.610264,13,ciclo3_AM_AC_AD,market,dso,cfp,100,3.775523,0
1789091274.655853,13,ciclo3_AM_AC_AD,dso,market,propose,1358,22.476577,0
1789091274.887833,13,ciclo3_AM_AC_AD,market,concentrator_trafo_1_3,cfp,100,4.656163,0
1789091274.888457,13,ciclo3_AM_AC_AD,market,concentrator_trafo_2_12,cfp,100,2.722661,0
1789091274.888952,13,ciclo3_AM_AC_AD,market,dso,cfp,100,1.108338,0
1789091274.929184,13,ciclo3_AM_AC_AD,dso,market,propose,1254,18.618061,0
1789091274.934245,13,ciclo3_AM_AC_AD,concentrator_trafo_2_12,market,propose,1218,21.325091,0
1789091274.951268,13,ciclo3_AM_AC_AD,concentrator_trafo_1_3,market,propose,1019,35.813637,0
1789091275.378960,14,ciclo1_AC_AP,concentrator_trafo_1_3,prosumer3,cfp,100,1.263840,0
1789091275.379689,14,ciclo1_AC_AP,concentrator_trafo_1_3,prosumer4,cfp,100,2.979532,0
1789091275.380073,14,ciclo1_AC_AP,concentrator_trafo_1_3,prosumer5,cfp,100,2.894779,0
1789091275.380355,14,ciclo1_AC_AP,concentrator_trafo_1_3,prosumer6,cfp,100,2.313133,0
1789091275.380571,14,ciclo1_AC_AP,concentrator_trafo_1_3,prosumer7,cfp,100,1.485290,0
1789091275.380769,14,ciclo1_AC_AP,concentrator_trafo_1_3,prosumer8,cfp,100,4.800590,0
1789091275.380948,14,ciclo1_AC_AP,concentrator_trafo_1_3,prosumer9,cfp,100,0.266211,0
1789091275.381149,14,ciclo1_AC_AP,concentrator_trafo_1_3,prosumer10,cfp,100,0.954360,0
1789091275.381311,14,ciclo1_AC_AP,concentrator_trafo_1_3,prosumer11,cfp,100,1.247954,0
1789091275.382295,14,ciclo1_AC_AP,concentrator_trafo_2_12,prosumer12,cfp,100,3.674394,0
1789091275.382501,14,ciclo1_AC_AP,concentrator_trafo_2_12,prosumer13,cfp,100,2.882012,0
1789091275.382693,14,ciclo1_AC_AP,concentrator_trafo_2_12,prosumer14,cfp,100,1.072102,0
1789091275.382846,14,ciclo1_AC_AP,concentrator_trafo_2_12,prosumer15,cfp,100,4.221795,0
1789091275.382986,14,ciclo1_AC_AP,concentrator_trafo_2_12,prosumer16,cfp,100,3.206884,0
1789091275.383117,14,ciclo1_AC_AP,concentrator_trafo_2_12,prosumer17,cfp,100,0.155085,0
1789091275.383245,14,ciclo1_AC_AP,concentrator_trafo_2_12,prosumer18,cfp,100,3.552375,0
1789091275.383373,14,ciclo1_AC_AP,concentrator_trafo_2_12,prosumer19,cfp,100,2.375277,0
1789091275.383509,14,ciclo1_AC_AP,concentrator_trafo_2_12,prosumer20,cfp,100,4.570812,0
1789091275.387247,14,ciclo1_AC_AP,prosumer9,concentrator_trafo_1_3,propose,254,2.179349,0
1789091275.389031,14,ciclo1_AC_AP,prosumer17,concentrator_trafo_2_12,propose,271,5.817292,0
1789091275.394003,14,ciclo1_AC_AP,prosumer10,concentrator_trafo_1_3,propose,476,7.266314,0
1789091275.395662,14,ciclo1_AC_AP,prosumer3,concentrator_trafo_1_3,propose,451,7.230805,0
1789091275.398129,14,ciclo1_AC_AP,prosumer14,concentrator_trafo_2_12,propose,179,4.190141,0
1789091275.399145,14,ciclo1_AC_AP,prosumer11,concentrator_trafo_1_3,propose,185,4.406007,0
1789091275.400529,14,ciclo1_AC_AP,prosumer7,concentrator_trafo_1_3,propose,420,8.134323,0
1789091275.405053,14,ciclo1_AC_AP,prosumer6,concentrator_trafo_1_3,propose,389,6.155053,0
1789091275.409200,14,ciclo1_AC_AP,prosumer19,concentrator_trafo_2_12,propose,292,5.549202,0
1789091275.411561,14,ciclo1_AC_AP,prosumer5,concentrator_trafo_1_3,propose,427,6.953898,0
1789091275.413027,14,ciclo1_AC_AP,prosumer4,concentrator_trafo_1_3,propose,144,2.039337,0
1789091275.413919,14,ciclo1_AC_AP,prosumer13,concentrator_trafo_2_12,propose,133,2.033905,0
1789091275.416962,14,ciclo1_AC_AP,prosumer16,concentrator_trafo_2_12,propose,143,4.899477,0
1789091275.420299,14,ciclo1_AC_AP,prosumer18,concentrator_trafo_2_12,propose,201,4.264583,0
1789091275.421326,14,ciclo1_AC_AP,prosumer12,concentrator_trafo_2_12,propose,483,6.892960,0
1789091275.427065,14,ciclo1_AC_AP,prosumer15,concentrator_trafo_2_12,propose,213,8.554793,0
1789091275.430830,14,ciclo1_AC_AP,prosumer8,concentrator_trafo_1_3,propose,131,9.329715,0
1789091275.432144,14,ciclo1_AC_AP,prosumer20,concentrator_trafo_2_12,propose,297,10.178405,0
1789091275.537530,14,ciclo2_AD_AC,dso,concentrator_trafo_1_3,cfp,100,3.604001,0
1789091275.537813,14,ciclo2_AD_AC,dso,concentrator_trafo_2_12,cfp,100,2.261220,0
1789091275.563831,14,ciclo2_AD_AC,concentrator_trafo_2_12,dso,propose,1004,31.608984,0
1789091275.577714,14,ciclo2_AD_AC,concentrator_trafo_1_3,dso,propose,1050,36.239038,0
1789091275.944659,14,ciclo3_AM_AC_AD,market,dso,cfp,100,3.961249,0
1789091275.994629,14,ciclo3_AM_AC_AD,dso,market,propose,1201,19.819270,0
1789091276.198520,14,ciclo3_AM_AC_AD,market,concentrator_trafo_1_3,cfp,100,2.624553,0
1789091276.198824,14,ciclo3_AM_AC_AD,market,concentrator_trafo_2_12,cfp,100,3.585859,0
1789091276.199014,14,ciclo3_AM_AC_AD,market,dso,cfp,100,3.152249,0
1789091276.258529,14,ciclo3_AM_AC_AD,concentrator_trafo_1_3,market,propose,1284,44.498148,0
1789091276.272139,14,ciclo3_AM_AC_AD,concentrator_trafo_2_12,market,propose,1265,21.482047,0
1789091276.273382,14,ciclo3_AM_AC_AD,dso,market,propose,1148,21.940486,0
1789091276.774628,15,ciclo1_AC_AP,concentrator_trafo_1_3,prosumer3,cfp,100,2.651051,0
1789091276.774981,15,ciclo1_AC_AP,concentrator_trafo_1_3,prosumer4,cfp,100,0.891499,0
1789091276.775234,15,ciclo1_AC_AP,concentrator_trafo_1_3,prosumer5,cfp,100,2.772004,0
1789091276.775371,15,ciclo1_AC_AP,concentrator_trafo_1_3,prosumer6,cfp,100,2.775225,0
1789091276.775496,15,ciclo1_AC_AP,concentrator_trafo_1_3,prosumer7,cfp,100,2.588601,0
1789091276.775639,15,ciclo1_AC_AP,concentrator_trafo_1_3,prosumer8,cfp,100,1.266591,0
1789091276.775780,15,ciclo1_AC_AP,concentrator_trafo_1_3,prosumer9,cfp,100,3.518182,0
1789091276.775898,15,ciclo1_AC_AP,concentrator_trafo_1_3,prosumer10,cfp,100,2.968353,0
1789091276.776015,15,ciclo1_AC_AP,concentrator_trafo_1_3,prosumer11,cfp,100,0.677977,0
1789091276.776719,15,ciclo1_AC_AP,concentrator_trafo_2_12,prosumer12,cfp,100,1.206301,0
1789091276.776876,15,ciclo1_AC_AP,concentrator_trafo_2_12,prosumer13,cfp,100,2.273397,0
1789091276.776996,15,ciclo1_AC_AP,concentrator_trafo_2_12,prosumer14,cfp,100,3.338841,0
1789091276.777111,15,ciclo1_AC_AP,concentrator_trafo_2_12,prosumer15,cfp,100,1.220814,0
1789091276.777224,15,ciclo1_AC_AP,concentrator_trafo_2_12,prosumer16,cfp,100,1.542750,0
1789091276.777328,15,ciclo1_AC_AP,concentrator_trafo_2_12,prosumer17,cfp,100,3.685908,0
1789091276.777427,15,ciclo1_AC_AP,concentrator_trafo_2_12,prosumer18,cfp,100,1.052475,0
1789091276.777530,15,ciclo1_AC_AP,concentrator_trafo_2_12,prosumer19,cfp,100,0.437550,0
1789091276.777654,15,ciclo1_AC_AP,concentrator_trafo_2_12,prosumer20,cfp,100,1.646759,0
1789091276.786468,15,ciclo1_AC_AP,prosumer19,concentrator_trafo_2_12,propose,329,4.192013,0
1789091276.788110,15,ciclo1_AC_AP,prosumer11,concentrator_trafo_1_3,propose,350,6.757130,0
1789091276.790205,15,ciclo1_AC_AP,prosumer4,concentrator_trafo_1_3,propose,399,9.054112,0
1789091276.792416,15,ciclo1_AC_AP,prosumer18,concentrator_trafo_2_12,propose,465,6.154840,0
1789091276.793415,15,ciclo1_AC_AP,prosumer8,concentrator_trafo_1_3,propose,447,16.242914,0
1789091276.795187,15,ciclo1_AC_AP,prosumer12,concentrator_trafo_2_12,propose,211,3.996810,0
1789091276.796512,15,ciclo1_AC_AP,prosumer15,concentrator_trafo_2_12,propose,316,11.017676,0
1789091276.798525,15,ciclo1_AC_AP,prosumer16,concentrator_trafo_2_12,propose,142,3.886378,0
1789091276.799978,15,ciclo1_AC_AP,prosumer20,concentrator_trafo_2_12,propose,288,14.039213,0
1789091276.801775,15,ciclo1_AC_AP,prosumer13,concentrator_trafo_2_12,propose,212,5.417269,0
1789091276.803278,15,ciclo1_AC_AP,prosumer3,concentrator_trafo_1_3,propose,233,3.856422,0
1789091276.804418,15,ciclo1_AC_AP,prosumer7,concentrator_trafo_1_3,propose,399,9.812606,0
1789091276.805734,15,ciclo1_AC_AP,prosumer5,concentrator_trafo_1_3,propose,497,6.148252,0
1789091276.806598,15,ciclo1_AC_AP,prosumer6,concentrator_trafo_1_3,propose,185,3.336104,0
1789091276.807721,15,ciclo1_AC_AP,prosumer10,concentrator_trafo_1_3,propose,320,7.061931,0
1789091276.812488,15,ciclo1_AC_AP,prosumer14,concentrator_trafo_2_12,propose,198,3.558693,0
1789091276.814910,15,ciclo1_AC_AP,prosumer9,concentrator_trafo_1_3,propose,283,7.514755,0
1789091276.816093,15,ciclo1_AC_AP,prosumer17,concentrator_trafo_2_12,propose,158,2.248003,0
1789091276.958854,15,ciclo2_AD_AC,dso,concentrator_trafo_1_3,cfp,100,4.854532,0
1789091276.959122,15,ciclo2_AD_AC,dso,concentrator_trafo_2_12,cfp,100,1.777856,0
1789091276.980674,15,ciclo2_AD_AC,concentrator_trafo_2_12,dso,propose,1032,36.467290,0
1789091277.012524,15,ciclo2_AD_AC,concentrator_trafo_1_3,dso,propose,1420,48.516831,0
1789091277.505026,15,ciclo3_AM_AC_AD,market,dso,cfp,100,0.485998,0
1789091277.519001,15,ciclo3_AM_AC_AD,dso,market,propose,1442,23.274804,0
1789091277.759983,15,ciclo3_AM_AC_AD,market,concentrator_trafo_1_3,cfp,100,1.722649,0
1789091277.761036,15,ciclo3_AM_AC_AD,market,concentrator_trafo_2_12,cfp,100,2.294577,0
1789091277.762049,15,ciclo3_AM_AC_AD,market,dso,cfp,100,2.678697,0
1789091277.811327,15,ciclo3_AM_AC_AD,concentrator_trafo_1_3,market,propose,1436,49.523181,0
1789091277.813309,15,ciclo3_AM_AC_AD,concentrator_trafo_2_12,market,propose,1359,22.833031,0
1789091277.824476,15,ciclo3_AM_AC_AD,dso,market,propose,1014,15.302450,0
1789091278.375521,16,ciclo1_AC_AP,concentrator_trafo_1_3,prosumer3,cfp,100,0.765309,0
1789091278.376718,16,ciclo1_AC_AP,concentrator_trafo_1_3,prosumer4,cfp,100,0.265040,0
1789091278.377833,16,ciclo1_AC_AP,concentrator_trafo_1_3,prosumer5,cfp,100,3.978367,0
1789091278.378783,16,ciclo1_AC_AP,concentrator_trafo_1_3,prosumer6,cfp,100,0.475485,0
1789091278.379595,16,ciclo1_AC_AP,concentrator_trafo_1_3,prosumer7,cfp,100,2.520841,0
1789091278.380258,16,ciclo1_AC_AP,concentrator_trafo_1_3,prosumer8,cfp,100,3.497436,0
1789091278.380626,16,ciclo1_AC_AP,concentrator_trafo_1_3,prosumer9,cfp,100,0.696077,0
1789091278.380865,16,ciclo1_AC_AP,concentrator_trafo_1_3,prosumer10,cfp,100,3.742100,0
1789091278.381068,16,ciclo1_AC_AP,concentrator_trafo_1_3,prosumer11,cfp,100,1.138346,0
1789091278.381816,16,ciclo1_AC_AP,concentrator_trafo_2_12,prosumer12,cfp,100,0.799031,0
1789091278.382082,16,ciclo1_AC_AP,concentrator_trafo_2_12,prosumer13,cfp,100,0.959660,0
1789091278.382195,16,ciclo1_AC_AP,concentrator_trafo_2_12,prosumer14,cfp,100,1.856879,0
1789091278.382296,16,ciclo1_AC_AP,concentrator_trafo_2_12,prosumer15,cfp,100,2.743516,0
1789091278.382392,16,ciclo1_AC_AP,concentrator_trafo_2_12,prosumer16,cfp,100,2.490651,0
1789091278.382491,16,ciclo1_AC_AP,concentrator_trafo_2_12,prosumer17,cfp,100,0.172462,0
1789091278.382606,16,ciclo1_AC_AP,concentrator_trafo_2_12,prosumer18,cfp,100,0.970583,0
1789091278.382708,16,ciclo1_AC_AP,concentrator_trafo_2_12,prosumer19,cfp,100,0.637863,0
1789091278.382804,16,ciclo1_AC_AP,concentrator_trafo_2_12,prosumer20,cfp,100,6.067612,0
1789091278.385234,16,ciclo1_AC_AP,prosumer4,concentrator_trafo_1_3,propose,369,6.962349,0
1789091278.386914,16,ciclo1_AC_AP,prosumer3,concentrator_trafo_1_3,propose,331,6.658521,0
1789091278.388622,16,ciclo1_AC_AP,prosumer6,concentrator_trafo_1_3,propose,485,9.300157,0
1789091278.389709,16,ciclo1_AC_AP,prosumer17,concentrator_trafo_2_12,propose,446,9.705472,0
1789091278.392037,16,ciclo1_AC_AP,prosumer9,concentrator_trafo_1_3,propose,203,4.215236,0
1789091278.393117,16,ciclo1_AC_AP,prosumer19,concentrator_trafo_2_12,propose,160,5.183851,0
1789091278.394643,16,ciclo1_AC_AP,prosumer12,concentrator_trafo_2_12,propose,354,4.410344,0
1789091278.396832,16,ciclo1_AC_AP,prosumer13,concentrator_trafo_2_12,propose,303,7.111938,0
1789091278.398265,16,ciclo1_AC_AP,prosumer18,concentrator_trafo_2_12,propose,231,5.037828,0
1789091278.399261,16,ciclo1_AC_AP,prosumer11,concentrator_trafo_1_3,propose,206,7.537123,0
1789091278.403676,16,ciclo1_AC_AP,prosumer14,concentrator_trafo_2_12,propose,428,9.950730,0
1789091278.407066,16,ciclo1_AC_AP,prosumer7,concentrator_trafo_1_3,propose,121,0.350952,0
1789091278.409255,16,ciclo1_AC_AP,prosumer16,concentrator_trafo_2_12,propose,210,2.627624,0
1789091278.412821,16,ciclo1_AC_AP,prosumer15,concentrator_trafo_2_12,propose,419,18.178228,0
1789091278.417916,16,ciclo1_AC_AP,prosumer8,concentrator_trafo_1_3,propose,174,9.942778,0
1789091278.420044,16,ciclo1_AC_AP,prosumer5,concentrator_trafo_1_3,propose,153,5.163849,0
1789091278.421178,16,ciclo1_AC_AP,prosumer10,concentrator_trafo_1_3,propose,201,5.040646,0
1789091278.448033,16,ciclo1_AC_AP,prosumer20,concentrator_trafo_2_12,propose,334,13.088794,0
1789091278.599227,16,ciclo2_AD_AC,dso,concentrator_trafo_1_3,cfp,100,6.544298,0
1789091278.599533,16,ciclo2_AD_AC,dso,concentrator_trafo_2_12,cfp,100,5.936551,0
1789091278.665167,16,ciclo2_AD_AC,concentrator_trafo_2_12,dso,propose,1193,41.863293,0
1789091278.667823,16,ciclo2_AD_AC,concentrator_trafo_1_3,dso,propose,1185,41.208398,0
1789091279.085957,16,ciclo3_AM_AC_AD,market,dso,cfp,100,0.692386,0
1789091279.101067,16,ciclo3_AM_AC_AD,dso,market,propose,1279,23.738229,0
1789091279.345876,16,ciclo3_AM_AC_AD,market,concentrator_trafo_1_3,cfp,100,3.653441,0
1789091279.346282,16,ciclo3_AM_AC_AD,market,concentrator_trafo_2_12,cfp,100,3.561905,0
1789091279.346528,16,ciclo3_AM_AC_AD,market,dso,cfp,100,1.985577,0
1789091279.401451,16,ciclo3_AM_AC_AD,dso,market,propose,1423,24.345724,0
1789091279.412165,16,ciclo3_AM_AC_AD,concentrator_trafo_2_12,market,propose,1077,16.709631,0
1789091279.413281,16,ciclo3_AM_AC_AD,concentrator_trafo_1_3,market,propose,1053,35.130924,0
1789091279.833898,17,ciclo1_AC_AP,concentrator_trafo_1_3,prosumer3,cfp,100,2.647630,0
1789091279.834676,17,ciclo1_AC_AP,concentrator_trafo_1_3,prosumer4,cfp,100,1.425875,0
1789091279.835399,17,ciclo1_AC_AP,concentrator_trafo_1_3,prosumer5,cfp,100,1.941270,0
1789091279.836030,17,ciclo1_AC_AP,concentrator_trafo_1_3,prosumer6,cfp,100,2.197758,0
1789091279.836267,17,ciclo1_AC_AP,concentrator_trafo_1_3,prosumer7,cfp,100,3.287112,0
1789091279.836404,17,ciclo1_AC_AP,concentrator_trafo_1_3,prosumer8,cfp,100,4.319107,0
1789091279.836518,17,ciclo1_AC_AP,concentrator_trafo_1_3,prosumer9,cfp,100,2.179023,0
1789091279.836638,17,ciclo1_AC_AP,concentrator_trafo_1_3,prosumer10,cfp,100,0.480488,0
1789091279.836743,17,ciclo1_AC_AP,concentrator_trafo_1_3,prosumer11,cfp,100,3.430116,0
1789091279.837513,17,ciclo1_AC_AP,concentrator_trafo_2_12,prosumer12,cfp,100,2.615393,0
1789091279.837871,17,ciclo1_AC_AP,concentrator_trafo_2_12,prosumer13,cfp,100,0.138609,0
1789091279.838030,17,ciclo1_AC_AP,concentrator_trafo_2_12,prosumer14,cfp,100,1.867463,0
1789091279.838142,17,ciclo1_AC_AP,concentrator_trafo_2_12,prosumer15,cfp,100,3.617514,0
1789091279.838321,17,ciclo1_AC_AP,concentrator_trafo_2_12,prosumer16,cfp,100,2.926539,0
1789091279.838640,17,ciclo1_AC_AP,concentrator_trafo_2_12,prosumer17,cfp,100,1.564345,0
1789091279.838793,17,ciclo1_AC_AP,concentrator_trafo_2_12,prosumer18,cfp,100,1.385672,0
1789091279.838925,17,ciclo1_AC_AP,concentrator_trafo_2_12,prosumer19,cfp,100,1.457657,0
1789091279.839043,17,ciclo1_AC_AP,concentrator_trafo_2_12,prosumer20,cfp,100,2.225292,0
1789091279.842597,17,ciclo1_AC_AP,prosumer13,concentrator_trafo_2_12,propose,405,9.446291,0
1789091279.844847,17,ciclo1_AC_AP,prosumer10,concentrator_trafo_1_3,propose,349,4.414974,0
1789091279.852067,17,ciclo1_AC_AP,prosumer4,concentrator_trafo_1_3,propose,175,4.607627,0
1789091279.856817,17,ciclo1_AC_AP,prosumer18,concentrator_trafo_2_12,propose,388,9.644727,0
1789091279.858559,17,ciclo1_AC_AP,prosumer19,concentrator_trafo_2_12,propose,307,7.070986,0
1789091279.860897,17,ciclo1_AC_AP,prosumer17,concentrator_trafo_2_12,propose,426,6.472768,0
1789091279.863037,17,ciclo1_AC_AP,prosumer5,concentrator_trafo_1_3,propose,448,6.828987,0
1789091279.865047,17,ciclo1_AC_AP,prosumer14,concentrator_trafo_2_12,propose,316,7.944649,0
1789091279.865915,17,ciclo1_AC_AP,prosumer6,concentrator_trafo_1_3,propose,366,5.224727,0
1789091279.866689,17,ciclo1_AC_AP,prosumer9,concentrator_trafo_1_3,propose,353,4.973628,0
1789091279.868129,17,ciclo1_AC_AP,prosumer3,concentrator_trafo_1_3,propose,447,6.730103,0
1789091279.869032,17,ciclo1_AC_AP,prosumer20,concentrator_trafo_2_12,propose,265,11.598628,0
1789091279.869864,17,ciclo1_AC_AP,prosumer12,concentrator_trafo_2_12,propose,355,6.758088,0
1789091279.870797,17,ciclo1_AC_AP,prosumer16,concentrator_trafo_2_12,propose,355,6.449881,0
1789091279.871557,17,ciclo1_AC_AP,prosumer7,concentrator_trafo_1_3,propose,425,8.845568,0
1789091279.872306,17,ciclo1_AC_AP,prosumer11,concentrator_trafo_1_3,propose,443,8.360103,0
1789091279.875464,17,ciclo1_AC_AP,prosumer15,concentrator_trafo_2_12,propose,203,7.531265,0
1789091279.880922,17,ciclo1_AC_AP,prosumer8,concentrator_trafo_1_3,propose,377,11.702279,0
1789091280.002212,17,ciclo2_AD_AC,dso,concentrator_trafo_1_3,cfp,100,4.126986,0
1789091280.002719,17,ciclo2_AD_AC,dso,concentrator_trafo_2_12,cfp,100,6.732249,0
1789091280.049867,17,ciclo2_AD_AC,concentrator_trafo_1_3,dso,propose,1312,46.266305,0
1789091280.074742,17,ciclo2_AD_AC,concentrator_trafo_2_12,dso,propose,1476,49.353514,0
1789091280.573591,17,ciclo3_AM_AC_AD,market,dso,cfp,100,0.826220,0
1789091280.589365,17,ciclo3_AM_AC_AD,dso,market,propose,1112,18.988779,0
1789091280.785833,17,ciclo3_AM_AC_AD,market,concentrator_trafo_1_3,cfp,100,2.931577,0
1789091280.786347,17,ciclo3_AM_AC_AD,market,concentrator_trafo_2_12,cfp,100,3.914477,0
1789091280.786581,17,ciclo3_AM_AC_AD,market,dso,cfp,100,2.047098,0
1789091280.843688,17,ciclo3_AM_AC_AD,concentrator_trafo_1_3,market,propose,1004,34.942210,0
1789091280.846229,17,ciclo3_AM_AC_AD,dso,market,propose,1174,20.467474,0
1789091280.848250,17,ciclo3_AM_AC_AD,concentrator_trafo_2_12,market,propose,1361,21.055556,0
1789091281.261979,18,ciclo1_AC_AP,concentrator_trafo_1_3,prosumer3,cfp,100,3.399278,0
1789091281.263160,18,ciclo1_AC_AP,concentrator_trafo_1_3,prosumer4,cfp,100,3.551850,0
1789091281.264081,18,ciclo1_AC_AP,concentrator_trafo_1_3,prosumer5,cfp,100,0.395270,0
1789091281.264712,18,ciclo1_AC_AP,concentrator_trafo_1_3,prosumer6,cfp,100,1.044720,0
1789091281.265078,18,ciclo1_AC_AP,concentrator_trafo_1_3,prosumer7,cfp,100,0.220811,0
1789091281.265319,18,ciclo1_AC_AP,concentrator_trafo_1_3,prosumer8,cfp,100,3.837227,0
1789091281.265482,18,ciclo1_AC_AP,concentrator_trafo_1_3,prosumer9,cfp,100,0.317323,0
1789091281.265643,18,ciclo1_AC_AP,concentrator_trafo_1_3,prosumer10,cfp,100,0.626683,0
1789091281.265798,18,ciclo1_AC_AP,concentrator_trafo_1_3,prosumer11,cfp,100,3.113904,0
1789091281.266566,18,ciclo1_AC_AP,concentrator_trafo_2_12,prosumer12,cfp,100,1.795074,0
1789091281.266746,18,ciclo1_AC_AP,concentrator_trafo_2_12,prosumer13,cfp,100,1.172088,0
1789091281.266898,18,ciclo1_AC_AP,concentrator_trafo_2_12,prosumer14,cfp,100,2.601698,0
1789091281.267044,18,ciclo1_AC_AP,concentrator_trafo_2_12,prosumer15,cfp,100,3.735157,0
1789091281.267182,18,ciclo1_AC_AP,concentrator_trafo_2_12,prosumer16,cfp,100,2.800101,0
1789091281.267321,18,ciclo1_AC_AP,concentrator_trafo_2_12,prosumer17,cfp,100,2.700945,0
1789091281.267457,18,ciclo1_AC_AP,concentrator_trafo_2_12,prosumer18,cfp,100,3.506769,0
1789091281.267666,18,ciclo1_AC_AP,concentrator_trafo_2_12,prosumer19,cfp,100,0.793343,0
1789091281.267823,18,ciclo1_AC_AP,concentrator_trafo_2_12,prosumer20,cfp,100,3.299443,0
1789091281.270630,18,ciclo1_AC_AP,prosumer7,concentrator_trafo_1_3,propose,482,6.288770,0
1789091281.272732,18,ciclo1_AC_AP,prosumer5,concentrator_trafo_1_3,propose,262,7.695986,0
1789091281.274001,18,ciclo1_AC_AP,prosumer9,concentrator_trafo_1_3,propose,264,7.107853,0
1789091281.276196,18,ciclo1_AC_AP,prosumer10,concentrator_trafo_1_3,propose,118,3.745655,0
1789091281.278827,18,ciclo1_AC_AP,prosumer6,concentrator_trafo_1_3,propose,368,6.169190,0
1789091281.280485,18,ciclo1_AC_AP,prosumer19,concentrator_trafo_2_12,propose,175,4.233671,0
1789091281.282255,18,ciclo1_AC_AP,prosumer13,concentrator_trafo_2_12,propose,231,5.543861,0
1789091281.286454,18,ciclo1_AC_AP,prosumer12,concentrator_trafo_2_12,propose,408,6.172462,0
1789091281.297004,18,ciclo1_AC_AP,prosumer14,concentrator_trafo_2_12,propose,179,4.312552,0
1789091281.299415,18,ciclo1_AC_AP,prosumer17,concentrator_trafo_2_12,propose,294,7.924425,0
1789091281.301978,18,ciclo1_AC_AP,prosumer16,concentrator_trafo_2_12,propose,398,9.765000,0
1789091281.303140,18,ciclo1_AC_AP,prosumer3,concentrator_trafo_1_3,propose,250,3.941923,0
1789091281.304203,18,ciclo1_AC_AP,prosumer11,concentrator_trafo_1_3,propose,467,8.218057,0
1789091281.305203,18,ciclo1_AC_AP,prosumer4,concentrator_trafo_1_3,propose,461,7.240606,0
1789091281.306617,18,ciclo1_AC_AP,prosumer20,concentrator_trafo_2_12,propose,340,14.588792,0
1789091281.307332,18,ciclo1_AC_AP,prosumer18,concentrator_trafo_2_12,propose,133,4.455612,0
1789091281.307784,18,ciclo1_AC_AP,prosumer8,concentrator_trafo_1_3,propose,143,5.806304,0
1789091281.308425,18,ciclo1_AC_AP,prosumer15,concentrator_trafo_2_12,propose,364,11.025553,0
1789091281.456181,18,ciclo2_AD_AC,dso,concentrator_trafo_1_3,cfp,100,5.866342,0
1789091281.456497,18,ciclo2_AD_AC,dso,concentrator_trafo_2_12,cfp,100,5.707085,0
1789091281.518406,18,ciclo2_AD_AC,concentrator_trafo_2_12,dso,propose,1444,49.348579,0
1789091281.520194,18,ciclo2_AD_AC,concentrator_trafo_1_3,dso,propose,1468,45.527590,0
1789091282.017558,18,ciclo3_AM_AC_AD,market,dso,cfp,100,3.942680,0
1789091282.068827,18,ciclo3_AM_AC_AD,dso,market,propose,1020,17.434838,0
1789091282.248015,18,ciclo3_AM_AC_AD,market,concentrator_trafo_1_3,cfp,100,4.715481,0
1789091282.248527,18,ciclo3_AM_AC_AD,market,concentrator_trafo_2_12,cfp,100,0.610669,0
1789091282.248883,18,ciclo3_AM_AC_AD,market,dso,cfp,100,3.399140,0
1789091282.278435,18,ciclo3_AM_AC_AD,concentrator_trafo_2_12,market,propose,1033,19.053227,0
1789091282.311764,18,ciclo3_AM_AC_AD,dso,market,propose,1115,18.344494,0
1789091282.312808,18,ciclo3_AM_AC_AD,concentrator_trafo_1_3,market,propose,1066,35.536695,0
1789091282.739678,19,ciclo1_AC_AP,concentrator_trafo_1_3,prosumer3,cfp,100,1.853400,0
1789091282.740795,19,ciclo1_AC_AP,concentrator_trafo_1_3,prosumer4,cfp,100,1.208905,0
1789091282.741833,19,ciclo1_AC_AP,concentrator_trafo_1_3,prosumer5,cfp,100,0.947136,0
1789091282.742704,19,ciclo1_AC_AP,concentrator_trafo_1_3,prosumer6,cfp,100,0.087469,0
1789091282.743160,19,ciclo1_AC_AP,concentrator_trafo_1_3,prosumer7,cfp,100,1.533527,0
1789091282.743421,19,ciclo1_AC_AP,concentrator_trafo_1_3,prosumer8,cfp,100,5.121442,0
1789091282.743563,19,ciclo1_AC_AP,concentrator_trafo_1_3,prosumer9,cfp,100,0.128949,0
1789091282.743692,19,ciclo1_AC_AP,concentrator_trafo_1_3,prosumer10,cfp,100,0.123596,0
1789091282.743814,19,ciclo1_AC_AP,concentrator_trafo_1_3,prosumer11,cfp,100,2.588584,0
1789091282.744649,19,ciclo1_AC_AP,concentrator_trafo_2_12,prosumer12,cfp,100,1.784963,0
1789091282.744801,19,ciclo1_AC_AP,concentrator_trafo_2_12,prosumer13,cfp,100,2.774019,0
1789091282.744923,19,ciclo1_AC_AP,concentrator_trafo_2_12,prosumer14,cfp,100,1.464122,0
1789091282.745036,19,ciclo1_AC_AP,concentrator_trafo_2_12,prosumer15,cfp,100,1.777062,0
1789091282.745152,19,ciclo1_AC_AP,concentrator_trafo_2_12,prosumer16,cfp,100,0.476093,0
1789091282.745252,19,ciclo1_AC_AP,concentrator_trafo_2_12,prosumer17,cfp,100,1.478172,0
1789091282.745351,19,ciclo1_AC_AP,concentrator_trafo_2_12,prosumer18,cfp,100,0.800031,0
1789091282.745453,19,ciclo1_AC_AP,concentrator_trafo_2_12,prosumer19,cfp,100,2.042986,0
1789091282.745569,19,ciclo1_AC_AP,concentrator_trafo_2_12,prosumer20,cfp,100,5.933877,0
1789091282.747841,19,ciclo1_AC_AP,prosumer6,concentrator_trafo_1_3,propose,120,3.041682,0
1789091282.749425,19,ciclo1_AC_AP,prosumer9,concentrator_trafo_1_3,propose,253,4.145076,0
1789091282.751072,19,ciclo1_AC_AP,prosumer10,concentrator_trafo_1_3,propose,107,1.775857,0
1789091282.753562,19,ciclo1_AC_AP,prosumer16,concentrator_trafo_2_12,propose,488,6.224298,0
1789091282.755255,19,ciclo1_AC_AP,prosumer5,concentrator_trafo_1_3,propose,329,6.990179,0
1789091282.756839,19,ciclo1_AC_AP,prosumer4,concentrator_trafo_1_3,propose,269,7.797572,0
1789091282.758090,19,ciclo1_AC_AP,prosumer18,concentrator_trafo_2_12,propose,182,4.003452,0
1789091282.760813,19,ciclo1_AC_AP,prosumer3,concentrator_trafo_1_3,propose,176,2.212372,0
1789091282.761860,19,ciclo1_AC_AP,prosumer7,concentrator_trafo_1_3,propose,435,6.931907,0
1789091282.763068,19,ciclo1_AC_AP,prosumer14,concentrator_trafo_2_12,propose,335,5.232816,0
1789091282.763804,19,ciclo1_AC_AP,prosumer17,concentrator_trafo_2_12,propose,290,6.300627,0
1789091282.764628,19,ciclo1_AC_AP,prosumer12,concentrator_trafo_2_12,propose,358,7.973463,0
1789091282.765110,19,ciclo1_AC_AP,prosumer15,concentrator_trafo_2_12,propose,295,14.096560,0
1789091282.766860,19,ciclo1_AC_AP,prosumer19,concentrator_trafo_2_12,propose,371,5.269191,0
1789091282.771409,19,ciclo1_AC_AP,prosumer11,concentrator_trafo_1_3,propose,357,4.811508,0
1789091282.774831,19,ciclo1_AC_AP,prosumer13,concentrator_trafo_2_12,propose,117,2.063581,0
1789091282.798723,19,ciclo1_AC_AP,prosumer8,concentrator_trafo_1_3,propose,393,14.620778,0
1789091282.807959,19,ciclo1_AC_AP,prosumer20,concentrator_trafo_2_12,propose,146,10.632812,0
1789091282.948057,19,ciclo2_AD_AC,dso,concentrator_trafo_1_3,cfp,100,4.144410,0
1789091282.948460,19,ciclo2_AD_AC,dso,concentrator_trafo_2_12,cfp,100,2.402698,0
1789091282.977593,19,ciclo2_AD_AC,concentrator_trafo_2_12,dso,propose,1347,45.697648,0
1789091282.993090,19,ciclo2_AD_AC,concentrator_trafo_1_3,dso,propose,1406,48.353296,0
1789091283.483247,19,ciclo3_AM_AC_AD,market,dso,cfp,100,2.594701,0
1789091283.518990,19,ciclo3_AM_AC_AD,dso,market,propose,1412,25.644565,0
1789091283.783403,19,ciclo3_AM_AC_AD,market,concentrator_trafo_1_3,cfp,100,5.105414,0
1789091283.784170,19,ciclo3_AM_AC_AD,market,concentrator_trafo_2_12,cfp,100,2.097181,0
1789091283.784820,19,ciclo3_AM_AC_AD,market,dso,cfp,100,2.746254,0
1789091283.828219,19,ciclo3_AM_AC_AD,concentrator_trafo_2_12,market,propose,1265,19.337331,0
1789091283.846680,19,ciclo3_AM_AC_AD,dso,market,propose,1388,20.839127,0
1789091283.857090,19,ciclo3_AM_AC_AD,concentrator_trafo_1_3,market,propose,1307,43.230819,0
1789091284.365619,20,ciclo1_AC_AP,concentrator_trafo_1_3,prosumer3,cfp,100,2.449141,0
1789091284.366376,20,ciclo1_AC_AP,concentrator_trafo_1_3,prosumer4,cfp,100,0.244871,0
1789091284.367007,20,ciclo1_AC_AP,concentrator_trafo_1_3,prosumer5,cfp,100,3.664636,0
1789091284.367723,20,ciclo1_AC_AP,concentrator_trafo_1_3,prosumer6,cfp,100,1.539526,0
1789091284.368323,20,ciclo1_AC_AP,concentrator_trafo_1_3,prosumer7,cfp,100,3.191532,0
1789091284.368581,20,ciclo1_AC_AP,concentrator_trafo_1_3,prosumer8,cfp,100,5.715370,0
1789091284.369159,20,ciclo1_AC_AP,concentrator_trafo_1_3,prosumer9,cfp,100,2.151810,0
1789091284.369632,20,ciclo1_AC_AP,concentrator_trafo_1_3,prosumer10,cfp,100,1.885369,0
1789091284.369928,20,ciclo1_AC_AP,concentrator_trafo_1_3,prosumer11,cfp,100,2.607408,0
1789091284.370697,20,ciclo1_AC_AP,concentrator_trafo_2_12,prosumer12,cfp,100,2.793972,0
1789091284.370849,20,ciclo1_AC_AP,concentrator_trafo_2_12,prosumer13,cfp,100,0.952706,0
1789091284.370975,20,ciclo1_AC_AP,concentrator_trafo_2_12,prosumer14,cfp,100,3.045385,0
1789091284.371094,20,ciclo1_AC_AP,concentrator_trafo_2_12,prosumer15,cfp,100,7.076928,0
1789091284.371200,20,ciclo1_AC_AP,concentrator_trafo_2_12,prosumer16,cfp,100,2.951663,0
1789091284.371303,20,ciclo1_AC_AP,concentrator_trafo_2_12,prosumer17,cfp,100,3.319712,0
1789091284.371406,20,ciclo1_AC_AP,concentrator_trafo_2_12,prosumer18,cfp,100,0.028098,0
1789091284.371508,20,ciclo1_AC_AP,concentrator_trafo_2_12,prosumer19,cfp,100,0.706289,0
1789091284.371625,20,ciclo1_AC_AP,concentrator_trafo_2_12,prosumer20,cfp,100,4.345009,0
1789091284.374154,20,ciclo1_AC_AP,prosumer4,concentrator_trafo_1_3,propose,139,5.972628,0
1789091284.375788,20,ciclo1_AC_AP,prosumer18,concentrator_trafo_2_12,propose,482,8.009339,0
1789091284.381476,20,ciclo1_AC_AP,prosumer19,concentrator_trafo_2_12,propose,318,5.565905,0
1789091284.384015,20,ciclo1_AC_AP,prosumer13,concentrator_trafo_2_12,propose,486,6.066078,0
1789091284.386337,20,ciclo1_AC_AP,prosumer6,concentrator_trafo_1_3,propose,205,4.795966,0
1789091284.390172,20,ciclo1_AC_AP,prosumer10,concentrator_trafo_1_3,propose,248,3.877675,0
1789091284.392903,20,ciclo1_AC_AP,prosumer3,concentrator_trafo_1_3,propose,374,6.794477,0
1789091284.394709,20,ciclo1_AC_AP,prosumer9,concentrator_trafo_1_3,propose,406,6.675305,0
1789091284.399076,20,ciclo1_AC_AP,prosumer11,concentrator_trafo_1_3,propose,313,5.659064,0
1789091284.400958,20,ciclo1_AC_AP,prosumer12,concentrator_trafo_2_12,propose,346,7.176420,0
1789091284.403875,20,ciclo1_AC_AP,prosumer7,concentrator_trafo_1_3,propose,298,4.070495,0
1789091284.405535,20,ciclo1_AC_AP,prosumer16,concentrator_trafo_2_12,propose,411,8.035231,0
1789091284.406653,20,ciclo1_AC_AP,prosumer14,concentrator_trafo_2_12,propose,400,8.999921,0
1789091284.408641,20,ciclo1_AC_AP,prosumer5,concentrator_trafo_1_3,propose,219,4.653357,0
1789091284.409693,20,ciclo1_AC_AP,prosumer17,concentrator_trafo_2_12,propose,110,3.117293,0
1789091284.418332,20,ciclo1_AC_AP,prosumer20,concentrator_trafo_2_12,propose,436,14.220917,0
1789091284.430295,20,ciclo1_AC_AP,prosumer8,concentrator_trafo_1_3,propose,100,0.513640,0
1789091284.445345,20,ciclo1_AC_AP,prosumer15,concentrator_trafo_2_12,propose,479,13.944564,0
1789091284.589635,20,ciclo2_AD_AC,dso,concentrator_trafo_1_3,cfp,100,6.064867,0
1789091284.590423,20,ciclo2_AD_AC,dso,concentrator_trafo_2_12,cfp,100,3.339573,0
1789091284.629611,20,ciclo2_AD_AC,concentrator_trafo_2_12,dso,propose,1093,38.024291,0
1789091284.655807,20,ciclo2_AD_AC,concentrator_trafo_1_3,dso,propose,1154,39.837553,0
1789091285.060983,20,ciclo3_AM_AC_AD,market,dso,cfp,100,2.455347,0
1789091285.096152,20,ciclo3_AM_AC_AD,dso,market,propose,1259,21.655824,0
1789091285.319312,20,ciclo3_AM_AC_AD,market,concentrator_trafo_1_3,cfp,100,4.401628,0
1789091285.319715,20,ciclo3_AM_AC_AD,market,concentrator_trafo_2_12,cfp,100,4.004497,0
1789091285.319915,20,ciclo3_AM_AC_AD,market,dso,cfp,100,1.425359,0
1789091285.373161,20,ciclo3_AM_AC_AD,dso,market,propose,1291,24.154284,0
1789091285.384984,20,ciclo3_AM_AC_AD,concentrator_trafo_2_12,market,propose,1130,19.361546,0
1789091285.391687,20,ciclo3_AM_AC_AD,concentrator_trafo_1_3,market,propose,1170,41.090896,0
1789091285.872826,21,ciclo1_AC_AP,concentrator_trafo_1_3,prosumer3,cfp,100,2.382853,0
1789091285.873495,21,ciclo1_AC_AP,concentrator_trafo_1_3,prosumer4,cfp,100,1.638751,0
1789091285.874015,21,ciclo1_AC_AP,concentrator_trafo_1_3,prosumer5,cfp,100,1.800597,0
1789091285.874389,21,ciclo1_AC_AP,concentrator_trafo_1_3,prosumer6,cfp,100,2.394668,0
1789091285.874574,21,ciclo1_AC_AP,concentrator_trafo_1_3,prosumer7,cfp,100,1.989072,0
1789091285.874748,21,ciclo1_AC_AP,concentrator_trafo_1_3,prosumer8,cfp,100,4.185008,0
1789091285.874898,21,ciclo1_AC_AP,concentrator_trafo_1_3,prosumer9,cfp,100,3.454756,0
1789091285.875037,21,ciclo1_AC_AP,concentrator_trafo_1_3,prosumer10,cfp,100,1.531506,0
1789091285.875173,21,ciclo1_AC_AP,concentrator_trafo_1_3,prosumer11,cfp,100,2.207960,0
1789091285.876155,21,ciclo1_AC_AP,concentrator_trafo_2_12,prosumer12,cfp,100,3.768812,0
1789091285.876321,21,ciclo1_AC_AP,concentrator_trafo_2_12,prosumer13,cfp,100,1.607780,0
1789091285.876451,21,ciclo1_AC_AP,concentrator_trafo_2_12,prosumer14,cfp,100,3.816882,0
1789091285.876599,21,ciclo1_AC_AP,concentrator_trafo_2_12,prosumer15,cfp,100,3.136195,0
1789091285.876727,21,ciclo1_AC_AP,concentrator_trafo_2_12,prosumer16,cfp,100,3.219907,0
1789091285.876853,21,ciclo1_AC_AP,concentrator_trafo_2_12,prosumer17,cfp,100,0.783094,0
1789091285.876975,21,ciclo1_AC_AP,concentrator_trafo_2_12,prosumer18,cfp,100,0.657982,0
1789091285.877092,21,ciclo1_AC_AP,concentrator_trafo_2_12,prosumer19,cfp,100,2.387956,0
1789091285.877209,21,ciclo1_AC_AP,concentrator_trafo_2_12,prosumer20,cfp,100,4.307587,0
1789091285.888709,21,ciclo1_AC_AP,prosumer18,concentrator_trafo_2_12,propose,133,2.554375,0
1789091285.890996,21,ciclo1_AC_AP,prosumer17,concentrator_trafo_2_12,propose,352,6.003075,0
1789091285.894119,21,ciclo1_AC_AP,prosumer4,concentrator_trafo_1_3,propose,234,5.036968,0
1789091285.895626,21,ciclo1_AC_AP,prosumer10,concentrator_trafo_1_3,propose,255,4.146664,0
1789091285.897707,21,ciclo1_AC_AP,prosumer5,concentrator_trafo_1_3,propose,495,7.266598,0
1789091285.899873,21,ciclo1_AC_AP,prosumer13,concentrator_trafo_2_12,propose,308,7.303578,0
1789091285.901487,21,ciclo1_AC_AP,prosumer7,concentrator_trafo_1_3,propose,296,5.148957,0
1789091285.903173,21,ciclo1_AC_AP,prosumer3,concentrator_trafo_1_3,propose,296,6.646698,0
1789091285.904416,21,ciclo1_AC_AP,prosumer11,concentrator_trafo_1_3,propose,131,2.582288,0
1789091285.905469,21,ciclo1_AC_AP,prosumer6,concentrator_trafo_1_3,propose,183,2.306339,0
1789091285.906663,21,ciclo1_AC_AP,prosumer19,concentrator_trafo_2_12,propose,428,9.352547,0
1789091285.911424,21,ciclo1_AC_AP,prosumer15,concentrator_trafo_2_12,propose,165,8.190513,0
1789091285.912595,21,ciclo1_AC_AP,prosumer16,concentrator_trafo_2_12,propose,222,4.770539,0
1789091285.913785,21,ciclo1_AC_AP,prosumer9,concentrator_trafo_1_3,propose,246,5.200302,0
1789091285.916365,21,ciclo1_AC_AP,prosumer12,concentrator_trafo_2_12,propose,473,6.091547,0
1789091285.919291,21,ciclo1_AC_AP,prosumer14,concentrator_trafo_2_12,propose,271,6.046464,0
1789091285.920922,21,ciclo1_AC_AP,prosumer8,concentrator_trafo_1_3,propose,128,5.637222,0
1789091285.922935,21,ciclo1_AC_AP,prosumer20,concentrator_trafo_2_12,propose,118,4.951507,0
1789091286.004173,21,ciclo2_AD_AC,dso,concentrator_trafo_1_3,cfp,100,5.545020,0
1789091286.004589,21,ciclo2_AD_AC,dso,concentrator_trafo_2_12,cfp,100,4.543889,0
1789091286.055588,21,ciclo2_AD_AC,concentrator_trafo_2_12,dso,propose,1246,37.818292,0
1789091286.063372,21,ciclo2_AD_AC,concentrator_trafo_1_3,dso,propose,1213,39.492910,0
1789091286.464176,21,ciclo3_AM_AC_AD,market,dso,cfp,100,2.387022,0
1789091286.498472,21,ciclo3_AM_AC_AD,dso,market,propose,1072,18.418341,0
1789091286.687768,21,ciclo3_AM_AC_AD,market,concentrator_trafo_1_3,cfp,100,6.097814,0
1789091286.688388,21,ciclo3_AM_AC_AD,market,concentrator_trafo_2_12,cfp,100,3.627571,0
1789091286.688700,21,ciclo3_AM_AC_AD,market,dso,cfp,100,2.430926,0
1789091286.749111,21,ciclo3_AM_AC_AD,concentrator_trafo_2_12,market,propose,1251,21.359335,0
1789091286.751127,21,ciclo3_AM_AC_AD,dso,market,propose,1455,24.160734,0
1789091286.767330,21,ciclo3_AM_AC_AD,concentrator_trafo_1_3,market,propose,1442,45.178643,0
1789091287.289226,22,ciclo1_AC_AP,concentrator_trafo_1_3,prosumer3,cfp,100,1.928016,0
1789091287.290168,22,ciclo1_AC_AP,concentrator_trafo_1_3,prosumer4,cfp,100,1.361463,0
1789091287.290607,22,ciclo1_AC_AP,concentrator_trafo_1_3,prosumer5,cfp,100,2.068120,0
1789091287.290800,22,ciclo1_AC_AP,concentrator_trafo_1_3,prosumer6,cfp,100,1.161689,0
1789091287.290967,22,ciclo1_AC_AP,concentrator_trafo_1_3,prosumer7,cfp,100,0.651146,0
1789091287.291121,22,ciclo1_AC_AP,concentrator_trafo_1_3,prosumer8,cfp,100,3.579946,0
1789091287.291264,22,ciclo1_AC_AP,concentrator_trafo_1_3,prosumer9,cfp,100,3.278152,0
1789091287.291407,22,ciclo1_AC_AP,concentrator_trafo_1_3,prosumer10,cfp,100,3.820454,0
1789091287.291560,22,ciclo1_AC_AP,concentrator_trafo_1_3,prosumer11,cfp,100,1.295559,0
1789091287.292495,22,ciclo1_AC_AP,concentrator_trafo_2_12,prosumer12,cfp,100,2.014461,0
1789091287.292703,22,ciclo1_AC_AP,concentrator_trafo_2_12,prosumer13,cfp,100,2.669580,0
1789091287.292848,22,ciclo1_AC_AP,concentrator_trafo_2_12,prosumer14,cfp,100,3.241658,0
1789091287.292982,22,ciclo1_AC_AP,concentrator_trafo_2_12,prosumer15,cfp,100,5.770912,0
1789091287.293114,22,ciclo1_AC_AP,concentrator_trafo_2_12,prosumer16,cfp,100,1.240992,0
1789091287.293238,22,ciclo1_AC_AP,concentrator_trafo_2_12,prosumer17,cfp,100,1.935674,0
1789091287.293355,22,ciclo1_AC_AP,concentrator_trafo_2_12,prosumer18,cfp,100,2.738285,0
1789091287.293490,22,ciclo1_AC_AP,concentrator_trafo_2_12,prosumer19,cfp,100,3.842501,0
1789091287.293639,22,ciclo1_AC_AP,concentrator_trafo_2_12,prosumer20,cfp,100,3.383323,0
1789091287.301018,22,ciclo1_AC_AP,prosumer7,concentrator_trafo_1_3,propose,408,9.830548,0
1789091287.304335,22,ciclo1_AC_AP,prosumer6,concentrator_trafo_1_3,propose,467,6.929108,0
1789091287.307234,22,ciclo1_AC_AP,prosumer4,concentrator_trafo_1_3,propose,141,4.132530,0
1789091287.308910,22,ciclo1_AC_AP,prosumer11,concentrator_trafo_1_3,propose,444,7.850972,0
1789091287.310771,22,ciclo1_AC_AP,prosumer16,concentrator_trafo_2_12,propose,457,8.683469,0
1789091287.312464,22,ciclo1_AC_AP,prosumer3,concentrator_trafo_1_3,propose,177,2.762811,0
1789091287.314742,22,ciclo1_AC_AP,prosumer5,concentrator_trafo_1_3,propose,280,6.184983,0
1789091287.315499,22,ciclo1_AC_AP,prosumer17,concentrator_trafo_2_12,propose,310,4.368210,0
1789091287.316527,22,ciclo1_AC_AP,prosumer12,concentrator_trafo_2_12,propose,118,1.389089,0
1789091287.321194,22,ciclo1_AC_AP,prosumer13,concentrator_trafo_2_12,propose,413,9.514610,0
1789091287.322727,22,ciclo1_AC_AP,prosumer18,concentrator_trafo_2_12,propose,338,5.112818,0
1789091287.325991,22,ciclo1_AC_AP,prosumer9,concentrator_trafo_1_3,propose,297,6.860813,0
1789091287.326922,22,ciclo1_AC_AP,prosumer14,concentrator_trafo_2_12,propose,334,5.071116,0
1789091287.328163,22,ciclo1_AC_AP,prosumer8,concentrator_trafo_1_3,propose,124,4.504884,0
1789091287.329337,22,ciclo1_AC_AP,prosumer20,concentrator_trafo_2_12,propose,151,10.247283,0
1789091287.331711,22,ciclo1_AC_AP,prosumer10,concentrator_trafo_1_3,propose,341,4.862930,0
1789091287.333231,22,ciclo1_AC_AP,prosumer19,concentrator_trafo_2_12,propose,498,8.140733,0
1789091287.353929,22,ciclo1_AC_AP,prosumer15,concentrator_trafo_2_12,propose,177,5.708813,0
1789091287.436662,22,ciclo2_AD_AC,dso,concentrator_trafo_1_3,cfp,100,1.676181,0
1789091287.436979,22,ciclo2_AD_AC,dso,concentrator_trafo_2_12,cfp,100,7.109766,0
1789091287.457970,22,ciclo2_AD_AC,concentrator_trafo_1_3,dso,propose,1010,31.903810,0
1789091287.514063,22,ciclo2_AD_AC,concentrator_trafo_2_12,dso,propose,1016,34.020824,0
1789091287.858193,22,ciclo3_AM_AC_AD,market,dso,cfp,100,2.656286,0
1789091287.893442,22,ciclo3_AM_AC_AD,dso,market,propose,1306,22.825912,0
1789091288.126617,22,ciclo3_AM_AC_AD,market,concentrator_trafo_1_3,cfp,100,3.957172,0
1789091288.127376,22,ciclo3_AM_AC_AD,market,concentrator_trafo_2_12,cfp,100,0.840286,0
1789091288.127921,22,ciclo3_AM_AC_AD,market,dso,cfp,100,4.003674,0
1789091288.158523,22,ciclo3_AM_AC_AD,concentrator_trafo_2_12,market,propose,1316,20.505803,0
1789091288.193558,22,ciclo3_AM_AC_AD,concentrator_trafo_1_3,market,propose,1067,36.211395,0
1789091288.200678,22,ciclo3_AM_AC_AD,dso,market,propose,1322,23.051692,0
1789091288.624351,23,ciclo1_AC_AP,concentrator_trafo_1_3,prosumer3,cfp,100,2.802887,0
1789091288.624908,23,ciclo1_AC_AP,concentrator_trafo_1_3,prosumer4,cfp,100,4.025765,0
1789091288.625206,23,ciclo1_AC_AP,concentrator_trafo_1_3,prosumer5,cfp,100,2.460606,0
1789091288.625582,23,ciclo1_AC_AP,concentrator_trafo_1_3,prosumer6,cfp,100,3.800248,0
1789091288.625952,23,ciclo1_AC_AP,concentrator_trafo_1_3,prosumer7,cfp,100,1.138917,0
1789091288.626317,23,ciclo1_AC_AP,concentrator_trafo_1_3,prosumer8,cfp,100,3.634990,0
1789091288.626673,23,ciclo1_AC_AP,concentrator_trafo_1_3,prosumer9,cfp,100,2.905514,0
1789091288.626999,23,ciclo1_AC_AP,concentrator_trafo_1_3,prosumer10,cfp,100,0.403558,0
1789091288.627149,23,ciclo1_AC_AP,concentrator_trafo_1_3,prosumer11,cfp,100,3.849284,0
1789091288.628053,23,ciclo1_AC_AP,concentrator_trafo_2_12,prosumer12,cfp,100,0.388418,0
1789091288.628250,23,ciclo1_AC_AP,concentrator_trafo_2_12,prosumer13,cfp,100,0.630914,0
1789091288.628591,23,ciclo1_AC_AP,concentrator_trafo_2_12,prosumer14,cfp,100,1.717704,0
1789091288.628761,23,ciclo1_AC_AP,concentrator_trafo_2_12,prosumer15,cfp,100,2.442425,0
1789091288.628918,23,ciclo1_AC_AP,concentrator_trafo_2_12,prosumer16,cfp,100,1.746770,0
1789091288.629067,23,ciclo1_AC_AP,concentrator_trafo_2_12,prosumer17,cfp,100,1.410090,0
1789091288.629208,23,ciclo1_AC_AP,concentrator_trafo_2_12,prosumer18,cfp,100,0.229505,0
1789091288.629347,23,ciclo1_AC_AP,concentrator_trafo_2_12,prosumer19,cfp,100,3.499515,0
1789091288.629485,23,ciclo1_AC_AP,concentrator_trafo_2_12,prosumer20,cfp,100,3.549109,0
1789091288.635575,23,ciclo1_AC_AP,prosumer10,concentrator_trafo_1_3,propose,265,4.145164,0
1789091288.637433,23,ciclo1_AC_AP,prosumer18,concentrator_trafo_2_12,propose,153,4.676694,0
1789091288.639469,23,ciclo1_AC_AP,prosumer12,concentrator_trafo_2_12,propose,458,10.026690,0
1789091288.641733,23,ciclo1_AC_AP,prosumer13,concentrator_trafo_2_12,propose,381,7.426743,0
1789091288.643358,23,ciclo1_AC_AP,prosumer7,concentrator_trafo_1_3,propose,432,9.659568,0
1789091288.645348,23,ciclo1_AC_AP,prosumer17,concentrator_trafo_2_12,propose,277,6.319123,0
1789091288.649362,23,ciclo1_AC_AP,prosumer14,concentrator_trafo_2_12,propose,199,5.018377,0
1789091288.651125,23,ciclo1_AC_AP,prosumer16,concentrator_trafo_2_12,propose,296,5.885622,0
1789091288.653216,23,ciclo1_AC_AP,prosumer5,concentrator_trafo_1_3,propose,497,6.173094,0
1789091288.654934,23,ciclo1_AC_AP,prosumer3,concentrator_trafo_1_3,propose,498,7.456524,0
1789091288.656349,23,ciclo1_AC_AP,prosumer15,concentrator_trafo_2_12,propose,351,14.035920,0
1789091288.658189,23,ciclo1_AC_AP,prosumer9,concentrator_trafo_1_3,propose,156,5.303594,0
1789091288.666398,23,ciclo1_AC_AP,prosumer8,concentrator_trafo_1_3,propose,130,10.391288,0
1789091288.668693,23,ciclo1_AC_AP,prosumer6,concentrator_trafo_1_3,propose,412,7.001745,0
1789091288.670779,23,ciclo1_AC_AP,prosumer19,concentrator_trafo_2_12,propose,458,6.714382,0
1789091288.672274,23,ciclo1_AC_AP,prosumer20,concentrator_trafo_2_12,propose,339,13.308044,0
1789091288.673645,23,ciclo1_AC_AP,prosumer4,concentrator_trafo_1_3,propose,414,7.773091,0
1789091288.674527,23,ciclo1_AC_AP,prosumer11,concentrator_trafo_1_3,propose,423,9.014193,0
1789091288.809573,23,ciclo2_AD_AC,dso,concentrator_trafo_1_3,cfp,100,3.208929,0
1789091288.809985,23,ciclo2_AD_AC,dso,concentrator_trafo_2_12,cfp,100,6.439851,0
1789091288.846387,23,ciclo2_AD_AC,concentrator_trafo_1_3,dso,propose,1478,49.719976,0
1789091288.879587,23,ciclo2_AD_AC,concentrator_trafo_2_12,dso,propose,1172,40.937752,0
1789091289.348634,23,ciclo3_AM_AC_AD,market,dso,cfp,100,1.736412,0
1789091289.378198,23,ciclo3_AM_AC_AD,dso,market,propose,1333,23.671778,0
1789091289.623494,23,ciclo3_AM_AC_AD,market,concentrator_trafo_1_3,cfp,100,5.914061,0
1789091289.624621,23,ciclo3_AM_AC_AD,market,concentrator_trafo_2_12,cfp,100,3.879481,0
1789091289.625584,23,ciclo3_AM_AC_AD,market,dso,cfp,100,0.548507,0
1789091289.662928,23,ciclo3_AM_AC_AD,dso,market,propose,1063,18.989791,0
1789091289.681387,23,ciclo3_AM_AC_AD,concentrator_trafo_2_12,market,propose,1496,23.996197,0
1789091289.702143,23,ciclo3_AM_AC_AD,concentrator_trafo_1_3,market,propose,1349,47.338547,0
1789091290.244034,24,ciclo1_AC_AP,concentrator_trafo_1_3,prosumer3,cfp,100,2.438068,0
1789091290.244447,24,ciclo1_AC_AP,concentrator_trafo_1_3,prosumer4,cfp,100,2.266918,0
1789091290.244701,24,ciclo1_AC_AP,concentrator_trafo_1_3,prosumer5,cfp,100,3.955355,0
1789091290.244910,24,ciclo1_AC_AP,concentrator_trafo_1_3,prosumer6,cfp,100,2.848554,0
1789091290.245338,24,ciclo1_AC_AP,concentrator_trafo_1_3,prosumer7,cfp,100,2.462770,0
1789091290.245523,24,ciclo1_AC_AP,concentrator_trafo_1_3,prosumer8,cfp,100,5.303951,0
1789091290.245722,24,ciclo1_AC_AP,concentrator_trafo_1_3,prosumer9,cfp,100,2.543792,0
1789091290.245893,24,ciclo1_AC_AP,concentrator_trafo_1_3,prosumer10,cfp,100,0.464566,0
1789091290.246059,24,ciclo1_AC_AP,concentrator_trafo_1_3,prosumer11,cfp,100,0.234851,0
1789091290.246967,24,ciclo1_AC_AP,concentrator_trafo_2_12,prosumer12,cfp,100,3.929811,0
1789091290.247140,24,ciclo1_AC_AP,concentrator_trafo_2_12,prosumer13,cfp,100,0.937828,0
1789091290.247283,24,ciclo1_AC_AP,concentrator_trafo_2_12,prosumer14,cfp,100,2.561459,0
1789091290.247422,24,ciclo1_AC_AP,concentrator_trafo_2_12,prosumer15,cfp,100,4.227163,0
1789091290.247583,24,ciclo1_AC_AP,concentrator_trafo_2_12,prosumer16,cfp,100,2.215348,0
1789091290.247729,24,ciclo1_AC_AP,concentrator_trafo_2_12,prosumer17,cfp,100,1.135972,0
1789091290.247865,24,ciclo1_AC_AP,concentrator_trafo_2_12,prosumer18,cfp,100,0.688707,0
1789091290.247998,24,ciclo1_AC_AP,concentrator_trafo_2_12,prosumer19,cfp,100,1.774565,0
1789091290.248120,24,ciclo1_AC_AP,concentrator_trafo_2_12,prosumer20,cfp,100,4.353963,0
1789091290.251506,24,ciclo1_AC_AP,prosumer11,concentrator_trafo_1_3,propose,465,9.589807,0
1789091290.253307,24,ciclo1_AC_AP,prosumer10,concentrator_trafo_1_3,propose,418,8.841042,0
1789091290.257831,24,ciclo1_AC_AP,prosumer18,concentrator_trafo_2_12,propose,251,3.762621,0
1789091290.259518,24,ciclo1_AC_AP,prosumer13,concentrator_trafo_2_12,propose,165,4.844395,0
1789091290.261607,24,ciclo1_AC_AP,prosumer17,concentrator_trafo_2_12,propose,298,5.766194,0
1789091290.268423,24,ciclo1_AC_AP,prosumer19,concentrator_trafo_2_12,propose,250,3.527550,0
1789091290.271150,24,ciclo1_AC_AP,prosumer4,concentrator_trafo_1_3,propose,481,9.213811,0
1789091290.272245,24,ciclo1_AC_AP,prosumer3,concentrator_trafo_1_3,propose,448,6.187946,0
1789091290.274721,24,ciclo1_AC_AP,prosumer16,concentrator_trafo_2_12,propose,162,5.139375,0
1789091290.275770,24,ciclo1_AC_AP,prosumer7,concentrator_trafo_1_3,propose,365,4.122070,0
1789091290.276696,24,ciclo1_AC_AP,prosumer9,concentrator_trafo_1_3,propose,196,4.447083,0
1789091290.277755,24,ciclo1_AC_AP,prosumer14,concentrator_trafo_2_12,propose,119,2.331659,0
1789091290.278553,24,ciclo1_AC_AP,prosumer6,concentrator_trafo_1_3,propose,500,8.233713,0
1789091290.286259,24,ciclo1_AC_AP,prosumer5,concentrator_trafo_1_3,propose,300,7.795125,0
1789091290.287534,24,ciclo1_AC_AP,prosumer12,concentrator_trafo_2_12,propose,327,6.992693,0
1789091290.290714,24,ciclo1_AC_AP,prosumer15,concentrator_trafo_2_12,propose,290,11.210606,0
1789091290.293432,24,ciclo1_AC_AP,prosumer20,concentrator_trafo_2_12,propose,487,17.554967,0
1789091290.301487,24,ciclo1_AC_AP,prosumer8,concentrator_trafo_1_3,propose,197,5.958207,0
1789091290.475625,24,ciclo2_AD_AC,dso,concentrator_trafo_1_3,cfp,100,3.770676,0
1789091290.476420,24,ciclo2_AD_AC,dso,concentrator_trafo_2_12,cfp,100,5.735387,0
1789091290.519621,24,ciclo2_AD_AC,concentrator_trafo_1_3,dso,propose,1233,42.938696,0
1789091290.536304,24,ciclo2_AD_AC,concentrator_trafo_2_12,dso,propose,1182,39.878945,0
1789091290.954469,24,ciclo3_AM_AC_AD,market,dso,cfp,100,2.635565,0
1789091290.989994,24,ciclo3_AM_AC_AD,dso,market,propose,1404,22.932675,0
1789091291.227400,24,ciclo3_AM_AC_AD,market,concentrator_trafo_1_3,cfp,100,3.874356,0
1789091291.228580,24,ciclo3_AM_AC_AD,market,concentrator_trafo_2_12,cfp,100,0.196157,0
1789091291.229302,24,ciclo3_AM_AC_AD,market,dso,cfp,100,3.502665,0
1789091291.251395,24,ciclo3_AM_AC_AD,concentrator_trafo_2_12,market,propose,1323,22.131763,0
1789091291.302338,24,ciclo3_AM_AC_AD,concentrator_trafo_1_3,market,propose,1038,34.733997,0
1789091291.304290,24,ciclo3_AM_AC_AD,dso,market,propose,1489,25.523897,0
1789091291.719010,25,ciclo1_AC_AP,concentrator_trafo_1_3,prosumer3,cfp,100,0.510220,0
1789091291.719596,25,ciclo1_AC_AP,concentrator_trafo_1_3,prosumer4,cfp,100,2.959709,0
1789091291.720745,25,ciclo1_AC_AP,concentrator_trafo_1_3,prosumer5,cfp,100,2.251433,0
1789091291.721422,25,ciclo1_AC_AP,concentrator_trafo_1_3,prosumer6,cfp,100,3.428155,0
1789091291.721839,25,ciclo1_AC_AP,concentrator_trafo_1_3,prosumer7,cfp,100,1.980953,0
1789091291.722090,25,ciclo1_AC_AP,concentrator_trafo_1_3,prosumer8,cfp,100,5.443042,0
1789091291.722263,25,ciclo1_AC_AP,concentrator_trafo_1_3,prosumer9,cfp,100,2.551322,0
1789091291.722418,25,ciclo1_AC_AP,concentrator_trafo_1_3,prosumer10,cfp,100,1.909977,0
1789091291.722573,25,ciclo1_AC_AP,concentrator_trafo_1_3,prosumer11,cfp,100,2.217546,0
1789091291.723342,25,ciclo1_AC_AP,concentrator_trafo_2_12,prosumer12,cfp,100,2.278558,0
1789091291.723520,25,ciclo1_AC_AP,concentrator_trafo_2_12,prosumer13,cfp,100,0.597899,0
1789091291.723723,25,ciclo1_AC_AP,concentrator_trafo_2_12,prosumer14,cfp,100,2.213748,0
1789091291.723891,25,ciclo1_AC_AP,concentrator_trafo_2_12,prosumer15,cfp,100,3.882018,0
1789091291.724049,25,ciclo1_AC_AP,concentrator_trafo_2_12,prosumer16,cfp,100,0.647970,0
1789091291.724192,25,ciclo1_AC_AP,concentrator_trafo_2_12,prosumer17,cfp,100,3.024153,0
1789091291.724331,25,ciclo1_AC_AP,concentrator_trafo_2_12,prosumer18,cfp,100,2.247019,0
1789091291.724473,25,ciclo1_AC_AP,concentrator_trafo_2_12,prosumer19,cfp,100,2.509146,0
1789091291.724631,25,ciclo1_AC_AP,concentrator_trafo_2_12,prosumer20,cfp,100,5.900762,0
1789091291.726386,25,ciclo1_AC_AP,prosumer3,concentrator_trafo_1_3,propose,122,3.686648,0
1789091291.732006,25,ciclo1_AC_AP,prosumer13,concentrator_trafo_2_12,propose,120,0.258010,0
1789091291.734637,25,ciclo1_AC_AP,prosumer16,concentrator_trafo_2_12,propose,348,5.039777,0
1789091291.745868,25,ciclo1_AC_AP,prosumer10,concentrator_trafo_1_3,propose,230,3.798983,0
1789091291.748258,25,ciclo1_AC_AP,prosumer7,concentrator_trafo_1_3,propose,113,2.306939,0
1789091291.751961,25,ciclo1_AC_AP,prosumer5,concentrator_trafo_1_3,propose,366,8.042635,0
1789091291.754637,25,ciclo1_AC_AP,prosumer11,concentrator_trafo_1_3,propose,441,7.523301,0
1789091291.755848,25,ciclo1_AC_AP,prosumer14,concentrator_trafo_2_12,propose,391,7.349552,0
1789091291.756795,25,ciclo1_AC_AP,prosumer12,concentrator_trafo_2_12,propose,392,8.501240,0
1789091291.757965,25,ciclo1_AC_AP,prosumer18,concentrator_trafo_2_12,propose,210,2.151968,0
1789091291.758712,25,ciclo1_AC_AP,prosumer9,concentrator_trafo_1_3,propose,217,4.960022,0
1789091291.759772,25,ciclo1_AC_AP,prosumer4,concentrator_trafo_1_3,propose,147,2.339086,0
1789091291.761049,25,ciclo1_AC_AP,prosumer19,concentrator_trafo_2_12,propose,497,8.062344,0
1789091291.762088,25,ciclo1_AC_AP,prosumer17,concentrator_trafo_2_12,propose,421,9.404573,0
1789091291.762784,25,ciclo1_AC_AP,prosumer6,concentrator_trafo_1_3,propose,499,9.794734,0
1789091291.764116,25,ciclo1_AC_AP,prosumer15,concentrator_trafo_2_12,propose,357,10.084610,0
1789091291.779644,25,ciclo1_AC_AP,prosumer8,concentrator_trafo_1_3,propose,457,16.192562,0
1789091291.787979,25,ciclo1_AC_AP,prosumer20,concentrator_trafo_2_12,propose,368,9.612641,0
1789091291.946183,25,ciclo2_AD_AC,dso,concentrator_trafo_1_3,cfp,100,0.881849,0
1789091291.946858,25,ciclo2_AD_AC,dso,concentrator_trafo_2_12,cfp,100,6.078950,0
1789091291.959492,25,ciclo2_AD_AC,concentrator_trafo_1_3,dso,propose,1215,40.775008,0
1789091292.010587,25,ciclo2_AD_AC,concentrator_trafo_2_12,dso,propose,1259,39.687651,0
1789091292.414281,25,ciclo3_AM_AC_AD,market,dso,cfp,100,2.557428,0
1789091292.448060,25,ciclo3_AM_AC_AD,dso,market,propose,1156,20.095378,0
1789091292.656399,25,ciclo3_AM_AC_AD,market,concentrator_trafo_1_3,cfp,100,3.693151,0
1789091292.657228,25,ciclo3_AM_AC_AD,market,concentrator_trafo_2_12,cfp,100,1.628535,0
1789091292.658180,25,ciclo3_AM_AC_AD,market,dso,cfp,100,0.116987,0
1789091292.687234,25,ciclo3_AM_AC_AD,dso,market,propose,1484,25.922595,0
1789091292.692689,25,ciclo3_AM_AC_AD,concentrator_trafo_2_12,market,propose,1058,18.195445,0
1789091292.711580,25,ciclo3_AM_AC_AD,concentrator_trafo_1_3,market,propose,1074,33.769944,0
1789091293.116508,26,ciclo1_AC_AP,concentrator_trafo_1_3,prosumer3,cfp,100,2.456745,0
1789091293.116939,26,ciclo1_AC_AP,concentrator_trafo_1_3,prosumer4,cfp,100,0.617875,0
1789091293.117202,26,ciclo1_AC_AP,concentrator_trafo_1_3,prosumer5,cfp,100,0.262563,0
1789091293.117458,26,ciclo1_AC_AP,concentrator_trafo_1_3,prosumer6,cfp,100,3.792370,0
1789091293.117886,26,ciclo1_AC_AP,concentrator_trafo_1_3,prosumer7,cfp,100,2.237156,0
1789091293.118262,26,ciclo1_AC_AP,concentrator_trafo_1_3,prosumer8,cfp,100,0.559614,0
1789091293.118600,26,ciclo1_AC_AP,concentrator_trafo_1_3,prosumer9,cfp,100,2.462206,0
1789091293.119072,26,ciclo1_AC_AP,concentrator_trafo_1_3,prosumer10,cfp,100,3.028496,0
1789091293.119522,26,ciclo1_AC_AP,concentrator_trafo_1_3,prosumer11,cfp,100,1.632527,0
1789091293.120754,26,ciclo1_AC_AP,concentrator_trafo_2_12,prosumer12,cfp,100,0.281016,0
1789091293.121245,26,ciclo1_AC_AP,concentrator_trafo_2_12,prosumer13,cfp,100,3.319382,0
1789091293.121576,26,ciclo1_AC_AP,concentrator_trafo_2_12,prosumer14,cfp,100,2.004657,0
1789091293.121898,26,ciclo1_AC_AP,concentrator_trafo_2_12,prosumer15,cfp,100,1.550323,0
1789091293.122115,26,ciclo1_AC_AP,concentrator_trafo_2_12,prosumer16,cfp,100,1.164410,0
1789091293.122265,26,ciclo1_AC_AP,concentrator_trafo_2_12,prosumer17,cfp,100,1.621352,0
1789091293.122409,26,ciclo1_AC_AP,concentrator_trafo_2_12,prosumer18,cfp,100,3.135917,0
1789091293.122566,26,ciclo1_AC_AP,concentrator_trafo_2_12,prosumer19,cfp,100,0.930823,0
1789091293.122720,26,ciclo1_AC_AP,concentrator_trafo_2_12,prosumer20,cfp,100,4.848567,0
1789091293.125582,26,ciclo1_AC_AP,prosumer5,concentrator_trafo_1_3,propose,318,7.129937,0
1789091293.127940,26,ciclo1_AC_AP,prosumer4,concentrator_trafo_1_3,propose,389,8.233987,0
1789091293.130046,26,ciclo1_AC_AP,prosumer12,concentrator_trafo_2_12,propose,316,7.162641,0
1789091293.131674,26,ciclo1_AC_AP,prosumer8,concentrator_trafo_1_3,propose,143,5.724745,0
1789091293.133234,26,ciclo1_AC_AP,prosumer19,concentrator_trafo_2_12,propose,153,5.947004,0
1789091293.136742,26,ciclo1_AC_AP,prosumer16,concentrator_trafo_2_12,propose,312,7.702808,0
1789091293.139159,26,ciclo1_AC_AP,prosumer11,concentrator_trafo_1_3,propose,132,5.500598,0
1789091293.140919,26,ciclo1_AC_AP,prosumer15,concentrator_trafo_2_12,propose,150,5.699741,0
1789091293.142842,26,ciclo1_AC_AP,prosumer17,concentrator_trafo_2_12,propose,312,8.028192,0
1789091293.145612,26,ciclo1_AC_AP,prosumer7,concentrator_trafo_1_3,propose,496,8.491443,0
1789091293.147133,26,ciclo1_AC_AP,prosumer3,concentrator_trafo_1_3,propose,179,2.419286,0
1789091293.148710,26,ciclo1_AC_AP,prosumer14,concentrator_trafo_2_12,propose,475,8.240293,0
1789091293.150116,26,ciclo1_AC_AP,prosumer9,concentrator_trafo_1_3,propose,115,2.807566,0
1789091293.152081,26,ciclo1_AC_AP,prosumer10,concentrator_trafo_1_3,propose,328,4.799113,0
1789091293.156291,26,ciclo1_AC_AP,prosumer18,concentrator_trafo_2_12,propose,320,5.197975,0
1789091293.157908,26,ciclo1_AC_AP,prosumer13,concentrator_trafo_2_12,propose,451,8.060423,0
1789091293.159811,26,ciclo1_AC_AP,prosumer6,concentrator_trafo_1_3,propose,313,4.539396,0
1789091293.177206,26,ciclo1_AC_AP,prosumer20,concentrator_trafo_2_12,propose,115,3.500978,0
1789091293.241436,26,ciclo2_AD_AC,dso,concentrator_trafo_1_3,cfp,100,3.957729,0
1789091293.241740,26,ciclo2_AD_AC,dso,concentrator_trafo_2_12,cfp,100,1.973672,0
1789091293.266428,26,ciclo2_AD_AC,concentrator_trafo_2_12,dso,propose,1254,43.161006,0
1789091293.284301,26,ciclo2_AD_AC,concentrator_trafo_1_3,dso,propose,1470,48.267979,0
1789091293.772268,26,ciclo3_AM_AC_AD,market,dso,cfp,100,0.061660,0
1789091293.780236,26,ciclo3_AM_AC_AD,dso,market,propose,1442,24.585918,0
1789091294.033488,26,ciclo3_AM_AC_AD,market,concentrator_trafo_1_3,cfp,100,2.042934,0
1789091294.034413,26,ciclo3_AM_AC_AD,market,concentrator_trafo_2_12,cfp,100,2.471003,0
1789091294.035332,26,ciclo3_AM_AC_AD,market,dso,cfp,100,2.917537,0
1789091294.087430,26,ciclo3_AM_AC_AD,concentrator_trafo_1_3,market,propose,1492,45.835096,0
1789091294.096294,26,ciclo3_AM_AC_AD,concentrator_trafo_2_12,market,propose,1166,18.956175,0
1789091294.100628,26,ciclo3_AM_AC_AD,dso,market,propose,1369,23.514211,0
1789091294.618062,27,ciclo1_AC_AP,concentrator_trafo_1_3,prosumer3,cfp,100,2.278850,0
1789091294.619411,27,ciclo1_AC_AP,concentrator_trafo_1_3,prosumer4,cfp,100,3.796315,0
1789091294.620658,27,ciclo1_AC_AP,concentrator_trafo_1_3,prosumer5,cfp,100,1.017462,0
1789091294.621762,27,ciclo1_AC_AP,concentrator_trafo_1_3,prosumer6,cfp,100,3.179012,0
1789091294.622365,27,ciclo1_AC_AP,concentrator_trafo_1_3,prosumer7,cfp,100,2.000844,0
1789091294.622927,27,ciclo1_AC_AP,concentrator_trafo_1_3,prosumer8,cfp,100,4.715080,0
1789091294.623304,27,ciclo1_AC_AP,concentrator_trafo_1_3,prosumer9,cfp,100,0.061598,0
1789091294.623475,27,ciclo1_AC_AP,concentrator_trafo_1_3,prosumer10,cfp,100,0.262160,0
1789091294.624103,27,ciclo1_AC_AP,concentrator_trafo_1_3,prosumer11,cfp,100,3.634526,0
1789091294.625357,27,ciclo1_AC_AP,concentrator_trafo_2_12,prosumer12,cfp,100,2.590247,0
1789091294.625567,27,ciclo1_AC_AP,concentrator_trafo_2_12,prosumer13,cfp,100,2.950286,0
1789091294.626287,27,ciclo1_AC_AP,concentrator_trafo_2_12,prosumer14,cfp,100,2.037621,0
1789091294.626716,27,ciclo1_AC_AP,concentrator_trafo_2_12,prosumer15,cfp,100,3.722735,0
1789091294.627137,27,ciclo1_AC_AP,concentrator_trafo_2_12,prosumer16,cfp,100,3.161848,0
1789091294.627466,27,ciclo1_AC_AP,concentrator_trafo_2_12,prosumer17,cfp,100,3.057736,0
1789091294.627633,27,ciclo1_AC_AP,concentrator_trafo_2_12,prosumer18,cfp,100,2.828025,0
1789091294.627774,27,ciclo1_AC_AP,concentrator_trafo_2_12,prosumer19,cfp,100,3.886045,0
1789091294.627907,27,ciclo1_AC_AP,concentrator_trafo_2_12,prosumer20,cfp,100,7.056914,0
1789091294.631320,27,ciclo1_AC_AP,prosumer9,concentrator_trafo_1_3,propose,229,4.404717,0
1789091294.632718,27,ciclo1_AC_AP,prosumer10,concentrator_trafo_1_3,propose,140,2.808979,0
1789091294.635041,27,ciclo1_AC_AP,prosumer5,concentrator_trafo_1_3,propose,280,5.358540,0
1789091294.644202,27,ciclo1_AC_AP,prosumer3,concentrator_trafo_1_3,propose,136,5.204233,0
1789091294.646289,27,ciclo1_AC_AP,prosumer7,concentrator_trafo_1_3,propose,162,5.085363,0
1789091294.649787,27,ciclo1_AC_AP,prosumer14,concentrator_trafo_2_12,propose,283,4.640271,0
1789091294.654327,27,ciclo1_AC_AP,prosumer12,concentrator_trafo_2_12,propose,454,8.221551,0
1789091294.656646,27,ciclo1_AC_AP,prosumer6,concentrator_trafo_1_3,propose,115,2.544255,0
1789091294.658948,27,ciclo1_AC_AP,prosumer13,concentrator_trafo_2_12,propose,276,7.346771,0
1789091294.660635,27,ciclo1_AC_AP,prosumer18,concentrator_trafo_2_12,propose,278,4.553586,0
1789091294.662803,27,ciclo1_AC_AP,prosumer4,concentrator_trafo_1_3,propose,191,5.634060,0
1789091294.664578,27,ciclo1_AC_AP,prosumer17,concentrator_trafo_2_12,propose,105,0.081268,0
1789091294.665888,27,ciclo1_AC_AP,prosumer16,concentrator_trafo_2_12,propose,218,2.502634,0
1789091294.667575,27,ciclo1_AC_AP,prosumer11,concentrator_trafo_1_3,propose,287,7.201336,0
1789091294.669820,27,ciclo1_AC_AP,prosumer15,concentrator_trafo_2_12,propose,136,8.112277,0
1789091294.671428,27,ciclo1_AC_AP,prosumer19,concentrator_trafo_2_12,propose,405,8.727919,0
1789091294.672643,27,ciclo1_AC_AP,prosumer8,concentrator_trafo_1_3,propose,173,8.478020,0
1789091294.702063,27,ciclo1_AC_AP,prosumer20,concentrator_trafo_2_12,propose,206,5.883756,0
1789091294.764807,27,ciclo2_AD_AC,dso,concentrator_trafo_1_3,cfp,100,7.548476,0
1789091294.765574,27,ciclo2_AD_AC,dso,concentrator_trafo_2_12,cfp,100,4.391576,0
1789091294.815714,27,ciclo2_AD_AC,concentrator_trafo_2_12,dso,propose,1001,31.594734,0
1789091294.845788,27,ciclo2_AD_AC,concentrator_trafo_1_3,dso,propose,1104,35.010143,0
1789091295.200173,27,ciclo3_AM_AC_AD,market,dso,cfp,100,1.252481,0
1789091295.225296,27,ciclo3_AM_AC_AD,dso,market,propose,1337,20.844262,0
1789091295.438690,27,ciclo3_AM_AC_AD,market,concentrator_trafo_1_3,cfp,100,3.452570,0
1789091295.439633,27,ciclo3_AM_AC_AD,market,concentrator_trafo_2_12,cfp,100,3.577532,0
1789091295.440365,27,ciclo3_AM_AC_AD,market,dso,cfp,100,2.904784,0
1789091295.506889,27,ciclo3_AM_AC_AD,dso,market,propose,1344,21.422627,0
1789091295.510711,27,ciclo3_AM_AC_AD,concentrator_trafo_1_3,market,propose,1374,45.987565,0
1789091295.512254,27,ciclo3_AM_AC_AD,concentrator_trafo_2_12,market,propose,1480,23.247212,0
1789091296.039390,28,ciclo1_AC_AP,concentrator_trafo_1_3,prosumer3,cfp,100,0.493333,0
1789091296.040477,28,ciclo1_AC_AP,concentrator_trafo_1_3,prosumer4,cfp,100,1.464449,0
1789091296.041213,28,ciclo1_AC_AP,concentrator_trafo_1_3,prosumer5,cfp,100,3.425193,0
1789091296.041897,28,ciclo1_AC_AP,concentrator_trafo_1_3,prosumer6,cfp,100,2.283390,0
1789091296.042395,28,ciclo1_AC_AP,concentrator_trafo_1_3,prosumer7,cfp,100,3.359677,0
1789091296.042634,28,ciclo1_AC_AP,concentrator_trafo_1_3,prosumer8,cfp,100,2.635280,0
1789091296.042822,28,ciclo1_AC_AP,concentrator_trafo_1_3,prosumer9,cfp,100,2.744164,0
1789091296.042974,28,ciclo1_AC_AP,concentrator_trafo_1_3,prosumer10,cfp,100,4.001120,0
1789091296.043122,28,ciclo1_AC_AP,concentrator_trafo_1_3,prosumer11,cfp,100,3.885670,0
1789091296.043873,28,ciclo1_AC_AP,concentrator_trafo_2_12,prosumer12,cfp,100,3.873386,0
1789091296.044125,28,ciclo1_AC_AP,concentrator_trafo_2_12,prosumer13,cfp,100,2.752036,0
1789091296.044341,28,ciclo1_AC_AP,concentrator_trafo_2_12,prosumer14,cfp,100,3.975659,0
1789091296.044562,28,ciclo1_AC_AP,concentrator_trafo_2_12,prosumer15,cfp,100,6.321089,0
1789091296.044727,28,ciclo1_AC_AP,concentrator_trafo_2_12,prosumer16,cfp,100,1.267070,0
1789091296.044877,28,ciclo1_AC_AP,concentrator_trafo_2_12,prosumer17,cfp,100,0.449803,0
1789091296.045022,28,ciclo1_AC_AP,concentrator_trafo_2_12,prosumer18,cfp,100,2.521638,0
1789091296.045171,28,ciclo1_AC_AP,concentrator_trafo_2_12,prosumer19,cfp,100,1.219448,0
1789091296.045314,28,ciclo1_AC_AP,concentrator_trafo_2_12,prosumer20,cfp,100,5.350241,0
1789091296.047674,28,ciclo1_AC_AP,prosumer3,concentrator_trafo_1_3,propose,163,2.327246,0
1789091296.052583,28,ciclo1_AC_AP,prosumer17,concentrator_trafo_2_12,propose,482,8.328459,0
1789091296.058785,28,ciclo1_AC_AP,prosumer4,concentrator_trafo_1_3,propose,103,3.001853,0
1789091296.061898,28,ciclo1_AC_AP,prosumer19,concentrator_trafo_2_12,propose,250,2.862409,0
1789091296.063606,28,ciclo1_AC_AP,prosumer16,concentrator_trafo_2_12,propose,288,4.874168,0
1789091296.066982,28,ciclo1_AC_AP,prosumer6,concentrator_trafo_1_3,propose,453,7.307283,0
1789091296.071441,28,ciclo1_AC_AP,prosumer8,concentrator_trafo_1_3,propose,112,2.647186,0
1789091296.074507,28,ciclo1_AC_AP,prosumer18,concentrator_trafo_2_12,propose,409,6.779571,0
1789091296.075996,28,ciclo1_AC_AP,prosumer9,concentrator_trafo_1_3,propose,219,4.545868,0
1789091296.077176,28,ciclo1_AC_AP,prosumer13,concentrator_trafo_2_12,propose,172,4.952274,0
1789091296.078441,28,ciclo1_AC_AP,prosumer5,concentrator_trafo_1_3,propose,195,5.293511,0
1789091296.079369,28,ciclo1_AC_AP,prosumer7,concentrator_trafo_1_3,propose,332,5.900612,0
1789091296.084141,28,ciclo1_AC_AP,prosumer11,concentrator_trafo_1_3,propose,157,2.545904,0
1789091296.085433,28,ciclo1_AC_AP,prosumer12,concentrator_trafo_2_12,propose,344,7.826470,0
1789091296.086391,28,ciclo1_AC_AP,prosumer10,concentrator_trafo_1_3,propose,276,4.657380,0
1789091296.087245,28,ciclo1_AC_AP,prosumer14,concentrator_trafo_2_12,propose,462,7.898380,0
1789091296.101454,28,ciclo1_AC_AP,prosumer20,concentrator_trafo_2_12,propose,232,7.001832,0
1789091296.110906,28,ciclo1_AC_AP,prosumer15,concentrator_trafo_2_12,propose,166,6.106667,0
1789091296.177395,28,ciclo2_AD_AC,dso,concentrator_trafo_1_3,cfp,100,2.704617,0
1789091296.178051,28,ciclo2_AD_AC,dso,concentrator_trafo_2_12,cfp,100,2.752420,0
1789091296.210884,28,ciclo2_AD_AC,concentrator_trafo_1_3,dso,propose,1014,34.798399,0
1789091296.213667,28,ciclo2_AD_AC,concentrator_trafo_2_12,dso,propose,1494,45.925004,0
1789091296.679958,28,ciclo3_AM_AC_AD,market,dso,cfp,100,3.660968,0
1789091296.727648,28,ciclo3_AM_AC_AD,dso,market,propose,1106,17.270806,0
1789091296.907596,28,ciclo3_AM_AC_AD,market,concentrator_trafo_1_3,cfp,100,4.626849,0
1789091296.908869,28,ciclo3_AM_AC_AD,market,concentrator_trafo_2_12,cfp,100,0.084880,0
1789091296.909753,28,ciclo3_AM_AC_AD,market,dso,cfp,100,2.876730,0
1789091296.930512,28,ciclo3_AM_AC_AD,concentrator_trafo_2_12,market,propose,1185,18.781526,0
1789091296.968820,28,ciclo3_AM_AC_AD,dso,market,propose,1171,20.198022,0
1789091296.973805,28,ciclo3_AM_AC_AD,concentrator_trafo_1_3,market,propose,1242,41.205122,0
1789091297.456822,29,ciclo1_AC_AP,concentrator_trafo_1_3,prosumer3,cfp,100,2.196277,0
1789091297.457924,29,ciclo1_AC_AP,concentrator_trafo_1_3,prosumer4,cfp,100,1.963575,0
1789091297.458715,29,ciclo1_AC_AP,concentrator_trafo_1_3,prosumer5,cfp,100,2.823015,0
1789091297.459375,29,ciclo1_AC_AP,concentrator_trafo_1_3,prosumer6,cfp,100,1.059892,0
1789091297.459985,29,ciclo1_AC_AP,concentrator_trafo_1_3,prosumer7,cfp,100,0.922661,0
1789091297.460697,29,ciclo1_AC_AP,concentrator_trafo_1_3,prosumer8,cfp,100,5.837905,0
1789091297.461339,29,ciclo1_AC_AP,concentrator_trafo_1_3,prosumer9,cfp,100,0.978540,0
1789091297.461684,29,ciclo1_AC_AP,concentrator_trafo_1_3,prosumer10,cfp,100,4.026397,0
1789091297.462053,29,ciclo1_AC_AP,concentrator_trafo_1_3,prosumer11,cfp,100,0.654957,0
1789091297.463212,29,ciclo1_AC_AP,concentrator_trafo_2_12,prosumer12,cfp,100,2.271499,0
1789091297.463511,29,ciclo1_AC_AP,concentrator_trafo_2_12,prosumer13,cfp,100,3.218216,0
1789091297.463792,29,ciclo1_AC_AP,concentrator_trafo_2_12,prosumer14,cfp,100,1.372819,0
1789091297.464012,29,ciclo1_AC_AP,concentrator_trafo_2_12,prosumer15,cfp,100,1.164468,0
1789091297.464217,29,ciclo1_AC_AP,concentrator_trafo_2_12,prosumer16,cfp,100,1.761968,0
1789091297.464360,29,ciclo1_AC_AP,concentrator_trafo_2_12,prosumer17,cfp,100,1.953051,0
1789091297.464499,29,ciclo1_AC_AP,concentrator_trafo_2_12,prosumer18,cfp,100,0.125511,0
1789091297.464662,29,ciclo1_AC_AP,concentrator_trafo_2_12,prosumer19,cfp,100,2.548433,0
1789091297.464804,29,ciclo1_AC_AP,concentrator_trafo_2_12,prosumer20,cfp,100,7.256880,0
1789091297.468763,29,ciclo1_AC_AP,prosumer18,concentrator_trafo_2_12,propose,249,2.698022,0
1789091297.471095,29,ciclo1_AC_AP,prosumer11,concentrator_trafo_1_3,propose,251,5.479394,0
1789091297.473446,29,ciclo1_AC_AP,prosumer7,concentrator_trafo_1_3,propose,383,9.248300,0
1789091297.475186,29,ciclo1_AC_AP,prosumer6,concentrator_trafo_1_3,propose,425,6.669138,0
1789091297.477245,29,ciclo1_AC_AP,prosumer9,concentrator_trafo_1_3,propose,267,5.226623,0
1789091297.480625,29,ciclo1_AC_AP,prosumer15,concentrator_trafo_2_12,propose,194,6.351730,0
1789091297.483199,29,ciclo1_AC_AP,prosumer14,concentrator_trafo_2_12,propose,403,9.850644,0
1789091297.486289,29,ciclo1_AC_AP,prosumer4,concentrator_trafo_1_3,propose,141,4.591127,0
1789091297.489399,29,ciclo1_AC_AP,prosumer3,concentrator_trafo_1_3,propose,152,5.881760,0
1789091297.490800,29,ciclo1_AC_AP,prosumer16,concentrator_trafo_2_12,propose,373,5.924827,0
1789091297.492017,29,ciclo1_AC_AP,prosumer17,concentrator_trafo_2_12,propose,397,9.371471,0
1789091297.493344,29,ciclo1_AC_AP,prosumer12,concentrator_trafo_2_12,propose,257,4.695442,0
1789091297.494407,29,ciclo1_AC_AP,prosumer5,concentrator_trafo_1_3,propose,180,3.756369,0
1789091297.495643,29,ciclo1_AC_AP,prosumer19,concentrator_trafo_2_12,propose,292,4.899606,0
1789091297.496995,29,ciclo1_AC_AP,prosumer13,concentrator_trafo_2_12,propose,175,4.992423,0
1789091297.503912,29,ciclo1_AC_AP,prosumer10,concentrator_trafo_1_3,propose,164,4.337861,0
1789091297.522290,29,ciclo1_AC_AP,prosumer8,concentrator_trafo_1_3,propose,214,5.836834,0
1789091297.540869,29,ciclo1_AC_AP,prosumer20,concentrator_trafo_2_12,propose,261,13.538562,0
1789091297.681525,29,ciclo2_AD_AC,dso,concentrator_trafo_1_3,cfp,100,4.932327,0
1789091297.682425,29,ciclo2_AD_AC,dso,concentrator_trafo_2_12,cfp,100,4.112095,0
1789091297.729170,29,ciclo2_AD_AC,concentrator_trafo_2_12,dso,propose,1260,41.540741,0
1789091297.735649,29,ciclo2_AD_AC,concentrator_trafo_1_3,dso,propose,1124,38.687780,0
1789091298.149797,29,ciclo3_AM_AC_AD,market,dso,cfp,100,1.994535,0
1789091298.179600,29,ciclo3_AM_AC_AD,dso,market,propose,1121,18.237568,0
1789091298.368210,29,ciclo3_AM_AC_AD,market,concentrator_trafo_1_3,cfp,100,4.095529,0
1789091298.368810,29,ciclo3_AM_AC_AD,market,concentrator_trafo_2_12,cfp,100,3.108538,0
1789091298.369593,29,ciclo3_AM_AC_AD,market,dso,cfp,100,2.181841,0
1789091298.428197,29,ciclo3_AM_AC_AD,dso,market,propose,1386,20.368218,0
1789091298.430510,29,ciclo3_AM_AC_AD,concentrator_trafo_2_12,market,propose,1094,18.310383,0
1789091298.432358,29,ciclo3_AM_AC_AD,concentrator_trafo_1_3,market,propose,1149,40.627950,0
1789091298.910457,30,ciclo1_AC_AP,concentrator_trafo_1_3,prosumer3,cfp,100,2.076705,0
1789091298.911851,30,ciclo1_AC_AP,concentrator_trafo_1_3,prosumer4,cfp,100,0.209061,0
1789091298.912972,30,ciclo1_AC_AP,concentrator_trafo_1_3,prosumer5,cfp,100,3.233365,0
1789091298.913989,30,ciclo1_AC_AP,concentrator_trafo_1_3,prosumer6,cfp,100,0.732004,0
1789091298.914669,30,ciclo1_AC_AP,concentrator_trafo_1_3,prosumer7,cfp,100,2.701715,0
1789091298.915369,30,ciclo1_AC_AP,concentrator_trafo_1_3,prosumer8,cfp,100,7.272680,0
1789091298.916040,30,ciclo1_AC_AP,concentrator_trafo_1_3,prosumer9,cfp,100,0.512457,0
1789091298.916459,30,ciclo1_AC_AP,concentrator_trafo_1_3,prosumer10,cfp,100,2.114178,0
1789091298.916843,30,ciclo1_AC_AP,concentrator_trafo_1_3,prosumer11,cfp,100,3.436469,0
1789091298.917820,30,ciclo1_AC_AP,concentrator_trafo_2_12,prosumer12,cfp,100,2.171941,0
1789091298.918102,30,ciclo1_AC_AP,concentrator_trafo_2_12,prosumer13,cfp,100,2.949388,0
1789091298.918318,30,ciclo1_AC_AP,concentrator_trafo_2_12,prosumer14,cfp,100,3.173257,0
1789091298.918525,30,ciclo1_AC_AP,concentrator_trafo_2_12,prosumer15,cfp,100,6.072637,0
1789091298.918744,30,ciclo1_AC_AP,concentrator_trafo_2_12,prosumer16,cfp,100,3.626866,0
1789091298.918946,30,ciclo1_AC_AP,concentrator_trafo_2_12,prosumer17,cfp,100,2.617077,0
1789091298.919144,30,ciclo1_AC_AP,concentrator_trafo_2_12,prosumer18,cfp,100,3.816335,0
1789091298.919346,30,ciclo1_AC_AP,concentrator_trafo_2_12,prosumer19,cfp,100,2.542365,0
1789091298.919500,30,ciclo1_AC_AP,concentrator_trafo_2_12,prosumer20,cfp,100,5.931059,0
1789091298.921906,30,ciclo1_AC_AP,prosumer4,concentrator_trafo_1_3,propose,290,5.431170,0
1789091298.924171,30,ciclo1_AC_AP,prosumer9,concentrator_trafo_1_3,propose,314,5.786819,0
1789091298.925856,30,ciclo1_AC_AP,prosumer6,concentrator_trafo_1_3,propose,439,9.973018,0
1789091298.936033,30,ciclo1_AC_AP,prosumer3,concentrator_trafo_1_3,propose,123,2.636420,0
1789091298.941341,30,ciclo1_AC_AP,prosumer10,concentrator_trafo_1_3,propose,167,5.848800,0
1789091298.944238,30,ciclo1_AC_AP,prosumer12,concentrator_trafo_2_12,propose,407,6.711687,0
1789091298.946237,30,ciclo1_AC_AP,prosumer7,concentrator_trafo_1_3,propose,110,3.475179,0
1789091298.949042,30,ciclo1_AC_AP,prosumer19,concentrator_trafo_2_12,propose,301,5.485765,0
1789091298.950640,30,ciclo1_AC_AP,prosumer17,concentrator_trafo_2_12,propose,139,4.108822,0
1789091298.951989,30,ciclo1_AC_AP,prosumer5,concentrator_trafo_1_3,propose,459,8.467402,0
1789091298.954384,30,ciclo1_AC_AP,prosumer13,concentrator_trafo_2_12,propose,137,2.407659,0
1789091298.955436,30,ciclo1_AC_AP,prosumer14,concentrator_trafo_2_12,propose,167,4.366847,0
1789091298.956751,30,ciclo1_AC_AP,prosumer11,concentrator_trafo_1_3,propose,315,6.091523,0
1789091298.959099,30,ciclo1_AC_AP,prosumer16,concentrator_trafo_2_12,propose,253,5.494245,0
1789091298.960529,30,ciclo1_AC_AP,prosumer18,concentrator_trafo_2_12,propose,381,4.956277,0
1789091298.983617,30,ciclo1_AC_AP,prosumer20,concentrator_trafo_2_12,propose,313,11.531821,0
1789091298.986774,30,ciclo1_AC_AP,prosumer15,concentrator_trafo_2_12,propose,479,13.798138,0
1789091298.990616,30,ciclo1_AC_AP,prosumer8,concentrator_trafo_1_3,propose,172,10.075362,0
1789091299.129142,30,ciclo2_AD_AC,dso,concentrator_trafo_1_3,cfp,100,2.048462,0
1789091299.130019,30,ciclo2_AD_AC,dso,concentrator_trafo_2_12,cfp,100,4.997914,0
1789091299.153797,30,ciclo2_AD_AC,concentrator_trafo_1_3,dso,propose,1302,46.729470,0
1789091299.185771,30,ciclo2_AD_AC,concentrator_trafo_2_12,dso,propose,1216,43.617576,0
1789091299.630719,30,ciclo3_AM_AC_AD,market,dso,cfp,100,4.002699,0
1789091299.680860,30,ciclo3_AM_AC_AD,dso,market,propose,1152,21.682221,0
1789091299.905658,30,ciclo3_AM_AC_AD,market,concentrator_trafo_1_3,cfp,100,4.910001,0
1789091299.906786,30,ciclo3_AM_AC_AD,market,concentrator_trafo_2_12,cfp,100,1.915498,0
1789091299.907701,30,ciclo3_AM_AC_AD,market,dso,cfp,100,2.013345,0
1789091299.950578,30,ciclo3_AM_AC_AD,concentrator_trafo_2_12,market,propose,1326,21.627016,0
1789091299.958312,30,ciclo3_AM_AC_AD,dso,market,propose,1181,22.011527,0
1789091299.970773,30,ciclo3_AM_AC_AD,concentrator_trafo_1_3,market,propose,1043,35.817421,0
1789091300.399088,31,ciclo1_AC_AP,concentrator_trafo_1_3,prosumer3,cfp,100,0.789951,0
1789091300.399580,31,ciclo1_AC_AP,concentrator_trafo_1_3,prosumer4,cfp,100,3.008786,0
1789091300.399828,31,ciclo1_AC_AP,concentrator_trafo_1_3,prosumer5,cfp,100,3.834016,0
1789091300.400036,31,ciclo1_AC_AP,concentrator_trafo_1_3,prosumer6,cfp,100,0.522687,0
1789091300.400224,31,ciclo1_AC_AP,concentrator_trafo_1_3,prosumer7,cfp,100,3.554312,0
1789091300.400464,31,ciclo1_AC_AP,concentrator_trafo_1_3,prosumer8,cfp,100,5.125803,0
1789091300.400673,31,ciclo1_AC_AP,concentrator_trafo_1_3,prosumer9,cfp,100,0.270755,0
1789091300.400856,31,ciclo1_AC_AP,concentrator_trafo_1_3,prosumer10,cfp,100,3.182474,0
1789091300.401038,31,ciclo1_AC_AP,concentrator_trafo_1_3,prosumer11,cfp,100,3.281612,0
1789091300.402071,31,ciclo1_AC_AP,concentrator_trafo_2_12,prosumer12,cfp,100,3.048511,0
1789091300.402257,31,ciclo1_AC_AP,concentrator_trafo_2_12,prosumer13,cfp,100,2.223978,0
1789091300.402413,31,ciclo1_AC_AP,concentrator_trafo_2_12,prosumer14,cfp,100,2.551683,0
1789091300.402573,31,ciclo1_AC_AP,concentrator_trafo_2_12,prosumer15,cfp,100,3.007820,0
1789091300.402719,31,ciclo1_AC_AP,concentrator_trafo_2_12,prosumer16,cfp,100,0.839154,0
1789091300.402859,31,ciclo1_AC_AP,concentrator_trafo_2_12,prosumer17,cfp,100,3.113874,0
1789091300.402999,31,ciclo1_AC_AP,concentrator_trafo_2_12,prosumer18,cfp,100,3.776494,0
1789091300.403143,31,ciclo1_AC_AP,concentrator_trafo_2_12,prosumer19,cfp,100,2.510923,0
1789091300.403281,31,ciclo1_AC_AP,concentrator_trafo_2_12,prosumer20,cfp,100,5.726772,0
1789091300.406795,31,ciclo1_AC_AP,prosumer9,concentrator_trafo_1_3,propose,227,2.201004,0
1789091300.409636,31,ciclo1_AC_AP,prosumer6,concentrator_trafo_1_3,propose,327,5.759759,0
1789091300.411385,31,ciclo1_AC_AP,prosumer3,concentrator_trafo_1_3,propose,423,10.026787,0
1789091300.413679,31,ciclo1_AC_AP,prosumer16,concentrator_trafo_2_12,propose,289,7.260870,0
1789091300.428308,31,ciclo1_AC_AP,prosumer13,concentrator_trafo_2_12,propose,426,8.793226,0
1789091300.432342,31,ciclo1_AC_AP,prosumer14,concentrator_trafo_2_12,propose,370,7.248003,0
1789091300.433941,31,ciclo1_AC_AP,prosumer19,concentrator_trafo_2_12,propose,129,4.380862,0
1789091300.436441,31,ciclo1_AC_AP,prosumer4,concentrator_trafo_1_3,propose,292,4.054598,0
1789091300.438792,31,ciclo1_AC_AP,prosumer12,concentrator_trafo_2_12,propose,309,4.625445,0
1789091300.440032,31,ciclo1_AC_AP,prosumer15,concentrator_trafo_2_12,propose,104,2.300261,0
1789091300.441242,31,ciclo1_AC_AP,prosumer10,concentrator_trafo_1_3,propose,313,5.772556,0
1789091300.442455,31,ciclo1_AC_AP,prosumer11,concentrator_trafo_1_3,propose,472,8.850455,0
1789091300.443725,31,ciclo1_AC_AP,prosumer17,concentrator_trafo_2_12,propose,264,6.576549,0
1789091300.445006,31,ciclo1_AC_AP,prosumer7,concentrator_trafo_1_3,propose,325,6.391829,0
1789091300.446764,31,ciclo1_AC_AP,prosumer5,concentrator_trafo_1_3,propose,204,5.023287,0
1789091300.448087,31,ciclo1_AC_AP,prosumer18,concentrator_trafo_2_12,propose,290,4.270011,0
1789091300.454385,31,ciclo1_AC_AP,prosumer8,concentrator_trafo_1_3,propose,250,7.324108,0
1789091300.463747,31,ciclo1_AC_AP,prosumer20,concentrator_trafo_2_12,propose,341,11.032169,0
1789091300.578053,31,ciclo2_AD_AC,dso,concentrator_trafo_1_3,cfp,100,6.078980,0
1789091300.578447,31,ciclo2_AD_AC,dso,concentrator_trafo_2_12,cfp,100,4.809785,0
1789091300.631714,31,ciclo2_AD_AC,concentrator_trafo_2_12,dso,propose,1046,34.595125,0
1789091300.642988,31,ciclo2_AD_AC,concentrator_trafo_1_3,dso,propose,1486,46.617279,0
1789091301.115595,31,ciclo3_AM_AC_AD,market,dso,cfp,100,2.215689,0
1789091301.151309,31,ciclo3_AM_AC_AD,dso,market,propose,1094,19.367437,0
1789091301.352212,31,ciclo3_AM_AC_AD,market,concentrator_trafo_1_3,cfp,100,4.160310,0
1789091301.353106,31,ciclo3_AM_AC_AD,market,concentrator_trafo_2_12,cfp,100,3.993124,0
1789091301.353519,31,ciclo3_AM_AC_AD,market,dso,cfp,100,1.819867,0
1789091301.410270,31,ciclo3_AM_AC_AD,dso,market,propose,1407,23.464159,0
1789091301.426513,31,ciclo3_AM_AC_AD,concentrator_trafo_2_12,market,propose,1055,17.038769,0
1789091301.427553,31,ciclo3_AM_AC_AD,concentrator_trafo_1_3,market,propose,1141,36.510246,0
1789091301.863574,32,ciclo1_AC_AP,concentrator_trafo_1_3,prosumer3,cfp,100,3.168187,0
1789091301.864433,32,ciclo1_AC_AP,concentrator_trafo_1_3,prosumer4,cfp,100,0.425110,0
1789091301.865202,32,ciclo1_AC_AP,concentrator_trafo_1_3,prosumer5,cfp,100,3.908834,0
1789091301.865913,32,ciclo1_AC_AP,concentrator_trafo_1_3,prosumer6,cfp,100,0.777284,0
1789091301.866284,32,ciclo1_AC_AP,concentrator_trafo_1_3,prosumer7,cfp,100,2.552323,0
1789091301.866475,32,ciclo1_AC_AP,concentrator_trafo_1_3,prosumer8,cfp,100,1.541106,0
1789091301.866646,32,ciclo1_AC_AP,concentrator_trafo_1_3,prosumer9,cfp,100,4.003999,0
1789091301.866794,32,ciclo1_AC_AP,concentrator_trafo_1_3,prosumer10,cfp,100,3.901911,0
1789091301.866931,32,ciclo1_AC_AP,concentrator_trafo_1_3,prosumer11,cfp,100,0.837555,0
1789091301.867764,32,ciclo1_AC_AP,concentrator_trafo_2_12,prosumer12,cfp,100,1.841702,0
1789091301.867927,32,ciclo1_AC_AP,concentrator_trafo_2_12,prosumer13,cfp,100,0.764604,0
1789091301.868058,32,ciclo1_AC_AP,concentrator_trafo_2_12,prosumer14,cfp,100,1.046242,0
1789091301.868177,32,ciclo1_AC_AP,concentrator_trafo_2_12,prosumer15,cfp,100,5.108457,0
1789091301.868291,32,ciclo1_AC_AP,concentrator_trafo_2_12,prosumer16,cfp,100,2.189843,0
1789091301.868402,32,ciclo1_AC_AP,concentrator_trafo_2_12,prosumer17,cfp,100,2.300681,0
1789091301.868513,32,ciclo1_AC_AP,concentrator_trafo_2_12,prosumer18,cfp,100,2.714299,0
1789091301.868789,32,ciclo1_AC_AP,concentrator_trafo_2_12,prosumer19,cfp,100,0.794600,0
1789091301.869100,32,ciclo1_AC_AP,concentrator_trafo_2_12,prosumer20,cfp,100,4.589715,0
1789091301.871247,32,ciclo1_AC_AP,prosumer4,concentrator_trafo_1_3,propose,157,4.451487,0
1789091301.876531,32,ciclo1_AC_AP,prosumer6,concentrator_trafo_1_3,propose,385,8.749636,0
1789091301.879025,32,ciclo1_AC_AP,prosumer11,concentrator_trafo_1_3,propose,410,6.985778,0
1789091301.880097,32,ciclo1_AC_AP,prosumer13,concentrator_trafo_2_12,propose,452,7.757922,0
1789091301.881663,32,ciclo1_AC_AP,prosumer19,concentrator_trafo_2_12,propose,178,5.510222,0
1789091301.884129,32,ciclo1_AC_AP,prosumer14,concentrator_trafo_2_12,propose,459,7.444718,0
1789091301.885652,32,ciclo1_AC_AP,prosumer8,concentrator_trafo_1_3,propose,328,13.862495,0
1789091301.888494,32,ciclo1_AC_AP,prosumer12,concentrator_trafo_2_12,propose,304,5.437380,0
1789091301.893199,32,ciclo1_AC_AP,prosumer16,concentrator_trafo_2_12,propose,194,3.614090,0
1789091301.895513,32,ciclo1_AC_AP,prosumer17,concentrator_trafo_2_12,propose,493,8.862696,0
1789091301.897386,32,ciclo1_AC_AP,prosumer7,concentrator_trafo_1_3,propose,315,6.277659,0
1789091301.898930,32,ciclo1_AC_AP,prosumer3,concentrator_trafo_1_3,propose,321,5.046908,0
1789091301.900319,32,ciclo1_AC_AP,prosumer18,concentrator_trafo_2_12,propose,189,3.267771,0
1789091301.906163,32,ciclo1_AC_AP,prosumer5,concentrator_trafo_1_3,propose,226,5.965530,0
1789091301.908663,32,ciclo1_AC_AP,prosumer10,concentrator_trafo_1_3,propose,332,6.762457,0
1789091301.909711,32,ciclo1_AC_AP,prosumer9,concentrator_trafo_1_3,propose,274,4.823435,0
1789091301.918579,32,ciclo1_AC_AP,prosumer20,concentrator_trafo_2_12,propose,367,12.288999,0
1789091301.921130,32,ciclo1_AC_AP,prosumer15,concentrator_trafo_2_12,propose,172,7.711107,0
1789091302.046293,32,ciclo2_AD_AC,dso,concentrator_trafo_1_3,cfp,100,4.025758,0
1789091302.046772,32,ciclo2_AD_AC,dso,concentrator_trafo_2_12,cfp,100,4.174218,0
1789091302.090825,32,ciclo2_AD_AC,concentrator_trafo_1_3,dso,propose,1181,39.039624,0
1789091302.093140,32,ciclo2_AD_AC,concentrator_trafo_2_12,dso,propose,1236,43.025239,0
1789091302.527641,32,ciclo3_AM_AC_AD,market,dso,cfp,100,3.559756,0
1789091302.574732,32,ciclo3_AM_AC_AD,dso,market,propose,1323,22.722177,0
1789091302.809428,32,ciclo3_AM_AC_AD,market,concentrator_trafo_1_3,cfp,100,3.045184,0
1789091302.810237,32,ciclo3_AM_AC_AD,market,concentrator_trafo_2_12,cfp,100,2.386248,0
1789091302.811045,32,ciclo3_AM_AC_AD,market,dso,cfp,100,1.220176,0
1789091302.861092,32,ciclo3_AM_AC_AD,dso,market,propose,1326,21.092505,0
1789091302.864711,32,ciclo3_AM_AC_AD,concentrator_trafo_2_12,market,propose,1044,16.690204,0
1789091302.868236,32,ciclo3_AM_AC_AD,concentrator_trafo_1_3,market,propose,1247,40.158875,0
1789091303.337288,33,ciclo1_AC_AP,concentrator_trafo_1_3,prosumer3,cfp,100,0.498084,0
1789091303.338032,33,ciclo1_AC_AP,concentrator_trafo_1_3,prosumer4,cfp,100,1.223724,0
1789091303.338720,33,ciclo1_AC_AP,concentrator_trafo_1_3,prosumer5,cfp,100,0.220619,0
1789091303.339114,33,ciclo1_AC_AP,concentrator_trafo_1_3,prosumer6,cfp,100,3.351516,0
1789091303.339404,33,ciclo1_AC_AP,concentrator_trafo_1_3,prosumer7,cfp,100,3.097940,0
1789091303.339689,33,ciclo1_AC_AP,concentrator_trafo_1_3,prosumer8,cfp,100,3.310077,0
1789091303.339967,33,ciclo1_AC_AP,concentrator_trafo_1_3,prosumer9,cfp,100,1.736417,0
1789091303.340222,33,ciclo1_AC_AP,concentrator_trafo_1_3,prosumer10,cfp,100,1.082358,0
1789091303.340463,33,ciclo1_AC_AP,concentrator_trafo_1_3,prosumer11,cfp,100,3.313289,0
1789091303.341916,33,ciclo1_AC_AP,concentrator_trafo_2_12,prosumer12,cfp,100,0.467289,0
1789091303.342247,33,ciclo1_AC_AP,concentrator_trafo_2_12,prosumer13,cfp,100,1.746225,0
1789091303.342523,33,ciclo1_AC_AP,concentrator_trafo_2_12,prosumer14,cfp,100,4.008909,0
1789091303.342822,33,ciclo1_AC_AP,concentrator_trafo_2_12,prosumer15,cfp,100,2.420625,0
1789091303.343081,33,ciclo1_AC_AP,concentrator_trafo_2_12,prosumer16,cfp,100,3.497755,0
1789091303.343338,33,ciclo1_AC_AP,concentrator_trafo_2_12,prosumer17,cfp,100,3.329519,0
1789091303.343674,33,ciclo1_AC_AP,concentrator_trafo_2_12,prosumer18,cfp,100,3.582967,0
1789091303.344336,33,ciclo1_AC_AP,concentrator_trafo_2_12,prosumer19,cfp,100,1.886303,0
1789091303.345247,33,ciclo1_AC_AP,concentrator_trafo_2_12,prosumer20,cfp,100,3.663050,0
1789091303.350694,33,ciclo1_AC_AP,prosumer5,concentrator_trafo_1_3,propose,486,7.982498,0
1789091303.353777,33,ciclo1_AC_AP,prosumer3,concentrator_trafo_1_3,propose,204,4.780675,0
1789091303.357565,33,ciclo1_AC_AP,prosumer12,concentrator_trafo_2_12,propose,250,2.286586,0
1789091303.363144,33,ciclo1_AC_AP,prosumer4,concentrator_trafo_1_3,propose,100,2.534498,0
1789091303.365300,33,ciclo1_AC_AP,prosumer10,concentrator_trafo_1_3,propose,457,9.746658,0
1789091303.368602,33,ciclo1_AC_AP,prosumer9,concentrator_trafo_1_3,propose,329,6.228687,0
1789091303.371613,33,ciclo1_AC_AP,prosumer13,concentrator_trafo_2_12,propose,416,8.475738,0
1789091303.374147,33,ciclo1_AC_AP,prosumer19,concentrator_trafo_2_12,propose,336,4.734258,0
1789091303.376912,33,ciclo1_AC_AP,prosumer15,concentrator_trafo_2_12,propose,103,4.934901,0
1789091303.379835,33,ciclo1_AC_AP,prosumer7,concentrator_trafo_1_3,propose,211,5.804963,0
1789091303.381367,33,ciclo1_AC_AP,prosumer6,concentrator_trafo_1_3,propose,252,4.648392,0
1789091303.382286,33,ciclo1_AC_AP,prosumer8,concentrator_trafo_1_3,propose,158,10.670252,0
1789091303.383432,33,ciclo1_AC_AP,prosumer11,concentrator_trafo_1_3,propose,493,8.012007,0
1789091303.384971,33,ciclo1_AC_AP,prosumer17,concentrator_trafo_2_12,propose,422,8.941008,0
1789091303.386452,33,ciclo1_AC_AP,prosumer16,concentrator_trafo_2_12,propose,254,3.136157,0
1789091303.387641,33,ciclo1_AC_AP,prosumer18,concentrator_trafo_2_12,propose,379,5.295191,0
1789091303.388930,33,ciclo1_AC_AP,prosumer20,concentrator_trafo_2_12,propose,411,15.719821,0
1789091303.390265,33,ciclo1_AC_AP,prosumer14,concentrator_trafo_2_12,propose,179,4.540058,0
1789091303.551967,33,ciclo2_AD_AC,dso,concentrator_trafo_1_3,cfp,100,3.924113,0
1789091303.552819,33,ciclo2_AD_AC,dso,concentrator_trafo_2_12,cfp,100,4.131394,0
1789091303.596957,33,ciclo2_AD_AC,concentrator_trafo_1_3,dso,propose,1217,40.199377,0
1789091303.600447,33,ciclo2_AD_AC,concentrator_trafo_2_12,dso,propose,1361,44.611521,0
1789091304.053238,33,ciclo3_AM_AC_AD,market,dso,cfp,100,1.824329,0
1789091304.081928,33,ciclo3_AM_AC_AD,dso,market,propose,1384,20.274877,0
1789091304.292117,33,ciclo3_AM_AC_AD,market,concentrator_trafo_1_3,cfp,100,5.300101,0
1789091304.293165,33,ciclo3_AM_AC_AD,market,concentrator_trafo_2_12,cfp,100,2.221560,0
1789091304.294149,33,ciclo3_AM_AC_AD,market,dso,cfp,100,1.011803,0
1789091304.339411,33,ciclo3_AM_AC_AD,concentrator_trafo_2_12,market,propose,1241,21.475392,0
1789091304.340894,33,ciclo3_AM_AC_AD,dso,market,propose,1047,16.596981,0
1789091304.363828,33,ciclo3_AM_AC_AD,concentrator_trafo_1_3,market,propose,1347,45.582649,0
1789091304.892612,34,ciclo1_AC_AP,concentrator_trafo_1_3,prosumer3,cfp,100,0.289996,0
1789091304.893965,34,ciclo1_AC_AP,concentrator_trafo_1_3,prosumer4,cfp,100,3.873941,0
1789091304.894863,34,ciclo1_AC_AP,concentrator_trafo_1_3,prosumer5,cfp,100,1.112353,0
1789091304.895620,34,ciclo1_AC_AP,concentrator_trafo_1_3,prosumer6,cfp,100,0.394925,0
1789091304.896695,34,ciclo1_AC_AP,concentrator_trafo_1_3,prosumer7,cfp,100,3.525466,0
1789091304.897614,34,ciclo1_AC_AP,concentrator_trafo_1_3,prosumer8,cfp,100,3.488061,0
1789091304.898109,34,ciclo1_AC_AP,concentrator_trafo_1_3,prosumer9,cfp,100,1.581499,0
1789091304.898388,34,ciclo1_AC_AP,concentrator_trafo_1_3,prosumer10,cfp,100,0.969917,0
1789091304.898579,34,ciclo1_AC_AP,concentrator_trafo_1_3,prosumer11,cfp,100,1.496838,0
1789091304.899764,34,ciclo1_AC_AP,concentrator_trafo_2_12,prosumer12,cfp,100,3.136850,0
1789091304.899980,34,ciclo1_AC_AP,concentrator_trafo_2_12,prosumer13,cfp,100,0.633453,0
1789091304.900155,34,ciclo1_AC_AP,concentrator_trafo_2_12,prosumer14,cfp,100,1.732678,0
1789091304.900321,34,ciclo1_AC_AP,concentrator_trafo_2_12,prosumer15,cfp,100,6.896653,0
1789091304.900476,34,ciclo1_AC_AP,concentrator_trafo_2_12,prosumer16,cfp,100,1.646699,0
1789091304.900638,34,ciclo1_AC_AP,concentrator_trafo_2_12,prosumer17,cfp,100,1.815910,0
1789091304.900796,34,ciclo1_AC_AP,concentrator_trafo_2_12,prosumer18,cfp,100,3.544280,0
1789091304.900950,34,ciclo1_AC_AP,concentrator_trafo_2_12,prosumer19,cfp,100,0.562157,0
1789091304.901102,34,ciclo1_AC_AP,concentrator_trafo_2_12,prosumer20,cfp,100,2.294576,0
1789091304.904399,34,ciclo1_AC_AP,prosumer3,concentrator_trafo_1_3,propose,354,6.889617,0
1789091304.906448,34,ciclo1_AC_AP,prosumer6,concentrator_trafo_1_3,propose,489,6.507949,0
1789091304.909861,34,ciclo1_AC_AP,prosumer5,concentrator_trafo_1_3,propose,218,5.069656,0
1789091304.911439,34,ciclo1_AC_AP,prosumer13,concentrator_trafo_2_12,propose,378,4.326905,0
1789091304.912863,34,ciclo1_AC_AP,prosumer19,concentrator_trafo_2_12,propose,490,6.871382,0
1789091304.914597,34,ciclo1_AC_AP,prosumer10,concentrator_trafo_1_3,propose,307,4.047311,0
1789091304.916736,34,ciclo1_AC_AP,prosumer11,concentrator_trafo_1_3,propose,243,5.672792,0
1789091304.917984,34,ciclo1_AC_AP,prosumer9,concentrator_trafo_1_3,propose,423,8.724778,0
1789091304.920195,34,ciclo1_AC_AP,prosumer16,concentrator_trafo_2_12,propose,111,2.362889,0
1789091304.921476,34,ciclo1_AC_AP,prosumer14,concentrator_trafo_2_12,propose,161,4.143166,0
1789091304.922681,34,ciclo1_AC_AP,prosumer17,concentrator_trafo_2_12,propose,238,4.899842,0
1789091304.926661,34,ciclo1_AC_AP,prosumer20,concentrator_trafo_2_12,propose,442,13.113430,0
1789091304.935666,34,ciclo1_AC_AP,prosumer12,concentrator_trafo_2_12,propose,120,1.763134,0
1789091304.937334,34,ciclo1_AC_AP,prosumer7,concentrator_trafo_1_3,propose,100,3.319368,0
1789091304.939133,34,ciclo1_AC_AP,prosumer8,concentrator_trafo_1_3,propose,231,9.862249,0
1789091304.940771,34,ciclo1_AC_AP,prosumer4,concentrator_trafo_1_3,propose,303,7.783039,0
1789091304.942070,34,ciclo1_AC_AP,prosumer18,concentrator_trafo_2_12,propose,369,7.830664,0
1789091304.972397,34,ciclo1_AC_AP,prosumer15,concentrator_trafo_2_12,propose,397,17.422183,0
1789091305.150568,34,ciclo2_AD_AC,dso,concentrator_trafo_1_3,cfp,100,5.812294,0
1789091305.150762,34,ciclo2_AD_AC,dso,concentrator_trafo_2_12,cfp,100,0.517785,0
1789091305.158180,34,ciclo2_AD_AC,concentrator_trafo_2_12,dso,propose,1363,47.604340,0
1789091305.212746,34,ciclo2_AD_AC,concentrator_trafo_1_3,dso,propose,1202,39.537094,0
1789091305.640220,34,ciclo3_AM_AC_AD,market,dso,cfp,100,0.768963,0
1789091305.656059,34,ciclo3_AM_AC_AD,dso,market,propose,1227,18.303687,0
1789091305.845245,34,ciclo3_AM_AC_AD,market,concentrator_trafo_1_3,cfp,100,5.356623,0
1789091305.846137,34,ciclo3_AM_AC_AD,market,concentrator_trafo_2_12,cfp,100,3.236885,0
1789091305.846483,34,ciclo3_AM_AC_AD,market,dso,cfp,100,3.789425,0
1789091305.901207,34,ciclo3_AM_AC_AD,concentrator_trafo_2_12,market,propose,1052,16.997673,0
1789091305.914148,34,ciclo3_AM_AC_AD,dso,market,propose,1382,21.808546,0
1789091305.921274,34,ciclo3_AM_AC_AD,concentrator_trafo_1_3,market,propose,1129,38.686404,0
1789091306.377876,35,ciclo1_AC_AP,concentrator_trafo_1_3,prosumer3,cfp,100,0.007915,0
1789091306.378877,35,ciclo1_AC_AP,concentrator_trafo_1_3,prosumer4,cfp,100,0.966780,0
1789091306.379483,35,ciclo1_AC_AP,concentrator_trafo_1_3,prosumer5,cfp,100,1.582342,0
1789091306.380183,35,ciclo1_AC_AP,concentrator_trafo_1_3,prosumer6,cfp,100,2.101159,0
1789091306.380802,35,ciclo1_AC_AP,concentrator_trafo_1_3,prosumer7,cfp,100,1.483882,0
1789091306.381036,35,ciclo1_AC_AP,concentrator_trafo_1_3,prosumer8,cfp,100,4.314820,0
1789091306.381208,35,ciclo1_AC_AP,concentrator_trafo_1_3,prosumer9,cfp,100,2.964193,0
1789091306.381361,35,ciclo1_AC_AP,concentrator_trafo_1_3,prosumer10,cfp,100,3.966947,0
1789091306.381511,35,ciclo1_AC_AP,concentrator_trafo_1_3,prosumer11,cfp,100,1.292534,0
1789091306.382394,35,ciclo1_AC_AP,concentrator_trafo_2_12,prosumer12,cfp,100,2.628907,0
1789091306.382586,35,ciclo1_AC_AP,concentrator_trafo_2_12,prosumer13,cfp,100,2.405994,0
1789091306.382737,35,ciclo1_AC_AP,concentrator_trafo_2_12,prosumer14,cfp,100,3.496351,0
1789091306.382872,35,ciclo1_AC_AP,concentrator_trafo_2_12,prosumer15,cfp,100,6.312522,0
1789091306.382997,35,ciclo1_AC_AP,concentrator_trafo_2_12,prosumer16,cfp,100,1.497246,0
1789091306.383118,35,ciclo1_AC_AP,concentrator_trafo_2_12,prosumer17,cfp,100,2.325579,0
1789091306.383236,35,ciclo1_AC_AP,concentrator_trafo_2_12,prosumer18,cfp,100,0.556146,0
1789091306.383359,35,ciclo1_AC_AP,concentrator_trafo_2_12,prosumer19,cfp,100,1.286874,0
1789091306.383480,35,ciclo1_AC_AP,concentrator_trafo_2_12,prosumer20,cfp,100,2.464429,0
1789091306.385690,35,ciclo1_AC_AP,prosumer3,concentrator_trafo_1_3,propose,281,7.836558,0
1789091306.392295,35,ciclo1_AC_AP,prosumer4,concentrator_trafo_1_3,propose,245,2.232390,0
1789091306.394174,35,ciclo1_AC_AP,prosumer18,concentrator_trafo_2_12,propose,486,7.153007,0
1789091306.396326,35,ciclo1_AC_AP,prosumer11,concentrator_trafo_1_3,propose,444,9.553251,0
1789091306.399161,35,ciclo1_AC_AP,prosumer5,concentrator_trafo_1_3,propose,200,4.703661,0
1789091306.400668,35,ciclo1_AC_AP,prosumer7,concentrator_trafo_1_3,propose,404,8.294523,0
1789091306.402005,35,ciclo1_AC_AP,prosumer19,concentrator_trafo_2_12,propose,143,4.240102,0
1789091306.404165,35,ciclo1_AC_AP,prosumer16,concentrator_trafo_2_12,propose,118,2.905666,0
1789091306.405465,35,ciclo1_AC_AP,prosumer6,concentrator_trafo_1_3,propose,136,2.688304,0
1789091306.408023,35,ciclo1_AC_AP,prosumer17,concentrator_trafo_2_12,propose,234,4.946161,0
1789091306.409265,35,ciclo1_AC_AP,prosumer13,concentrator_trafo_2_12,propose,256,6.655188,0
1789091306.410657,35,ciclo1_AC_AP,prosumer20,concentrator_trafo_2_12,propose,373,14.253197,0
1789091306.411429,35,ciclo1_AC_AP,prosumer12,concentrator_trafo_2_12,propose,274,4.623560,0
1789091306.412767,35,ciclo1_AC_AP,prosumer9,concentrator_trafo_1_3,propose,160,4.103617,0
1789091306.420148,35,ciclo1_AC_AP,prosumer14,concentrator_trafo_2_12,propose,371,7.908743,0
1789091306.422922,35,ciclo1_AC_AP,prosumer10,concentrator_trafo_1_3,propose,227,4.818752,0
1789091306.426802,35,ciclo1_AC_AP,prosumer8,concentrator_trafo_1_3,propose,490,16.503304,0
1789091306.450865,35,ciclo1_AC_AP,prosumer15,concentrator_trafo_2_12,propose,183,7.856443,0
1789091306.599616,35,ciclo2_AD_AC,dso,concentrator_trafo_1_3,cfp,100,6.737408,0
1789091306.600197,35,ciclo2_AD_AC,dso,concentrator_trafo_2_12,cfp,100,2.775788,0
1789091306.633566,35,ciclo2_AD_AC,concentrator_trafo_2_12,dso,propose,1034,39.163972,0
1789091306.672827,35,ciclo2_AD_AC,concentrator_trafo_1_3,dso,propose,1212,38.523420,0
1789091307.062410,35,ciclo3_AM_AC_AD,market,dso,cfp,100,2.185189,0
1789091307.088570,35,ciclo3_AM_AC_AD,dso,market,propose,1440,23.755417,0
1789091307.332928,35,ciclo3_AM_AC_AD,market,concentrator_trafo_1_3,cfp,100,3.083139,0
1789091307.333266,35,ciclo3_AM_AC_AD,market,concentrator_trafo_2_12,cfp,100,2.946503,0
1789091307.333435,35,ciclo3_AM_AC_AD,market,dso,cfp,100,2.534930,0
1789091307.385500,35,ciclo3_AM_AC_AD,dso,market,propose,1148,20.814347,0
1789091307.388553,35,ciclo3_AM_AC_AD,concentrator_trafo_2_12,market,propose,1144,19.057470,0
1789091307.390406,35,ciclo3_AM_AC_AD,concentrator_trafo_1_3,market,propose,1266,42.038883,0
1789091307.877314,36,ciclo1_AC_AP,concentrator_trafo_1_3,prosumer3,cfp,100,3.798598,0
1789091307.878014,36,ciclo1_AC_AP,concentrator_trafo_1_3,prosumer4,cfp,100,1.460201,0
1789091307.878357,36,ciclo1_AC_AP,concentrator_trafo_1_3,prosumer5,cfp,100,2.693114,0
1789091307.878584,36,ciclo1_AC_AP,concentrator_trafo_1_3,prosumer6,cfp,100,2.887012,0
1789091307.878766,36,ciclo1_AC_AP,concentrator_trafo_1_3,prosumer7,cfp,100,2.880919,0
1789091307.878925,36,ciclo1_AC_AP,concentrator_trafo_1_3,prosumer8,cfp,100,2.850629,0
1789091307.879066,36,ciclo1_AC_AP,concentrator_trafo_1_3,prosumer9,cfp,100,0.890722,0
1789091307.879203,36,ciclo1_AC_AP,concentrator_trafo_1_3,prosumer10,cfp,100,3.220978,0
1789091307.879341,36,ciclo1_AC_AP,concentrator_trafo_1_3,prosumer11,cfp,100,3.179360,0
1789091307.880379,36,ciclo1_AC_AP,concentrator_trafo_2_12,prosumer12,cfp,100,3.238715,0
1789091307.880563,36,ciclo1_AC_AP,concentrator_trafo_2_12,prosumer13,cfp,100,0.031628,0
1789091307.880707,36,ciclo1_AC_AP,concentrator_trafo_2_12,prosumer14,cfp,100,0.167038,0
1789091307.880839,36,ciclo1_AC_AP,concentrator_trafo_2_12,prosumer15,cfp,100,3.828198,0
1789091307.880960,36,ciclo1_AC_AP,concentrator_trafo_2_12,prosumer16,cfp,100,1.928854,0
1789091307.881081,36,ciclo1_AC_AP,concentrator_trafo_2_12,prosumer17,cfp,100,2.956162,0
1789091307.881200,36,ciclo1_AC_AP,concentrator_trafo_2_12,prosumer18,cfp,100,0.882000,0
1789091307.881320,36,ciclo1_AC_AP,concentrator_trafo_2_12,prosumer19,cfp,100,2.706113,0
1789091307.881442,36,ciclo1_AC_AP,concentrator_trafo_2_12,prosumer20,cfp,100,5.787976,0
1789091307.883745,36,ciclo1_AC_AP,prosumer13,concentrator_trafo_2_12,propose,168,3.176443,0
1789091307.885834,36,ciclo1_AC_AP,prosumer14,concentrator_trafo_2_12,propose,393,7.645426,0
1789091307.890510,36,ciclo1_AC_AP,prosumer9,concentrator_trafo_1_3,propose,367,4.584270,0
1789091307.892838,36,ciclo1_AC_AP,prosumer18,concentrator_trafo_2_12,propose,421,9.067340,0
1789091307.895637,36,ciclo1_AC_AP,prosumer4,concentrator_trafo_1_3,propose,207,5.624996,0
1789091307.904085,36,ciclo1_AC_AP,prosumer16,concentrator_trafo_2_12,propose,372,4.082519,0
1789091307.908201,36,ciclo1_AC_AP,prosumer5,concentrator_trafo_1_3,propose,153,5.270868,0
1789091307.911783,36,ciclo1_AC_AP,prosumer8,concentrator_trafo_1_3,propose,310,13.501104,0
1789091307.913690,36,ciclo1_AC_AP,prosumer6,concentrator_trafo_1_3,propose,424,8.230426,0
1789091307.915410,36,ciclo1_AC_AP,prosumer7,concentrator_trafo_1_3,propose,378,7.940106,0
1789091307.916615,36,ciclo1_AC_AP,prosumer19,concentrator_trafo_2_12,propose,306,7.121538,0
1789091307.920393,36,ciclo1_AC_AP,prosumer17,concentrator_trafo_2_12,propose,479,9.479580,0
1789091307.922020,36,ciclo1_AC_AP,prosumer11,concentrator_trafo_1_3,propose,498,7.734080,0
1789091307.923885,36,ciclo1_AC_AP,prosumer10,concentrator_trafo_1_3,propose,242,4.403273,0
1789091307.925164,36,ciclo1_AC_AP,prosumer12,concentrator_trafo_2_12,propose,249,3.929266,0
1789091307.926851,36,ciclo1_AC_AP,prosumer3,concentrator_trafo_1_3,propose,326,6.535038,0
1789091307.929391,36,ciclo1_AC_AP,prosumer15,concentrator_trafo_2_12,propose,290,12.108294,0
1789091307.944250,36,ciclo1_AC_AP,prosumer20,concentrator_trafo_2_12,propose,390,17.107514,0
1789091308.118375,36,ciclo2_AD_AC,dso,concentrator_trafo_1_3,cfp,100,3.421802,0
1789091308.118701,36,ciclo2_AD_AC,dso,concentrator_trafo_2_12,cfp,100,3.875790,0
1789091308.155953,36,ciclo2_AD_AC,concentrator_trafo_1_3,dso,propose,1321,45.452681,0
1789091308.160910,36,ciclo2_AD_AC,concentrator_trafo_2_12,dso,propose,1070,35.139772,0
1789091308.617173,36,ciclo3_AM_AC_AD,market,dso,cfp,100,3.035972,0
1789091308.677074,36,ciclo3_AM_AC_AD,dso,market,propose,1080,18.889739,0
1789091308.873065,36,ciclo3_AM_AC_AD,market,concentrator_trafo_1_3,cfp,100,3.495650,0
1789091308.873781,36,ciclo3_AM_AC_AD,market,concentrator_trafo_2_12,cfp,100,1.008044,0
1789091308.874116,36,ciclo3_AM_AC_AD,market,dso,cfp,100,0.833240,0
1789091308.921509,36,ciclo3_AM_AC_AD,concentrator_trafo_2_12,market,propose,1063,17.655493,0
1789091308.923136,36,ciclo3_AM_AC_AD,dso,market,propose,1356,23.274151,0
1789091308.932650,36,ciclo3_AM_AC_AD,concentrator_trafo_1_3,market,propose,1061,35.586700,0
1789091309.358069,37,ciclo1_AC_AP,concentrator_trafo_1_3,prosumer3,cfp,100,3.150888,0
1789091309.358582,37,ciclo1_AC_AP,concentrator_trafo_1_3,prosumer4,cfp,100,3.961752,0
1789091309.358779,37,ciclo1_AC_AP,concentrator_trafo_1_3,prosumer5,cfp,100,1.967586,0
1789091309.358930,37,ciclo1_AC_AP,concentrator_trafo_1_3,prosumer6,cfp,100,1.979138,0
1789091309.359076,37,ciclo1_AC_AP,concentrator_trafo_1_3,prosumer7,cfp,100,0.707590,0
1789091309.359220,37,ciclo1_AC_AP,concentrator_trafo_1_3,prosumer8,cfp,100,3.441366,0
1789091309.359358,37,ciclo1_AC_AP,concentrator_trafo_1_3,prosumer9,cfp,100,2.895861,0
1789091309.359481,37,ciclo1_AC_AP,concentrator_trafo_1_3,prosumer10,cfp,100,1.915228,0
1789091309.359628,37,ciclo1_AC_AP,concentrator_trafo_1_3,prosumer11,cfp,100,0.938848,0
1789091309.360431,37,ciclo1_AC_AP,concentrator_trafo_2_12,prosumer12,cfp,100,1.861147,0
1789091309.360592,37,ciclo1_AC_AP,concentrator_trafo_2_12,prosumer13,cfp,100,0.099414,0
1789091309.360726,37,ciclo1_AC_AP,concentrator_trafo_2_12,prosumer14,cfp,100,0.392410,0
1789091309.360844,37,ciclo1_AC_AP,concentrator_trafo_2_12,prosumer15,cfp,100,1.982331,0
1789091309.360960,37,ciclo1_AC_AP,concentrator_trafo_2_12,prosumer16,cfp,100,2.892502,0
1789091309.361072,37,ciclo1_AC_AP,concentrator_trafo_2_12,prosumer17,cfp,100,0.213644,0
1789091309.361185,37,ciclo1_AC_AP,concentrator_trafo_2_12,prosumer18,cfp,100,0.050451,0
1789091309.361299,37,ciclo1_AC_AP,concentrator_trafo_2_12,prosumer19,cfp,100,0.595779,0
1789091309.361408,37,ciclo1_AC_AP,concentrator_trafo_2_12,prosumer20,cfp,100,7.281738,0
1789091309.365633,37,ciclo1_AC_AP,prosumer13,concentrator_trafo_2_12,propose,295,5.666180,0
1789091309.366979,37,ciclo1_AC_AP,prosumer18,concentrator_trafo_2_12,propose,305,5.473490,0
1789091309.369298,37,ciclo1_AC_AP,prosumer17,concentrator_trafo_2_12,propose,402,8.659936,0
1789091309.372310,37,ciclo1_AC_AP,prosumer14,concentrator_trafo_2_12,propose,339,4.914496,0
1789091309.374007,37,ciclo1_AC_AP,prosumer7,concentrator_trafo_1_3,propose,171,5.474152,0
1789091309.375642,37,ciclo1_AC_AP,prosumer19,concentrator_trafo_2_12,propose,386,9.426707,0
1789091309.376866,37,ciclo1_AC_AP,prosumer11,concentrator_trafo_1_3,propose,442,9.419175,0
1789091309.382749,37,ciclo1_AC_AP,prosumer5,concentrator_trafo_1_3,propose,253,4.429061,0
1789091309.384576,37,ciclo1_AC_AP,prosumer10,concentrator_trafo_1_3,propose,281,4.910000,0
1789091309.386092,37,ciclo1_AC_AP,prosumer6,concentrator_trafo_1_3,propose,423,8.612554,0
1789091309.387369,37,ciclo1_AC_AP,prosumer12,concentrator_trafo_2_12,propose,342,6.812844,0
1789091309.388849,37,ciclo1_AC_AP,prosumer15,concentrator_trafo_2_12,propose,480,13.994008,0
1789091309.390263,37,ciclo1_AC_AP,prosumer9,concentrator_trafo_1_3,propose,312,5.200368,0
1789091309.391598,37,ciclo1_AC_AP,prosumer3,concentrator_trafo_1_3,propose,211,5.506595,0
1789091309.392396,37,ciclo1_AC_AP,prosumer16,concentrator_trafo_2_12,propose,344,5.427744,0
1789091309.395269,37,ciclo1_AC_AP,prosumer8,concentrator_trafo_1_3,propose,350,11.073086,0
1789091309.399771,37,ciclo1_AC_AP,prosumer4,concentrator_trafo_1_3,propose,455,6.955657,0
1789091309.437698,37,ciclo1_AC_AP,prosumer20,concentrator_trafo_2_12,propose,356,8.987378,0
1789091309.532798,37,ciclo2_AD_AC,dso,concentrator_trafo_1_3,cfp,100,5.266389,0
1789091309.533229,37,ciclo2_AD_AC,dso,concentrator_trafo_2_12,cfp,100,3.078426,0
1789091309.569334,37,ciclo2_AD_AC,concentrator_trafo_2_12,dso,propose,1162,41.010564,0
1789091309.587916,37,ciclo2_AD_AC,concentrator_trafo_1_3,dso,propose,1252,39.078790,0
1789091309.988033,37,ciclo3_AM_AC_AD,market,dso,cfp,100,2.270221,0
1789091310.020362,37,ciclo3_AM_AC_AD,dso,market,propose,1333,20.526536,0
1789091310.232413,37,ciclo3_AM_AC_AD,market,concentrator_trafo_1_3,cfp,100,6.845033,0
1789091310.233102,37,ciclo3_AM_AC_AD,market,concentrator_trafo_2_12,cfp,100,3.946386,0
1789091310.233599,37,ciclo3_AM_AC_AD,market,dso,cfp,100,1.788582,0
1789091310.285870,37,ciclo3_AM_AC_AD,dso,market,propose,1490,22.789727,0
1789091310.294253,37,ciclo3_AM_AC_AD,concentrator_trafo_2_12,market,propose,1030,17.685700,0
1789091310.325660,37,ciclo3_AM_AC_AD,concentrator_trafo_1_3,market,propose,1227,40.827888,0
1789091310.803637,38,ciclo1_AC_AP,concentrator_trafo_1_3,prosumer3,cfp,100,1.388523,0
1789091310.804311,38,ciclo1_AC_AP,concentrator_trafo_1_3,prosumer4,cfp,100,1.363155,0
1789091310.804822,38,ciclo1_AC_AP,concentrator_trafo_1_3,prosumer5,cfp,100,0.593381,0
1789091310.805347,38,ciclo1_AC_AP,concentrator_trafo_1_3,prosumer6,cfp,100,0.181191,0
1789091310.805502,38,ciclo1_AC_AP,concentrator_trafo_1_3,prosumer7,cfp,100,0.978007,0
1789091310.805748,38,ciclo1_AC_AP,concentrator_trafo_1_3,prosumer8,cfp,100,4.301833,0
1789091310.805861,38,ciclo1_AC_AP,concentrator_trafo_1_3,prosumer9,cfp,100,1.408000,0
1789091310.805969,38,ciclo1_AC_AP,concentrator_trafo_1_3,prosumer10,cfp,100,2.930493,0
1789091310.806072,38,ciclo1_AC_AP,concentrator_trafo_1_3,prosumer11,cfp,100,2.657177,0
1789091310.806798,38,ciclo1_AC_AP,concentrator_trafo_2_12,prosumer12,cfp,100,2.480053,0
1789091310.806933,38,ciclo1_AC_AP,concentrator_trafo_2_12,prosumer13,cfp,100,3.132204,0
1789091310.807051,38,ciclo1_AC_AP,concentrator_trafo_2_12,prosumer14,cfp,100,3.108130,0
1789091310.807166,38,ciclo1_AC_AP,concentrator_trafo_2_12,prosumer15,cfp,100,5.420327,0
1789091310.807279,38,ciclo1_AC_AP,concentrator_trafo_2_12,prosumer16,cfp,100,0.738063,0
1789091310.807389,38,ciclo1_AC_AP,concentrator_trafo_2_12,prosumer17,cfp,100,3.908104,0
1789091310.807497,38,ciclo1_AC_AP,concentrator_trafo_2_12,prosumer18,cfp,100,2.074770,0
1789091310.807608,38,ciclo1_AC_AP,concentrator_trafo_2_12,prosumer19,cfp,100,2.648327,0
1789091310.807728,38,ciclo1_AC_AP,concentrator_trafo_2_12,prosumer20,cfp,100,2.923816,0
1789091310.810021,38,ciclo1_AC_AP,prosumer6,concentrator_trafo_1_3,propose,253,2.028037,0
1789091310.812898,38,ciclo1_AC_AP,prosumer5,concentrator_trafo_1_3,propose,173,3.381013,0
1789091310.818106,38,ciclo1_AC_AP,prosumer16,concentrator_trafo_2_12,propose,481,10.016005,0
1789091310.820088,38,ciclo1_AC_AP,prosumer7,concentrator_trafo_1_3,propose,353,6.316469,0
1789091310.822696,38,ciclo1_AC_AP,prosumer3,concentrator_trafo_1_3,propose,126,0.536339,0
1789091310.824165,38,ciclo1_AC_AP,prosumer4,concentrator_trafo_1_3,propose,418,7.567165,0
1789091310.825671,38,ciclo1_AC_AP,prosumer9,concentrator_trafo_1_3,propose,210,2.867165,0
1789091310.832361,38,ciclo1_AC_AP,prosumer18,concentrator_trafo_2_12,propose,113,2.487907,0
1789091310.835735,38,ciclo1_AC_AP,prosumer12,concentrator_trafo_2_12,propose,281,7.188997,0
1789091310.836710,38,ciclo1_AC_AP,prosumer11,concentrator_trafo_1_3,propose,341,6.299603,0
1789091310.838678,38,ciclo1_AC_AP,prosumer19,concentrator_trafo_2_12,propose,300,4.656952,0
1789091310.839944,38,ciclo1_AC_AP,prosumer10,concentrator_trafo_1_3,propose,105,2.465617,0
1789091310.841395,38,ciclo1_AC_AP,prosumer20,concentrator_trafo_2_12,propose,369,9.108712,0
1789091310.843793,38,ciclo1_AC_AP,prosumer14,concentrator_trafo_2_12,propose,134,3.336934,0
1789091310.845060,38,ciclo1_AC_AP,prosumer13,concentrator_trafo_2_12,propose,451,8.142818,0
1789091310.849290,38,ciclo1_AC_AP,prosumer17,concentrator_trafo_2_12,propose,141,6.010226,0
1789091310.851466,38,ciclo1_AC_AP,prosumer8,concentrator_trafo_1_3,propose,451,14.365937,0
1789091310.863428,38,ciclo1_AC_AP,prosumer15,concentrator_trafo_2_12,propose,479,13.723472,0
1789091311.005856,38,ciclo2_AD_AC,dso,concentrator_trafo_1_3,cfp,100,5.135088,0
1789091311.006618,38,ciclo2_AD_AC,dso,concentrator_trafo_2_12,cfp,100,4.197649,0
1789091311.053789,38,ciclo2_AD_AC,concentrator_trafo_2_12,dso,propose,1473,47.259493,0
1789091311.061172,38,ciclo2_AD_AC,concentrator_trafo_1_3,dso,propose,1342,43.953959,0
1789091311.530807,38,ciclo3_AM_AC_AD,market,dso,cfp,100,3.824701,0
1789091311.578467,38,ciclo3_AM_AC_AD,dso,market,propose,1202,21.964479,0
1789091311.805496,38,ciclo3_AM_AC_AD,market,concentrator_trafo_1_3,cfp,100,1.001548,0
1789091311.806362,38,ciclo3_AM_AC_AD,market,concentrator_trafo_2_12,cfp,100,0.638611,0
1789091311.807146,38,ciclo3_AM_AC_AD,market,dso,cfp,100,0.486979,0
1789091311.849814,38,ciclo3_AM_AC_AD,dso,market,propose,1003,15.070321,0
1789091311.854672,38,ciclo3_AM_AC_AD,concentrator_trafo_2_12,market,propose,1184,20.478586,0
1789091311.856287,38,ciclo3_AM_AC_AD,concentrator_trafo_1_3,market,propose,1021,37.509915,0
1789091312.301768,39,ciclo1_AC_AP,concentrator_trafo_1_3,prosumer3,cfp,100,2.882981,0
1789091312.302705,39,ciclo1_AC_AP,concentrator_trafo_1_3,prosumer4,cfp,100,3.443009,0
1789091312.303641,39,ciclo1_AC_AP,concentrator_trafo_1_3,prosumer5,cfp,100,3.766942,0
1789091312.304487,39,ciclo1_AC_AP,concentrator_trafo_1_3,prosumer6,cfp,100,3.861146,0
1789091312.305118,39,ciclo1_AC_AP,concentrator_trafo_1_3,prosumer7,cfp,100,2.748011,0
1789091312.305532,39,ciclo1_AC_AP,concentrator_trafo_1_3,prosumer8,cfp,100,4.946921,0
1789091312.305942,39,ciclo1_AC_AP,concentrator_trafo_1_3,prosumer9,cfp,100,1.959889,0
1789091312.306327,39,ciclo1_AC_AP,concentrator_trafo_1_3,prosumer10,cfp,100,1.456145,0
1789091312.306580,39,ciclo1_AC_AP,concentrator_trafo_1_3,prosumer11,cfp,100,0.083892,0
1789091312.307512,39,ciclo1_AC_AP,concentrator_trafo_2_12,prosumer12,cfp,100,3.024637,0
1789091312.307875,39,ciclo1_AC_AP,concentrator_trafo_2_12,prosumer13,cfp,100,1.590448,0
1789091312.308176,39,ciclo1_AC_AP,concentrator_trafo_2_12,prosumer14,cfp,100,1.128527,0
1789091312.308395,39,ciclo1_AC_AP,concentrator_trafo_2_12,prosumer15,cfp,100,5.808700,0
1789091312.308504,39,ciclo1_AC_AP,concentrator_trafo_2_12,prosumer16,cfp,100,3.675578,0
1789091312.308619,39,ciclo1_AC_AP,concentrator_trafo_2_12,prosumer17,cfp,100,0.515563,0
1789091312.308729,39,ciclo1_AC_AP,concentrator_trafo_2_12,prosumer18,cfp,100,1.544729,0
1789091312.308849,39,ciclo1_AC_AP,concentrator_trafo_2_12,prosumer19,cfp,100,2.332635,0
1789091312.308954,39,ciclo1_AC_AP,concentrator_trafo_2_12,prosumer20,cfp,100,2.838286,0
1789091312.311228,39,ciclo1_AC_AP,prosumer11,concentrator_trafo_1_3,propose,159,3.975718,0
1789091312.317073,39,ciclo1_AC_AP,prosumer17,concentrator_trafo_2_12,propose,417,9.862568,0
1789091312.323242,39,ciclo1_AC_AP,prosumer14,concentrator_trafo_2_12,propose,101,0.029770,0
1789091312.325443,39,ciclo1_AC_AP,prosumer10,concentrator_trafo_1_3,propose,238,4.863182,0
1789091312.328936,39,ciclo1_AC_AP,prosumer13,concentrator_trafo_2_12,propose,427,7.524317,0
1789091312.329958,39,ciclo1_AC_AP,prosumer18,concentrator_trafo_2_12,propose,458,7.674432,0
1789091312.331305,39,ciclo1_AC_AP,prosumer9,concentrator_trafo_1_3,propose,249,2.343856,0
1789091312.333448,39,ciclo1_AC_AP,prosumer3,concentrator_trafo_1_3,propose,472,6.884892,0
1789091312.336034,39,ciclo1_AC_AP,prosumer19,concentrator_trafo_2_12,propose,216,2.744937,0
1789091312.337120,39,ciclo1_AC_AP,prosumer7,concentrator_trafo_1_3,propose,172,2.416735,0
1789091312.339391,39,ciclo1_AC_AP,prosumer4,concentrator_trafo_1_3,propose,484,8.433858,0
1789091312.340453,39,ciclo1_AC_AP,prosumer20,concentrator_trafo_2_12,propose,393,14.336344,0
1789091312.341529,39,ciclo1_AC_AP,prosumer12,concentrator_trafo_2_12,propose,247,5.281484,0
1789091312.342536,39,ciclo1_AC_AP,prosumer5,concentrator_trafo_1_3,propose,197,4.280909,0
1789091312.344556,39,ciclo1_AC_AP,prosumer6,concentrator_trafo_1_3,propose,153,3.014371,0
1789091312.346795,39,ciclo1_AC_AP,prosumer16,concentrator_trafo_2_12,propose,322,5.692784,0
1789091312.358423,39,ciclo1_AC_AP,prosumer8,concentrator_trafo_1_3,propose,335,10.654077,0
1789091312.368694,39,ciclo1_AC_AP,prosumer15,concentrator_trafo_2_12,propose,466,14.588125,0
1789091312.520206,39,ciclo2_AD_AC,dso,concentrator_trafo_1_3,cfp,100,4.828521,0
1789091312.520832,39,ciclo2_AD_AC,dso,concentrator_trafo_2_12,cfp,100,0.508368,0
1789091312.528834,39,ciclo2_AD_AC,concentrator_trafo_2_12,dso,propose,1169,42.776278,0
1789091312.573696,39,ciclo2_AD_AC,concentrator_trafo_1_3,dso,propose,1196,42.406260,0
1789091313.003649,39,ciclo3_AM_AC_AD,market,dso,cfp,100,1.116120,0
1789091313.047259,39,ciclo3_AM_AC_AD,dso,market,propose,1086,17.708952,0
1789091313.231095,39,ciclo3_AM_AC_AD,market,concentrator_trafo_1_3,cfp,100,2.280597,0
1789091313.231668,39,ciclo3_AM_AC_AD,market,concentrator_trafo_2_12,cfp,100,1.340216,0
1789091313.232072,39,ciclo3_AM_AC_AD,market,dso,cfp,100,3.436007,0
1789091313.270276,39,ciclo3_AM_AC_AD,concentrator_trafo_2_12,market,propose,1169,21.704469,0
1789091313.283862,39,ciclo3_AM_AC_AD,concentrator_trafo_1_3,market,propose,1215,41.970137,0
1789091313.296656,39,ciclo3_AM_AC_AD,dso,market,propose,1331,21.661402,0
1789091313.770448,40,ciclo1_AC_AP,concentrator_trafo_1_3,prosumer3,cfp,100,3.241051,0
1789091313.771460,40,ciclo1_AC_AP,concentrator_trafo_1_3,prosumer4,cfp,100,2.435942,0
1789091313.772341,40,ciclo1_AC_AP,concentrator_trafo_1_3,prosumer5,cfp,100,2.984867,0
1789091313.773115,40,ciclo1_AC_AP,concentrator_trafo_1_3,prosumer6,cfp,100,0.470473,0
1789091313.773792,40,ciclo1_AC_AP,concentrator_trafo_1_3,prosumer7,cfp,100,3.376581,0
1789091313.774224,40,ciclo1_AC_AP,concentrator_trafo_1_3,prosumer8,cfp,100,3.023574,0
1789091313.774533,40,ciclo1_AC_AP,concentrator_trafo_1_3,prosumer9,cfp,100,0.342915,0
1789091313.774776,40,ciclo1_AC_AP,concentrator_trafo_1_3,prosumer10,cfp,100,2.776201,0
1789091313.774944,40,ciclo1_AC_AP,concentrator_trafo_1_3,prosumer11,cfp,100,3.423122,0
1789091313.775741,40,ciclo1_AC_AP,concentrator_trafo_2_12,prosumer12,cfp,100,1.954102,0
1789091313.775909,40,ciclo1_AC_AP,concentrator_trafo_2_12,prosumer13,cfp,100,0.409461,0
1789091313.776052,40,ciclo1_AC_AP,concentrator_trafo_2_12,prosumer14,cfp,100,0.415950,0
1789091313.776189,40,ciclo1_AC_AP,concentrator_trafo_2_12,prosumer15,cfp,100,2.466577,0
1789091313.776322,40,ciclo1_AC_AP,concentrator_trafo_2_12,prosumer16,cfp,100,2.512981,0
1789091313.776465,40,ciclo1_AC_AP,concentrator_trafo_2_12,prosumer17,cfp,100,0.134378,0
1789091313.776607,40,ciclo1_AC_AP,concentrator_trafo_2_12,prosumer18,cfp,100,0.252837,0
1789091313.776744,40,ciclo1_AC_AP,concentrator_trafo_2_12,prosumer19,cfp,100,3.985659,0
1789091313.776878,40,ciclo1_AC_AP,concentrator_trafo_2_12,prosumer20,cfp,100,3.102055,0
1789091313.781353,40,ciclo1_AC_AP,prosumer17,concentrator_trafo_2_12,propose,451,8.607763,0
1789091313.783144,40,ciclo1_AC_AP,prosumer6,concentrator_trafo_1_3,propose,322,5.649601,0
1789091313.784778,40,ciclo1_AC_AP,prosumer9,concentrator_trafo_1_3,propose,175,5.873904,0
1789091313.786868,40,ciclo1_AC_AP,prosumer18,concentrator_trafo_2_12,propose,329,6.964398,0
1789091313.789098,40,ciclo1_AC_AP,prosumer13,concentrator_trafo_2_12,propose,462,7.953988,0
1789091313.790491,40,ciclo1_AC_AP,prosumer14,concentrator_trafo_2_12,propose,175,2.137769,0
1789091313.798474,40,ciclo1_AC_AP,prosumer12,concentrator_trafo_2_12,propose,368,5.783958,0
1789091313.799720,40,ciclo1_AC_AP,prosumer4,concentrator_trafo_1_3,propose,261,6.245443,0
1789091313.802963,40,ciclo1_AC_AP,prosumer15,concentrator_trafo_2_12,propose,166,9.535342,0
1789091313.804827,40,ciclo1_AC_AP,prosumer16,concentrator_trafo_2_12,propose,206,5.544845,0
1789091313.805907,40,ciclo1_AC_AP,prosumer5,concentrator_trafo_1_3,propose,195,4.789569,0
1789091313.806914,40,ciclo1_AC_AP,prosumer10,concentrator_trafo_1_3,propose,327,7.167103,0
1789091313.807523,40,ciclo1_AC_AP,prosumer3,concentrator_trafo_1_3,propose,278,7.216568,0
1789091313.808543,40,ciclo1_AC_AP,prosumer8,concentrator_trafo_1_3,propose,299,12.108673,0
1789091313.809295,40,ciclo1_AC_AP,prosumer7,concentrator_trafo_1_3,propose,318,7.503952,0
1789091313.809890,40,ciclo1_AC_AP,prosumer20,concentrator_trafo_2_12,propose,351,11.412017,0
1789091313.810484,40,ciclo1_AC_AP,prosumer11,concentrator_trafo_1_3,propose,299,5.304587,0
1789091313.818431,40,ciclo1_AC_AP,prosumer19,concentrator_trafo_2_12,propose,473,9.804561,0
1789091313.934249,40,ciclo2_AD_AC,dso,concentrator_trafo_1_3,cfp,100,5.205138,0
1789091313.934810,40,ciclo2_AD_AC,dso,concentrator_trafo_2_12,cfp,100,4.110474,0
1789091313.981400,40,ciclo2_AD_AC,concentrator_trafo_2_12,dso,propose,1112,33.089562,0
1789091313.989963,40,ciclo2_AD_AC,concentrator_trafo_1_3,dso,propose,1407,48.607529,0
1789091314.483388,40,ciclo3_AM_AC_AD,market,dso,cfp,100,0.076109,0
1789091314.491333,40,ciclo3_AM_AC_AD,dso,market,propose,1100,17.093339,0
1789091314.669752,40,ciclo3_AM_AC_AD,market,concentrator_trafo_1_3,cfp,100,5.111883,0
1789091314.670812,40,ciclo3_AM_AC_AD,market,concentrator_trafo_2_12,cfp,100,3.663159,0
1789091314.671767,40,ciclo3_AM_AC_AD,market,dso,cfp,100,3.290897,0
1789091314.737247,40,ciclo3_AM_AC_AD,dso,market,propose,1224,20.964829,0
1789091314.738066,40,ciclo3_AM_AC_AD,concentrator_trafo_2_12,market,propose,1481,23.553124,0
1789091314.741442,40,ciclo3_AM_AC_AD,concentrator_trafo_1_3,market,propose,1104,36.102749,0
1789091315.173284,41,ciclo1_AC_AP,concentrator_trafo_1_3,prosumer3,cfp,100,1.853072,0
1789091315.174591,41,ciclo1_AC_AP,concentrator_trafo_1_3,prosumer4,cfp,100,1.780819,0
1789091315.175925,41,ciclo1_AC_AP,concentrator_trafo_1_3,prosumer5,cfp,100,2.105881,0
1789091315.176644,41,ciclo1_AC_AP,concentrator_trafo_1_3,prosumer6,cfp,100,2.574594,0
1789091315.177298,41,ciclo1_AC_AP,concentrator_trafo_1_3,prosumer7,cfp,100,1.291161,0
1789091315.177917,41,ciclo1_AC_AP,concentrator_trafo_1_3,prosumer8,cfp,100,5.002970,0
1789091315.178276,41,ciclo1_AC_AP,concentrator_trafo_1_3,prosumer9,cfp,100,2.815198,0
1789091315.178612,41,ciclo1_AC_AP,concentrator_trafo_1_3,prosumer10,cfp,100,2.592591,0
1789091315.178927,41,ciclo1_AC_AP,concentrator_trafo_1_3,prosumer11,cfp,100,0.550814,0
1789091315.179842,41,ciclo1_AC_AP,concentrator_trafo_2_12,prosumer12,cfp,100,2.039370,0
1789091315.180033,41,ciclo1_AC_AP,concentrator_trafo_2_12,prosumer13,cfp,100,1.216071,0
1789091315.180150,41,ciclo1_AC_AP,concentrator_trafo_2_12,prosumer14,cfp,100,0.415901,0
1789091315.180254,41,ciclo1_AC_AP,concentrator_trafo_2_12,prosumer15,cfp,100,2.376702,0
1789091315.180368,41,ciclo1_AC_AP,concentrator_trafo_2_12,prosumer16,cfp,100,3.048988,0
1789091315.180465,41,ciclo1_AC_AP,concentrator_trafo_2_12,prosumer17,cfp,100,0.824903,0
1789091315.180569,41,ciclo1_AC_AP,concentrator_trafo_2_12,prosumer18,cfp,100,0.867037,0
1789091315.180669,41,ciclo1_AC_AP,concentrator_trafo_2_12,prosumer19,cfp,100,3.404097,0
1789091315.180766,41,ciclo1_AC_AP,concentrator_trafo_2_12,prosumer20,cfp,100,3.094070,0
1789091315.188140,41,ciclo1_AC_AP,prosumer14,concentrator_trafo_2_12,propose,400,7.723619,0
1789091315.189398,41,ciclo1_AC_AP,prosumer11,concentrator_trafo_1_3,propose,463,8.993972,0
1789091315.192679,41,ciclo1_AC_AP,prosumer17,concentrator_trafo_2_12,propose,125,3.258666,0
1789091315.194134,41,ciclo1_AC_AP,prosumer18,concentrator_trafo_2_12,propose,298,7.428706,0
1789091315.196085,41,ciclo1_AC_AP,prosumer7,concentrator_trafo_1_3,propose,117,3.054491,0
1789091315.198521,41,ciclo1_AC_AP,prosumer3,concentrator_trafo_1_3,propose,219,2.522399,0
1789091315.199866,41,ciclo1_AC_AP,prosumer13,concentrator_trafo_2_12,propose,424,9.390051,0
1789091315.201174,41,ciclo1_AC_AP,prosumer4,concentrator_trafo_1_3,propose,143,5.709858,0
1789091315.202920,41,ciclo1_AC_AP,prosumer5,concentrator_trafo_1_3,propose,195,2.647756,0
1789091315.204482,41,ciclo1_AC_AP,prosumer12,concentrator_trafo_2_12,propose,286,6.883802,0
1789091315.206716,41,ciclo1_AC_AP,prosumer6,concentrator_trafo_1_3,propose,129,5.063402,0
1789091315.208345,41,ciclo1_AC_AP,prosumer15,concentrator_trafo_2_12,propose,480,16.053649,0
1789091315.209277,41,ciclo1_AC_AP,prosumer10,concentrator_trafo_1_3,propose,426,6.178713,0
1789091315.210505,41,ciclo1_AC_AP,prosumer9,concentrator_trafo_1_3,propose,446,6.603346,0
1789091315.213468,41,ciclo1_AC_AP,prosumer16,concentrator_trafo_2_12,propose,188,5.858233,0
1789091315.214297,41,ciclo1_AC_AP,prosumer20,concentrator_trafo_2_12,propose,219,7.747945,0
1789091315.216885,41,ciclo1_AC_AP,prosumer19,concentrator_trafo_2_12,propose,412,7.403692,0
1789091315.229796,41,ciclo1_AC_AP,prosumer8,concentrator_trafo_1_3,propose,252,7.461315,0
1789091315.374866,41,ciclo2_AD_AC,dso,concentrator_trafo_1_3,cfp,100,0.331255,0
1789091315.375610,41,ciclo2_AD_AC,dso,concentrator_trafo_2_12,cfp,100,2.745188,0
1789091315.382063,41,ciclo2_AD_AC,concentrator_trafo_1_3,dso,propose,1313,46.941050,0
1789091315.406590,41,ciclo2_AD_AC,concentrator_trafo_2_12,dso,propose,1044,33.549141,0
1789091315.856479,41,ciclo3_AM_AC_AD,market,dso,cfp,100,0.858792,0
1789091315.874847,41,ciclo3_AM_AC_AD,dso,market,propose,1360,23.853682,0
1789091316.121026,41,ciclo3_AM_AC_AD,market,concentrator_trafo_1_3,cfp,100,3.369848,0
1789091316.121819,41,ciclo3_AM_AC_AD,market,concentrator_trafo_2_12,cfp,100,0.877132,0
1789091316.122391,41,ciclo3_AM_AC_AD,market,dso,cfp,100,1.707290,0
1789091316.155993,41,ciclo3_AM_AC_AD,concentrator_trafo_2_12,market,propose,1444,22.339312,0
1789091316.168850,41,ciclo3_AM_AC_AD,dso,market,propose,1262,20.004035,0
1789091316.175123,41,ciclo3_AM_AC_AD,concentrator_trafo_1_3,market,propose,1384,47.157434,0
1789091316.717654,42,ciclo1_AC_AP,concentrator_trafo_1_3,prosumer3,cfp,100,1.194804,0
1789091316.718602,42,ciclo1_AC_AP,concentrator_trafo_1_3,prosumer4,cfp,100,3.474245,0
1789091316.719334,42,ciclo1_AC_AP,concentrator_trafo_1_3,prosumer5,cfp,100,0.157493,0
1789091316.720060,42,ciclo1_AC_AP,concentrator_trafo_1_3,prosumer6,cfp,100,0.870482,0
1789091316.720425,42,ciclo1_AC_AP,concentrator_trafo_1_3,prosumer7,cfp,100,1.400053,0
1789091316.720583,42,ciclo1_AC_AP,concentrator_trafo_1_3,prosumer8,cfp,100,4.893758,0
1789091316.720824,42,ciclo1_AC_AP,concentrator_trafo_1_3,prosumer9,cfp,100,3.216579,0
1789091316.721043,42,ciclo1_AC_AP,concentrator_trafo_1_3,prosumer10,cfp,100,2.775333,0
1789091316.721176,42,ciclo1_AC_AP,concentrator_trafo_1_3,prosumer11,cfp,100,3.593594,0
1789091316.721878,42,ciclo1_AC_AP,concentrator_trafo_2_12,prosumer12,cfp,100,1.967084,0
1789091316.722005,42,ciclo1_AC_AP,concentrator_trafo_2_12,prosumer13,cfp,100,2.165117,0
1789091316.722131,42,ciclo1_AC_AP,concentrator_trafo_2_12,prosumer14,cfp,100,3.384091,0
1789091316.722235,42,ciclo1_AC_AP,concentrator_trafo_2_12,prosumer15,cfp,100,1.002989,0
1789091316.722337,42,ciclo1_AC_AP,concentrator_trafo_2_12,prosumer16,cfp,100,0.894888,0
1789091316.722441,42,ciclo1_AC_AP,concentrator_trafo_2_12,prosumer17,cfp,100,2.268647,0
1789091316.722551,42,ciclo1_AC_AP,concentrator_trafo_2_12,prosumer18,cfp,100,2.899154,0
1789091316.722655,42,ciclo1_AC_AP,concentrator_trafo_2_12,prosumer19,cfp,100,1.020080,0
1789091316.722758,42,ciclo1_AC_AP,concentrator_trafo_2_12,prosumer20,cfp,100,5.030976,0
1789091316.724948,42,ciclo1_AC_AP,prosumer5,concentrator_trafo_1_3,propose,245,4.938101,0
1789091316.732279,42,ciclo1_AC_AP,prosumer6,concentrator_trafo_1_3,propose,494,8.908151,0
1789091316.734456,42,ciclo1_AC_AP,prosumer3,concentrator_trafo_1_3,propose,280,4.356780,0
1789091316.736724,42,ciclo1_AC_AP,prosumer16,concentrator_trafo_2_12,propose,310,7.981643,0
1789091316.737701,42,ciclo1_AC_AP,prosumer15,concentrator_trafo_2_12,propose,334,12.063226,0
1789091316.739250,42,ciclo1_AC_AP,prosumer19,concentrator_trafo_2_12,propose,127,3.650361,0
1789091316.740655,42,ciclo1_AC_AP,prosumer7,concentrator_trafo_1_3,propose,423,8.795808,0
1789091316.743485,42,ciclo1_AC_AP,prosumer12,concentrator_trafo_2_12,propose,456,9.795559,0
1789091316.745456,42,ciclo1_AC_AP,prosumer13,concentrator_trafo_2_12,propose,364,5.494126,0
1789091316.747252,42,ciclo1_AC_AP,prosumer17,concentrator_trafo_2_12,propose,440,6.652330,0
1789091316.750781,42,ciclo1_AC_AP,prosumer10,concentrator_trafo_1_3,propose,432,9.452681,0
1789091316.753753,42,ciclo1_AC_AP,prosumer18,concentrator_trafo_2_12,propose,380,7.550334,0
1789091316.755807,42,ciclo1_AC_AP,prosumer9,concentrator_trafo_1_3,propose,476,6.858457,0
1789091316.756949,42,ciclo1_AC_AP,prosumer4,concentrator_trafo_1_3,propose,320,7.721923,0
1789091316.758742,42,ciclo1_AC_AP,prosumer14,concentrator_trafo_2_12,propose,397,6.838801,0
1789091316.759799,42,ciclo1_AC_AP,prosumer11,concentrator_trafo_1_3,propose,332,6.393250,0
1789091316.773188,42,ciclo1_AC_AP,prosumer8,concentrator_trafo_1_3,propose,350,11.252429,0
1789091316.775875,42,ciclo1_AC_AP,prosumer20,concentrator_trafo_2_12,propose,230,7.813546,0
1789091316.890918,42,ciclo2_AD_AC,dso,concentrator_trafo_1_3,cfp,100,3.787847,0
1789091316.891610,42,ciclo2_AD_AC,dso,concentrator_trafo_2_12,cfp,100,4.640452,0
1789091316.932599,42,ciclo2_AD_AC,concentrator_trafo_1_3,dso,propose,1360,43.581397,0
1789091316.942809,42,ciclo2_AD_AC,concentrator_trafo_2_12,dso,propose,1243,39.317621,0
1789091317.375248,42,ciclo3_AM_AC_AD,market,dso,cfp,100,0.718843,0
1789091317.391723,42,ciclo3_AM_AC_AD,dso,market,propose,1110,16.690621,0
1789091317.565016,42,ciclo3_AM_AC_AD,market,concentrator_trafo_1_3,cfp,100,4.618781,0
1789091317.565733,42,ciclo3_AM_AC_AD,market,concentrator_trafo_2_12,cfp,100,1.426515,0
1789091317.566392,42,ciclo3_AM_AC_AD,market,dso,cfp,100,2.951791,0
1789091317.611841,42,ciclo3_AM_AC_AD,concentrator_trafo_2_12,market,propose,1172,21.322444,0
1789091317.628713,42,ciclo3_AM_AC_AD,dso,market,propose,1136,19.465177,0
1789091317.631496,42,ciclo3_AM_AC_AD,concentrator_trafo_1_3,market,propose,1021,36.793852,0
1789091318.066790,43,ciclo1_AC_AP,concentrator_trafo_1_3,prosumer3,cfp,100,0.514662,0
1789091318.066988,43,ciclo1_AC_AP,concentrator_trafo_1_3,prosumer4,cfp,100,1.325709,0
1789091318.067121,43,ciclo1_AC_AP,concentrator_trafo_1_3,prosumer5,cfp,100,2.617759,0
1789091318.067238,43,ciclo1_AC_AP,concentrator_trafo_1_3,prosumer6,cfp,100,3.125449,0
1789091318.067347,43,ciclo1_AC_AP,concentrator_trafo_1_3,prosumer7,cfp,100,1.174715,0
1789091318.067456,43,ciclo1_AC_AP,concentrator_trafo_1_3,prosumer8,cfp,100,3.146541,0
1789091318.067567,43,ciclo1_AC_AP,concentrator_trafo_1_3,prosumer9,cfp,100,3.314525,0
1789091318.067675,43,ciclo1_AC_AP,concentrator_trafo_1_3,prosumer10,cfp,100,0.222196,0
1789091318.067779,43,ciclo1_AC_AP,concentrator_trafo_1_3,prosumer11,cfp,100,3.636543,0
1789091318.068476,43,ciclo1_AC_AP,concentrator_trafo_2_12,prosumer12,cfp,100,2.946571,0
1789091318.068629,43,ciclo1_AC_AP,concentrator_trafo_2_12,prosumer13,cfp,100,2.901724,0
1789091318.068743,43,ciclo1_AC_AP,concentrator_trafo_2_12,prosumer14,cfp,100,0.083691,0
1789091318.068851,43,ciclo1_AC_AP,concentrator_trafo_2_12,prosumer15,cfp,100,3.411237,0
1789091318.068954,43,ciclo1_AC_AP,concentrator_trafo_2_12,prosumer16,cfp,100,3.058212,0
1789091318.069057,43,ciclo1_AC_AP,concentrator_trafo_2_12,prosumer17,cfp,100,2.211427,0
1789091318.069159,43,ciclo1_AC_AP,concentrator_trafo_2_12,prosumer18,cfp,100,3.185746,0
1789091318.069265,43,ciclo1_AC_AP,concentrator_trafo_2_12,prosumer19,cfp,100,1.930469,0
1789091318.069431,43,ciclo1_AC_AP,concentrator_trafo_2_12,prosumer20,cfp,100,4.118621,0
1789091318.072845,43,ciclo1_AC_AP,prosumer14,concentrator_trafo_2_12,propose,122,3.442519,0
1789091318.074157,43,ciclo1_AC_AP,prosumer10,concentrator_trafo_1_3,propose,126,1.695680,0
1789091318.076535,43,ciclo1_AC_AP,prosumer3,concentrator_trafo_1_3,propose,183,4.351888,0
1789091318.082790,43,ciclo1_AC_AP,prosumer7,concentrator_trafo_1_3,propose,279,7.189921,0
1789091318.084654,43,ciclo1_AC_AP,prosumer4,concentrator_trafo_1_3,propose,101,1.987671,0
1789091318.091510,43,ciclo1_AC_AP,prosumer19,concentrator_trafo_2_12,propose,248,3.999796,0
1789091318.094894,43,ciclo1_AC_AP,prosumer17,concentrator_trafo_2_12,propose,435,7.103137,0
1789091318.096818,43,ciclo1_AC_AP,prosumer5,concentrator_trafo_1_3,propose,103,0.488172,0
1789091318.100163,43,ciclo1_AC_AP,prosumer13,concentrator_trafo_2_12,propose,171,4.078841,0
1789091318.100902,43,ciclo1_AC_AP,prosumer12,concentrator_trafo_2_12,propose,132,4.258639,0
1789091318.102356,43,ciclo1_AC_AP,prosumer6,concentrator_trafo_1_3,propose,319,7.424764,0
1789091318.103903,43,ciclo1_AC_AP,prosumer8,concentrator_trafo_1_3,propose,448,17.679810,0
1789091318.104943,43,ciclo1_AC_AP,prosumer16,concentrator_trafo_2_12,propose,213,2.376045,0
1789091318.105686,43,ciclo1_AC_AP,prosumer9,concentrator_trafo_1_3,propose,411,9.358862,0
1789091318.106430,43,ciclo1_AC_AP,prosumer18,concentrator_trafo_2_12,propose,303,5.355322,0
1789091318.107953,43,ciclo1_AC_AP,prosumer15,concentrator_trafo_2_12,propose,385,15.362420,0
1789091318.108778,43,ciclo1_AC_AP,prosumer11,concentrator_trafo_1_3,propose,213,2.462447,0
1789091318.112569,43,ciclo1_AC_AP,prosumer20,concentrator_trafo_2_12,propose,332,13.920785,0
1789091318.285452,43,ciclo2_AD_AC,dso,concentrator_trafo_1_3,cfp,100,5.426683,0
1789091318.285852,43,ciclo2_AD_AC,dso,concentrator_trafo_2_12,cfp,100,2.274918,0
1789091318.313827,43,ciclo2_AD_AC,concentrator_trafo_2_12,dso,propose,1098,37.703949,0
1789091318.342947,43,ciclo2_AD_AC,concentrator_trafo_1_3,dso,propose,1173,43.495357,0
1789091318.782324,43,ciclo3_AM_AC_AD,market,dso,cfp,100,0.425677,0
1789091318.794816,43,ciclo3_AM_AC_AD,dso,market,propose,1311,23.943242,0
1789091319.041816,43,ciclo3_AM_AC_AD,market,concentrator_trafo_1_3,cfp,100,2.761781,0
1789091319.042673,43,ciclo3_AM_AC_AD,market,concentrator_trafo_2_12,cfp,100,1.795810,0
1789091319.043225,43,ciclo3_AM_AC_AD,market,dso,cfp,100,2.259017,0
1789091319.096167,43,ciclo3_AM_AC_AD,concentrator_trafo_2_12,market,propose,1052,17.922391,0
1789091319.101074,43,ciclo3_AM_AC_AD,dso,market,propose,1310,21.051450,0
1789091319.105661,43,ciclo3_AM_AC_AD,concentrator_trafo_1_3,market,propose,1452,44.858241,0
1789091319.623440,44,ciclo1_AC_AP,concentrator_trafo_1_3,prosumer3,cfp,100,2.420448,0
1789091319.624676,44,ciclo1_AC_AP,concentrator_trafo_1_3,prosumer4,cfp,100,1.180742,0
1789091319.625613,44,ciclo1_AC_AP,concentrator_trafo_1_3,prosumer5,cfp,100,3.454077,0
1789091319.626573,44,ciclo1_AC_AP,concentrator_trafo_1_3,prosumer6,cfp,100,0.886571,0
1789091319.627362,44,ciclo1_AC_AP,concentrator_trafo_1_3,prosumer7,cfp,100,3.049225,0
1789091319.627776,44,ciclo1_AC_AP,concentrator_trafo_1_3,prosumer8,cfp,100,6.690049,0
1789091319.628410,44,ciclo1_AC_AP,concentrator_trafo_1_3,prosumer9,cfp,100,3.311286,0
1789091319.628701,44,ciclo1_AC_AP,concentrator_trafo_1_3,prosumer10,cfp,100,1.935201,0
1789091319.628968,44,ciclo1_AC_AP,concentrator_trafo_1_3,prosumer11,cfp,100,2.189383,0
1789091319.629872,44,ciclo1_AC_AP,concentrator_trafo_2_12,prosumer12,cfp,100,2.529787,0
1789091319.630117,44,ciclo1_AC_AP,concentrator_trafo_2_12,prosumer13,cfp,100,3.854472,0
1789091319.630328,44,ciclo1_AC_AP,concentrator_trafo_2_12,prosumer14,cfp,100,3.905105,0
1789091319.630451,44,ciclo1_AC_AP,concentrator_trafo_2_12,prosumer15,cfp,100,3.621750,0
1789091319.630651,44,ciclo1_AC_AP,concentrator_trafo_2_12,prosumer16,cfp,100,0.430567,0
1789091319.630964,44,ciclo1_AC_AP,concentrator_trafo_2_12,prosumer17,cfp,100,2.767893,0
1789091319.631270,44,ciclo1_AC_AP,concentrator_trafo_2_12,prosumer18,cfp,100,3.763698,0
1789091319.631480,44,ciclo1_AC_AP,concentrator_trafo_2_12,prosumer19,cfp,100,2.895330,0
1789091319.631612,44,ciclo1_AC_AP,concentrator_trafo_2_12,prosumer20,cfp,100,1.542832,0
1789091319.640104,44,ciclo1_AC_AP,prosumer16,concentrator_trafo_2_12,propose,143,4.972634,0
1789091319.642002,44,ciclo1_AC_AP,prosumer6,concentrator_trafo_1_3,propose,263,5.094109,0
1789091319.643317,44,ciclo1_AC_AP,prosumer4,concentrator_trafo_1_3,propose,265,6.073193,0
1789091319.650645,44,ciclo1_AC_AP,prosumer20,concentrator_trafo_2_12,propose,374,9.390568,0
1789091319.652231,44,ciclo1_AC_AP,prosumer3,concentrator_trafo_1_3,propose,333,7.645151,0
1789091319.653648,44,ciclo1_AC_AP,prosumer10,concentrator_trafo_1_3,propose,266,6.074970,0
1789091319.655780,44,ciclo1_AC_AP,prosumer11,concentrator_trafo_1_3,propose,230,2.467786,0
1789091319.657841,44,ciclo1_AC_AP,prosumer12,concentrator_trafo_2_12,propose,114,2.877204,0
1789091319.659827,44,ciclo1_AC_AP,prosumer7,concentrator_trafo_1_3,propose,367,6.334466,0
1789091319.662359,44,ciclo1_AC_AP,prosumer17,concentrator_trafo_2_12,propose,122,0.141319,0
1789091319.664239,44,ciclo1_AC_AP,prosumer5,concentrator_trafo_1_3,propose,197,4.020433,0
1789091319.665620,44,ciclo1_AC_AP,prosumer19,concentrator_trafo_2_12,propose,288,4.541838,0
1789091319.667633,44,ciclo1_AC_AP,prosumer9,concentrator_trafo_1_3,propose,141,2.674904,0
1789091319.670351,44,ciclo1_AC_AP,prosumer15,concentrator_trafo_2_12,propose,207,9.538900,0
1789091319.672444,44,ciclo1_AC_AP,prosumer13,concentrator_trafo_2_12,propose,368,7.749689,0
1789091319.673425,44,ciclo1_AC_AP,prosumer18,concentrator_trafo_2_12,propose,277,7.800358,0
1789091319.674983,44,ciclo1_AC_AP,prosumer14,concentrator_trafo_2_12,propose,196,4.488409,0
1789091319.698113,44,ciclo1_AC_AP,prosumer8,concentrator_trafo_1_3,propose,203,6.959024,0
1789091319.772187,44,ciclo2_AD_AC,dso,concentrator_trafo_1_3,cfp,100,5.148917,0
1789091319.773053,44,ciclo2_AD_AC,dso,concentrator_trafo_2_12,cfp,100,3.413900,0
1789091319.809818,44,ciclo2_AD_AC,concentrator_trafo_2_12,dso,propose,1128,37.496472,0
1789091319.826338,44,ciclo2_AD_AC,concentrator_trafo_1_3,dso,propose,1344,46.447871,0
1789091320.295357,44,ciclo3_AM_AC_AD,market,dso,cfp,100,2.978096,0
1789091320.337391,44,ciclo3_AM_AC_AD,dso,market,propose,1373,22.626107,0
1789091320.570584,44,ciclo3_AM_AC_AD,market,concentrator_trafo_1_3,cfp,100,3.079684,0
1789091320.571376,44,ciclo3_AM_AC_AD,market,concentrator_trafo_2_12,cfp,100,0.879531,0
1789091320.572277,44,ciclo3_AM_AC_AD,market,dso,cfp,100,0.414181,0
1789091320.617509,44,ciclo3_AM_AC_AD,dso,market,propose,1376,22.534963,0
1789091320.619076,44,ciclo3_AM_AC_AD,concentrator_trafo_2_12,market,propose,1154,22.100302,0
1789091320.628964,44,ciclo3_AM_AC_AD,concentrator_trafo_1_3,market,propose,1159,41.717913,0
1789091321.115653,45,ciclo1_AC_AP,concentrator_trafo_1_3,prosumer3,cfp,100,0.854842,0
1789091321.116084,45,ciclo1_AC_AP,concentrator_trafo_1_3,prosumer4,cfp,100,2.576591,0
1789091321.116577,45,ciclo1_AC_AP,concentrator_trafo_1_3,prosumer5,cfp,100,1.821307,0
1789091321.117038,45,ciclo1_AC_AP,concentrator_trafo_1_3,prosumer6,cfp,100,3.075482,0
1789091321.117404,45,ciclo1_AC_AP,concentrator_trafo_1_3,prosumer7,cfp,100,3.273759,0
1789091321.117806,45,ciclo1_AC_AP,concentrator_trafo_1_3,prosumer8,cfp,100,4.811128,0
1789091321.118250,45,ciclo1_AC_AP,concentrator_trafo_1_3,prosumer9,cfp,100,1.816678,0
1789091321.118625,45,ciclo1_AC_AP,concentrator_trafo_1_3,prosumer10,cfp,100,1.084869,0
1789091321.119021,45,ciclo1_AC_AP,concentrator_trafo_1_3,prosumer11,cfp,100,2.652475,0
1789091321.120381,45,ciclo1_AC_AP,concentrator_trafo_2_12,prosumer12,cfp,100,0.978151,0
1789091321.120748,45,ciclo1_AC_AP,concentrator_trafo_2_12,prosumer13,cfp,100,3.883388,0
1789091321.121326,45,ciclo1_AC_AP,concentrator_trafo_2_12,prosumer14,cfp,100,2.127977,0
1789091321.121772,45,ciclo1_AC_AP,concentrator_trafo_2_12,prosumer15,cfp,100,3.271020,0
1789091321.122183,45,ciclo1_AC_AP,concentrator_trafo_2_12,prosumer16,cfp,100,3.511368,0
1789091321.122621,45,ciclo1_AC_AP,concentrator_trafo_2_12,prosumer17,cfp,100,1.173789,0
1789091321.122944,45,ciclo1_AC_AP,concentrator_trafo_2_12,prosumer18,cfp,100,1.053617,0
1789091321.123283,45,ciclo1_AC_AP,concentrator_trafo_2_12,prosumer19,cfp,100,0.764112,0
1789091321.123589,45,ciclo1_AC_AP,concentrator_trafo_2_12,prosumer20,cfp,100,3.475619,0
1789091321.127646,45,ciclo1_AC_AP,prosumer3,concentrator_trafo_1_3,propose,364,7.013837,0
1789091321.133250,45,ciclo1_AC_AP,prosumer10,concentrator_trafo_1_3,propose,296,5.590385,0
1789091321.135932,45,ciclo1_AC_AP,prosumer12,concentrator_trafo_2_12,propose,230,2.967573,0
1789091321.138710,45,ciclo1_AC_AP,prosumer19,concentrator_trafo_2_12,propose,346,5.599955,0
1789091321.140752,45,ciclo1_AC_AP,prosumer18,concentrator_trafo_2_12,propose,276,6.790850,0
1789091321.142391,45,ciclo1_AC_AP,prosumer17,concentrator_trafo_2_12,propose,464,9.147170,0
1789091321.143830,45,ciclo1_AC_AP,prosumer5,concentrator_trafo_1_3,propose,222,2.177480,0
1789091321.145464,45,ciclo1_AC_AP,prosumer9,concentrator_trafo_1_3,propose,122,2.309539,0
1789091321.147819,45,ciclo1_AC_AP,prosumer4,concentrator_trafo_1_3,propose,256,5.076661,0
1789091321.149532,45,ciclo1_AC_AP,prosumer14,concentrator_trafo_2_12,propose,382,8.728733,0
1789091321.150982,45,ciclo1_AC_AP,prosumer11,concentrator_trafo_1_3,propose,137,3.709745,0
1789091321.153049,45,ciclo1_AC_AP,prosumer6,concentrator_trafo_1_3,propose,104,2.735859,0
1789091321.154253,45,ciclo1_AC_AP,prosumer7,concentrator_trafo_1_3,propose,335,4.370191,0
1789091321.156439,45,ciclo1_AC_AP,prosumer15,concentrator_trafo_2_12,propose,353,12.693868,0
1789091321.158710,45,ciclo1_AC_AP,prosumer16,concentrator_trafo_2_12,propose,470,9.737365,0
1789091321.159955,45,ciclo1_AC_AP,prosumer20,concentrator_trafo_2_12,propose,324,13.543186,0
1789091321.161022,45,ciclo1_AC_AP,prosumer13,concentrator_trafo_2_12,propose,124,2.701066,0
1789091321.168835,45,ciclo1_AC_AP,prosumer8,concentrator_trafo_1_3,propose,311,12.533813,0
1789091321.301283,45,ciclo2_AD_AC,dso,concentrator_trafo_1_3,cfp,100,5.772362,0
1789091321.302290,45,ciclo2_AD_AC,dso,concentrator_trafo_2_12,cfp,100,4.160032,0
1789091321.350609,45,ciclo2_AD_AC,concentrator_trafo_2_12,dso,propose,1252,40.710001,0
1789091321.362732,45,ciclo2_AD_AC,concentrator_trafo_1_3,dso,propose,1235,41.249229,0
1789091321.781616,45,ciclo3_AM_AC_AD,market,dso,cfp,100,3.657909,0
1789091321.825062,45,ciclo3_AM_AC_AD,dso,market,propose,1225,19.926746,0
1789091322.030834,45,ciclo3_AM_AC_AD,market,concentrator_trafo_1_3,cfp,100,6.086394,0
1789091322.031494,45,ciclo3_AM_AC_AD,market,concentrator_trafo_2_12,cfp,100,2.835887,0
1789091322.031955,45,ciclo3_AM_AC_AD,market,dso,cfp,100,3.766760,0
1789091322.089262,45,ciclo3_AM_AC_AD,concentrator_trafo_2_12,market,propose,1060,17.555286,0
1789091322.100365,45,ciclo3_AM_AC_AD,dso,market,propose,1043,16.634617,0
1789091322.105898,45,ciclo3_AM_AC_AD,concentrator_trafo_1_3,market,propose,1041,37.516732,0
1789091322.550837,46,ciclo1_AC_AP,concentrator_trafo_1_3,prosumer3,cfp,100,3.943111,0
1789091322.551885,46,ciclo1_AC_AP,concentrator_trafo_1_3,prosumer4,cfp,100,2.995409,0
1789091322.552702,46,ciclo1_AC_AP,concentrator_trafo_1_3,prosumer5,cfp,100,1.374261,0
1789091322.553236,46,ciclo1_AC_AP,concentrator_trafo_1_3,prosumer6,cfp,100,3.726231,0
1789091322.553615,46,ciclo1_AC_AP,concentrator_trafo_1_3,prosumer7,cfp,100,2.368777,0
1789091322.553906,46,ciclo1_AC_AP,concentrator_trafo_1_3,prosumer8,cfp,100,3.016926,0
1789091322.554161,46,ciclo1_AC_AP,concentrator_trafo_1_3,prosumer9,cfp,100,1.754919,0
1789091322.554294,46,ciclo1_AC_AP,concentrator_trafo_1_3,prosumer10,cfp,100,1.222103,0
1789091322.554417,46,ciclo1_AC_AP,concentrator_trafo_1_3,prosumer11,cfp,100,2.653319,0
1789091322.555256,46,ciclo1_AC_AP,concentrator_trafo_2_12,prosumer12,cfp,100,3.200464,0
1789091322.555410,46,ciclo1_AC_AP,concentrator_trafo_2_12,prosumer13,cfp,100,1.427187,0
1789091322.555536,46,ciclo1_AC_AP,concentrator_trafo_2_12,prosumer14,cfp,100,1.769011,0
1789091322.555674,46,ciclo1_AC_AP,concentrator_trafo_2_12,prosumer15,cfp,100,4.939098,0
1789091322.555874,46,ciclo1_AC_AP,concentrator_trafo_2_12,prosumer16,cfp,100,2.905812,0
1789091322.556259,46,ciclo1_AC_AP,concentrator_trafo_2_12,prosumer17,cfp,100,3.438597,0
1789091322.556511,46,ciclo1_AC_AP,concentrator_trafo_2_12,prosumer18,cfp,100,2.997005,0
1789091322.556929,46,ciclo1_AC_AP,concentrator_trafo_2_12,prosumer19,cfp,100,0.874874,0
1789091322.557582,46,ciclo1_AC_AP,concentrator_trafo_2_12,prosumer20,cfp,100,4.218032,0
1789091322.570871,46,ciclo1_AC_AP,prosumer19,concentrator_trafo_2_12,propose,223,4.409889,0
1789091322.572493,46,ciclo1_AC_AP,prosumer5,concentrator_trafo_1_3,propose,150,3.319620,0
1789091322.574386,46,ciclo1_AC_AP,prosumer10,concentrator_trafo_1_3,propose,491,8.208445,0
1789091322.577224,46,ciclo1_AC_AP,prosumer13,concentrator_trafo_2_12,propose,178,5.869478,0
1789091322.578909,46,ciclo1_AC_AP,prosumer9,concentrator_trafo_1_3,propose,311,7.900165,0
1789091322.580463,46,ciclo1_AC_AP,prosumer14,concentrator_trafo_2_12,propose,209,4.035348,0
1789091322.582944,46,ciclo1_AC_AP,prosumer7,concentrator_trafo_1_3,propose,325,5.199927,0
1789091322.584700,46,ciclo1_AC_AP,prosumer11,concentrator_trafo_1_3,propose,413,8.263093,0
1789091322.586646,46,ciclo1_AC_AP,prosumer4,concentrator_trafo_1_3,propose,139,3.225153,0
1789091322.587919,46,ciclo1_AC_AP,prosumer8,concentrator_trafo_1_3,propose,318,15.607351,0
1789091322.588923,46,ciclo1_AC_AP,prosumer16,concentrator_trafo_2_12,propose,386,6.618888,0
1789091322.589949,46,ciclo1_AC_AP,prosumer18,concentrator_trafo_2_12,propose,486,7.073798,0
1789091322.590785,46,ciclo1_AC_AP,prosumer12,concentrator_trafo_2_12,propose,301,6.593762,0
1789091322.591960,46,ciclo1_AC_AP,prosumer3,concentrator_trafo_1_3,propose,120,3.434428,0
1789091322.592698,46,ciclo1_AC_AP,prosumer6,concentrator_trafo_1_3,propose,192,5.358059,0
1789091322.593197,46,ciclo1_AC_AP,prosumer17,concentrator_trafo_2_12,propose,227,5.416755,0
1789091322.601875,46,ciclo1_AC_AP,prosumer20,concentrator_trafo_2_12,propose,350,11.905065,0
1789091322.607880,46,ciclo1_AC_AP,prosumer15,concentrator_trafo_2_12,propose,212,10.043299,0
1789091322.748897,46,ciclo2_AD_AC,dso,concentrator_trafo_1_3,cfp,100,2.646684,0
1789091322.749796,46,ciclo2_AD_AC,dso,concentrator_trafo_2_12,cfp,100,2.990695,0
1789091322.780953,46,ciclo2_AD_AC,concentrator_trafo_1_3,dso,propose,1065,34.849536,0
1789091322.784635,46,ciclo2_AD_AC,concentrator_trafo_2_12,dso,propose,1430,47.555660,0
1789091323.265864,46,ciclo3_AM_AC_AD,market,dso,cfp,100,1.338827,0
1789091323.287573,46,ciclo3_AM_AC_AD,dso,market,propose,1445,25.442090,0
1789091323.549433,46,ciclo3_AM_AC_AD,market,concentrator_trafo_1_3,cfp,100,4.086583,0
1789091323.550039,46,ciclo3_AM_AC_AD,market,concentrator_trafo_2_12,cfp,100,1.948011,0
1789091323.550626,46,ciclo3_AM_AC_AD,market,dso,cfp,100,3.155101,0
1789091323.609335,46,ciclo3_AM_AC_AD,concentrator_trafo_2_12,market,propose,1142,18.602825,0
1789091323.616389,46,ciclo3_AM_AC_AD,dso,market,propose,1478,23.200538,0
1789091323.623348,46,ciclo3_AM_AC_AD,concentrator_trafo_1_3,market,propose,1180,41.243946,0
1789091324.106128,47,ciclo1_AC_AP,concentrator_trafo_1_3,prosumer3,cfp,100,3.638420,0
1789091324.106565,47,ciclo1_AC_AP,concentrator_trafo_1_3,prosumer4,cfp,100,2.272108,0
1789091324.106781,47,ciclo1_AC_AP,concentrator_trafo_1_3,prosumer5,cfp,100,1.800384,0
1789091324.106942,47,ciclo1_AC_AP,concentrator_trafo_1_3,prosumer6,cfp,100,3.769733,0
1789091324.107121,47,ciclo1_AC_AP,concentrator_trafo_1_3,prosumer7,cfp,100,1.184043,0
1789091324.107260,47,ciclo1_AC_AP,concentrator_trafo_1_3,prosumer8,cfp,100,3.001335,0
1789091324.107393,47,ciclo1_AC_AP,concentrator_trafo_1_3,prosumer9,cfp,100,3.084529,0
1789091324.107528,47,ciclo1_AC_AP,concentrator_trafo_1_3,prosumer10,cfp,100,3.710606,0
1789091324.107676,47,ciclo1_AC_AP,concentrator_trafo_1_3,prosumer11,cfp,100,0.824352,0
1789091324.108562,47,ciclo1_AC_AP,concentrator_trafo_2_12,prosumer12,cfp,100,0.550251,0
1789091324.108731,47,ciclo1_AC_AP,concentrator_trafo_2_12,prosumer13,cfp,100,1.526802,0
1789091324.108853,47,ciclo1_AC_AP,concentrator_trafo_2_12,prosumer14,cfp,100,0.344428,0
1789091324.108974,47,ciclo1_AC_AP,concentrator_trafo_2_12,prosumer15,cfp,100,0.466026,0
1789091324.109091,47,ciclo1_AC_AP,concentrator_trafo_2_12,prosumer16,cfp,100,1.165018,0
1789091324.109208,47,ciclo1_AC_AP,concentrator_trafo_2_12,prosumer17,cfp,100,3.396775,0
1789091324.109323,47,ciclo1_AC_AP,concentrator_trafo_2_12,prosumer18,cfp,100,3.866768,0
1789091324.109437,47,ciclo1_AC_AP,concentrator_trafo_2_12,prosumer19,cfp,100,1.856951,0
1789091324.109560,47,ciclo1_AC_AP,concentrator_trafo_2_12,prosumer20,cfp,100,4.156794,0
1789091324.116328,47,ciclo1_AC_AP,prosumer14,concentrator_trafo_2_12,propose,263,5.140836,0
1789091324.118289,47,ciclo1_AC_AP,prosumer15,concentrator_trafo_2_12,propose,322,13.616359,0
1789091324.120405,47,ciclo1_AC_AP,prosumer12,concentrator_trafo_2_12,propose,154,4.529133,0
1789091324.122042,47,ciclo1_AC_AP,prosumer11,concentrator_trafo_1_3,propose,385,6.828092,0
1789091324.124384,47,ciclo1_AC_AP,prosumer7,concentrator_trafo_1_3,propose,246,4.084550,0
1789091324.126270,47,ciclo1_AC_AP,prosumer16,concentrator_trafo_2_12,propose,412,6.397060,0
1789091324.128455,47,ciclo1_AC_AP,prosumer13,concentrator_trafo_2_12,propose,377,4.465710,0
1789091324.129736,47,ciclo1_AC_AP,prosumer5,concentrator_trafo_1_3,propose,203,3.384696,0
1789091324.131583,47,ciclo1_AC_AP,prosumer19,concentrator_trafo_2_12,propose,464,7.246966,0
1789091324.132689,47,ciclo1_AC_AP,prosumer4,concentrator_trafo_1_3,propose,251,3.030122,0
1789091324.140151,47,ciclo1_AC_AP,prosumer8,concentrator_trafo_1_3,propose,498,13.739936,0
1789091324.141658,47,ciclo1_AC_AP,prosumer9,concentrator_trafo_1_3,propose,326,7.523378,0
1789091324.144555,47,ciclo1_AC_AP,prosumer3,concentrator_trafo_1_3,propose,363,7.371803,0
1789091324.145975,47,ciclo1_AC_AP,prosumer17,concentrator_trafo_2_12,propose,409,10.082005,0
1789091324.147424,47,ciclo1_AC_AP,prosumer10,concentrator_trafo_1_3,propose,336,4.978017,0
1789091324.148098,47,ciclo1_AC_AP,prosumer6,concentrator_trafo_1_3,propose,374,7.442909,0
1789091324.149516,47,ciclo1_AC_AP,prosumer18,concentrator_trafo_2_12,propose,424,8.432296,0
1789091324.153456,47,ciclo1_AC_AP,prosumer20,concentrator_trafo_2_12,propose,233,10.699198,0
1789091324.283507,47,ciclo2_AD_AC,dso,concentrator_trafo_1_3,cfp,100,2.435116,0
1789091324.284220,47,ciclo2_AD_AC,dso,concentrator_trafo_2_12,cfp,100,3.447713,0
1789091324.311569,47,ciclo2_AD_AC,concentrator_trafo_1_3,dso,propose,1139,34.952112,0
1789091324.320705,47,ciclo2_AD_AC,concentrator_trafo_2_12,dso,propose,1118,39.291083,0
1789091324.718573,47,ciclo3_AM_AC_AD,market,dso,cfp,100,0.038286,0
1789091324.726332,47,ciclo3_AM_AC_AD,dso,market,propose,1008,16.839165,0
1789091324.902180,47,ciclo3_AM_AC_AD,market,concentrator_trafo_1_3,cfp,100,5.017303,0
1789091324.903255,47,ciclo3_AM_AC_AD,market,concentrator_trafo_2_12,cfp,100,2.209159,0
1789091324.904238,47,ciclo3_AM_AC_AD,market,dso,cfp,100,3.315838,0
1789091324.953432,47,ciclo3_AM_AC_AD,concentrator_trafo_2_12,market,propose,1060,19.493368,0
1789091324.964728,47,ciclo3_AM_AC_AD,dso,market,propose,1314,23.920452,0
1789091324.970425,47,ciclo3_AM_AC_AD,concentrator_trafo_1_3,market,propose,1401,47.074396,0
1789091325.507796,48,ciclo1_AC_AP,concentrator_trafo_1_3,prosumer3,cfp,100,0.635741,0
1789091325.508649,48,ciclo1_AC_AP,concentrator_trafo_1_3,prosumer4,cfp,100,3.180794,0
1789091325.509447,48,ciclo1_AC_AP,concentrator_trafo_1_3,prosumer5,cfp,100,2.749831,0
1789091325.510022,48,ciclo1_AC_AP,concentrator_trafo_1_3,prosumer6,cfp,100,0.235485,0
1789091325.510458,48,ciclo1_AC_AP,concentrator_trafo_1_3,prosumer7,cfp,100,2.752019,0
1789091325.510839,48,ciclo1_AC_AP,concentrator_trafo_1_3,prosumer8,cfp,100,4.203104,0
1789091325.511009,48,ciclo1_AC_AP,concentrator_trafo_1_3,prosumer9,cfp,100,2.690928,0
1789091325.511137,48,ciclo1_AC_AP,concentrator_trafo_1_3,prosumer10,cfp,100,0.747206,0
1789091325.511255,48,ciclo1_AC_AP,concentrator_trafo_1_3,prosumer11,cfp,100,0.665223,0
1789091325.512187,48,ciclo1_AC_AP,concentrator_trafo_2_12,prosumer12,cfp,100,2.059211,0
1789091325.512403,48,ciclo1_AC_AP,concentrator_trafo_2_12,prosumer13,cfp,100,1.262678,0
1789091325.512561,48,ciclo1_AC_AP,concentrator_trafo_2_12,prosumer14,cfp,100,0.878668,0
1789091325.512700,48,ciclo1_AC_AP,concentrator_trafo_2_12,prosumer15,cfp,100,3.621799,0
1789091325.512824,48,ciclo1_AC_AP,concentrator_trafo_2_12,prosumer16,cfp,100,2.722803,0
1789091325.512943,48,ciclo1_AC_AP,concentrator_trafo_2_12,prosumer17,cfp,100,0.113850,0
1789091325.513059,48,ciclo1_AC_AP,concentrator_trafo_2_12,prosumer18,cfp,100,3.673477,0
1789091325.513179,48,ciclo1_AC_AP,concentrator_trafo_2_12,prosumer19,cfp,100,3.035361,0
1789091325.513292,48,ciclo1_AC_AP,concentrator_trafo_2_12,prosumer20,cfp,100,0.602821,0
1789091325.515445,48,ciclo1_AC_AP,prosumer6,concentrator_trafo_1_3,propose,464,6.169938,0
1789091325.517842,48,ciclo1_AC_AP,prosumer17,concentrator_trafo_2_12,propose,150,4.886697,0
1789091325.518850,48,ciclo1_AC_AP,prosumer3,concentrator_trafo_1_3,propose,188,3.348175,0
1789091325.521452,48,ciclo1_AC_AP,prosumer11,concentrator_trafo_1_3,propose,475,6.473468,0
1789091325.522810,48,ciclo1_AC_AP,prosumer10,concentrator_trafo_1_3,propose,312,4.685916,0
1789091325.524446,48,ciclo1_AC_AP,prosumer20,concentrator_trafo_2_12,propose,227,8.824799,0
1789091325.525763,48,ciclo1_AC_AP,prosumer14,concentrator_trafo_2_12,propose,211,2.744321,0
1789091325.527155,48,ciclo1_AC_AP,prosumer13,concentrator_trafo_2_12,propose,245,3.820100,0
1789091325.535906,48,ciclo1_AC_AP,prosumer12,concentrator_trafo_2_12,propose,476,8.536839,0
1789091325.538913,48,ciclo1_AC_AP,prosumer5,concentrator_trafo_1_3,propose,437,7.213253,0
1789091325.541632,48,ciclo1_AC_AP,prosumer9,concentrator_trafo_1_3,propose,103,1.865497,0
1789091325.543000,48,ciclo1_AC_AP,prosumer7,concentrator_trafo_1_3,propose,479,9.317930,0
1789091325.544938,48,ciclo1_AC_AP,prosumer16,concentrator_trafo_2_12,propose,374,4.462836,0
1789091325.546053,48,ciclo1_AC_AP,prosumer4,concentrator_trafo_1_3,propose,363,6.970055,0
1789091325.546793,48,ciclo1_AC_AP,prosumer19,concentrator_trafo_2_12,propose,319,4.821538,0
1789091325.550451,48,ciclo1_AC_AP,prosumer15,concentrator_trafo_2_12,propose,125,4.848188,0
1789091325.551957,48,ciclo1_AC_AP,prosumer18,concentrator_trafo_2_12,propose,162,3.878981,0
1789091325.555445,48,ciclo1_AC_AP,prosumer8,concentrator_trafo_1_3,propose,296,13.287157,0
1789091325.693922,48,ciclo2_AD_AC,dso,concentrator_trafo_1_3,cfp,100,3.267115,0
1789091325.694206,48,ciclo2_AD_AC,dso,concentrator_trafo_2_12,cfp,100,4.420817,0
1789091325.732690,48,ciclo2_AD_AC,concentrator_trafo_1_3,dso,propose,1330,43.598641,0
1789091325.741821,48,ciclo2_AD_AC,concentrator_trafo_2_12,dso,propose,1139,37.484798,0
1789091326.174753,48,ciclo3_AM_AC_AD,market,dso,cfp,100,0.464003,0
1789091326.189593,48,ciclo3_AM_AC_AD,dso,market,propose,1060,17.013812,0
1789091326.364289,48,ciclo3_AM_AC_AD,market,concentrator_trafo_1_3,cfp,100,2.377754,0
1789091326.364689,48,ciclo3_AM_AC_AD,market,concentrator_trafo_2_12,cfp,100,0.464821,0
1789091326.365118,48,ciclo3_AM_AC_AD,market,dso,cfp,100,0.442914,0
1789091326.393800,48,ciclo3_AM_AC_AD,concentrator_trafo_2_12,market,propose,1497,24.717569,0
1789091326.400685,48,ciclo3_AM_AC_AD,dso,market,propose,1377,22.468103,0
1789091326.406640,48,ciclo3_AM_AC_AD,concentrator_trafo_1_3,market,propose,1289,43.856316,0
1789091326.914796,49,ciclo1_AC_AP,concentrator_trafo_1_3,prosumer3,cfp,100,1.217468,0
1789091326.916188,49,ciclo1_AC_AP,concentrator_trafo_1_3,prosumer4,cfp,100,3.401253,0
1789091326.917420,49,ciclo1_AC_AP,concentrator_trafo_1_3,prosumer5,cfp,100,2.362951,0
1789091326.918351,49,ciclo1_AC_AP,concentrator_trafo_1_3,prosumer6,cfp,100,0.707204,0
1789091326.919212,49,ciclo1_AC_AP,concentrator_trafo_1_3,prosumer7,cfp,100,0.210586,0
1789091326.920025,49,ciclo1_AC_AP,concentrator_trafo_1_3,prosumer8,cfp,100,2.800066,0
1789091326.920472,49,ciclo1_AC_AP,concentrator_trafo_1_3,prosumer9,cfp,100,3.120630,0
1789091326.920923,49,ciclo1_AC_AP,concentrator_trafo_1_3,prosumer10,cfp,100,2.438704,0
1789091326.921224,49,ciclo1_AC_AP,concentrator_trafo_1_3,prosumer11,cfp,100,1.028162,0
1789091326.922038,49,ciclo1_AC_AP,concentrator_trafo_2_12,prosumer12,cfp,100,0.039230,0
1789091326.922238,49,ciclo1_AC_AP,concentrator_trafo_2_12,prosumer13,cfp,100,1.182577,0
1789091326.922407,49,ciclo1_AC_AP,concentrator_trafo_2_12,prosumer14,cfp,100,2.479894,0
1789091326.922576,49,ciclo1_AC_AP,concentrator_trafo_2_12,prosumer15,cfp,100,1.956037,0
1789091326.922734,49,ciclo1_AC_AP,concentrator_trafo_2_12,prosumer16,cfp,100,3.969877,0
1789091326.922883,49,ciclo1_AC_AP,concentrator_trafo_2_12,prosumer17,cfp,100,3.149954,0
1789091326.923028,49,ciclo1_AC_AP,concentrator_trafo_2_12,prosumer18,cfp,100,0.931122,0
1789091326.923171,49,ciclo1_AC_AP,concentrator_trafo_2_12,prosumer19,cfp,100,1.104851,0
1789091326.923307,49,ciclo1_AC_AP,concentrator_trafo_2_12,prosumer20,cfp,100,6.701647,0
1789091326.925872,49,ciclo1_AC_AP,prosumer7,concentrator_trafo_1_3,propose,283,5.526001,0
1789091326.927532,49,ciclo1_AC_AP,prosumer12,concentrator_trafo_2_12,propose,217,5.298135,0
1789091326.929972,49,ciclo1_AC_AP,prosumer6,concentrator_trafo_1_3,propose,445,6.471684,0
1789091326.931038,49,ciclo1_AC_AP,prosumer3,concentrator_trafo_1_3,propose,466,8.609321,0
1789091326.934025,49,ciclo1_AC_AP,prosumer11,concentrator_trafo_1_3,propose,460,9.880677,0
1789091326.935762,49,ciclo1_AC_AP,prosumer18,concentrator_trafo_2_12,propose,379,6.596046,0
1789091326.937639,49,ciclo1_AC_AP,prosumer13,concentrator_trafo_2_12,propose,438,8.230303,0
1789091326.938663,49,ciclo1_AC_AP,prosumer19,concentrator_trafo_2_12,propose,244,3.780908,0
1789091326.943291,49,ciclo1_AC_AP,prosumer5,concentrator_trafo_1_3,propose,213,3.267015,0
1789091326.944740,49,ciclo1_AC_AP,prosumer15,concentrator_trafo_2_12,propose,478,13.509525,0
1789091326.947461,49,ciclo1_AC_AP,prosumer10,concentrator_trafo_1_3,propose,222,2.305544,0
1789091326.948702,49,ciclo1_AC_AP,prosumer14,concentrator_trafo_2_12,propose,133,5.192437,0
1789091326.950130,49,ciclo1_AC_AP,prosumer8,concentrator_trafo_1_3,propose,365,11.823642,0
1789091326.951130,49,ciclo1_AC_AP,prosumer4,concentrator_trafo_1_3,propose,257,6.056156,0
1789091326.953580,49,ciclo1_AC_AP,prosumer9,concentrator_trafo_1_3,propose,445,6.712141,0
1789091326.955938,49,ciclo1_AC_AP,prosumer17,concentrator_trafo_2_12,propose,267,7.019369,0
1789091326.965202,49,ciclo1_AC_AP,prosumer16,concentrator_trafo_2_12,propose,219,4.941531,0
1789091326.994523,49,ciclo1_AC_AP,prosumer20,concentrator_trafo_2_12,propose,291,11.443689,0
1789091327.112469,49,ciclo2_AD_AC,dso,concentrator_trafo_1_3,cfp,100,4.938368,0
1789091327.113040,49,ciclo2_AD_AC,dso,concentrator_trafo_2_12,cfp,100,3.478983,0
1789091327.153684,49,ciclo2_AD_AC,concentrator_trafo_2_12,dso,propose,1321,47.950018,0
1789091327.166203,49,ciclo2_AD_AC,concentrator_trafo_1_3,dso,propose,1245,41.754579,0
1789091327.639590,49,ciclo3_AM_AC_AD,market,dso,cfp,100,1.208731,0
1789091327.659164,49,ciclo3_AM_AC_AD,dso,market,propose,1146,19.718673,0
1789091327.861303,49,ciclo3_AM_AC_AD,market,concentrator_trafo_1_3,cfp,100,4.266409,0
1789091327.861768,49,ciclo3_AM_AC_AD,market,concentrator_trafo_2_12,cfp,100,1.551454,0
1789091327.862038,49,ciclo3_AM_AC_AD,market,dso,cfp,100,2.913005,0
1789091327.909806,49,ciclo3_AM_AC_AD,concentrator_trafo_2_12,market,propose,1298,20.567005,0
1789091327.921386,49,ciclo3_AM_AC_AD,dso,market,propose,1087,20.008016,0
1789091327.926403,49,ciclo3_AM_AC_AD,concentrator_trafo_1_3,market,propose,1070,35.973650,0
1789091328.356784,50,ciclo1_AC_AP,concentrator_trafo_1_3,prosumer3,cfp,100,3.576681,0
1789091328.357435,50,ciclo1_AC_AP,concentrator_trafo_1_3,prosumer4,cfp,100,3.866917,0
1789091328.357811,50,ciclo1_AC_AP,concentrator_trafo_1_3,prosumer5,cfp,100,4.002724,0
1789091328.358024,50,ciclo1_AC_AP,concentrator_trafo_1_3,prosumer6,cfp,100,1.462149,0
1789091328.358148,50,ciclo1_AC_AP,concentrator_trafo_1_3,prosumer7,cfp,100,2.364687,0
1789091328.358263,50,ciclo1_AC_AP,concentrator_trafo_1_3,prosumer8,cfp,100,2.104010,0
1789091328.358372,50,ciclo1_AC_AP,concentrator_trafo_1_3,prosumer9,cfp,100,3.076559,0
1789091328.358481,50,ciclo1_AC_AP,concentrator_trafo_1_3,prosumer10,cfp,100,0.892271,0
1789091328.358612,50,ciclo1_AC_AP,concentrator_trafo_1_3,prosumer11,cfp,100,2.815059,0
1789091328.359331,50,ciclo1_AC_AP,concentrator_trafo_2_12,prosumer12,cfp,100,3.270221,0
1789091328.359480,50,ciclo1_AC_AP,concentrator_trafo_2_12,prosumer13,cfp,100,1.101146,0
1789091328.359623,50,ciclo1_AC_AP,concentrator_trafo_2_12,prosumer14,cfp,100,2.054340,0
1789091328.359732,50,ciclo1_AC_AP,concentrator_trafo_2_12,prosumer15,cfp,100,1.926908,0
1789091328.359833,50,ciclo1_AC_AP,concentrator_trafo_2_12,prosumer16,cfp,100,2.996090,0
1789091328.359935,50,ciclo1_AC_AP,concentrator_trafo_2_12,prosumer17,cfp,100,3.267217,0
1789091328.360034,50,ciclo1_AC_AP,concentrator_trafo_2_12,prosumer18,cfp,100,2.174052,0
1789091328.360136,50,ciclo1_AC_AP,concentrator_trafo_2_12,prosumer19,cfp,100,3.067703,0
1789091328.360235,50,ciclo1_AC_AP,concentrator_trafo_2_12,prosumer20,cfp,100,0.902317,0
1789091328.372787,50,ciclo1_AC_AP,prosumer10,concentrator_trafo_1_3,propose,107,2.291078,0
1789091328.376111,50,ciclo1_AC_AP,prosumer20,concentrator_trafo_2_12,propose,383,16.977142,0
1789091328.378309,50,ciclo1_AC_AP,prosumer13,concentrator_trafo_2_12,propose,358,4.788983,0
1789091328.379421,50,ciclo1_AC_AP,prosumer6,concentrator_trafo_1_3,propose,267,4.982927,0
1789091328.382057,50,ciclo1_AC_AP,prosumer15,concentrator_trafo_2_12,propose,287,11.850288,0
1789091328.384123,50,ciclo1_AC_AP,prosumer8,concentrator_trafo_1_3,propose,399,16.065211,0
1789091328.386077,50,ciclo1_AC_AP,prosumer14,concentrator_trafo_2_12,propose,425,6.766476,0
1789091328.388035,50,ciclo1_AC_AP,prosumer18,concentrator_trafo_2_12,propose,112,3.307419,0
1789091328.388941,50,ciclo1_AC_AP,prosumer7,concentrator_trafo_1_3,propose,166,2.911496,0
1789091328.390161,50,ciclo1_AC_AP,prosumer11,concentrator_trafo_1_3,propose,302,5.421912,0
1789091328.391186,50,ciclo1_AC_AP,prosumer9,concentrator_trafo_1_3,propose,179,3.412155,0
1789091328.392173,50,ciclo1_AC_AP,prosumer16,concentrator_trafo_2_12,propose,190,2.640068,0
1789091328.393327,50,ciclo1_AC_AP,prosumer19,concentrator_trafo_2_12,propose,361,6.811247,0
1789091328.394617,50,ciclo1_AC_AP,prosumer12,concentrator_trafo_2_12,propose,139,4.960626,0
1789091328.395190,50,ciclo1_AC_AP,prosumer3,concentrator_trafo_1_3,propose,169,2.695852,0
1789091328.395861,50,ciclo1_AC_AP,prosumer17,concentrator_trafo_2_12,propose,491,10.059332,0
1789091328.397269,50,ciclo1_AC_AP,prosumer4,concentrator_trafo_1_3,propose,205,4.211661,0
1789091328.399435,50,ciclo1_AC_AP,prosumer5,concentrator_trafo_1_3,propose,500,9.343165,0
1789091328.553101,50,ciclo2_AD_AC,dso,concentrator_trafo_1_3,cfp,100,3.431613,0
1789091328.553553,50,ciclo2_AD_AC,dso,concentrator_trafo_2_12,cfp,100,6.272791,0
1789091328.592521,50,ciclo2_AD_AC,concentrator_trafo_1_3,dso,propose,1468,50.099273,0
1789091328.619942,50,ciclo2_AD_AC,concentrator_trafo_2_12,dso,propose,1396,44.891720,0
1789091329.098970,50,ciclo3_AM_AC_AD,market,dso,cfp,100,1.780152,0
1789091329.147742,50,ciclo3_AM_AC_AD,dso,market,propose,1254,18.241611,0
1789091329.337913,50,ciclo3_AM_AC_AD,market,concentrator_trafo_1_3,cfp,100,4.862507,0
1789091329.339057,50,ciclo3_AM_AC_AD,market,concentrator_trafo_2_12,cfp,100,0.834417,0
1789091329.340181,50,ciclo3_AM_AC_AD,market,dso,cfp,100,1.716178,0
1789091329.401562,50,ciclo3_AM_AC_AD,concentrator_trafo_2_12,market,propose,1291,22.109318,0
1789091329.406731,50,ciclo3_AM_AC_AD,dso,market,propose,1392,23.398776,0
1789091329.408814,50,ciclo3_AM_AC_AD,concentrator_trafo_1_3,market,propose,1356,42.907033,0
1789091329.908872,51,ciclo1_AC_AP,concentrator_trafo_1_3,prosumer3,cfp,100,3.635775,0
1789091329.909698,51,ciclo1_AC_AP,concentrator_trafo_1_3,prosumer4,cfp,100,3.308587,0
1789091329.910503,51,ciclo1_AC_AP,concentrator_trafo_1_3,prosumer5,cfp,100,3.821405,0
1789091329.911450,51,ciclo1_AC_AP,concentrator_trafo_1_3,prosumer6,cfp,100,1.614214,0
1789091329.912206,51,ciclo1_AC_AP,concentrator_trafo_1_3,prosumer7,cfp,100,0.943832,0
1789091329.912761,51,ciclo1_AC_AP,concentrator_trafo_1_3,prosumer8,cfp,100,5.705767,0
1789091329.912937,51,ciclo1_AC_AP,concentrator_trafo_1_3,prosumer9,cfp,100,2.195196,0
1789091329.913083,51,ciclo1_AC_AP,concentrator_trafo_1_3,prosumer10,cfp,100,2.169911,0
1789091329.913222,51,ciclo1_AC_AP,concentrator_trafo_1_3,prosumer11,cfp,100,3.271149,0
1789091329.913968,51,ciclo1_AC_AP,concentrator_trafo_2_12,prosumer12,cfp,100,3.230321,0
1789091329.914129,51,ciclo1_AC_AP,concentrator_trafo_2_12,prosumer13,cfp,100,3.425010,0
1789091329.914262,51,ciclo1_AC_AP,concentrator_trafo_2_12,prosumer14,cfp,100,0.769064,0
1789091329.914391,51,ciclo1_AC_AP,concentrator_trafo_2_12,prosumer15,cfp,100,3.934707,0
1789091329.914514,51,ciclo1_AC_AP,concentrator_trafo_2_12,prosumer16,cfp,100,2.284758,0
1789091329.914653,51,ciclo1_AC_AP,concentrator_trafo_2_12,prosumer17,cfp,100,1.086368,0
1789091329.914776,51,ciclo1_AC_AP,concentrator_trafo_2_12,prosumer18,cfp,100,1.936595,0
1789091329.914897,51,ciclo1_AC_AP,concentrator_trafo_2_12,prosumer19,cfp,100,2.725622,0
1789091329.915019,51,ciclo1_AC_AP,concentrator_trafo_2_12,prosumer20,cfp,100,6.082713,0
1789091329.925765,51,ciclo1_AC_AP,prosumer7,concentrator_trafo_1_3,propose,209,3.493241,0
1789091329.927209,51,ciclo1_AC_AP,prosumer14,concentrator_trafo_2_12,propose,220,3.551709,0
1789091329.929983,51,ciclo1_AC_AP,prosumer17,concentrator_trafo_2_12,propose,475,7.701918,0
1789091329.931558,51,ciclo1_AC_AP,prosumer6,concentrator_trafo_1_3,propose,167,6.030423,0
1789091329.936951,51,ciclo1_AC_AP,prosumer18,concentrator_trafo_2_12,propose,219,5.108579,0
1789091329.938621,51,ciclo1_AC_AP,prosumer10,concentrator_trafo_1_3,propose,489,6.943053,0
1789091329.940178,51,ciclo1_AC_AP,prosumer9,concentrator_trafo_1_3,propose,296,5.932529,0
1789091329.941653,51,ciclo1_AC_AP,prosumer16,concentrator_trafo_2_12,propose,280,5.292929,0
1789091329.944743,51,ciclo1_AC_AP,prosumer19,concentrator_trafo_2_12,propose,411,6.181418,0
1789091329.945558,51,ciclo1_AC_AP,prosumer4,concentrator_trafo_1_3,propose,402,8.687829,0
1789091329.947291,51,ciclo1_AC_AP,prosumer3,concentrator_trafo_1_3,propose,167,4.800538,0
1789091329.948515,51,ciclo1_AC_AP,prosumer11,concentrator_trafo_1_3,propose,422,7.776321,0
1789091329.949754,51,ciclo1_AC_AP,prosumer12,concentrator_trafo_2_12,propose,355,4.149131,0
1789091329.950908,51,ciclo1_AC_AP,prosumer13,concentrator_trafo_2_12,propose,155,4.988588,0
1789091329.951782,51,ciclo1_AC_AP,prosumer5,concentrator_trafo_1_3,propose,415,7.912442,0
1789091329.955530,51,ciclo1_AC_AP,prosumer15,concentrator_trafo_2_12,propose,113,6.483672,0
1789091329.972945,51,ciclo1_AC_AP,prosumer8,concentrator_trafo_1_3,propose,369,12.725481,0
1789091329.979059,51,ciclo1_AC_AP,prosumer20,concentrator_trafo_2_12,propose,405,16.853459,0
1789091330.154983,51,ciclo2_AD_AC,dso,concentrator_trafo_1_3,cfp,100,2.685871,0
1789091330.155981,51,ciclo2_AD_AC,dso,concentrator_trafo_2_12,cfp,100,4.923434,0
1789091330.185633,51,ciclo2_AD_AC,concentrator_trafo_1_3,dso,propose,1183,38.431132,0
1789091330.209106,51,ciclo2_AD_AC,concentrator_trafo_2_12,dso,propose,1250,39.682044,0
1789091330.612218,51,ciclo3_AM_AC_AD,market,dso,cfp,100,2.893179,0
1789091330.650913,51,ciclo3_AM_AC_AD,dso,market,propose,1233,19.458626,0
1789091330.853590,51,ciclo3_AM_AC_AD,market,concentrator_trafo_1_3,cfp,100,2.461774,0
1789091330.854565,51,ciclo3_AM_AC_AD,market,concentrator_trafo_2_12,cfp,100,3.995929,0
1789091330.855408,51,ciclo3_AM_AC_AD,market,dso,cfp,100,3.780820,0
1789091330.914027,51,ciclo3_AM_AC_AD,concentrator_trafo_1_3,market,propose,1158,37.191547,0
1789091330.924663,51,ciclo3_AM_AC_AD,dso,market,propose,1006,14.603941,0
1789091330.926084,51,ciclo3_AM_AC_AD,concentrator_trafo_2_12,market,propose,1490,22.972121,0
1789091331.356053,52,ciclo1_AC_AP,concentrator_trafo_1_3,prosumer3,cfp,100,3.231494,0
1789091331.356465,52,ciclo1_AC_AP,concentrator_trafo_1_3,prosumer4,cfp,100,2.338484,0
1789091331.356769,52,ciclo1_AC_AP,concentrator_trafo_1_3,prosumer5,cfp,100,2.362005,0
1789091331.356965,52,ciclo1_AC_AP,concentrator_trafo_1_3,prosumer6,cfp,100,1.656023,0
1789091331.357119,52,ciclo1_AC_AP,concentrator_trafo_1_3,prosumer7,cfp,100,3.870513,0
1789091331.357483,52,ciclo1_AC_AP,concentrator_trafo_1_3,prosumer8,cfp,100,4.298024,0
1789091331.357857,52,ciclo1_AC_AP,concentrator_trafo_1_3,prosumer9,cfp,100,2.308805,0
1789091331.358114,52,ciclo1_AC_AP,concentrator_trafo_1_3,prosumer10,cfp,100,3.352040,0
1789091331.358246,52,ciclo1_AC_AP,concentrator_trafo_1_3,prosumer11,cfp,100,0.560824,0
1789091331.359033,52,ciclo1_AC_AP,concentrator_trafo_2_12,prosumer12,cfp,100,2.989780,0
1789091331.359181,52,ciclo1_AC_AP,concentrator_trafo_2_12,prosumer13,cfp,100,3.264883,0
1789091331.359295,52,ciclo1_AC_AP,concentrator_trafo_2_12,prosumer14,cfp,100,3.048953,0
1789091331.359400,52,ciclo1_AC_AP,concentrator_trafo_2_12,prosumer15,cfp,100,5.936438,0
1789091331.359502,52,ciclo1_AC_AP,concentrator_trafo_2_12,prosumer16,cfp,100,3.957232,0
1789091331.359617,52,ciclo1_AC_AP,concentrator_trafo_2_12,prosumer17,cfp,100,3.864186,0
1789091331.359720,52,ciclo1_AC_AP,concentrator_trafo_2_12,prosumer18,cfp,100,0.578837,0
1789091331.359823,52,ciclo1_AC_AP,concentrator_trafo_2_12,prosumer19,cfp,100,1.566820,0
1789091331.359925,52,ciclo1_AC_AP,concentrator_trafo_2_12,prosumer20,cfp,100,0.828558,0
1789091331.366944,52,ciclo1_AC_AP,prosumer11,concentrator_trafo_1_3,propose,212,5.876968,0
1789091331.369524,52,ciclo1_AC_AP,prosumer18,concentrator_trafo_2_12,propose,384,9.732677,0
1789091331.371195,52,ciclo1_AC_AP,prosumer20,concentrator_trafo_2_12,propose,434,19.060125,0
1789091331.376672,52,ciclo1_AC_AP,prosumer6,concentrator_trafo_1_3,propose,183,2.272712,0
1789091331.379155,52,ciclo1_AC_AP,prosumer19,concentrator_trafo_2_12,propose,438,6.388926,0
1789091331.383277,52,ciclo1_AC_AP,prosumer4,concentrator_trafo_1_3,propose,353,5.686132,0
1789091331.384849,52,ciclo1_AC_AP,prosumer5,concentrator_trafo_1_3,propose,477,7.445141,0
1789091331.386501,52,ciclo1_AC_AP,prosumer9,concentrator_trafo_1_3,propose,346,7.898599,0
1789091331.390626,52,ciclo1_AC_AP,prosumer3,concentrator_trafo_1_3,propose,379,4.984007,0
1789091331.392002,52,ciclo1_AC_AP,prosumer12,concentrator_trafo_2_12,propose,260,5.089187,0
1789091331.394301,52,ciclo1_AC_AP,prosumer14,concentrator_trafo_2_12,propose,460,6.171352,0
1789091331.395691,52,ciclo1_AC_AP,prosumer10,concentrator_trafo_1_3,propose,140,3.917343,0
1789091331.396434,52,ciclo1_AC_AP,prosumer13,concentrator_trafo_2_12,propose,232,4.935214,0
1789091331.397631,52,ciclo1_AC_AP,prosumer7,concentrator_trafo_1_3,propose,170,4.842893,0
1789091331.400171,52,ciclo1_AC_AP,prosumer17,concentrator_trafo_2_12,propose,409,9.171547,0
1789091331.401417,52,ciclo1_AC_AP,prosumer16,concentrator_trafo_2_12,propose,305,7.130771,0
1789091331.403183,52,ciclo1_AC_AP,prosumer8,concentrator_trafo_1_3,propose,460,15.583597,0
1789091331.423520,52,ciclo1_AC_AP,prosumer15,concentrator_trafo_2_12,propose,197,7.147945,0
1789091331.565513,52,ciclo2_AD_AC,dso,concentrator_trafo_1_3,cfp,100,3.422110,0
1789091331.565882,52,ciclo2_AD_AC,dso,concentrator_trafo_2_12,cfp,100,3.115960,0
1789091331.599651,52,ciclo2_AD_AC,concentrator_trafo_2_12,dso,propose,1420,47.402261,0
1789091331.601765,52,ciclo2_AD_AC,concentrator_trafo_1_3,dso,propose,1162,39.679062,0
1789091332.080655,52,ciclo3_AM_AC_AD,market,dso,cfp,100,2.969168,0
1789091332.117947,52,ciclo3_AM_AC_AD,dso,market,propose,1402,24.938537,0
1789091332.374181,52,ciclo3_AM_AC_AD,market,concentrator_trafo_1_3,cfp,100,4.002256,0
1789091332.375041,52,ciclo3_AM_AC_AD,market,concentrator_trafo_2_12,cfp,100,1.987854,0
1789091332.375642,52,ciclo3_AM_AC_AD,market,dso,cfp,100,1.229149,0
1789091332.432602,52,ciclo3_AM_AC_AD,dso,market,propose,1149,19.353248,0
1789091332.434237,52,ciclo3_AM_AC_AD,concentrator_trafo_2_12,market,propose,1196,18.869450,0
1789091332.443586,52,ciclo3_AM_AC_AD,concentrator_trafo_1_3,market,propose,1483,49.068716,0
1789091333.006043,53,ciclo1_AC_AP,concentrator_trafo_1_3,prosumer3,cfp,100,1.988113,0
1789091333.007133,53,ciclo1_AC_AP,concentrator_trafo_1_3,prosumer4,cfp,100,2.115248,0
1789091333.008038,53,ciclo1_AC_AP,concentrator_trafo_1_3,prosumer5,cfp,100,3.763396,0
1789091333.008823,53,ciclo1_AC_AP,concentrator_trafo_1_3,prosumer6,cfp,100,0.639722,0
1789091333.009423,53,ciclo1_AC_AP,concentrator_trafo_1_3,prosumer7,cfp,100,2.385657,0
1789091333.009725,53,ciclo1_AC_AP,concentrator_trafo_1_3,prosumer8,cfp,100,6.245558,0
1789091333.010030,53,ciclo1_AC_AP,concentrator_trafo_1_3,prosumer9,cfp,100,1.088367,0
1789091333.010308,53,ciclo1_AC_AP,concentrator_trafo_1_3,prosumer10,cfp,100,2.871431,0
1789091333.010469,53,ciclo1_AC_AP,concentrator_trafo_1_3,prosumer11,cfp,100,1.415315,0
1789091333.011376,53,ciclo1_AC_AP,concentrator_trafo_2_12,prosumer12,cfp,100,1.472118,0
1789091333.011718,53,ciclo1_AC_AP,concentrator_trafo_2_12,prosumer13,cfp,100,0.328877,0
1789091333.012066,53,ciclo1_AC_AP,concentrator_trafo_2_12,prosumer14,cfp,100,1.326350,0
1789091333.012484,53,ciclo1_AC_AP,concentrator_trafo_2_12,prosumer15,cfp,100,1.430203,0
1789091333.012750,53,ciclo1_AC_AP,concentrator_trafo_2_12,prosumer16,cfp,100,2.220252,0
1789091333.012956,53,ciclo1_AC_AP,concentrator_trafo_2_12,prosumer17,cfp,100,2.855246,0
1789091333.013099,53,ciclo1_AC_AP,concentrator_trafo_2_12,prosumer18,cfp,100,2.013943,0
1789091333.013239,53,ciclo1_AC_AP,concentrator_trafo_2_12,prosumer19,cfp,100,2.130310,0
1789091333.013390,53,ciclo1_AC_AP,concentrator_trafo_2_12,prosumer20,cfp,100,3.193858,0
1789091333.019255,53,ciclo1_AC_AP,prosumer13,concentrator_trafo_2_12,propose,130,3.923416,0
1789091333.020745,53,ciclo1_AC_AP,prosumer6,concentrator_trafo_1_3,propose,206,4.330187,0
1789091333.023268,53,ciclo1_AC_AP,prosumer9,concentrator_trafo_1_3,propose,119,2.283378,0
1789091333.028722,53,ciclo1_AC_AP,prosumer11,concentrator_trafo_1_3,propose,261,8.076617,0
1789091333.030353,53,ciclo1_AC_AP,prosumer14,concentrator_trafo_2_12,propose,471,8.140607,0
1789091333.031963,53,ciclo1_AC_AP,prosumer3,concentrator_trafo_1_3,propose,482,7.653440,0
1789091333.033438,53,ciclo1_AC_AP,prosumer12,concentrator_trafo_2_12,propose,227,3.809667,0
1789091333.035797,53,ciclo1_AC_AP,prosumer15,concentrator_trafo_2_12,propose,275,13.433058,0
1789091333.037401,53,ciclo1_AC_AP,prosumer4,concentrator_trafo_1_3,propose,325,7.377706,0
1789091333.039622,53,ciclo1_AC_AP,prosumer18,concentrator_trafo_2_12,propose,442,9.478170,0
1789091333.040681,53,ciclo1_AC_AP,prosumer7,concentrator_trafo_1_3,propose,471,6.222976,0
1789091333.041902,53,ciclo1_AC_AP,prosumer19,concentrator_trafo_2_12,propose,437,8.638334,0
1789091333.042720,53,ciclo1_AC_AP,prosumer16,concentrator_trafo_2_12,propose,436,7.898272,0
1789091333.044329,53,ciclo1_AC_AP,prosumer10,concentrator_trafo_1_3,propose,215,3.797503,0
1789091333.045108,53,ciclo1_AC_AP,prosumer17,concentrator_trafo_2_12,propose,233,5.976266,0
1789091333.047770,53,ciclo1_AC_AP,prosumer20,concentrator_trafo_2_12,propose,276,12.991559,0
1789091333.048918,53,ciclo1_AC_AP,prosumer5,concentrator_trafo_1_3,propose,443,9.999200,0
1789091333.075861,53,ciclo1_AC_AP,prosumer8,concentrator_trafo_1_3,propose,183,8.559638,0
1789091333.182410,53,ciclo2_AD_AC,dso,concentrator_trafo_1_3,cfp,100,3.112973,0
1789091333.182846,53,ciclo2_AD_AC,dso,concentrator_trafo_2_12,cfp,100,4.269263,0
1789091333.219627,53,ciclo2_AD_AC,concentrator_trafo_1_3,dso,propose,1156,41.855760,0
1789091333.230310,53,ciclo2_AD_AC,concentrator_trafo_2_12,dso,propose,1008,31.976067,0
1789091333.644982,53,ciclo3_AM_AC_AD,market,dso,cfp,100,3.854814,0
1789091333.691355,53,ciclo3_AM_AC_AD,dso,market,propose,1182,19.629460,0
1789091333.894075,53,ciclo3_AM_AC_AD,market,concentrator_trafo_1_3,cfp,100,4.550590,0
1789091333.894569,53,ciclo3_AM_AC_AD,market,concentrator_trafo_2_12,cfp,100,1.056716,0
1789091333.895045,53,ciclo3_AM_AC_AD,market,dso,cfp,100,3.128845,0
1789091333.928637,53,ciclo3_AM_AC_AD,concentrator_trafo_2_12,market,propose,1293,21.142848,0
1789091333.949922,53,ciclo3_AM_AC_AD,dso,market,propose,1276,22.503256,0
1789091333.954464,53,ciclo3_AM_AC_AD,concentrator_trafo_1_3,market,propose,1029,37.652385,0
1789091334.401519,54,ciclo1_AC_AP,concentrator_trafo_1_3,prosumer3,cfp,100,2.450347,0
1789091334.402231,54,ciclo1_AC_AP,concentrator_trafo_1_3,prosumer4,cfp,100,3.502444,0
1789091334.402558,54,ciclo1_AC_AP,concentrator_trafo_1_3,prosumer5,cfp,100,0.150323,0
1789091334.403048,54,ciclo1_AC_AP,concentrator_trafo_1_3,prosumer6,cfp,100,0.105443,0
1789091334.403387,54,ciclo1_AC_AP,concentrator_trafo_1_3,prosumer7,cfp,100,1.649414,0
1789091334.403798,54,ciclo1_AC_AP,concentrator_trafo_1_3,prosumer8,cfp,100,7.047036,0
1789091334.404208,54,ciclo1_AC_AP,concentrator_trafo_1_3,prosumer9,cfp,100,1.243029,0
1789091334.404408,54,ciclo1_AC_AP,concentrator_trafo_1_3,prosumer10,cfp,100,1.340067,0
1789091334.404576,54,ciclo1_AC_AP,concentrator_trafo_1_3,prosumer11,cfp,100,0.594100,0
1789091334.405496,54,ciclo1_AC_AP,concentrator_trafo_2_12,prosumer12,cfp,100,2.891748,0
1789091334.405709,54,ciclo1_AC_AP,concentrator_trafo_2_12,prosumer13,cfp,100,2.936297,0
1789091334.405876,54,ciclo1_AC_AP,concentrator_trafo_2_12,prosumer14,cfp,100,0.491048,0
1789091334.406032,54,ciclo1_AC_AP,concentrator_trafo_2_12,prosumer15,cfp,100,3.516916,0
1789091334.406177,54,ciclo1_AC_AP,concentrator_trafo_2_12,prosumer16,cfp,100,1.344979,0
1789091334.406317,54,ciclo1_AC_AP,concentrator_trafo_2_12,prosumer17,cfp,100,0.722768,0
1789091334.406447,54,ciclo1_AC_AP,concentrator_trafo_2_12,prosumer18,cfp,100,0.272576,0
1789091334.406584,54,ciclo1_AC_AP,concentrator_trafo_2_12,prosumer19,cfp,100,1.656724,0
1789091334.406717,54,ciclo1_AC_AP,concentrator_trafo_2_12,prosumer20,cfp,100,5.877740,0
1789091334.409255,54,ciclo1_AC_AP,prosumer5,concentrator_trafo_1_3,propose,474,9.973480,0
1789091334.410329,54,ciclo1_AC_AP,prosumer6,concentrator_trafo_1_3,propose,422,8.176140,0
1789091334.412956,54,ciclo1_AC_AP,prosumer18,concentrator_trafo_2_12,propose,177,6.003918,0
1789091334.414370,54,ciclo1_AC_AP,prosumer11,concentrator_trafo_1_3,propose,280,7.639087,0
1789091334.416070,54,ciclo1_AC_AP,prosumer14,concentrator_trafo_2_12,propose,111,0.479370,0
1789091334.417747,54,ciclo1_AC_AP,prosumer17,concentrator_trafo_2_12,propose,351,7.361717,0
1789091334.419621,54,ciclo1_AC_AP,prosumer9,concentrator_trafo_1_3,propose,421,6.998274,0
1789091334.420751,54,ciclo1_AC_AP,prosumer10,concentrator_trafo_1_3,propose,131,2.493237,0
1789091334.422298,54,ciclo1_AC_AP,prosumer16,concentrator_trafo_2_12,propose,112,1.938880,0
1789091334.423144,54,ciclo1_AC_AP,prosumer7,concentrator_trafo_1_3,propose,223,2.371194,0
1789091334.424403,54,ciclo1_AC_AP,prosumer19,concentrator_trafo_2_12,propose,123,0.364181,0
1789091334.427336,54,ciclo1_AC_AP,prosumer3,concentrator_trafo_1_3,propose,106,3.426440,0
1789091334.437288,54,ciclo1_AC_AP,prosumer12,concentrator_trafo_2_12,propose,215,2.164762,0
1789091334.438587,54,ciclo1_AC_AP,prosumer13,concentrator_trafo_2_12,propose,434,9.092643,0
1789091334.440137,54,ciclo1_AC_AP,prosumer4,concentrator_trafo_1_3,propose,267,6.897525,0
1789091334.442738,54,ciclo1_AC_AP,prosumer15,concentrator_trafo_2_12,propose,134,7.423486,0
1789091334.467334,54,ciclo1_AC_AP,prosumer20,concentrator_trafo_2_12,propose,131,11.353763,0
1789091334.476693,54,ciclo1_AC_AP,prosumer8,concentrator_trafo_1_3,propose,276,12.042589,0
1789091334.602223,54,ciclo2_AD_AC,dso,concentrator_trafo_1_3,cfp,100,5.258911,0
1789091334.602677,54,ciclo2_AD_AC,dso,concentrator_trafo_2_12,cfp,100,3.349684,0
1789091334.640755,54,ciclo2_AD_AC,concentrator_trafo_2_12,dso,propose,1497,48.522010,0
1789091334.659831,54,ciclo2_AD_AC,concentrator_trafo_1_3,dso,propose,1339,45.617353,0
1789091335.129170,54,ciclo3_AM_AC_AD,market,dso,cfp,100,3.268570,0
1789091335.173055,54,ciclo3_AM_AC_AD,dso,market,propose,1216,18.312638,0
1789091335.362741,54,ciclo3_AM_AC_AD,market,concentrator_trafo_1_3,cfp,100,4.122559,0
1789091335.363479,54,ciclo3_AM_AC_AD,market,concentrator_trafo_2_12,cfp,100,1.391427,0
1789091335.364108,54,ciclo3_AM_AC_AD,market,dso,cfp,100,1.196824,0
1789091335.415164,54,ciclo3_AM_AC_AD,concentrator_trafo_2_12,market,propose,1069,19.908895,0
1789091335.420815,54,ciclo3_AM_AC_AD,dso,market,propose,1456,25.909549,0
1789091335.431797,54,ciclo3_AM_AC_AD,concentrator_trafo_1_3,market,propose,1472,46.491747,0
1789091335.967914,55,ciclo1_AC_AP,concentrator_trafo_1_3,prosumer3,cfp,100,1.678072,0
1789091335.968836,55,ciclo1_AC_AP,concentrator_trafo_1_3,prosumer4,cfp,100,0.558802,0
1789091335.969522,55,ciclo1_AC_AP,concentrator_trafo_1_3,prosumer5,cfp,100,1.263708,0
1789091335.970104,55,ciclo1_AC_AP,concentrator_trafo_1_3,prosumer6,cfp,100,0.244458,0
1789091335.970407,55,ciclo1_AC_AP,concentrator_trafo_1_3,prosumer7,cfp,100,0.098957,0
1789091335.970581,55,ciclo1_AC_AP,concentrator_trafo_1_3,prosumer8,cfp,100,3.863152,0
1789091335.970725,55,ciclo1_AC_AP,concentrator_trafo_1_3,prosumer9,cfp,100,2.187619,0
1789091335.970864,55,ciclo1_AC_AP,concentrator_trafo_1_3,prosumer10,cfp,100,2.540224,0
1789091335.970998,55,ciclo1_AC_AP,concentrator_trafo_1_3,prosumer11,cfp,100,2.347251,0
1789091335.971853,55,ciclo1_AC_AP,concentrator_trafo_2_12,prosumer12,cfp,100,3.188541,0
1789091335.972008,55,ciclo1_AC_AP,concentrator_trafo_2_12,prosumer13,cfp,100,3.694362,0
1789091335.972140,55,ciclo1_AC_AP,concentrator_trafo_2_12,prosumer14,cfp,100,0.255175,0
1789091335.972259,55,ciclo1_AC_AP,concentrator_trafo_2_12,prosumer15,cfp,100,2.765570,0
1789091335.972376,55,ciclo1_AC_AP,concentrator_trafo_2_12,prosumer16,cfp,100,1.740741,0
1789091335.972492,55,ciclo1_AC_AP,concentrator_trafo_2_12,prosumer17,cfp,100,3.873860,0
1789091335.972635,55,ciclo1_AC_AP,concentrator_trafo_2_12,prosumer18,cfp,100,3.977827,0
1789091335.972754,55,ciclo1_AC_AP,concentrator_trafo_2_12,prosumer19,cfp,100,0.623497,0
1789091335.972870,55,ciclo1_AC_AP,concentrator_trafo_2_12,prosumer20,cfp,100,3.757044,0
1789091335.975481,55,ciclo1_AC_AP,prosumer7,concentrator_trafo_1_3,propose,210,3.725794,0
1789091335.976964,55,ciclo1_AC_AP,prosumer6,concentrator_trafo_1_3,propose,329,6.061219,0
1789091335.978796,55,ciclo1_AC_AP,prosumer4,concentrator_trafo_1_3,propose,322,4.040691,0
1789091335.980105,55,ciclo1_AC_AP,prosumer14,concentrator_trafo_2_12,propose,172,2.605368,0
1789091335.981913,55,ciclo1_AC_AP,prosumer19,concentrator_trafo_2_12,propose,283,5.151446,0
1789091335.984652,55,ciclo1_AC_AP,prosumer5,concentrator_trafo_1_3,propose,259,7.208795,0
1789091335.986705,55,ciclo1_AC_AP,prosumer3,concentrator_trafo_1_3,propose,190,2.468312,0
1789091335.992133,55,ciclo1_AC_AP,prosumer16,concentrator_trafo_2_12,propose,432,7.936383,0
1789091335.995252,55,ciclo1_AC_AP,prosumer9,concentrator_trafo_1_3,propose,268,6.660563,0
1789091335.997641,55,ciclo1_AC_AP,prosumer11,concentrator_trafo_1_3,propose,472,8.978194,0
1789091335.999510,55,ciclo1_AC_AP,prosumer10,concentrator_trafo_1_3,propose,482,6.149056,0
1789091336.002553,55,ciclo1_AC_AP,prosumer15,concentrator_trafo_2_12,propose,309,11.484445,0
1789091336.005029,55,ciclo1_AC_AP,prosumer12,concentrator_trafo_2_12,propose,295,7.515571,0
1789091336.011251,55,ciclo1_AC_AP,prosumer13,concentrator_trafo_2_12,propose,104,2.220551,0
1789091336.012516,55,ciclo1_AC_AP,prosumer8,concentrator_trafo_1_3,propose,309,10.353462,0
1789091336.014937,55,ciclo1_AC_AP,prosumer20,concentrator_trafo_2_12,propose,235,7.301779,0
1789091336.016014,55,ciclo1_AC_AP,prosumer17,concentrator_trafo_2_12,propose,373,4.276333,0
1789091336.017198,55,ciclo1_AC_AP,prosumer18,concentrator_trafo_2_12,propose,372,5.863513,0
1789091336.120937,55,ciclo2_AD_AC,dso,concentrator_trafo_1_3,cfp,100,4.448669,0
1789091336.121446,55,ciclo2_AD_AC,dso,concentrator_trafo_2_12,cfp,100,4.235491,0
1789091336.169912,55,ciclo2_AD_AC,concentrator_trafo_2_12,dso,propose,1411,50.205898,0
1789091336.173190,55,ciclo2_AD_AC,concentrator_trafo_1_3,dso,propose,1376,43.938567,0
1789091336.679099,55,ciclo3_AM_AC_AD,market,dso,cfp,100,2.710480,0
1789091336.714658,55,ciclo3_AM_AC_AD,dso,market,propose,1351,21.377968,0
1789091336.936008,55,ciclo3_AM_AC_AD,market,concentrator_trafo_1_3,cfp,100,6.603791,0
1789091336.936918,55,ciclo3_AM_AC_AD,market,concentrator_trafo_2_12,cfp,100,3.336804,0
1789091336.937787,55,ciclo3_AM_AC_AD,market,dso,cfp,100,0.149092,0
1789091336.967083,55,ciclo3_AM_AC_AD,dso,market,propose,1360,23.448390,0
1789091336.988331,55,ciclo3_AM_AC_AD,concentrator_trafo_2_12,market,propose,1236,19.312526,0
1789091337.025282,55,ciclo3_AM_AC_AD,concentrator_trafo_1_3,market,propose,1388,48.300532,0
1789091337.581904,56,ciclo1_AC_AP,concentrator_trafo_1_3,prosumer3,cfp,100,1.444300,0
1789091337.582269,56,ciclo1_AC_AP,concentrator_trafo_1_3,prosumer4,cfp,100,2.485003,0
1789091337.582491,56,ciclo1_AC_AP,concentrator_trafo_1_3,prosumer5,cfp,100,3.377829,0
1789091337.582712,56,ciclo1_AC_AP,concentrator_trafo_1_3,prosumer6,cfp,100,0.834848,0
1789091337.582893,56,ciclo1_AC_AP,concentrator_trafo_1_3,prosumer7,cfp,100,2.239638,0
1789091337.583067,56,ciclo1_AC_AP,concentrator_trafo_1_3,prosumer8,cfp,100,4.278032,0
1789091337.583246,56,ciclo1_AC_AP,concentrator_trafo_1_3,prosumer9,cfp,100,0.390203,0
1789091337.583438,56,ciclo1_AC_AP,concentrator_trafo_1_3,prosumer10,cfp,100,2.894491,0
1789091337.583860,56,ciclo1_AC_AP,concentrator_trafo_1_3,prosumer11,cfp,100,3.838767,0
1789091337.585067,56,ciclo1_AC_AP,concentrator_trafo_2_12,prosumer12,cfp,100,0.147396,0
1789091337.585625,56,ciclo1_AC_AP,concentrator_trafo_2_12,prosumer13,cfp,100,0.818363,0
1789091337.586064,56,ciclo1_AC_AP,concentrator_trafo_2_12,prosumer14,cfp,100,1.606967,0
1789091337.586601,56,ciclo1_AC_AP,concentrator_trafo_2_12,prosumer15,cfp,100,4.338372,0
1789091337.587101,56,ciclo1_AC_AP,concentrator_trafo_2_12,prosumer16,cfp,100,3.923842,0
1789091337.587536,56,ciclo1_AC_AP,concentrator_trafo_2_12,prosumer17,cfp,100,3.163494,0
1789091337.588001,56,ciclo1_AC_AP,concentrator_trafo_2_12,prosumer18,cfp,100,0.792834,0
1789091337.588306,56,ciclo1_AC_AP,concentrator_trafo_2_12,prosumer19,cfp,100,2.696535,0
1789091337.588483,56,ciclo1_AC_AP,concentrator_trafo_2_12,prosumer20,cfp,100,5.460863,0
1789091337.590518,56,ciclo1_AC_AP,prosumer12,concentrator_trafo_2_12,propose,121,3.777922,0
1789091337.592230,56,ciclo1_AC_AP,prosumer9,concentrator_trafo_1_3,propose,389,6.249872,0
1789091337.594477,56,ciclo1_AC_AP,prosumer6,concentrator_trafo_1_3,propose,162,3.839537,0
1789091337.596712,56,ciclo1_AC_AP,prosumer13,concentrator_trafo_2_12,propose,309,7.619339,0
1789091337.598598,56,ciclo1_AC_AP,prosumer18,concentrator_trafo_2_12,propose,299,6.386165,0
1789091337.600140,56,ciclo1_AC_AP,prosumer3,concentrator_trafo_1_3,propose,187,3.161316,0
1789091337.604850,56,ciclo1_AC_AP,prosumer14,concentrator_trafo_2_12,propose,101,2.221032,0
1789091337.608282,56,ciclo1_AC_AP,prosumer7,concentrator_trafo_1_3,propose,356,4.091289,0
1789091337.610535,56,ciclo1_AC_AP,prosumer4,concentrator_trafo_1_3,propose,170,4.787370,0
1789091337.614788,56,ciclo1_AC_AP,prosumer10,concentrator_trafo_1_3,propose,418,8.138417,0
1789091337.618085,56,ciclo1_AC_AP,prosumer19,concentrator_trafo_2_12,propose,438,6.082658,0
1789091337.619927,56,ciclo1_AC_AP,prosumer5,concentrator_trafo_1_3,propose,363,4.752754,0
1789091337.622135,56,ciclo1_AC_AP,prosumer17,concentrator_trafo_2_12,propose,475,8.540352,0
1789091337.623697,56,ciclo1_AC_AP,prosumer11,concentrator_trafo_1_3,propose,458,9.506311,0
1789091337.628258,56,ciclo1_AC_AP,prosumer8,concentrator_trafo_1_3,propose,175,6.469772,0
1789091337.629805,56,ciclo1_AC_AP,prosumer16,concentrator_trafo_2_12,propose,140,3.010188,0
1789091337.632760,56,ciclo1_AC_AP,prosumer15,concentrator_trafo_2_12,propose,268,13.749567,0
1789091337.645913,56,ciclo1_AC_AP,prosumer20,concentrator_trafo_2_12,propose,221,9.310391,0
1789091337.775040,56,ciclo2_AD_AC,dso,concentrator_trafo_1_3,cfp,100,1.269238,0
1789091337.775888,56,ciclo2_AD_AC,dso,concentrator_trafo_2_12,cfp,100,0.714664,0
1789091337.787443,56,ciclo2_AD_AC,concentrator_trafo_2_12,dso,propose,1430,48.627353,0
1789091337.790999,56,ciclo2_AD_AC,concentrator_trafo_1_3,dso,propose,1424,46.725039,0
1789091338.277455,56,ciclo3_AM_AC_AD,market,dso,cfp,100,3.324550,0
1789091338.321264,56,ciclo3_AM_AC_AD,dso,market,propose,1420,25.375280,0
1789091338.580895,56,ciclo3_AM_AC_AD,market,concentrator_trafo_1_3,cfp,100,6.111532,0
1789091338.581170,56,ciclo3_AM_AC_AD,market,concentrator_trafo_2_12,cfp,100,0.685144,0
1789091338.581367,56,ciclo3_AM_AC_AD,market,dso,cfp,100,0.844901,0
1789091338.621462,56,ciclo3_AM_AC_AD,concentrator_trafo_2_12,market,propose,1090,16.427973,0
1789091338.625174,56,ciclo3_AM_AC_AD,dso,market,propose,1126,19.758196,0
1789091338.664319,56,ciclo3_AM_AC_AD,concentrator_trafo_1_3,market,propose,1484,46.098858,0
1789091339.194842,57,ciclo1_AC_AP,concentrator_trafo_1_3,prosumer3,cfp,100,1.218148,0
1789091339.196213,57,ciclo1_AC_AP,concentrator_trafo_1_3,prosumer4,cfp,100,0.183109,0
1789091339.197390,57,ciclo1_AC_AP,concentrator_trafo_1_3,prosumer5,cfp,100,1.555294,0
1789091339.198229,57,ciclo1_AC_AP,concentrator_trafo_1_3,prosumer6,cfp,100,2.050984,0
1789091339.199090,57,ciclo1_AC_AP,concentrator_trafo_1_3,prosumer7,cfp,100,3.984265,0
1789091339.199782,57,ciclo1_AC_AP,concentrator_trafo_1_3,prosumer8,cfp,100,6.752058,0
1789091339.200286,57,ciclo1_AC_AP,concentrator_trafo_1_3,prosumer9,cfp,100,3.337512,0
1789091339.200612,57,ciclo1_AC_AP,concentrator_trafo_1_3,prosumer10,cfp,100,3.353414,0
1789091339.200808,57,ciclo1_AC_AP,concentrator_trafo_1_3,prosumer11,cfp,100,1.106445,0
1789091339.201588,57,ciclo1_AC_AP,concentrator_trafo_2_12,prosumer12,cfp,100,1.591580,0
1789091339.201777,57,ciclo1_AC_AP,concentrator_trafo_2_12,prosumer13,cfp,100,0.045669,0
1789091339.201940,57,ciclo1_AC_AP,concentrator_trafo_2_12,prosumer14,cfp,100,0.603283,0
1789091339.202098,57,ciclo1_AC_AP,concentrator_trafo_2_12,prosumer15,cfp,100,4.622877,0
1789091339.202253,57,ciclo1_AC_AP,concentrator_trafo_2_12,prosumer16,cfp,100,1.511174,0
1789091339.202405,57,ciclo1_AC_AP,concentrator_trafo_2_12,prosumer17,cfp,100,0.595308,0
1789091339.202566,57,ciclo1_AC_AP,concentrator_trafo_2_12,prosumer18,cfp,100,0.998731,0
1789091339.202723,57,ciclo1_AC_AP,concentrator_trafo_2_12,prosumer19,cfp,100,1.205055,0
1789091339.202876,57,ciclo1_AC_AP,concentrator_trafo_2_12,prosumer20,cfp,100,3.811700,0
1789091339.204967,57,ciclo1_AC_AP,prosumer4,concentrator_trafo_1_3,propose,111,0.156723,0
1789091339.206805,57,ciclo1_AC_AP,prosumer13,concentrator_trafo_2_12,propose,186,3.130948,0
1789091339.210252,57,ciclo1_AC_AP,prosumer3,concentrator_trafo_1_3,propose,480,7.267863,0
1789091339.212133,57,ciclo1_AC_AP,prosumer14,concentrator_trafo_2_12,propose,450,6.906374,0
1789091339.213208,57,ciclo1_AC_AP,prosumer17,concentrator_trafo_2_12,propose,387,6.492925,0
1789091339.215984,57,ciclo1_AC_AP,prosumer11,concentrator_trafo_1_3,propose,186,5.042147,0
1789091339.217524,57,ciclo1_AC_AP,prosumer18,concentrator_trafo_2_12,propose,467,8.776866,0
1789091339.218896,57,ciclo1_AC_AP,prosumer5,concentrator_trafo_1_3,propose,140,6.002908,0
1789091339.221527,57,ciclo1_AC_AP,prosumer19,concentrator_trafo_2_12,propose,318,7.394915,0
1789091339.222691,57,ciclo1_AC_AP,prosumer16,concentrator_trafo_2_12,propose,406,7.871631,0
1789091339.223906,57,ciclo1_AC_AP,prosumer12,concentrator_trafo_2_12,propose,153,4.582471,0
1789091339.225183,57,ciclo1_AC_AP,prosumer6,concentrator_trafo_1_3,propose,417,7.090588,0
1789091339.236800,57,ciclo1_AC_AP,prosumer9,concentrator_trafo_1_3,propose,421,9.035246,0
1789091339.239340,57,ciclo1_AC_AP,prosumer10,concentrator_trafo_1_3,propose,334,5.705868,0
1789091339.242893,57,ciclo1_AC_AP,prosumer7,concentrator_trafo_1_3,propose,463,6.323873,0
1789091339.245337,57,ciclo1_AC_AP,prosumer20,concentrator_trafo_2_12,propose,176,7.308299,0
1789091339.251347,57,ciclo1_AC_AP,prosumer15,concentrator_trafo_2_12,propose,414,18.521543,0
1789091339.272030,57,ciclo1_AC_AP,prosumer8,concentrator_trafo_1_3,propose,408,17.556514,0
1789091339.452467,57,ciclo2_AD_AC,dso,concentrator_trafo_1_3,cfp,100,6.357819,0
1789091339.453299,57,ciclo2_AD_AC,dso,concentrator_trafo_2_12,cfp,100,4.560412,0
1789091339.504531,57,ciclo2_AD_AC,concentrator_trafo_2_12,dso,propose,1020,36.174027,0
1789091339.520358,57,ciclo2_AD_AC,concentrator_trafo_1_3,dso,propose,1129,37.742633,0
1789091339.900854,57,ciclo3_AM_AC_AD,market,dso,cfp,100,3.262613,0
1789091339.943382,57,ciclo3_AM_AC_AD,dso,market,propose,1174,19.586756,0
1789091340.145868,57,ciclo3_AM_AC_AD,market,concentrator_trafo_1_3,cfp,100,5.503066,0
1789091340.146148,57,ciclo3_AM_AC_AD,market,concentrator_trafo_2_12,cfp,100,3.312497,0
1789091340.146342,57,ciclo3_AM_AC_AD,market,dso,cfp,100,3.083812,0
1789091340.217662,57,ciclo3_AM_AC_AD,concentrator_trafo_2_12,market,propose,1412,22.691568,0
1789091340.220820,57,ciclo3_AM_AC_AD,dso,market,propose,1377,24.137908,0
1789091340.222897,57,ciclo3_AM_AC_AD,concentrator_trafo_1_3,market,propose,1375,43.796541,0
1789091340.731356,58,ciclo1_AC_AP,concentrator_trafo_1_3,prosumer3,cfp,100,0.457255,0
1789091340.732494,58,ciclo1_AC_AP,concentrator_trafo_1_3,prosumer4,cfp,100,0.954069,0
1789091340.733237,58,ciclo1_AC_AP,concentrator_trafo_1_3,prosumer5,cfp,100,1.856008,0
1789091340.733828,58,ciclo1_AC_AP,concentrator_trafo_1_3,prosumer6,cfp,100,3.735898,0
1789091340.734306,58,ciclo1_AC_AP,concentrator_trafo_1_3,prosumer7,cfp,100,1.799242,0
1789091340.734474,58,ciclo1_AC_AP,concentrator_trafo_1_3,prosumer8,cfp,100,5.329238,0
1789091340.734623,58,ciclo1_AC_AP,concentrator_trafo_1_3,prosumer9,cfp,100,3.687342,0
1789091340.734765,58,ciclo1_AC_AP,concentrator_trafo_1_3,prosumer10,cfp,100,2.660040,0
1789091340.734901,58,ciclo1_AC_AP,concentrator_trafo_1_3,prosumer11,cfp,100,2.134663,0
1789091340.735763,58,ciclo1_AC_AP,concentrator_trafo_2_12,prosumer12,cfp,100,2.765020,0
1789091340.735925,58,ciclo1_AC_AP,concentrator_trafo_2_12,prosumer13,cfp,100,0.062196,0
1789091340.736057,58,ciclo1_AC_AP,concentrator_trafo_2_12,prosumer14,cfp,100,0.436135,0
1789091340.736173,58,ciclo1_AC_AP,concentrator_trafo_2_12,prosumer15,cfp,100,2.785868,0
1789091340.736290,58,ciclo1_AC_AP,concentrator_trafo_2_12,prosumer16,cfp,100,3.602303,0
1789091340.736449,58,ciclo1_AC_AP,concentrator_trafo_2_12,prosumer17,cfp,100,3.293352,0
1789091340.736661,58,ciclo1_AC_AP,concentrator_trafo_2_12,prosumer18,cfp,100,1.724247,0
1789091340.736797,58,ciclo1_AC_AP,concentrator_trafo_2_12,prosumer19,cfp,100,2.576491,0
1789091340.736919,58,ciclo1_AC_AP,concentrator_trafo_2_12,prosumer20,cfp,100,2.362103,0
1789091340.739438,58,ciclo1_AC_AP,prosumer3,concentrator_trafo_1_3,propose,292,4.442487,0
1789091340.740802,58,ciclo1_AC_AP,prosumer13,concentrator_trafo_2_12,propose,113,0.050396,0
1789091340.742926,58,ciclo1_AC_AP,prosumer14,concentrator_trafo_2_12,propose,420,6.646782,0
1789091340.745222,58,ciclo1_AC_AP,prosumer4,concentrator_trafo_1_3,propose,118,2.337169,0
1789091340.755360,58,ciclo1_AC_AP,prosumer5,concentrator_trafo_1_3,propose,354,7.313366,0
1789091340.757166,58,ciclo1_AC_AP,prosumer7,concentrator_trafo_1_3,propose,145,2.819745,0
1789091340.759620,58,ciclo1_AC_AP,prosumer18,concentrator_trafo_2_12,propose,283,5.061590,0
1789091340.760981,58,ciclo1_AC_AP,prosumer11,concentrator_trafo_1_3,propose,249,3.776743,0
1789091340.763019,58,ciclo1_AC_AP,prosumer20,concentrator_trafo_2_12,propose,443,15.913393,0
1789091340.764493,58,ciclo1_AC_AP,prosumer10,concentrator_trafo_1_3,propose,177,5.047396,0
1789091340.766557,58,ciclo1_AC_AP,prosumer19,concentrator_trafo_2_12,propose,334,4.476057,0
1789091340.767842,58,ciclo1_AC_AP,prosumer12,concentrator_trafo_2_12,propose,220,5.518839,0
1789091340.768873,58,ciclo1_AC_AP,prosumer15,concentrator_trafo_2_12,propose,359,12.578918,0
1789091340.770652,58,ciclo1_AC_AP,prosumer17,concentrator_trafo_2_12,propose,282,4.160961,0
1789091340.773098,58,ciclo1_AC_AP,prosumer6,concentrator_trafo_1_3,propose,183,2.665212,0
1789091340.773992,58,ciclo1_AC_AP,prosumer9,concentrator_trafo_1_3,propose,476,7.914322,0
1789091340.774802,58,ciclo1_AC_AP,prosumer16,concentrator_trafo_2_12,propose,485,8.023582,0
1789091340.790504,58,ciclo1_AC_AP,prosumer8,concentrator_trafo_1_3,propose,307,11.064234,0
1789091340.925517,58,ciclo2_AD_AC,dso,concentrator_trafo_1_3,cfp,100,2.223993,0
1789091340.925951,58,ciclo2_AD_AC,dso,concentrator_trafo_2_12,cfp,100,1.640425,0
1789091340.947255,58,ciclo2_AD_AC,concentrator_trafo_2_12,dso,propose,1172,41.356074,0
1789091340.951108,58,ciclo2_AD_AC,concentrator_trafo_1_3,dso,propose,1138,36.363500,0
1789091341.367501,58,ciclo3_AM_AC_AD,market,dso,cfp,100,3.791308,0
1789091341.413676,58,ciclo3_AM_AC_AD,dso,market,propose,1411,25.970603,0
1789091341.679898,58,ciclo3_AM_AC_AD,market,concentrator_trafo_1_3,cfp,100,6.187615,0
1789091341.680234,58,ciclo3_AM_AC_AD,market,concentrator_trafo_2_12,cfp,100,1.380454,0
1789091341.680418,58,ciclo3_AM_AC_AD,market,dso,cfp,100,0.502571,0
1789091341.717250,58,ciclo3_AM_AC_AD,dso,market,propose,1252,19.584615,0
1789091341.719855,58,ciclo3_AM_AC_AD,concentrator_trafo_2_12,market,propose,1483,24.718598,0
1789091341.766127,58,ciclo3_AM_AC_AD,concentrator_trafo_1_3,market,propose,1201,42.342039,0
1789091342.263812,59,ciclo1_AC_AP,concentrator_trafo_1_3,prosumer3,cfp,100,1.903350,0
1789091342.264472,59,ciclo1_AC_AP,concentrator_trafo_1_3,prosumer4,cfp,100,3.117071,0
1789091342.265049,59,ciclo1_AC_AP,concentrator_trafo_1_3,prosumer5,cfp,100,0.083371,0
1789091342.265332,59,ciclo1_AC_AP,concentrator_trafo_1_3,prosumer6,cfp,100,0.919424,0
1789091342.265475,59,ciclo1_AC_AP,concentrator_trafo_1_3,prosumer7,cfp,100,3.973464,0
1789091342.265622,59,ciclo1_AC_AP,concentrator_trafo_1_3,prosumer8,cfp,100,2.646665,0
1789091342.265755,59,ciclo1_AC_AP,concentrator_trafo_1_3,prosumer9,cfp,100,4.033058,0
1789091342.265883,59,ciclo1_AC_AP,concentrator_trafo_1_3,prosumer10,cfp,100,2.427180,0
1789091342.266009,59,ciclo1_AC_AP,concentrator_trafo_1_3,prosumer11,cfp,100,0.212639,0
1789091342.266804,59,ciclo1_AC_AP,concentrator_trafo_2_12,prosumer12,cfp,100,0.503683,0
1789091342.266958,59,ciclo1_AC_AP,concentrator_trafo_2_12,prosumer13,cfp,100,3.616392,0
1789091342.267082,59,ciclo1_AC_AP,concentrator_trafo_2_12,prosumer14,cfp,100,3.508405,0
1789091342.267200,59,ciclo1_AC_AP,concentrator_trafo_2_12,prosumer15,cfp,100,3.277890,0
1789091342.267315,59,ciclo1_AC_AP,concentrator_trafo_2_12,prosumer16,cfp,100,2.061805,0
1789091342.267426,59,ciclo1_AC_AP,concentrator_trafo_2_12,prosumer17,cfp,100,1.025246,0
1789091342.267529,59,ciclo1_AC_AP,concentrator_trafo_2_12,prosumer18,cfp,100,2.788143,0
1789091342.267701,59,ciclo1_AC_AP,concentrator_trafo_2_12,prosumer19,cfp,100,2.440661,0
1789091342.268009,59,ciclo1_AC_AP,concentrator_trafo_2_12,prosumer20,cfp,100,5.153505,0
1789091342.270751,59,ciclo1_AC_AP,prosumer5,concentrator_trafo_1_3,propose,107,0.154977,0
1789091342.272347,59,ciclo1_AC_AP,prosumer11,concentrator_trafo_1_3,propose,259,7.231686,0
1789091342.274309,59,ciclo1_AC_AP,prosumer12,concentrator_trafo_2_12,propose,371,4.955619,0
1789091342.276893,59,ciclo1_AC_AP,prosumer6,concentrator_trafo_1_3,propose,247,5.343284,0
1789091342.280409,59,ciclo1_AC_AP,prosumer17,concentrator_trafo_2_12,propose,381,5.033640,0
1789091342.285499,59,ciclo1_AC_AP,prosumer3,concentrator_trafo_1_3,propose,340,6.111055,0
1789091342.291607,59,ciclo1_AC_AP,prosumer16,concentrator_trafo_2_12,propose,117,0.082112,0
1789091342.295110,59,ciclo1_AC_AP,prosumer10,concentrator_trafo_1_3,propose,495,9.585069,0
1789091342.297221,59,ciclo1_AC_AP,prosumer8,concentrator_trafo_1_3,propose,372,12.761336,0
1789091342.298745,59,ciclo1_AC_AP,prosumer19,concentrator_trafo_2_12,propose,392,8.213727,0
1789091342.301265,59,ciclo1_AC_AP,prosumer18,concentrator_trafo_2_12,propose,382,8.522280,0
1789091342.302847,59,ciclo1_AC_AP,prosumer4,concentrator_trafo_1_3,propose,234,5.375666,0
1789091342.304324,59,ciclo1_AC_AP,prosumer15,concentrator_trafo_2_12,propose,451,16.181132,0
1789091342.305879,59,ciclo1_AC_AP,prosumer14,concentrator_trafo_2_12,propose,119,2.972787,0
1789091342.306851,59,ciclo1_AC_AP,prosumer13,concentrator_trafo_2_12,propose,333,4.574269,0
1789091342.308069,59,ciclo1_AC_AP,prosumer7,concentrator_trafo_1_3,propose,302,4.343141,0
1789091342.308912,59,ciclo1_AC_AP,prosumer9,concentrator_trafo_1_3,propose,469,9.867588,0
1789091342.322853,59,ciclo1_AC_AP,prosumer20,concentrator_trafo_2_12,propose,161,6.965596,0
1789091342.470982,59,ciclo2_AD_AC,dso,concentrator_trafo_1_3,cfp,100,2.937887,0
1789091342.471695,59,ciclo2_AD_AC,dso,concentrator_trafo_2_12,cfp,100,5.401302,0
1789091342.505589,59,ciclo2_AD_AC,concentrator_trafo_1_3,dso,propose,1206,37.559286,0
1789091342.529308,59,ciclo2_AD_AC,concentrator_trafo_2_12,dso,propose,1177,40.966150,0
1789091342.944352,59,ciclo3_AM_AC_AD,market,dso,cfp,100,2.372932,0
1789091342.978599,59,ciclo3_AM_AC_AD,dso,market,propose,1253,21.554371,0
1789091343.198430,59,ciclo3_AM_AC_AD,market,concentrator_trafo_1_3,cfp,100,2.333187,0
1789091343.198821,59,ciclo3_AM_AC_AD,market,concentrator_trafo_2_12,cfp,100,2.452545,0
1789091343.199196,59,ciclo3_AM_AC_AD,market,dso,cfp,100,1.848745,0
1789091343.250275,59,ciclo3_AM_AC_AD,dso,market,propose,1026,18.780731,0
1789091343.257968,59,ciclo3_AM_AC_AD,concentrator_trafo_1_3,market,propose,1010,33.590358,0
1789091343.259664,59,ciclo3_AM_AC_AD,concentrator_trafo_2_12,market,propose,1139,17.935016,0
1789091343.664146,60,ciclo1_AC_AP,concentrator_trafo_1_3,prosumer3,cfp,100,3.171506,0
1789091343.664939,60,ciclo1_AC_AP,concentrator_trafo_1_3,prosumer4,cfp,100,0.736993,0
1789091343.665576,60,ciclo1_AC_AP,concentrator_trafo_1_3,prosumer5,cfp,100,0.390858,0
1789091343.666141,60,ciclo1_AC_AP,concentrator_trafo_1_3,prosumer6,cfp,100,0.156124,0
1789091343.666616,60,ciclo1_AC_AP,concentrator_trafo_1_3,prosumer7,cfp,100,2.856593,0
1789091343.666951,60,ciclo1_AC_AP,concentrator_trafo_1_3,prosumer8,cfp,100,3.379866,0
1789091343.667264,60,ciclo1_AC_AP,concentrator_trafo_1_3,prosumer9,cfp,100,2.950159,0
1789091343.667471,60,ciclo1_AC_AP,concentrator_trafo_1_3,prosumer10,cfp,100,4.034387,0
1789091343.667690,60,ciclo1_AC_AP,concentrator_trafo_1_3,prosumer11,cfp,100,3.265991,0
1789091343.668589,60,ciclo1_AC_AP,concentrator_trafo_2_12,prosumer12,cfp,100,2.627649,0
1789091343.668828,60,ciclo1_AC_AP,concentrator_trafo_2_12,prosumer13,cfp,100,2.221375,0
1789091343.669035,60,ciclo1_AC_AP,concentrator_trafo_2_12,prosumer14,cfp,100,1.475776,0
1789091343.669256,60,ciclo1_AC_AP,concentrator_trafo_2_12,prosumer15,cfp,100,4.635707,0
1789091343.669399,60,ciclo1_AC_AP,concentrator_trafo_2_12,prosumer16,cfp,100,2.165653,0
1789091343.669521,60,ciclo1_AC_AP,concentrator_trafo_2_12,prosumer17,cfp,100,0.871516,0
1789091343.669654,60,ciclo1_AC_AP,concentrator_trafo_2_12,prosumer18,cfp,100,0.746544,0
1789091343.669781,60,ciclo1_AC_AP,concentrator_trafo_2_12,prosumer19,cfp,100,2.888400,0
1789091343.669903,60,ciclo1_AC_AP,concentrator_trafo_2_12,prosumer20,cfp,100,0.739689,0
1789091343.672425,60,ciclo1_AC_AP,prosumer6,concentrator_trafo_1_3,propose,478,6.199576,0
1789091343.674047,60,ciclo1_AC_AP,prosumer5,concentrator_trafo_1_3,propose,117,3.067687,0
1789091343.676196,60,ciclo1_AC_AP,prosumer4,concentrator_trafo_1_3,propose,230,5.951914,0
1789091343.680498,60,ciclo1_AC_AP,prosumer18,concentrator_trafo_2_12,propose,448,6.759464,0
1789091343.681614,60,ciclo1_AC_AP,prosumer20,concentrator_trafo_2_12,propose,448,14.334939,0
1789091343.683722,60,ciclo1_AC_AP,prosumer17,concentrator_trafo_2_12,propose,397,9.761141,0
1789091343.685197,60,ciclo1_AC_AP,prosumer14,concentrator_trafo_2_12,propose,459,9.349570,0
1789091343.693886,60,ciclo1_AC_AP,prosumer13,concentrator_trafo_2_12,propose,497,7.903587,0
1789091343.696077,60,ciclo1_AC_AP,prosumer16,concentrator_trafo_2_12,propose,248,2.186073,0
1789091343.699219,60,ciclo1_AC_AP,prosumer12,concentrator_trafo_2_12,propose,451,8.997628,0
1789091343.700133,60,ciclo1_AC_AP,prosumer7,concentrator_trafo_1_3,propose,490,9.598226,0
1789091343.701314,60,ciclo1_AC_AP,prosumer3,concentrator_trafo_1_3,propose,206,5.745742,0
1789091343.702826,60,ciclo1_AC_AP,prosumer9,concentrator_trafo_1_3,propose,490,7.457948,0
1789091343.704191,60,ciclo1_AC_AP,prosumer19,concentrator_trafo_2_12,propose,370,6.437053,0
1789091343.704818,60,ciclo1_AC_AP,prosumer11,concentrator_trafo_1_3,propose,364,9.617780,0
1789091343.705379,60,ciclo1_AC_AP,prosumer8,concentrator_trafo_1_3,propose,274,13.029035,0
1789091343.708881,60,ciclo1_AC_AP,prosumer10,concentrator_trafo_1_3,propose,297,4.488991,0
1789091343.717865,60,ciclo1_AC_AP,prosumer15,concentrator_trafo_2_12,propose,228,10.449022,0
1789091343.840911,60,ciclo2_AD_AC,dso,concentrator_trafo_1_3,cfp,100,3.208520,0
1789091343.841604,60,ciclo2_AD_AC,dso,concentrator_trafo_2_12,cfp,100,5.793202,0
1789091343.877922,60,ciclo2_AD_AC,concentrator_trafo_1_3,dso,propose,1106,37.188757,0
1789091343.904110,60,ciclo2_AD_AC,concentrator_trafo_2_12,dso,propose,1059,33.182121,0
1789091344.255274,60,ciclo3_AM_AC_AD,market,dso,cfp,100,3.311779,0
1789091344.297845,60,ciclo3_AM_AC_AD,dso,market,propose,1289,21.272372,0
1789091344.518048,60,ciclo3_AM_AC_AD,market,concentrator_trafo_1_3,cfp,100,5.955714,0
1789091344.518853,60,ciclo3_AM_AC_AD,market,concentrator_trafo_2_12,cfp,100,0.559420,0
1789091344.519410,60,ciclo3_AM_AC_AD,market,dso,cfp,100,3.741552,0
1789091344.548033,60,ciclo3_AM_AC_AD,concentrator_trafo_2_12,market,propose,1168,20.579444,0
1789091344.589238,60,ciclo3_AM_AC_AD,dso,market,propose,1412,22.265700,0
1789091344.598913,60,ciclo3_AM_AC_AD,concentrator_trafo_1_3,market,propose,1495,50.856557,0
1789091345.178936,61,ciclo1_AC_AP,concentrator_trafo_1_3,prosumer3,cfp,100,1.162150,0
1789091345.179289,61,ciclo1_AC_AP,concentrator_trafo_1_3,prosumer4,cfp,100,2.130315,0
1789091345.179595,61,ciclo1_AC_AP,concentrator_trafo_1_3,prosumer5,cfp,100,0.734939,0
1789091345.179875,61,ciclo1_AC_AP,concentrator_trafo_1_3,prosumer6,cfp,100,3.867449,0
1789091345.180151,61,ciclo1_AC_AP,concentrator_trafo_1_3,prosumer7,cfp,100,3.098301,0
1789091345.180406,61,ciclo1_AC_AP,concentrator_trafo_1_3,prosumer8,cfp,100,4.834636,0
1789091345.180648,61,ciclo1_AC_AP,concentrator_trafo_1_3,prosumer9,cfp,100,1.281230,0
1789091345.180885,61,ciclo1_AC_AP,concentrator_trafo_1_3,prosumer10,cfp,100,1.517265,0
1789091345.181052,61,ciclo1_AC_AP,concentrator_trafo_1_3,prosumer11,cfp,100,3.345304,0
1789091345.181913,61,ciclo1_AC_AP,concentrator_trafo_2_12,prosumer12,cfp,100,0.060238,0
1789091345.182086,61,ciclo1_AC_AP,concentrator_trafo_2_12,prosumer13,cfp,100,1.040541,0
1789091345.182306,61,ciclo1_AC_AP,concentrator_trafo_2_12,prosumer14,cfp,100,1.709901,0
1789091345.182449,61,ciclo1_AC_AP,concentrator_trafo_2_12,prosumer15,cfp,100,4.967746,0
1789091345.182599,61,ciclo1_AC_AP,concentrator_trafo_2_12,prosumer16,cfp,100,3.718727,0
1789091345.182733,61,ciclo1_AC_AP,concentrator_trafo_2_12,prosumer17,cfp,100,0.741720,0
1789091345.182866,61,ciclo1_AC_AP,concentrator_trafo_2_12,prosumer18,cfp,100,3.102021,0
1789091345.182998,61,ciclo1_AC_AP,concentrator_trafo_2_12,prosumer19,cfp,100,2.099236,0
1789091345.183129,61,ciclo1_AC_AP,concentrator_trafo_2_12,prosumer20,cfp,100,0.958727,0
1789091345.185630,61,ciclo1_AC_AP,prosumer12,concentrator_trafo_2_12,propose,224,3.668864,0
1789091345.190198,61,ciclo1_AC_AP,prosumer5,concentrator_trafo_1_3,propose,400,8.512231,0
1789091345.192289,61,ciclo1_AC_AP,prosumer17,concentrator_trafo_2_12,propose,445,6.624451,0
1789091345.193765,61,ciclo1_AC_AP,prosumer3,concentrator_trafo_1_3,propose,468,7.937231,0
1789091345.196790,61,ciclo1_AC_AP,prosumer13,concentrator_trafo_2_12,propose,372,5.459222,0
1789091345.198744,61,ciclo1_AC_AP,prosumer20,concentrator_trafo_2_12,propose,448,15.011810,0
1789091345.200767,61,ciclo1_AC_AP,prosumer9,concentrator_trafo_1_3,propose,280,7.014684,0
1789091345.203704,61,ciclo1_AC_AP,prosumer10,concentrator_trafo_1_3,propose,183,4.708286,0
1789091345.205455,61,ciclo1_AC_AP,prosumer14,concentrator_trafo_2_12,propose,178,2.569839,0
1789091345.207276,61,ciclo1_AC_AP,prosumer4,concentrator_trafo_1_3,propose,269,6.963589,0
1789091345.209304,61,ciclo1_AC_AP,prosumer19,concentrator_trafo_2_12,propose,482,9.338891,0
1789091345.213679,61,ciclo1_AC_AP,prosumer7,concentrator_trafo_1_3,propose,104,0.916731,0
1789091345.216025,61,ciclo1_AC_AP,prosumer18,concentrator_trafo_2_12,propose,399,9.224827,0
1789091345.218295,61,ciclo1_AC_AP,prosumer11,concentrator_trafo_1_3,propose,126,2.336006,0
1789091345.221771,61,ciclo1_AC_AP,prosumer6,concentrator_trafo_1_3,propose,389,8.082078,0
1789091345.223583,61,ciclo1_AC_AP,prosumer16,concentrator_trafo_2_12,propose,179,2.677923,0
1789091345.231810,61,ciclo1_AC_AP,prosumer8,concentrator_trafo_1_3,propose,276,14.743779,0
1789091345.234821,61,ciclo1_AC_AP,prosumer15,concentrator_trafo_2_12,propose,285,9.647612,0
1789091345.385133,61,ciclo2_AD_AC,dso,concentrator_trafo_1_3,cfp,100,4.894954,0
1789091345.386071,61,ciclo2_AD_AC,dso,concentrator_trafo_2_12,cfp,100,5.126288,0
1789091345.439651,61,ciclo2_AD_AC,concentrator_trafo_1_3,dso,propose,1149,39.598654,0
1789091345.443584,61,ciclo2_AD_AC,concentrator_trafo_2_12,dso,propose,1320,46.853478,0
1789091345.918243,61,ciclo3_AM_AC_AD,market,dso,cfp,100,0.569985,0
1789091345.955582,61,ciclo3_AM_AC_AD,dso,market,propose,1150,20.582862,0
1789091346.166032,61,ciclo3_AM_AC_AD,market,concentrator_trafo_1_3,cfp,100,3.677414,0
1789091346.166369,61,ciclo3_AM_AC_AD,market,concentrator_trafo_2_12,cfp,100,3.742028,0
1789091346.166566,61,ciclo3_AM_AC_AD,market,dso,cfp,100,0.946019,0
1789091346.222162,61,ciclo3_AM_AC_AD,dso,market,propose,1165,18.186156,0
1789091346.228719,61,ciclo3_AM_AC_AD,concentrator_trafo_1_3,market,propose,1253,41.414760,0
1789091346.232023,61,ciclo3_AM_AC_AD,concentrator_trafo_2_12,market,propose,1400,22.383899,0
1789091346.713825,62,ciclo1_AC_AP,concentrator_trafo_1_3,prosumer3,cfp,100,1.294658,0
1789091346.714308,62,ciclo1_AC_AP,concentrator_trafo_1_3,prosumer4,cfp,100,0.543313,0
1789091346.714619,62,ciclo1_AC_AP,concentrator_trafo_1_3,prosumer5,cfp,100,0.141501,0
1789091346.714872,62,ciclo1_AC_AP,concentrator_trafo_1_3,prosumer6,cfp,100,2.013510,0
1789091346.715100,62,ciclo1_AC_AP,concentrator_trafo_1_3,prosumer7,cfp,100,2.442716,0
1789091346.715308,62,ciclo1_AC_AP,concentrator_trafo_1_3,prosumer8,cfp,100,2.209863,0
1789091346.715484,62,ciclo1_AC_AP,concentrator_trafo_1_3,prosumer9,cfp,100,1.832400,0
1789091346.715682,62,ciclo1_AC_AP,concentrator_trafo_1_3,prosumer10,cfp,100,1.021466,0
1789091346.715853,62,ciclo1_AC_AP,concentrator_trafo_1_3,prosumer11,cfp,100,1.365637,0
1789091346.716989,62,ciclo1_AC_AP,concentrator_trafo_2_12,prosumer12,cfp,100,1.053820,0
1789091346.717221,62,ciclo1_AC_AP,concentrator_trafo_2_12,prosumer13,cfp,100,2.676969,0
1789091346.717398,62,ciclo1_AC_AP,concentrator_trafo_2_12,prosumer14,cfp,100,1.573319,0
1789091346.717578,62,ciclo1_AC_AP,concentrator_trafo_2_12,prosumer15,cfp,100,2.928040,0
1789091346.717742,62,ciclo1_AC_AP,concentrator_trafo_2_12,prosumer16,cfp,100,2.338733,0
1789091346.717900,62,ciclo1_AC_AP,concentrator_trafo_2_12,prosumer17,cfp,100,1.679242,0
1789091346.718054,62,ciclo1_AC_AP,concentrator_trafo_2_12,prosumer18,cfp,100,1.847021,0
1789091346.718203,62,ciclo1_AC_AP,concentrator_trafo_2_12,prosumer19,cfp,100,0.846638,0
1789091346.718356,62,ciclo1_AC_AP,concentrator_trafo_2_12,prosumer20,cfp,100,3.768203,0
1789091346.721156,62,ciclo1_AC_AP,prosumer5,concentrator_trafo_1_3,propose,306,6.214180,0
1789091346.723695,62,ciclo1_AC_AP,prosumer4,concentrator_trafo_1_3,propose,407,8.937757,0
1789091346.728854,62,ciclo1_AC_AP,prosumer10,concentrator_trafo_1_3,propose,320,7.800698,0
1789091346.731816,62,ciclo1_AC_AP,prosumer19,concentrator_trafo_2_12,propose,187,5.095497,0
1789091346.733492,62,ciclo1_AC_AP,prosumer3,concentrator_trafo_1_3,propose,100,3.557181,0
1789091346.734845,62,ciclo1_AC_AP,prosumer12,concentrator_trafo_2_12,propose,172,4.653646,0
1789091346.736033,62,ciclo1_AC_AP,prosumer11,concentrator_trafo_1_3,propose,391,6.276932,0
1789091346.737718,62,ciclo1_AC_AP,prosumer14,concentrator_trafo_2_12,propose,122,1.703903,0
1789091346.738644,62,ciclo1_AC_AP,prosumer9,concentrator_trafo_1_3,propose,326,6.983311,0
1789091346.739354,62,ciclo1_AC_AP,prosumer17,concentrator_trafo_2_12,propose,164,2.303254,0
1789091346.740030,62,ciclo1_AC_AP,prosumer6,concentrator_trafo_1_3,propose,274,7.180851,0
1789091346.741040,62,ciclo1_AC_AP,prosumer18,concentrator_trafo_2_12,propose,104,1.008721,0
1789091346.742070,62,ciclo1_AC_AP,prosumer8,concentrator_trafo_1_3,propose,469,17.725802,0
1789091346.742923,62,ciclo1_AC_AP,prosumer7,concentrator_trafo_1_3,propose,345,4.386245,0
1789091346.743688,62,ciclo1_AC_AP,prosumer16,concentrator_trafo_2_12,propose,440,8.299112,0
1789091346.745509,62,ciclo1_AC_AP,prosumer13,concentrator_trafo_2_12,propose,439,6.253809,0
1789091346.748321,62,ciclo1_AC_AP,prosumer15,concentrator_trafo_2_12,propose,498,13.233913,0
1789091346.757928,62,ciclo1_AC_AP,prosumer20,concentrator_trafo_2_12,propose,231,6.818825,0
1789091346.922751,62,ciclo2_AD_AC,dso,concentrator_trafo_1_3,cfp,100,2.194553,0
1789091346.923194,62,ciclo2_AD_AC,dso,concentrator_trafo_2_12,cfp,100,3.393305,0
1789091346.950523,62,ciclo2_AD_AC,concentrator_trafo_1_3,dso,propose,1382,43.006853,0
1789091346.961188,62,ciclo2_AD_AC,concentrator_trafo_2_12,dso,propose,1313,43.100655,0
1789091347.397305,62,ciclo3_AM_AC_AD,market,dso,cfp,100,2.000419,0
1789091347.425852,62,ciclo3_AM_AC_AD,dso,market,propose,1096,17.980994,0
1789091347.611893,62,ciclo3_AM_AC_AD,market,concentrator_trafo_1_3,cfp,100,3.005601,0
1789091347.612605,62,ciclo3_AM_AC_AD,market,concentrator_trafo_2_12,cfp,100,1.459193,0
1789091347.612994,62,ciclo3_AM_AC_AD,market,dso,cfp,100,2.065751,0
1789091347.661286,62,ciclo3_AM_AC_AD,concentrator_trafo_2_12,market,propose,1035,20.150828,0
1789091347.667734,62,ciclo3_AM_AC_AD,dso,market,propose,1281,21.054765,0
1789091347.671580,62,ciclo3_AM_AC_AD,concentrator_trafo_1_3,market,propose,1479,50.325216,0
1789091348.244138,63,ciclo1_AC_AP,concentrator_trafo_1_3,prosumer3,cfp,100,3.037404,0
1789091348.244427,63,ciclo1_AC_AP,concentrator_trafo_1_3,prosumer4,cfp,100,2.533552,0
1789091348.244598,63,ciclo1_AC_AP,concentrator_trafo_1_3,prosumer5,cfp,100,3.380066,0
1789091348.244730,63,ciclo1_AC_AP,concentrator_trafo_1_3,prosumer6,cfp,100,3.779166,0
1789091348.244853,63,ciclo1_AC_AP,concentrator_trafo_1_3,prosumer7,cfp,100,0.030214,0
1789091348.244968,63,ciclo1_AC_AP,concentrator_trafo_1_3,prosumer8,cfp,100,3.614635,0
1789091348.245080,63,ciclo1_AC_AP,concentrator_trafo_1_3,prosumer9,cfp,100,2.324012,0
1789091348.245193,63,ciclo1_AC_AP,concentrator_trafo_1_3,prosumer10,cfp,100,0.381572,0
1789091348.245301,63,ciclo1_AC_AP,concentrator_trafo_1_3,prosumer11,cfp,100,0.343504,0
1789091348.246068,63,ciclo1_AC_AP,concentrator_trafo_2_12,prosumer12,cfp,100,0.147205,0
1789091348.246204,63,ciclo1_AC_AP,concentrator_trafo_2_12,prosumer13,cfp,100,2.663273,0
1789091348.246315,63,ciclo1_AC_AP,concentrator_trafo_2_12,prosumer14,cfp,100,3.257629,0
1789091348.246420,63,ciclo1_AC_AP,concentrator_trafo_2_12,prosumer15,cfp,100,3.387335,0
1789091348.246591,63,ciclo1_AC_AP,concentrator_trafo_2_12,prosumer16,cfp,100,3.025191,0
1789091348.246837,63,ciclo1_AC_AP,concentrator_trafo_2_12,prosumer17,cfp,100,0.966752,0
1789091348.246983,63,ciclo1_AC_AP,concentrator_trafo_2_12,prosumer18,cfp,100,3.404653,0
1789091348.247110,63,ciclo1_AC_AP,concentrator_trafo_2_12,prosumer19,cfp,100,1.765063,0
1789091348.247230,63,ciclo1_AC_AP,concentrator_trafo_2_12,prosumer20,cfp,100,5.329388,0
1789091348.249961,63,ciclo1_AC_AP,prosumer7,concentrator_trafo_1_3,propose,317,6.697844,0
1789091348.251929,63,ciclo1_AC_AP,prosumer12,concentrator_trafo_2_12,propose,242,3.978692,0
1789091348.253637,63,ciclo1_AC_AP,prosumer11,concentrator_trafo_1_3,propose,189,4.399143,0
1789091348.255258,63,ciclo1_AC_AP,prosumer10,concentrator_trafo_1_3,propose,371,5.867827,0
1789091348.259824,63,ciclo1_AC_AP,prosumer17,concentrator_trafo_2_12,propose,186,3.669933,0
1789091348.267682,63,ciclo1_AC_AP,prosumer19,concentrator_trafo_2_12,propose,132,3.336116,0
1789091348.271749,63,ciclo1_AC_AP,prosumer9,concentrator_trafo_1_3,propose,437,7.956575,0
1789091348.273522,63,ciclo1_AC_AP,prosumer4,concentrator_trafo_1_3,propose,427,7.491413,0
1789091348.275789,63,ciclo1_AC_AP,prosumer13,concentrator_trafo_2_12,propose,180,3.464934,0
1789091348.277828,63,ciclo1_AC_AP,prosumer3,concentrator_trafo_1_3,propose,396,8.907413,0
1789091348.280087,63,ciclo1_AC_AP,prosumer16,concentrator_trafo_2_12,propose,156,2.556511,0
1789091348.281786,63,ciclo1_AC_AP,prosumer5,concentrator_trafo_1_3,propose,358,7.141969,0
1789091348.284156,63,ciclo1_AC_AP,prosumer14,concentrator_trafo_2_12,propose,423,6.308370,0
1789091348.285240,63,ciclo1_AC_AP,prosumer15,concentrator_trafo_2_12,propose,378,9.878843,0
1789091348.286617,63,ciclo1_AC_AP,prosumer18,concentrator_trafo_2_12,propose,409,8.397566,0
1789091348.287560,63,ciclo1_AC_AP,prosumer8,concentrator_trafo_1_3,propose,296,9.306150,0
1789091348.288484,63,ciclo1_AC_AP,prosumer6,concentrator_trafo_1_3,propose,486,6.195599,0
1789091348.303363,63,ciclo1_AC_AP,prosumer20,concentrator_trafo_2_12,propose,322,11.192255,0
1789091348.420224,63,ciclo2_AD_AC,dso,concentrator_trafo_1_3,cfp,100,7.927226,0
1789091348.420491,63,ciclo2_AD_AC,dso,concentrator_trafo_2_12,cfp,100,3.290916,0
1789091348.458410,63,ciclo2_AD_AC,concentrator_trafo_2_12,dso,propose,1136,36.199814,0
1789091348.504583,63,ciclo2_AD_AC,concentrator_trafo_1_3,dso,propose,1159,39.580774,0
1789091348.907261,63,ciclo3_AM_AC_AD,market,dso,cfp,100,2.037773,0
1789091348.956670,63,ciclo3_AM_AC_AD,dso,market,propose,1145,19.530173,0
1789091349.158461,63,ciclo3_AM_AC_AD,market,concentrator_trafo_1_3,cfp,100,6.945396,0
1789091349.158981,63,ciclo3_AM_AC_AD,market,concentrator_trafo_2_12,cfp,100,3.786601,0
1789091349.159263,63,ciclo3_AM_AC_AD,market,dso,cfp,100,3.166707,0
1789091349.228467,63,ciclo3_AM_AC_AD,dso,market,propose,1006,15.885436,0
1789091349.231665,63,ciclo3_AM_AC_AD,concentrator_trafo_2_12,market,propose,1219,19.900310,0
1789091349.248756,63,ciclo3_AM_AC_AD,concentrator_trafo_1_3,market,propose,1398,49.537502,0
1789091349.816329,64,ciclo1_AC_AP,concentrator_trafo_1_3,prosumer3,cfp,100,2.294485,0
1789091349.817036,64,ciclo1_AC_AP,concentrator_trafo_1_3,prosumer4,cfp,100,2.548795,0
1789091349.817446,64,ciclo1_AC_AP,concentrator_trafo_1_3,prosumer5,cfp,100,2.218969,0
1789091349.817691,64,ciclo1_AC_AP,concentrator_trafo_1_3,prosumer6,cfp,100,0.181921,0
1789091349.818229,64,ciclo1_AC_AP,concentrator_trafo_1_3,prosumer7,cfp,100,3.509416,0
1789091349.818442,64,ciclo1_AC_AP,concentrator_trafo_1_3,prosumer8,cfp,100,3.479253,0
1789091349.818603,64,ciclo1_AC_AP,concentrator_trafo_1_3,prosumer9,cfp,100,1.825101,0
1789091349.818755,64,ciclo1_AC_AP,concentrator_trafo_1_3,prosumer10,cfp,100,2.869509,0
1789091349.818894,64,ciclo1_AC_AP,concentrator_trafo_1_3,prosumer11,cfp,100,3.478959,0
1789091349.819795,64,ciclo1_AC_AP,concentrator_trafo_2_12,prosumer12,cfp,100,2.814150,0
1789091349.819980,64,ciclo1_AC_AP,concentrator_trafo_2_12,prosumer13,cfp,100,3.449768,0
1789091349.820125,64,ciclo1_AC_AP,concentrator_trafo_2_12,prosumer14,cfp,100,1.967763,0
1789091349.820268,64,ciclo1_AC_AP,concentrator_trafo_2_12,prosumer15,cfp,100,1.900367,0
1789091349.820394,64,ciclo1_AC_AP,concentrator_trafo_2_12,prosumer16,cfp,100,0.773328,0
1789091349.820524,64,ciclo1_AC_AP,concentrator_trafo_2_12,prosumer17,cfp,100,3.084605,0
1789091349.820665,64,ciclo1_AC_AP,concentrator_trafo_2_12,prosumer18,cfp,100,2.809299,0
1789091349.820791,64,ciclo1_AC_AP,concentrator_trafo_2_12,prosumer19,cfp,100,2.341301,0
1789091349.820917,64,ciclo1_AC_AP,concentrator_trafo_2_12,prosumer20,cfp,100,4.598349,0
1789091349.823382,64,ciclo1_AC_AP,prosumer6,concentrator_trafo_1_3,propose,467,7.551475,0
1789091349.831311,64,ciclo1_AC_AP,prosumer16,concentrator_trafo_2_12,propose,243,2.416834,0
1789091349.840657,64,ciclo1_AC_AP,prosumer9,concentrator_trafo_1_3,propose,232,2.644629,0
1789091349.845217,64,ciclo1_AC_AP,prosumer15,concentrator_trafo_2_12,propose,375,10.712416,0
1789091349.846469,64,ciclo1_AC_AP,prosumer3,concentrator_trafo_1_3,propose,369,7.665106,0
1789091349.848055,64,ciclo1_AC_AP,prosumer5,concentrator_trafo_1_3,propose,383,6.787151,0
1789091349.849536,64,ciclo1_AC_AP,prosumer14,concentrator_trafo_2_12,propose,262,6.198961,0
1789091349.850861,64,ciclo1_AC_AP,prosumer4,concentrator_trafo_1_3,propose,275,4.984781,0
1789091349.852912,64,ciclo1_AC_AP,prosumer19,concentrator_trafo_2_12,propose,197,2.242936,0
1789091349.853812,64,ciclo1_AC_AP,prosumer10,concentrator_trafo_1_3,propose,461,6.796173,0
1789091349.854382,64,ciclo1_AC_AP,prosumer12,concentrator_trafo_2_12,propose,500,10.014046,0
1789091349.855101,64,ciclo1_AC_AP,prosumer18,concentrator_trafo_2_12,propose,321,5.347256,0
1789091349.856065,64,ciclo1_AC_AP,prosumer17,concentrator_trafo_2_12,propose,172,4.838738,0
1789091349.857355,64,ciclo1_AC_AP,prosumer8,concentrator_trafo_1_3,propose,103,6.114969,0
1789091349.858029,64,ciclo1_AC_AP,prosumer7,concentrator_trafo_1_3,propose,484,8.801401,0
1789091349.858676,64,ciclo1_AC_AP,prosumer11,concentrator_trafo_1_3,propose,361,4.419650,0
1789091349.859385,64,ciclo1_AC_AP,prosumer13,concentrator_trafo_2_12,propose,179,5.742129,0
1789091349.869262,64,ciclo1_AC_AP,prosumer20,concentrator_trafo_2_12,propose,438,16.246290,0
1789091350.037441,64,ciclo2_AD_AC,dso,concentrator_trafo_1_3,cfp,100,4.546479,0
1789091350.038327,64,ciclo2_AD_AC,dso,concentrator_trafo_2_12,cfp,100,1.838469,0
1789091350.061348,64,ciclo2_AD_AC,concentrator_trafo_2_12,dso,propose,1359,46.522782,0
1789091350.088302,64,ciclo2_AD_AC,concentrator_trafo_1_3,dso,propose,1472,49.177524,0
1789091350.585891,64,ciclo3_AM_AC_AD,market,dso,cfp,100,2.114113,0
1789091350.618035,64,ciclo3_AM_AC_AD,dso,market,propose,1400,26.160886,0
1789091350.885359,64,ciclo3_AM_AC_AD,market,concentrator_trafo_1_3,cfp,100,6.100829,0
1789091350.886289,64,ciclo3_AM_AC_AD,market,concentrator_trafo_2_12,cfp,100,0.205355,0
1789091350.886975,64,ciclo3_AM_AC_AD,market,dso,cfp,100,0.123472,0
1789091350.921783,64,ciclo3_AM_AC_AD,concentrator_trafo_2_12,market,propose,1288,22.237725,0
1789091350.924445,64,ciclo3_AM_AC_AD,dso,market,propose,1196,21.031458,0
1789091350.968131,64,ciclo3_AM_AC_AD,concentrator_trafo_1_3,market,propose,1184,40.277700,0
1789091351.439492,65,ciclo1_AC_AP,concentrator_trafo_1_3,prosumer3,cfp,100,1.166938,0
1789091351.439891,65,ciclo1_AC_AP,concentrator_trafo_1_3,prosumer4,cfp,100,2.867252,0
1789091351.440143,65,ciclo1_AC_AP,concentrator_trafo_1_3,prosumer5,cfp,100,1.234397,0
1789091351.440367,65,ciclo1_AC_AP,concentrator_trafo_1_3,prosumer6,cfp,100,2.245704,0
1789091351.440556,65,ciclo1_AC_AP,concentrator_trafo_1_3,prosumer7,cfp,100,3.709000,0
1789091351.440744,65,ciclo1_AC_AP,concentrator_trafo_1_3,prosumer8,cfp,100,1.453235,0
1789091351.440906,65,ciclo1_AC_AP,concentrator_trafo_1_3,prosumer9,cfp,100,2.074705,0
1789091351.441061,65,ciclo1_AC_AP,concentrator_trafo_1_3,prosumer10,cfp,100,3.691412,0
1789091351.441216,65,ciclo1_AC_AP,concentrator_trafo_1_3,prosumer11,cfp,100,0.724123,0
1789091351.442274,65,ciclo1_AC_AP,concentrator_trafo_2_12,prosumer12,cfp,100,1.033749,0
1789091351.442472,65,ciclo1_AC_AP,concentrator_trafo_2_12,prosumer13,cfp,100,0.137343,0
1789091351.442725,65,ciclo1_AC_AP,concentrator_trafo_2_12,prosumer14,cfp,100,0.062102,0
1789091351.443010,65,ciclo1_AC_AP,concentrator_trafo_2_12,prosumer15,cfp,100,5.646219,0
1789091351.443263,65,ciclo1_AC_AP,concentrator_trafo_2_12,prosumer16,cfp,100,1.803952,0
1789091351.443418,65,ciclo1_AC_AP,concentrator_trafo_2_12,prosumer17,cfp,100,0.951974,0
1789091351.443566,65,ciclo1_AC_AP,concentrator_trafo_2_12,prosumer18,cfp,100,3.783598,0
1789091351.443702,65,ciclo1_AC_AP,concentrator_trafo_2_12,prosumer19,cfp,100,2.501604,0
1789091351.443822,65,ciclo1_AC_AP,concentrator_trafo_2_12,prosumer20,cfp,100,4.010466,0
1789091351.446433,65,ciclo1_AC_AP,prosumer14,concentrator_trafo_2_12,propose,337,5.822603,0
1789091351.448094,65,ciclo1_AC_AP,prosumer13,concentrator_trafo_2_12,propose,118,3.628702,0
1789091351.451431,65,ciclo1_AC_AP,prosumer11,concentrator_trafo_1_3,propose,387,9.604146,0
1789091351.453559,65,ciclo1_AC_AP,prosumer3,concentrator_trafo_1_3,propose,310,5.200285,0
1789091351.456258,65,ciclo1_AC_AP,prosumer5,concentrator_trafo_1_3,propose,425,6.383952,0
1789091351.457333,65,ciclo1_AC_AP,prosumer12,concentrator_trafo_2_12,propose,414,8.688101,0
1789091351.458289,65,ciclo1_AC_AP,prosumer17,concentrator_trafo_2_12,propose,489,7.707494,0
1789091351.460135,65,ciclo1_AC_AP,prosumer8,concentrator_trafo_1_3,propose,216,9.234186,0
1789091351.463441,65,ciclo1_AC_AP,prosumer16,concentrator_trafo_2_12,propose,108,0.875732,0
1789091351.465212,65,ciclo1_AC_AP,prosumer9,concentrator_trafo_1_3,propose,285,4.433186,0
1789091351.466483,65,ciclo1_AC_AP,prosumer6,concentrator_trafo_1_3,propose,370,5.453191,0
1789091351.470664,65,ciclo1_AC_AP,prosumer4,concentrator_trafo_1_3,propose,181,2.250046,0
1789091351.471975,65,ciclo1_AC_AP,prosumer19,concentrator_trafo_2_12,propose,448,7.713858,0
1789091351.480912,65,ciclo1_AC_AP,prosumer7,concentrator_trafo_1_3,propose,199,4.552684,0
1789091351.482662,65,ciclo1_AC_AP,prosumer10,concentrator_trafo_1_3,propose,423,7.901554,0
1789091351.484877,65,ciclo1_AC_AP,prosumer18,concentrator_trafo_2_12,propose,281,5.250340,0
1789091351.487080,65,ciclo1_AC_AP,prosumer20,concentrator_trafo_2_12,propose,421,16.677146,0
1789091351.503174,65,ciclo1_AC_AP,prosumer15,concentrator_trafo_2_12,propose,458,18.170995,0
1789091351.690332,65,ciclo2_AD_AC,dso,concentrator_trafo_1_3,cfp,100,4.341866,0
1789091351.690833,65,ciclo2_AD_AC,dso,concentrator_trafo_2_12,cfp,100,5.367594,0
1789091351.738787,65,ciclo2_AD_AC,concentrator_trafo_1_3,dso,propose,1254,40.699816,0
1789091351.749044,65,ciclo2_AD_AC,concentrator_trafo_2_12,dso,propose,1009,32.054110,0
1789091352.152383,65,ciclo3_AM_AC_AD,market,dso,cfp,100,1.938093,0
1789091352.181317,65,ciclo3_AM_AC_AD,dso,market,propose,1374,23.660903,0
1789091352.422769,65,ciclo3_AM_AC_AD,market,concentrator_trafo_1_3,cfp,100,3.170580,0
1789091352.423129,65,ciclo3_AM_AC_AD,market,concentrator_trafo_2_12,cfp,100,3.960159,0
1789091352.423345,65,ciclo3_AM_AC_AD,market,dso,cfp,100,0.839228,0
1789091352.474822,65,ciclo3_AM_AC_AD,dso,market,propose,1376,22.409961,0
1789091352.479035,65,ciclo3_AM_AC_AD,concentrator_trafo_1_3,market,propose,1127,38.714173,0
1789091352.488505,65,ciclo3_AM_AC_AD,concentrator_trafo_2_12,market,propose,1292,23.494589,0
1789091352.935022,66,ciclo1_AC_AP,concentrator_trafo_1_3,prosumer3,cfp,100,3.803442,0
1789091352.935746,66,ciclo1_AC_AP,concentrator_trafo_1_3,prosumer4,cfp,100,0.263195,0
1789091352.936167,66,ciclo1_AC_AP,concentrator_trafo_1_3,prosumer5,cfp,100,2.054805,0
1789091352.936481,66,ciclo1_AC_AP,concentrator_trafo_1_3,prosumer6,cfp,100,2.018614,0
1789091352.936764,66,ciclo1_AC_AP,concentrator_trafo_1_3,prosumer7,cfp,100,2.831087,0
1789091352.937026,66,ciclo1_AC_AP,concentrator_trafo_1_3,prosumer8,cfp,100,7.690482,0
1789091352.937280,66,ciclo1_AC_AP,concentrator_trafo_1_3,prosumer9,cfp,100,1.199424,0
1789091352.937532,66,ciclo1_AC_AP,concentrator_trafo_1_3,prosumer10,cfp,100,1.356448,0
1789091352.937775,66,ciclo1_AC_AP,concentrator_trafo_1_3,prosumer11,cfp,100,3.313490,0
1789091352.938677,66,ciclo1_AC_AP,concentrator_trafo_2_12,prosumer12,cfp,100,1.460919,0
1789091352.938828,66,ciclo1_AC_AP,concentrator_trafo_2_12,prosumer13,cfp,100,1.314515,0
1789091352.938956,66,ciclo1_AC_AP,concentrator_trafo_2_12,prosumer14,cfp,100,1.796603,0
1789091352.939078,66,ciclo1_AC_AP,concentrator_trafo_2_12,prosumer15,cfp,100,4.145548,0
1789091352.939199,66,ciclo1_AC_AP,concentrator_trafo_2_12,prosumer16,cfp,100,1.828810,0
1789091352.939312,66,ciclo1_AC_AP,concentrator_trafo_2_12,prosumer17,cfp,100,0.662251,0
1789091352.939427,66,ciclo1_AC_AP,concentrator_trafo_2_12,prosumer18,cfp,100,4.001461,0
1789091352.939558,66,ciclo1_AC_AP,concentrator_trafo_2_12,prosumer19,cfp,100,1.365509,0
1789091352.939668,66,ciclo1_AC_AP,concentrator_trafo_2_12,prosumer20,cfp,100,2.129424,0
1789091352.941789,66,ciclo1_AC_AP,prosumer4,concentrator_trafo_1_3,propose,223,3.740005,0
1789091352.947979,66,ciclo1_AC_AP,prosumer17,concentrator_trafo_2_12,propose,240,2.651073,0
1789091352.950882,66,ciclo1_AC_AP,prosumer9,concentrator_trafo_1_3,propose,194,2.753102,0
1789091352.953065,66,ciclo1_AC_AP,prosumer10,concentrator_trafo_1_3,propose,488,8.628741,0
1789091352.955783,66,ciclo1_AC_AP,prosumer13,concentrator_trafo_2_12,propose,315,5.708181,0
1789091352.957283,66,ciclo1_AC_AP,prosumer19,concentrator_trafo_2_12,propose,139,3.326489,0
1789091352.958798,66,ciclo1_AC_AP,prosumer12,concentrator_trafo_2_12,propose,393,7.904191,0
1789091352.961703,66,ciclo1_AC_AP,prosumer6,concentrator_trafo_1_3,propose,329,5.641842,0
1789091352.963113,66,ciclo1_AC_AP,prosumer5,concentrator_trafo_1_3,propose,221,4.931123,0
1789091352.964240,66,ciclo1_AC_AP,prosumer14,concentrator_trafo_2_12,propose,480,10.079213,0
1789091352.965000,66,ciclo1_AC_AP,prosumer16,concentrator_trafo_2_12,propose,465,8.412740,0
1789091352.966535,66,ciclo1_AC_AP,prosumer20,concentrator_trafo_2_12,propose,330,14.338845,0
1789091352.967144,66,ciclo1_AC_AP,prosumer7,concentrator_trafo_1_3,propose,360,7.812505,0
1789091352.972801,66,ciclo1_AC_AP,prosumer11,concentrator_trafo_1_3,propose,460,7.781930,0
1789091352.975345,66,ciclo1_AC_AP,prosumer3,concentrator_trafo_1_3,propose,151,5.631357,0
1789091352.981691,66,ciclo1_AC_AP,prosumer18,concentrator_trafo_2_12,propose,196,4.759115,0
1789091352.982622,66,ciclo1_AC_AP,prosumer15,concentrator_trafo_2_12,propose,184,7.076367,0
1789091353.018062,66,ciclo1_AC_AP,prosumer8,concentrator_trafo_1_3,propose,325,13.338597,0
1789091353.155689,66,ciclo2_AD_AC,dso,concentrator_trafo_1_3,cfp,100,6.168953,0
1789091353.156392,66,ciclo2_AD_AC,dso,concentrator_trafo_2_12,cfp,100,6.629522,0
1789091353.221087,66,ciclo2_AD_AC,concentrator_trafo_1_3,dso,propose,1472,50.234296,0
1789091353.225927,66,ciclo2_AD_AC,concentrator_trafo_2_12,dso,propose,1033,35.362252,0
1789091353.730081,66,ciclo3_AM_AC_AD,market,dso,cfp,100,2.359656,0
1789091353.762768,66,ciclo3_AM_AC_AD,dso,market,propose,1475,26.033786,0
1789091354.030972,66,ciclo3_AM_AC_AD,market,concentrator_trafo_1_3,cfp,100,2.546443,0
1789091354.031286,66,ciclo3_AM_AC_AD,market,concentrator_trafo_2_12,cfp,100,0.660772,0
1789091354.031470,66,ciclo3_AM_AC_AD,market,dso,cfp,100,2.493381,0
1789091354.062700,66,ciclo3_AM_AC_AD,concentrator_trafo_2_12,market,propose,1218,22.147534,0
1789091354.090357,66,ciclo3_AM_AC_AD,concentrator_trafo_1_3,market,propose,1324,42.470899,0
1789091354.092767,66,ciclo3_AM_AC_AD,dso,market,propose,1202,18.390534,0
1789091354.585048,67,ciclo1_AC_AP,concentrator_trafo_1_3,prosumer3,cfp,100,0.965658,0
1789091354.586243,67,ciclo1_AC_AP,concentrator_trafo_1_3,prosumer4,cfp,100,3.832425,0
1789091354.587255,67,ciclo1_AC_AP,concentrator_trafo_1_3,prosumer5,cfp,100,1.371330,0
1789091354.588010,67,ciclo1_AC_AP,concentrator_trafo_1_3,prosumer6,cfp,100,3.223479,0
1789091354.588611,67,ciclo1_AC_AP,concentrator_trafo_1_3,prosumer7,cfp,100,2.483338,0
1789091354.589177,67,ciclo1_AC_AP,concentrator_trafo_1_3,prosumer8,cfp,100,3.688772,0
1789091354.589583,67,ciclo1_AC_AP,concentrator_trafo_1_3,prosumer9,cfp,100,2.299474,0
1789091354.589720,67,ciclo1_AC_AP,concentrator_trafo_1_3,prosumer10,cfp,100,2.660157,0
1789091354.589842,67,ciclo1_AC_AP,concentrator_trafo_1_3,prosumer11,cfp,100,0.562904,0
1789091354.590560,67,ciclo1_AC_AP,concentrator_trafo_2_12,prosumer12,cfp,100,3.109387,0
1789091354.590684,67,ciclo1_AC_AP,concentrator_trafo_2_12,prosumer13,cfp,100,3.725579,0
1789091354.590789,67,ciclo1_AC_AP,concentrator_trafo_2_12,prosumer14,cfp,100,2.859772,0
1789091354.590892,67,ciclo1_AC_AP,concentrator_trafo_2_12,prosumer15,cfp,100,3.394784,0
1789091354.590994,67,ciclo1_AC_AP,concentrator_trafo_2_12,prosumer16,cfp,100,3.338438,0
1789091354.591219,67,ciclo1_AC_AP,concentrator_trafo_2_12,prosumer17,cfp,100,3.939417,0
1789091354.591334,67,ciclo1_AC_AP,concentrator_trafo_2_12,prosumer18,cfp,100,3.925371,0
1789091354.591439,67,ciclo1_AC_AP,concentrator_trafo_2_12,prosumer19,cfp,100,3.615641,0
1789091354.591556,67,ciclo1_AC_AP,concentrator_trafo_2_12,prosumer20,cfp,100,3.955899,0
1789091354.598717,67,ciclo1_AC_AP,prosumer3,concentrator_trafo_1_3,propose,239,2.923473,0
1789091354.599959,67,ciclo1_AC_AP,prosumer11,concentrator_trafo_1_3,propose,229,4.577207,0
1789091354.603466,67,ciclo1_AC_AP,prosumer5,concentrator_trafo_1_3,propose,323,8.066373,0
1789091354.617307,67,ciclo1_AC_AP,prosumer9,concentrator_trafo_1_3,propose,487,6.474301,0
1789091354.619628,67,ciclo1_AC_AP,prosumer7,concentrator_trafo_1_3,propose,496,7.707154,0
1789091354.622660,67,ciclo1_AC_AP,prosumer10,concentrator_trafo_1_3,propose,282,7.041102,0
1789091354.624971,67,ciclo1_AC_AP,prosumer14,concentrator_trafo_2_12,propose,412,7.166210,0
1789091354.626966,67,ciclo1_AC_AP,prosumer6,concentrator_trafo_1_3,propose,267,7.159808,0
1789091354.629387,67,ciclo1_AC_AP,prosumer12,concentrator_trafo_2_12,propose,146,3.599342,0
1789091354.631423,67,ciclo1_AC_AP,prosumer16,concentrator_trafo_2_12,propose,257,7.742760,0
1789091354.632570,67,ciclo1_AC_AP,prosumer4,concentrator_trafo_1_3,propose,115,1.507096,0
1789091354.633643,67,ciclo1_AC_AP,prosumer15,concentrator_trafo_2_12,propose,352,10.131951,0
1789091354.635128,67,ciclo1_AC_AP,prosumer8,concentrator_trafo_1_3,propose,105,4.254865,0
1789091354.636280,67,ciclo1_AC_AP,prosumer19,concentrator_trafo_2_12,propose,490,7.095660,0
1789091354.637528,67,ciclo1_AC_AP,prosumer13,concentrator_trafo_2_12,propose,228,4.950935,0
1789091354.638593,67,ciclo1_AC_AP,prosumer18,concentrator_trafo_2_12,propose,203,3.268849,0
1789091354.639548,67,ciclo1_AC_AP,prosumer17,concentrator_trafo_2_12,propose,490,10.086139,0
1789091354.640345,67,ciclo1_AC_AP,prosumer20,concentrator_trafo_2_12,propose,303,13.775608,0
1789091354.782119,67,ciclo2_AD_AC,dso,concentrator_trafo_1_3,cfp,100,3.409356,0
1789091354.782558,67,ciclo2_AD_AC,dso,concentrator_trafo_2_12,cfp,100,4.329804,0
1789091354.821071,67,ciclo2_AD_AC,concentrator_trafo_1_3,dso,propose,1197,40.383815,0
1789091354.829492,67,ciclo2_AD_AC,concentrator_trafo_2_12,dso,propose,1223,40.097325,0
1789091355.233412,67,ciclo3_AM_AC_AD,market,dso,cfp,100,1.720993,0
1789091355.260316,67,ciclo3_AM_AC_AD,dso,market,propose,1397,21.674566,0
1789091355.484874,67,ciclo3_AM_AC_AD,market,concentrator_trafo_1_3,cfp,100,3.246172,0
1789091355.485691,67,ciclo3_AM_AC_AD,market,concentrator_trafo_2_12,cfp,100,1.955501,0
1789091355.486388,67,ciclo3_AM_AC_AD,market,dso,cfp,100,1.142727,0
1789091355.533820,67,ciclo3_AM_AC_AD,concentrator_trafo_2_12,market,propose,1325,23.120469,0
1789091355.535973,67,ciclo3_AM_AC_AD,dso,market,propose,1320,22.392027,0
1789091355.539237,67,ciclo3_AM_AC_AD,concentrator_trafo_1_3,market,propose,1344,45.846972,0
1789091356.069091,68,ciclo1_AC_AP,concentrator_trafo_1_3,prosumer3,cfp,100,1.879782,0
1789091356.070067,68,ciclo1_AC_AP,concentrator_trafo_1_3,prosumer4,cfp,100,3.340477,0
1789091356.070954,68,ciclo1_AC_AP,concentrator_trafo_1_3,prosumer5,cfp,100,2.541722,0
1789091356.071794,68,ciclo1_AC_AP,concentrator_trafo_1_3,prosumer6,cfp,100,1.794382,0
1789091356.072485,68,ciclo1_AC_AP,concentrator_trafo_1_3,prosumer7,cfp,100,1.321896,0
1789091356.073067,68,ciclo1_AC_AP,concentrator_trafo_1_3,prosumer8,cfp,100,3.833637,0
1789091356.073310,68,ciclo1_AC_AP,concentrator_trafo_1_3,prosumer9,cfp,100,1.114965,0
1789091356.073634,68,ciclo1_AC_AP,concentrator_trafo_1_3,prosumer10,cfp,100,3.160399,0
1789091356.073901,68,ciclo1_AC_AP,concentrator_trafo_1_3,prosumer11,cfp,100,1.692552,0
1789091356.074640,68,ciclo1_AC_AP,concentrator_trafo_2_12,prosumer12,cfp,100,0.511901,0
1789091356.074790,68,ciclo1_AC_AP,concentrator_trafo_2_12,prosumer13,cfp,100,3.517150,0
1789091356.074915,68,ciclo1_AC_AP,concentrator_trafo_2_12,prosumer14,cfp,100,2.986504,0
1789091356.075032,68,ciclo1_AC_AP,concentrator_trafo_2_12,prosumer15,cfp,100,3.965995,0
1789091356.075242,68,ciclo1_AC_AP,concentrator_trafo_2_12,prosumer16,cfp,100,3.146513,0
1789091356.075441,68,ciclo1_AC_AP,concentrator_trafo_2_12,prosumer17,cfp,100,3.292503,0
1789091356.075654,68,ciclo1_AC_AP,concentrator_trafo_2_12,prosumer18,cfp,100,2.588730,0
1789091356.075865,68,ciclo1_AC_AP,concentrator_trafo_2_12,prosumer19,cfp,100,0.027553,0
1789091356.076126,68,ciclo1_AC_AP,concentrator_trafo_2_12,prosumer20,cfp,100,4.611421,0
1789091356.079024,68,ciclo1_AC_AP,prosumer19,concentrator_trafo_2_12,propose,299,4.724754,0
1789091356.082418,68,ciclo1_AC_AP,prosumer12,concentrator_trafo_2_12,propose,456,6.229488,0
1789091356.086901,68,ciclo1_AC_AP,prosumer9,concentrator_trafo_1_3,propose,119,1.021386,0
1789091356.089066,68,ciclo1_AC_AP,prosumer7,concentrator_trafo_1_3,propose,398,8.364031,0
1789091356.091333,68,ciclo1_AC_AP,prosumer3,concentrator_trafo_1_3,propose,338,7.288018,0
1789091356.093045,68,ciclo1_AC_AP,prosumer6,concentrator_trafo_1_3,propose,281,4.549574,0
1789091356.094642,68,ciclo1_AC_AP,prosumer11,concentrator_trafo_1_3,propose,391,11.925331,0
1789091356.099366,68,ciclo1_AC_AP,prosumer5,concentrator_trafo_1_3,propose,164,4.258519,0
1789091356.104630,68,ciclo1_AC_AP,prosumer18,concentrator_trafo_2_12,propose,388,7.910432,0
1789091356.106910,68,ciclo1_AC_AP,prosumer4,concentrator_trafo_1_3,propose,463,7.226284,0
1789091356.108322,68,ciclo1_AC_AP,prosumer14,concentrator_trafo_2_12,propose,242,2.209854,0
1789091356.109926,68,ciclo1_AC_AP,prosumer10,concentrator_trafo_1_3,propose,267,6.068556,0
1789091356.111936,68,ciclo1_AC_AP,prosumer16,concentrator_trafo_2_12,propose,112,2.434239,0
1789091356.113041,68,ciclo1_AC_AP,prosumer17,concentrator_trafo_2_12,propose,303,6.217315,0
1789091356.113956,68,ciclo1_AC_AP,prosumer13,concentrator_trafo_2_12,propose,342,7.961432,0
1789091356.114843,68,ciclo1_AC_AP,prosumer8,concentrator_trafo_1_3,propose,367,12.460036,0
1789091356.116096,68,ciclo1_AC_AP,prosumer15,concentrator_trafo_2_12,propose,169,11.183580,0
1789091356.125206,68,ciclo1_AC_AP,prosumer20,concentrator_trafo_2_12,propose,121,2.013951,0
1789091356.241372,68,ciclo2_AD_AC,dso,concentrator_trafo_1_3,cfp,100,0.434755,0
1789091356.241556,68,ciclo2_AD_AC,dso,concentrator_trafo_2_12,cfp,100,3.298177,0
1789091356.247982,68,ciclo2_AD_AC,concentrator_trafo_1_3,dso,propose,1041,38.383190,0
1789091356.279073,68,ciclo2_AD_AC,concentrator_trafo_2_12,dso,propose,1289,43.031969,0
1789091356.716610,68,ciclo3_AM_AC_AD,market,dso,cfp,100,3.774130,0
1789091356.766186,68,ciclo3_AM_AC_AD,dso,market,propose,1442,23.817847,0
1789091357.009816,68,ciclo3_AM_AC_AD,market,concentrator_trafo_1_3,cfp,100,3.780492,0
1789091357.010448,68,ciclo3_AM_AC_AD,market,concentrator_trafo_2_12,cfp,100,3.489429,0
1789091357.010749,68,ciclo3_AM_AC_AD,market,dso,cfp,100,2.852367,0
1789091357.080267,68,ciclo3_AM_AC_AD,dso,market,propose,1177,19.276153,0
1789091357.084428,68,ciclo3_AM_AC_AD,concentrator_trafo_2_12,market,propose,1184,18.480893,0
1789091357.086005,68,ciclo3_AM_AC_AD,concentrator_trafo_1_3,market,propose,1002,32.062245,0
1789091357.474953,69,ciclo1_AC_AP,concentrator_trafo_1_3,prosumer3,cfp,100,2.010184,0
1789091357.476240,69,ciclo1_AC_AP,concentrator_trafo_1_3,prosumer4,cfp,100,1.616531,0
1789091357.477268,69,ciclo1_AC_AP,concentrator_trafo_1_3,prosumer5,cfp,100,0.468082,0
1789091357.478009,69,ciclo1_AC_AP,concentrator_trafo_1_3,prosumer6,cfp,100,0.866723,0
1789091357.478507,69,ciclo1_AC_AP,concentrator_trafo_1_3,prosumer7,cfp,100,1.278530,0
1789091357.478823,69,ciclo1_AC_AP,concentrator_trafo_1_3,prosumer8,cfp,100,6.363635,0
1789091357.479070,69,ciclo1_AC_AP,concentrator_trafo_1_3,prosumer9,cfp,100,3.131496,0
1789091357.479347,69,ciclo1_AC_AP,concentrator_trafo_1_3,prosumer10,cfp,100,2.725642,0
1789091357.479646,69,ciclo1_AC_AP,concentrator_trafo_1_3,prosumer11,cfp,100,0.203857,0
1789091357.480573,69,ciclo1_AC_AP,concentrator_trafo_2_12,prosumer12,cfp,100,0.223719,0
1789091357.480806,69,ciclo1_AC_AP,concentrator_trafo_2_12,prosumer13,cfp,100,1.674455,0
1789091357.480918,69,ciclo1_AC_AP,concentrator_trafo_2_12,prosumer14,cfp,100,0.201776,0
1789091357.481017,69,ciclo1_AC_AP,concentrator_trafo_2_12,prosumer15,cfp,100,0.850918,0
1789091357.481116,69,ciclo1_AC_AP,concentrator_trafo_2_12,prosumer16,cfp,100,3.282248,0
1789091357.481212,69,ciclo1_AC_AP,concentrator_trafo_2_12,prosumer17,cfp,100,1.352464,0
1789091357.481317,69,ciclo1_AC_AP,concentrator_trafo_2_12,prosumer18,cfp,100,1.068204,0
1789091357.481429,69,ciclo1_AC_AP,concentrator_trafo_2_12,prosumer19,cfp,100,0.080452,0
1789091357.481556,69,ciclo1_AC_AP,concentrator_trafo_2_12,prosumer20,cfp,100,0.476831,0
1789091357.486309,69,ciclo1_AC_AP,prosumer11,concentrator_trafo_1_3,propose,135,3.931296,0
1789091357.487432,69,ciclo1_AC_AP,prosumer5,concentrator_trafo_1_3,propose,197,3.427662,0
1789091357.489048,69,ciclo1_AC_AP,prosumer19,concentrator_trafo_2_12,propose,467,8.851763,0
1789091357.490744,69,ciclo1_AC_AP,prosumer12,concentrator_trafo_2_12,propose,156,5.754254,0
1789091357.492381,69,ciclo1_AC_AP,prosumer14,concentrator_trafo_2_12,propose,443,6.209821,0
1789091357.495233,69,ciclo1_AC_AP,prosumer20,concentrator_trafo_2_12,propose,376,11.177401,0
1789091357.496170,69,ciclo1_AC_AP,prosumer6,concentrator_trafo_1_3,propose,341,7.253182,0
1789091357.497787,69,ciclo1_AC_AP,prosumer15,concentrator_trafo_2_12,propose,122,3.572823,0
1789091357.499223,69,ciclo1_AC_AP,prosumer7,concentrator_trafo_1_3,propose,261,4.830713,0
1789091357.500419,69,ciclo1_AC_AP,prosumer18,concentrator_trafo_2_12,propose,112,2.897623,0
1789091357.501631,69,ciclo1_AC_AP,prosumer4,concentrator_trafo_1_3,propose,261,4.070350,0
1789091357.503321,69,ciclo1_AC_AP,prosumer17,concentrator_trafo_2_12,propose,301,7.142336,0
1789091357.504467,69,ciclo1_AC_AP,prosumer3,concentrator_trafo_1_3,propose,164,2.820637,0
1789091357.505569,69,ciclo1_AC_AP,prosumer13,concentrator_trafo_2_12,propose,491,7.239033,0
1789091357.507713,69,ciclo1_AC_AP,prosumer10,concentrator_trafo_1_3,propose,425,6.091590,0
1789091357.512635,69,ciclo1_AC_AP,prosumer9,concentrator_trafo_1_3,propose,240,3.696806,0
1789091357.516718,69,ciclo1_AC_AP,prosumer16,concentrator_trafo_2_12,propose,308,5.549327,0
1789091357.547423,69,ciclo1_AC_AP,prosumer8,concentrator_trafo_1_3,propose,443,14.076968,0
1789091357.694106,69,ciclo2_AD_AC,dso,concentrator_trafo_1_3,cfp,100,4.217379,0
1789091357.695207,69,ciclo2_AD_AC,dso,concentrator_trafo_2_12,cfp,100,4.519892,0
1789091357.741787,69,ciclo2_AD_AC,concentrator_trafo_1_3,dso,propose,1072,34.979025,0
1789091357.745114,69,ciclo2_AD_AC,concentrator_trafo_2_12,dso,propose,1304,46.504519,0
1789091358.216533,69,ciclo3_AM_AC_AD,market,dso,cfp,100,4.018108,0
1789091358.264254,69,ciclo3_AM_AC_AD,dso,market,propose,1075,19.650763,0
1789091358.465576,69,ciclo3_AM_AC_AD,market,concentrator_trafo_1_3,cfp,100,5.459012,0
1789091358.465911,69,ciclo3_AM_AC_AD,market,concentrator_trafo_2_12,cfp,100,1.248738,0
1789091358.466232,69,ciclo3_AM_AC_AD,market,dso,cfp,100,0.483179,0
1789091358.503962,69,ciclo3_AM_AC_AD,dso,market,propose,1206,20.763093,0
1789091358.505720,69,ciclo3_AM_AC_AD,concentrator_trafo_2_12,market,propose,1443,25.045730,0
1789091358.544416,69,ciclo3_AM_AC_AD,concentrator_trafo_1_3,market,propose,1156,39.635229,0
1789091359.010386,70,ciclo1_AC_AP,concentrator_trafo_1_3,prosumer3,cfp,100,3.480257,0
1789091359.011417,70,ciclo1_AC_AP,concentrator_trafo_1_3,prosumer4,cfp,100,3.143223,0
1789091359.012337,70,ciclo1_AC_AP,concentrator_trafo_1_3,prosumer5,cfp,100,0.359720,0
1789091359.013189,70,ciclo1_AC_AP,concentrator_trafo_1_3,prosumer6,cfp,100,0.788327,0
1789091359.013960,70,ciclo1_AC_AP,concentrator_trafo_1_3,prosumer7,cfp,100,1.738870,0
1789091359.014628,70,ciclo1_AC_AP,concentrator_trafo_1_3,prosumer8,cfp,100,3.116914,0
1789091359.015115,70,ciclo1_AC_AP,concentrator_trafo_1_3,prosumer9,cfp,100,3.103185,0
1789091359.015454,70,ciclo1_AC_AP,concentrator_trafo_1_3,prosumer10,cfp,100,1.108967,0
1789091359.015695,70,ciclo1_AC_AP,concentrator_trafo_1_3,prosumer11,cfp,100,0.007776,0
1789091359.016623,70,ciclo1_AC_AP,concentrator_trafo_2_12,prosumer12,cfp,100,3.682455,0
1789091359.016871,70,ciclo1_AC_AP,concentrator_trafo_2_12,prosumer13,cfp,100,1.376948,0
1789091359.016980,70,ciclo1_AC_AP,concentrator_trafo_2_12,prosumer14,cfp,100,2.255842,0
1789091359.017083,70,ciclo1_AC_AP,concentrator_trafo_2_12,prosumer15,cfp,100,0.607703,0
1789091359.017188,70,ciclo1_AC_AP,concentrator_trafo_2_12,prosumer16,cfp,100,1.417107,0
1789091359.017287,70,ciclo1_AC_AP,concentrator_trafo_2_12,prosumer17,cfp,100,0.274914,0
1789091359.017396,70,ciclo1_AC_AP,concentrator_trafo_2_12,prosumer18,cfp,100,2.808618,0
1789091359.017495,70,ciclo1_AC_AP,concentrator_trafo_2_12,prosumer19,cfp,100,2.035644,0
1789091359.017603,70,ciclo1_AC_AP,concentrator_trafo_2_12,prosumer20,cfp,100,7.467116,0
1789091359.020136,70,ciclo1_AC_AP,prosumer11,concentrator_trafo_1_3,propose,361,5.211909,0
1789091359.021706,70,ciclo1_AC_AP,prosumer5,concentrator_trafo_1_3,propose,130,4.926980,0
1789091359.023777,70,ciclo1_AC_AP,prosumer17,concentrator_trafo_2_12,propose,183,5.268393,0
1789091359.024767,70,ciclo1_AC_AP,prosumer6,concentrator_trafo_1_3,propose,164,3.178118,0
1789091359.026231,70,ciclo1_AC_AP,prosumer15,concentrator_trafo_2_12,propose,168,7.623882,0
1789091359.029490,70,ciclo1_AC_AP,prosumer10,concentrator_trafo_1_3,propose,346,7.074073,0
1789091359.033866,70,ciclo1_AC_AP,prosumer13,concentrator_trafo_2_12,propose,461,6.515698,0
1789091359.036622,70,ciclo1_AC_AP,prosumer16,concentrator_trafo_2_12,propose,428,8.384087,0
1789091359.038018,70,ciclo1_AC_AP,prosumer7,concentrator_trafo_1_3,propose,466,7.761757,0
1789091359.039652,70,ciclo1_AC_AP,prosumer19,concentrator_trafo_2_12,propose,491,9.450233,0
1789091359.041329,70,ciclo1_AC_AP,prosumer14,concentrator_trafo_2_12,propose,470,8.346692,0
1789091359.045612,70,ciclo1_AC_AP,prosumer4,concentrator_trafo_1_3,propose,123,3.870839,0
1789091359.048116,70,ciclo1_AC_AP,prosumer3,concentrator_trafo_1_3,propose,473,6.987569,0
1789091359.049476,70,ciclo1_AC_AP,prosumer18,concentrator_trafo_2_12,propose,366,5.797402,0
1789091359.050679,70,ciclo1_AC_AP,prosumer8,concentrator_trafo_1_3,propose,122,5.012179,0
1789091359.051849,70,ciclo1_AC_AP,prosumer9,concentrator_trafo_1_3,propose,384,9.857524,0
1789091359.055427,70,ciclo1_AC_AP,prosumer12,concentrator_trafo_2_12,propose,453,8.668348,0
1789091359.095265,70,ciclo1_AC_AP,prosumer20,concentrator_trafo_2_12,propose,481,18.360318,0
1789091359.283430,70,ciclo2_AD_AC,dso,concentrator_trafo_1_3,cfp,100,4.144367,0
1789091359.283771,70,ciclo2_AD_AC,dso,concentrator_trafo_2_12,cfp,100,3.316011,0
1789091359.321964,70,ciclo2_AD_AC,concentrator_trafo_2_12,dso,propose,1357,46.324087,0
1789091359.327727,70,ciclo2_AD_AC,concentrator_trafo_1_3,dso,propose,1323,47.147505,0
1789091359.804298,70,ciclo3_AM_AC_AD,market,dso,cfp,100,3.065722,0
1789091359.846494,70,ciclo3_AM_AC_AD,dso,market,propose,1198,20.748170,0
1789091360.061579,70,ciclo3_AM_AC_AD,market,concentrator_trafo_1_3,cfp,100,4.889655,0
1789091360.062346,70,ciclo3_AM_AC_AD,market,concentrator_trafo_2_12,cfp,100,2.611969,0
1789091360.063012,70,ciclo3_AM_AC_AD,market,dso,cfp,100,1.521868,0
1789091360.109904,70,ciclo3_AM_AC_AD,concentrator_trafo_2_12,market,propose,1486,25.942057,0
1789091360.112839,70,ciclo3_AM_AC_AD,dso,market,propose,1092,17.466345,0
1789091360.135208,70,ciclo3_AM_AC_AD,concentrator_trafo_1_3,market,propose,1176,40.027603,0
1789091360.619743,71,ciclo1_AC_AP,concentrator_trafo_1_3,prosumer3,cfp,100,1.360931,0
1789091360.620273,71,ciclo1_AC_AP,concentrator_trafo_1_3,prosumer4,cfp,100,1.711530,0
1789091360.620733,71,ciclo1_AC_AP,concentrator_trafo_1_3,prosumer5,cfp,100,1.426388,0
1789091360.621141,71,ciclo1_AC_AP,concentrator_trafo_1_3,prosumer6,cfp,100,3.925016,0
1789091360.621428,71,ciclo1_AC_AP,concentrator_trafo_1_3,prosumer7,cfp,100,0.005536,0
1789091360.621610,71,ciclo1_AC_AP,concentrator_trafo_1_3,prosumer8,cfp,100,5.312858,0
1789091360.621755,71,ciclo1_AC_AP,concentrator_trafo_1_3,prosumer9,cfp,100,0.755000,0
1789091360.621887,71,ciclo1_AC_AP,concentrator_trafo_1_3,prosumer10,cfp,100,1.027296,0
1789091360.622012,71,ciclo1_AC_AP,concentrator_trafo_1_3,prosumer11,cfp,100,1.463344,0
1789091360.622905,71,ciclo1_AC_AP,concentrator_trafo_2_12,prosumer12,cfp,100,0.577503,0
1789091360.623071,71,ciclo1_AC_AP,concentrator_trafo_2_12,prosumer13,cfp,100,2.936928,0
1789091360.623209,71,ciclo1_AC_AP,concentrator_trafo_2_12,prosumer14,cfp,100,1.559419,0
1789091360.623346,71,ciclo1_AC_AP,concentrator_trafo_2_12,prosumer15,cfp,100,2.372294,0
1789091360.623475,71,ciclo1_AC_AP,concentrator_trafo_2_12,prosumer16,cfp,100,1.050518,0
1789091360.623628,71,ciclo1_AC_AP,concentrator_trafo_2_12,prosumer17,cfp,100,2.206129,0
1789091360.623747,71,ciclo1_AC_AP,concentrator_trafo_2_12,prosumer18,cfp,100,1.458577,0
1789091360.623865,71,ciclo1_AC_AP,concentrator_trafo_2_12,prosumer19,cfp,100,0.089660,0
1789091360.623983,71,ciclo1_AC_AP,concentrator_trafo_2_12,prosumer20,cfp,100,4.193481,0
1789091360.626505,71,ciclo1_AC_AP,prosumer7,concentrator_trafo_1_3,propose,399,8.771156,0
1789091360.628691,71,ciclo1_AC_AP,prosumer19,concentrator_trafo_2_12,propose,142,3.051291,0
1789091360.630733,71,ciclo1_AC_AP,prosumer12,concentrator_trafo_2_12,propose,141,2.464075,0
1789091360.632400,71,ciclo1_AC_AP,prosumer9,concentrator_trafo_1_3,propose,386,6.870130,0
1789091360.634477,71,ciclo1_AC_AP,prosumer10,concentrator_trafo_1_3,propose,189,3.839789,0
1789091360.636348,71,ciclo1_AC_AP,prosumer3,concentrator_trafo_1_3,propose,235,3.482383,0
1789091360.637111,71,ciclo1_AC_AP,prosumer16,concentrator_trafo_2_12,propose,203,5.731938,0
1789091360.638044,71,ciclo1_AC_AP,prosumer5,concentrator_trafo_1_3,propose,233,3.593111,0
1789091360.639425,71,ciclo1_AC_AP,prosumer11,concentrator_trafo_1_3,propose,267,7.050129,0
1789091360.640426,71,ciclo1_AC_AP,prosumer4,concentrator_trafo_1_3,propose,458,8.824823,0
1789091360.641192,71,ciclo1_AC_AP,prosumer18,concentrator_trafo_2_12,propose,462,9.793535,0
1789091360.641917,71,ciclo1_AC_AP,prosumer14,concentrator_trafo_2_12,propose,229,2.558380,0
1789091360.647114,71,ciclo1_AC_AP,prosumer17,concentrator_trafo_2_12,propose,500,6.792581,0
1789091360.648214,71,ciclo1_AC_AP,prosumer15,concentrator_trafo_2_12,propose,232,8.251036,0
1789091360.655008,71,ciclo1_AC_AP,prosumer13,concentrator_trafo_2_12,propose,364,6.991760,0
1789091360.662251,71,ciclo1_AC_AP,prosumer6,concentrator_trafo_1_3,propose,333,5.620268,0
1789091360.668714,71,ciclo1_AC_AP,prosumer20,concentrator_trafo_2_12,propose,179,7.802357,0
1789091360.677205,71,ciclo1_AC_AP,prosumer8,concentrator_trafo_1_3,propose,487,15.402472,0
1789091360.837071,71,ciclo2_AD_AC,dso,concentrator_trafo_1_3,cfp,100,3.820296,0
1789091360.837998,71,ciclo2_AD_AC,dso,concentrator_trafo_2_12,cfp,100,6.171374,0
1789091360.880018,71,ciclo2_AD_AC,concentrator_trafo_1_3,dso,propose,1460,46.146826,0
1789091360.902794,71,ciclo2_AD_AC,concentrator_trafo_2_12,dso,propose,1229,38.605826,0
1789091361.346429,71,ciclo3_AM_AC_AD,market,dso,cfp,100,1.893588,0
1789091361.397752,71,ciclo3_AM_AC_AD,dso,market,propose,1282,21.511874,0
1789091361.616869,71,ciclo3_AM_AC_AD,market,concentrator_trafo_1_3,cfp,100,5.244607,0
1789091361.617225,71,ciclo3_AM_AC_AD,market,concentrator_trafo_2_12,cfp,100,1.897363,0
1789091361.617485,71,ciclo3_AM_AC_AD,market,dso,cfp,100,0.650426,0
1789091361.652847,71,ciclo3_AM_AC_AD,dso,market,propose,1078,17.327095,0
1789091361.655837,71,ciclo3_AM_AC_AD,concentrator_trafo_2_12,market,propose,1019,18.141907,0
1789091361.696762,71,ciclo3_AM_AC_AD,concentrator_trafo_1_3,market,propose,1323,44.493979,0
1789091362.208509,72,ciclo1_AC_AP,concentrator_trafo_1_3,prosumer3,cfp,100,0.020288,0
1789091362.209300,72,ciclo1_AC_AP,concentrator_trafo_1_3,prosumer4,cfp,100,3.568096,0
1789091362.209581,72,ciclo1_AC_AP,concentrator_trafo_1_3,prosumer5,cfp,100,1.069941,0
1789091362.209773,72,ciclo1_AC_AP,concentrator_trafo_1_3,prosumer6,cfp,100,2.774359,0
1789091362.209933,72,ciclo1_AC_AP,concentrator_trafo_1_3,prosumer7,cfp,100,3.383327,0
1789091362.210087,72,ciclo1_AC_AP,concentrator_trafo_1_3,prosumer8,cfp,100,4.766736,0
1789091362.210237,72,ciclo1_AC_AP,concentrator_trafo_1_3,prosumer9,cfp,100,1.758594,0
1789091362.210381,72,ciclo1_AC_AP,concentrator_trafo_1_3,prosumer10,cfp,100,2.056649,0
1789091362.210524,72,ciclo1_AC_AP,concentrator_trafo_1_3,prosumer11,cfp,100,2.479245,0
1789091362.211487,72,ciclo1_AC_AP,concentrator_trafo_2_12,prosumer12,cfp,100,0.037014,0
1789091362.211678,72,ciclo1_AC_AP,concentrator_trafo_2_12,prosumer13,cfp,100,1.512719,0
1789091362.211811,72,ciclo1_AC_AP,concentrator_trafo_2_12,prosumer14,cfp,100,1.131784,0
1789091362.212028,72,ciclo1_AC_AP,concentrator_trafo_2_12,prosumer15,cfp,100,3.324232,0
1789091362.212267,72,ciclo1_AC_AP,concentrator_trafo_2_12,prosumer16,cfp,100,1.287466,0
1789091362.212414,72,ciclo1_AC_AP,concentrator_trafo_2_12,prosumer17,cfp,100,2.191950,0
1789091362.212556,72,ciclo1_AC_AP,concentrator_trafo_2_12,prosumer18,cfp,100,0.724544,0
1789091362.212687,72,ciclo1_AC_AP,concentrator_trafo_2_12,prosumer19,cfp,100,1.447985,0
1789091362.212810,72,ciclo1_AC_AP,concentrator_trafo_2_12,prosumer20,cfp,100,0.094366,0
1789091362.215955,72,ciclo1_AC_AP,prosumer3,concentrator_trafo_1_3,propose,399,7.893292,0
1789091362.217751,72,ciclo1_AC_AP,prosumer12,concentrator_trafo_2_12,propose,190,5.608483,0
1789091362.219519,72,ciclo1_AC_AP,prosumer20,concentrator_trafo_2_12,propose,428,13.509985,0
1789091362.223289,72,ciclo1_AC_AP,prosumer18,concentrator_trafo_2_12,propose,362,4.107195,0
1789091362.225188,72,ciclo1_AC_AP,prosumer5,concentrator_trafo_1_3,propose,117,1.589302,0
1789091362.227684,72,ciclo1_AC_AP,prosumer14,concentrator_trafo_2_12,propose,487,7.064697,0
1789091362.229175,72,ciclo1_AC_AP,prosumer16,concentrator_trafo_2_12,propose,261,7.353993,0
1789091362.231812,72,ciclo1_AC_AP,prosumer13,concentrator_trafo_2_12,propose,136,5.777559,0
1789091362.232813,72,ciclo1_AC_AP,prosumer19,concentrator_trafo_2_12,propose,198,4.101678,0
1789091362.234706,72,ciclo1_AC_AP,prosumer9,concentrator_trafo_1_3,propose,431,7.843330,0
1789091362.237558,72,ciclo1_AC_AP,prosumer10,concentrator_trafo_1_3,propose,333,6.455230,0
1789091362.238691,72,ciclo1_AC_AP,prosumer17,concentrator_trafo_2_12,propose,412,8.578202,0
1789091362.240003,72,ciclo1_AC_AP,prosumer11,concentrator_trafo_1_3,propose,222,2.329405,0
1789091362.241414,72,ciclo1_AC_AP,prosumer6,concentrator_trafo_1_3,propose,334,4.190238,0
1789091362.245875,72,ciclo1_AC_AP,prosumer7,concentrator_trafo_1_3,propose,367,4.736911,0
1789091362.248496,72,ciclo1_AC_AP,prosumer4,concentrator_trafo_1_3,propose,181,4.018914,0
1789091362.250026,72,ciclo1_AC_AP,prosumer15,concentrator_trafo_2_12,propose,463,15.813444,0
1789091362.260573,72,ciclo1_AC_AP,prosumer8,concentrator_trafo_1_3,propose,270,8.912775,0
1789091362.411625,72,ciclo2_AD_AC,dso,concentrator_trafo_1_3,cfp,100,4.068859,0
1789091362.411851,72,ciclo2_AD_AC,dso,concentrator_trafo_2_12,cfp,100,5.338299,0
1789091362.458502,72,ciclo2_AD_AC,concentrator_trafo_1_3,dso,propose,1467,48.960188,0
1789091362.468603,72,ciclo2_AD_AC,concentrator_trafo_2_12,dso,propose,1335,46.490485,0
1789091362.952036,72,ciclo3_AM_AC_AD,market,dso,cfp,100,1.309034,0
1789091362.972690,72,ciclo3_AM_AC_AD,dso,market,propose,1069,19.363340,0
1789091363.171337,72,ciclo3_AM_AC_AD,market,concentrator_trafo_1_3,cfp,100,2.198726,0
1789091363.171621,72,ciclo3_AM_AC_AD,market,concentrator_trafo_2_12,cfp,100,2.136416,0
1789091363.171881,72,ciclo3_AM_AC_AD,market,dso,cfp,100,3.110446,0
1789091363.228719,72,ciclo3_AM_AC_AD,concentrator_trafo_1_3,market,propose,1243,40.983910,0
1789091363.230459,72,ciclo3_AM_AC_AD,concentrator_trafo_2_12,market,propose,1395,24.206451,0
1789091363.241715,72,ciclo3_AM_AC_AD,dso,market,propose,1284,22.505528,0
1789091363.710787,73,ciclo1_AC_AP,concentrator_trafo_1_3,prosumer3,cfp,100,1.536574,0
1789091363.711818,73,ciclo1_AC_AP,concentrator_trafo_1_3,prosumer4,cfp,100,0.745030,0
1789091363.712488,73,ciclo1_AC_AP,concentrator_trafo_1_3,prosumer5,cfp,100,1.769937,0
1789091363.712950,73,ciclo1_AC_AP,concentrator_trafo_1_3,prosumer6,cfp,100,3.950661,0
1789091363.713290,73,ciclo1_AC_AP,concentrator_trafo_1_3,prosumer7,cfp,100,3.714356,0
1789091363.713439,73,ciclo1_AC_AP,concentrator_trafo_1_3,prosumer8,cfp,100,2.282394,0
1789091363.713588,73,ciclo1_AC_AP,concentrator_trafo_1_3,prosumer9,cfp,100,2.031902,0
1789091363.713727,73,ciclo1_AC_AP,concentrator_trafo_1_3,prosumer10,cfp,100,1.357437,0
1789091363.713854,73,ciclo1_AC_AP,concentrator_trafo_1_3,prosumer11,cfp,100,2.766324,0
1789091363.714700,73,ciclo1_AC_AP,concentrator_trafo_2_12,prosumer12,cfp,100,2.163346,0
1789091363.714862,73,ciclo1_AC_AP,concentrator_trafo_2_12,prosumer13,cfp,100,3.156339,0
1789091363.714999,73,ciclo1_AC_AP,concentrator_trafo_2_12,prosumer14,cfp,100,0.235820,0
1789091363.715119,73,ciclo1_AC_AP,concentrator_trafo_2_12,prosumer15,cfp,100,1.125153,0
1789091363.715236,73,ciclo1_AC_AP,concentrator_trafo_2_12,prosumer16,cfp,100,2.096148,0
1789091363.715351,73,ciclo1_AC_AP,concentrator_trafo_2_12,prosumer17,cfp,100,2.978014,0
1789091363.715464,73,ciclo1_AC_AP,concentrator_trafo_2_12,prosumer18,cfp,100,3.536468,0
1789091363.715598,73,ciclo1_AC_AP,concentrator_trafo_2_12,prosumer19,cfp,100,0.901094,0
1789091363.715719,73,ciclo1_AC_AP,concentrator_trafo_2_12,prosumer20,cfp,100,1.978505,0
1789091363.720205,73,ciclo1_AC_AP,prosumer14,concentrator_trafo_2_12,propose,129,3.634385,0
1789091363.721861,73,ciclo1_AC_AP,prosumer4,concentrator_trafo_1_3,propose,378,7.902887,0
1789091363.727418,73,ciclo1_AC_AP,prosumer19,concentrator_trafo_2_12,propose,142,5.805453,0
1789091363.730649,73,ciclo1_AC_AP,prosumer3,concentrator_trafo_1_3,propose,365,5.153701,0
1789091363.731780,73,ciclo1_AC_AP,prosumer15,concentrator_trafo_2_12,propose,275,12.669836,0
1789091363.733303,73,ciclo1_AC_AP,prosumer10,concentrator_trafo_1_3,propose,101,1.398395,0
1789091363.735743,73,ciclo1_AC_AP,prosumer5,concentrator_trafo_1_3,propose,496,7.633989,0
1789091363.737467,73,ciclo1_AC_AP,prosumer9,concentrator_trafo_1_3,propose,140,3.835995,0
1789091363.739635,73,ciclo1_AC_AP,prosumer20,concentrator_trafo_2_12,propose,153,7.702146,0
1789091363.741094,73,ciclo1_AC_AP,prosumer16,concentrator_trafo_2_12,propose,318,4.965694,0
1789091363.742190,73,ciclo1_AC_AP,prosumer8,concentrator_trafo_1_3,propose,411,17.025141,0
1789091363.743125,73,ciclo1_AC_AP,prosumer12,concentrator_trafo_2_12,propose,280,6.937276,0
1789091363.744463,73,ciclo1_AC_AP,prosumer11,concentrator_trafo_1_3,propose,391,8.431478,0
1789091363.746768,73,ciclo1_AC_AP,prosumer17,concentrator_trafo_2_12,propose,331,6.136552,0
1789091363.747755,73,ciclo1_AC_AP,prosumer13,concentrator_trafo_2_12,propose,271,7.460854,0
1789091363.751666,73,ciclo1_AC_AP,prosumer7,concentrator_trafo_1_3,propose,293,6.726421,0
1789091363.752390,73,ciclo1_AC_AP,prosumer18,concentrator_trafo_2_12,propose,362,4.468469,0
1789091363.753329,73,ciclo1_AC_AP,prosumer6,concentrator_trafo_1_3,propose,285,6.914345,0
1789091363.917409,73,ciclo2_AD_AC,dso,concentrator_trafo_1_3,cfp,100,3.062919,0
1789091363.918244,73,ciclo2_AD_AC,dso,concentrator_trafo_2_12,cfp,100,2.872434,0
1789091363.952758,73,ciclo2_AD_AC,concentrator_trafo_2_12,dso,propose,1430,47.031342,0
1789091363.954893,73,ciclo2_AD_AC,concentrator_trafo_1_3,dso,propose,1441,49.623525,0
1789091364.457250,73,ciclo3_AM_AC_AD,market,dso,cfp,100,3.284809,0
1789091364.500738,73,ciclo3_AM_AC_AD,dso,market,propose,1325,23.855672,0
1789091364.746303,73,ciclo3_AM_AC_AD,market,concentrator_trafo_1_3,cfp,100,2.465366,0
1789091364.747264,73,ciclo3_AM_AC_AD,market,concentrator_trafo_2_12,cfp,100,3.165856,0
1789091364.747863,73,ciclo3_AM_AC_AD,market,dso,cfp,100,3.009288,0
1789091364.801360,73,ciclo3_AM_AC_AD,concentrator_trafo_1_3,market,propose,1060,37.496582,0
1789091364.812606,73,ciclo3_AM_AC_AD,concentrator_trafo_2_12,market,propose,1069,16.342857,0
1789091364.815161,73,ciclo3_AM_AC_AD,dso,market,propose,1162,20.253579,0
1789091365.244649,74,ciclo1_AC_AP,concentrator_trafo_1_3,prosumer3,cfp,100,0.381584,0
1789091365.245656,74,ciclo1_AC_AP,concentrator_trafo_1_3,prosumer4,cfp,100,0.458738,0
1789091365.246620,74,ciclo1_AC_AP,concentrator_trafo_1_3,prosumer5,cfp,100,2.614544,0
1789091365.247398,74,ciclo1_AC_AP,concentrator_trafo_1_3,prosumer6,cfp,100,3.426487,0
1789091365.248006,74,ciclo1_AC_AP,concentrator_trafo_1_3,prosumer7,cfp,100,0.207416,0
1789091365.248280,74,ciclo1_AC_AP,concentrator_trafo_1_3,prosumer8,cfp,100,2.520145,0
1789091365.248610,74,ciclo1_AC_AP,concentrator_trafo_1_3,prosumer9,cfp,100,0.924049,0
1789091365.248771,74,ciclo1_AC_AP,concentrator_trafo_1_3,prosumer10,cfp,100,2.380293,0
1789091365.248905,74,ciclo1_AC_AP,concentrator_trafo_1_3,prosumer11,cfp,100,0.435544,0
1789091365.249750,74,ciclo1_AC_AP,concentrator_trafo_2_12,prosumer12,cfp,100,3.394850,0
1789091365.249899,74,ciclo1_AC_AP,concentrator_trafo_2_12,prosumer13,cfp,100,3.273022,0
1789091365.250024,74,ciclo1_AC_AP,concentrator_trafo_2_12,prosumer14,cfp,100,0.491730,0
1789091365.250144,74,ciclo1_AC_AP,concentrator_trafo_2_12,prosumer15,cfp,100,0.677848,0
1789091365.250261,74,ciclo1_AC_AP,concentrator_trafo_2_12,prosumer16,cfp,100,2.092505,0
1789091365.250374,74,ciclo1_AC_AP,concentrator_trafo_2_12,prosumer17,cfp,100,0.942450,0
1789091365.250488,74,ciclo1_AC_AP,concentrator_trafo_2_12,prosumer18,cfp,100,1.467270,0
1789091365.250615,74,ciclo1_AC_AP,concentrator_trafo_2_12,prosumer19,cfp,100,3.814254,0
1789091365.250734,74,ciclo1_AC_AP,concentrator_trafo_2_12,prosumer20,cfp,100,2.486496,0
1789091365.252878,74,ciclo1_AC_AP,prosumer3,concentrator_trafo_1_3,propose,111,1.265646,0
1789091365.254425,74,ciclo1_AC_AP,prosumer7,concentrator_trafo_1_3,propose,193,5.892546,0
1789091365.256067,74,ciclo1_AC_AP,prosumer4,concentrator_trafo_1_3,propose,475,8.626899,0
1789091365.258698,74,ciclo1_AC_AP,prosumer11,concentrator_trafo_1_3,propose,164,2.404027,0
1789091365.260191,74,ciclo1_AC_AP,prosumer14,concentrator_trafo_2_12,propose,109,3.158722,0
1789091365.262295,74,ciclo1_AC_AP,prosumer15,concentrator_trafo_2_12,propose,272,9.711904,0
1789091365.264498,74,ciclo1_AC_AP,prosumer9,concentrator_trafo_1_3,propose,411,8.649041,0
1789091365.266118,74,ciclo1_AC_AP,prosumer17,concentrator_trafo_2_12,propose,198,5.241856,0
1789091365.268344,74,ciclo1_AC_AP,prosumer18,concentrator_trafo_2_12,propose,122,3.284929,0
1789091365.275714,74,ciclo1_AC_AP,prosumer16,concentrator_trafo_2_12,propose,311,5.040718,0
1789091365.277997,74,ciclo1_AC_AP,prosumer10,concentrator_trafo_1_3,propose,430,7.306218,0
1789091365.279547,74,ciclo1_AC_AP,prosumer5,concentrator_trafo_1_3,propose,131,4.984941,0
1789091365.281520,74,ciclo1_AC_AP,prosumer8,concentrator_trafo_1_3,propose,457,15.744729,0
1789091365.283203,74,ciclo1_AC_AP,prosumer20,concentrator_trafo_2_12,propose,259,14.383413,0
1789091365.285561,74,ciclo1_AC_AP,prosumer6,concentrator_trafo_1_3,propose,299,5.849814,0
1789091365.287039,74,ciclo1_AC_AP,prosumer13,concentrator_trafo_2_12,propose,126,1.874139,0
1789091365.288571,74,ciclo1_AC_AP,prosumer12,concentrator_trafo_2_12,propose,407,6.103652,0
1789091365.289780,74,ciclo1_AC_AP,prosumer19,concentrator_trafo_2_12,propose,492,8.018132,0
1789091365.442794,74,ciclo2_AD_AC,dso,concentrator_trafo_1_3,cfp,100,2.278158,0
1789091365.443132,74,ciclo2_AD_AC,dso,concentrator_trafo_2_12,cfp,100,3.105521,0
1789091365.468707,74,ciclo2_AD_AC,concentrator_trafo_1_3,dso,propose,1406,47.614601,0
1789091365.477230,74,ciclo2_AD_AC,concentrator_trafo_2_12,dso,propose,1364,41.790912,0
1789091365.951958,74,ciclo3_AM_AC_AD,market,dso,cfp,100,2.775888,0
1789091365.991121,74,ciclo3_AM_AC_AD,dso,market,propose,1086,16.241730,0
1789091366.161043,74,ciclo3_AM_AC_AD,market,concentrator_trafo_1_3,cfp,100,6.254751,0
1789091366.161756,74,ciclo3_AM_AC_AD,market,concentrator_trafo_2_12,cfp,100,2.684436,0
1789091366.162096,74,ciclo3_AM_AC_AD,market,dso,cfp,100,1.685263,0
1789091366.217314,74,ciclo3_AM_AC_AD,concentrator_trafo_2_12,market,propose,1183,22.169670,0
1789091366.219233,74,ciclo3_AM_AC_AD,dso,market,propose,1470,23.462584,0
1789091366.247364,74,ciclo3_AM_AC_AD,concentrator_trafo_1_3,market,propose,1427,49.632702,0
1789091366.815952,75,ciclo1_AC_AP,concentrator_trafo_1_3,prosumer3,cfp,100,1.583815,0
1789091366.816840,75,ciclo1_AC_AP,concentrator_trafo_1_3,prosumer4,cfp,100,3.143525,0
1789091366.817569,75,ciclo1_AC_AP,concentrator_trafo_1_3,prosumer5,cfp,100,1.259719,0
1789091366.818034,75,ciclo1_AC_AP,concentrator_trafo_1_3,prosumer6,cfp,100,1.869876,0
1789091366.818457,75,ciclo1_AC_AP,concentrator_trafo_1_3,prosumer7,cfp,100,3.331872,0
1789091366.818856,75,ciclo1_AC_AP,concentrator_trafo_1_3,prosumer8,cfp,100,7.362690,0
1789091366.819049,75,ciclo1_AC_AP,concentrator_trafo_1_3,prosumer9,cfp,100,2.140747,0
1789091366.819194,75,ciclo1_AC_AP,concentrator_trafo_1_3,prosumer10,cfp,100,3.221245,0
1789091366.819355,75,ciclo1_AC_AP,concentrator_trafo_1_3,prosumer11,cfp,100,0.470638,0
1789091366.820219,75,ciclo1_AC_AP,concentrator_trafo_2_12,prosumer12,cfp,100,1.958647,0
1789091366.820400,75,ciclo1_AC_AP,concentrator_trafo_2_12,prosumer13,cfp,100,1.474702,0
1789091366.820550,75,ciclo1_AC_AP,concentrator_trafo_2_12,prosumer14,cfp,100,0.827494,0
1789091366.820691,75,ciclo1_AC_AP,concentrator_trafo_2_12,prosumer15,cfp,100,1.334185,0
1789091366.820818,75,ciclo1_AC_AP,concentrator_trafo_2_12,prosumer16,cfp,100,2.292685,0
1789091366.820932,75,ciclo1_AC_AP,concentrator_trafo_2_12,prosumer17,cfp,100,2.108384,0
1789091366.821049,75,ciclo1_AC_AP,concentrator_trafo_2_12,prosumer18,cfp,100,1.850863,0
1789091366.821167,75,ciclo1_AC_AP,concentrator_trafo_2_12,prosumer19,cfp,100,3.823687,0
1789091366.821281,75,ciclo1_AC_AP,concentrator_trafo_2_12,prosumer20,cfp,100,4.759511,0
1789091366.827001,75,ciclo1_AC_AP,prosumer11,concentrator_trafo_1_3,propose,139,2.117038,0
1789091366.832169,75,ciclo1_AC_AP,prosumer14,concentrator_trafo_2_12,propose,309,7.726064,0
1789091366.835142,75,ciclo1_AC_AP,prosumer5,concentrator_trafo_1_3,propose,127,2.311813,0
1789091366.837000,75,ciclo1_AC_AP,prosumer3,concentrator_trafo_1_3,propose,325,7.041660,0
1789091366.839182,75,ciclo1_AC_AP,prosumer15,concentrator_trafo_2_12,propose,281,10.962458,0
1789091366.840602,75,ciclo1_AC_AP,prosumer13,concentrator_trafo_2_12,propose,409,9.281791,0
1789091366.841628,75,ciclo1_AC_AP,prosumer6,concentrator_trafo_1_3,propose,417,7.042652,0
1789091366.843210,75,ciclo1_AC_AP,prosumer18,concentrator_trafo_2_12,propose,487,9.755021,0
1789091366.844090,75,ciclo1_AC_AP,prosumer12,concentrator_trafo_2_12,propose,230,3.616519,0
1789091366.844874,75,ciclo1_AC_AP,prosumer9,concentrator_trafo_1_3,propose,444,7.600289,0
1789091366.845753,75,ciclo1_AC_AP,prosumer17,concentrator_trafo_2_12,propose,258,5.009659,0
1789091366.846761,75,ciclo1_AC_AP,prosumer16,concentrator_trafo_2_12,propose,388,7.092923,0
1789091366.850322,75,ciclo1_AC_AP,prosumer4,concentrator_trafo_1_3,propose,332,8.008357,0
1789091366.852516,75,ciclo1_AC_AP,prosumer10,concentrator_trafo_1_3,propose,311,5.004898,0
1789091366.853441,75,ciclo1_AC_AP,prosumer7,concentrator_trafo_1_3,propose,192,2.790926,0
1789091366.861807,75,ciclo1_AC_AP,prosumer19,concentrator_trafo_2_12,propose,115,2.959995,0
1789091366.871574,75,ciclo1_AC_AP,prosumer20,concentrator_trafo_2_12,propose,332,12.664625,0
1789091366.895789,75,ciclo1_AC_AP,prosumer8,concentrator_trafo_1_3,propose,235,10.857749,0
1789091367.009477,75,ciclo2_AD_AC,dso,concentrator_trafo_1_3,cfp,100,3.535686,0
1789091367.009767,75,ciclo2_AD_AC,dso,concentrator_trafo_2_12,cfp,100,1.841889,0
1789091367.033474,75,ciclo2_AD_AC,concentrator_trafo_2_12,dso,propose,1097,34.965806,0
1789091367.049160,75,ciclo2_AD_AC,concentrator_trafo_1_3,dso,propose,1486,47.335709,0
1789091367.529098,75,ciclo3_AM_AC_AD,market,dso,cfp,100,1.427765,0
1789091367.547330,75,ciclo3_AM_AC_AD,dso,market,propose,1198,18.211118,0
1789091367.736167,75,ciclo3_AM_AC_AD,market,concentrator_trafo_1_3,cfp,100,3.758178,0
1789091367.736870,75,ciclo3_AM_AC_AD,market,concentrator_trafo_2_12,cfp,100,2.916071,0
1789091367.737422,75,ciclo3_AM_AC_AD,market,dso,cfp,100,4.007380,0
1789091367.804152,75,ciclo3_AM_AC_AD,concentrator_trafo_2_12,market,propose,1032,17.302405,0
1789091367.812832,75,ciclo3_AM_AC_AD,concentrator_trafo_1_3,market,propose,1183,43.149213,0
1789091367.818720,75,ciclo3_AM_AC_AD,dso,market,propose,1049,17.135175,0
1789091368.311591,76,ciclo1_AC_AP,concentrator_trafo_1_3,prosumer3,cfp,100,2.333838,0
1789091368.312240,76,ciclo1_AC_AP,concentrator_trafo_1_3,prosumer4,cfp,100,0.615672,0
1789091368.312595,76,ciclo1_AC_AP,concentrator_trafo_1_3,prosumer5,cfp,100,0.872677,0
1789091368.312821,76,ciclo1_AC_AP,concentrator_trafo_1_3,prosumer6,cfp,100,0.562478,0
1789091368.313030,76,ciclo1_AC_AP,concentrator_trafo_1_3,prosumer7,cfp,100,0.772665,0
1789091368.313239,76,ciclo1_AC_AP,concentrator_trafo_1_3,prosumer8,cfp,100,7.172116,0
1789091368.313414,76,ciclo1_AC_AP,concentrator_trafo_1_3,prosumer9,cfp,100,2.490020,0
1789091368.313525,76,ciclo1_AC_AP,concentrator_trafo_1_3,prosumer10,cfp,100,0.145144,0
1789091368.313641,76,ciclo1_AC_AP,concentrator_trafo_1_3,prosumer11,cfp,100,3.256063,0
1789091368.314386,76,ciclo1_AC_AP,concentrator_trafo_2_12,prosumer12,cfp,100,2.152028,0
1789091368.314521,76,ciclo1_AC_AP,concentrator_trafo_2_12,prosumer13,cfp,100,2.605569,0
1789091368.314652,76,ciclo1_AC_AP,concentrator_trafo_2_12,prosumer14,cfp,100,1.798399,0
1789091368.314770,76,ciclo1_AC_AP,concentrator_trafo_2_12,prosumer15,cfp,100,3.515614,0
1789091368.314888,76,ciclo1_AC_AP,concentrator_trafo_2_12,prosumer16,cfp,100,3.826752,0
1789091368.315001,76,ciclo1_AC_AP,concentrator_trafo_2_12,prosumer17,cfp,100,0.392818,0
1789091368.315104,76,ciclo1_AC_AP,concentrator_trafo_2_12,prosumer18,cfp,100,3.977242,0
1789091368.315211,76,ciclo1_AC_AP,concentrator_trafo_2_12,prosumer19,cfp,100,3.481363,0
1789091368.315327,76,ciclo1_AC_AP,concentrator_trafo_2_12,prosumer20,cfp,100,2.325746,0
1789091368.317873,76,ciclo1_AC_AP,prosumer10,concentrator_trafo_1_3,propose,163,2.080265,0
1789091368.322189,76,ciclo1_AC_AP,prosumer4,concentrator_trafo_1_3,propose,113,0.577008,0
1789091368.324004,76,ciclo1_AC_AP,prosumer6,concentrator_trafo_1_3,propose,279,4.249430,0
1789091368.325596,76,ciclo1_AC_AP,prosumer17,concentrator_trafo_2_12,propose,110,1.472955,0
1789091368.328079,76,ciclo1_AC_AP,prosumer7,concentrator_trafo_1_3,propose,190,3.873575,0
1789091368.329680,76,ciclo1_AC_AP,prosumer5,concentrator_trafo_1_3,propose,306,5.212454,0
1789091368.335212,76,ciclo1_AC_AP,prosumer14,concentrator_trafo_2_12,propose,415,9.642554,0
1789091368.337446,76,ciclo1_AC_AP,prosumer3,concentrator_trafo_1_3,propose,453,8.996996,0
1789091368.338878,76,ciclo1_AC_AP,prosumer12,concentrator_trafo_2_12,propose,434,9.381370,0
1789091368.341709,76,ciclo1_AC_AP,prosumer9,concentrator_trafo_1_3,propose,106,1.403506,0
1789091368.343251,76,ciclo1_AC_AP,prosumer20,concentrator_trafo_2_12,propose,265,11.352653,0
1789091368.346086,76,ciclo1_AC_AP,prosumer13,concentrator_trafo_2_12,propose,333,6.391234,0
1789091368.348137,76,ciclo1_AC_AP,prosumer11,concentrator_trafo_1_3,propose,383,10.605506,0
1789091368.352268,76,ciclo1_AC_AP,prosumer15,concentrator_trafo_2_12,propose,481,16.907129,0
1789091368.353407,76,ciclo1_AC_AP,prosumer19,concentrator_trafo_2_12,propose,455,8.773550,0
1789091368.355447,76,ciclo1_AC_AP,prosumer16,concentrator_trafo_2_12,propose,353,5.823723,0
1789091368.357133,76,ciclo1_AC_AP,prosumer18,concentrator_trafo_2_12,propose,343,5.627697,0
1789091368.388414,76,ciclo1_AC_AP,prosumer8,concentrator_trafo_1_3,propose,141,8.360892,0
1789091368.525067,76,ciclo2_AD_AC,dso,concentrator_trafo_1_3,cfp,100,1.886461,0
1789091368.525482,76,ciclo2_AD_AC,dso,concentrator_trafo_2_12,cfp,100,4.789227,0
1789091368.548759,76,ciclo2_AD_AC,concentrator_trafo_1_3,dso,propose,1439,46.768277,0
1789091368.579090,76,ciclo2_AD_AC,concentrator_trafo_2_12,dso,propose,1026,35.868262,0
1789091369.020162,76,ciclo3_AM_AC_AD,market,dso,cfp,100,3.061604,0
1789091369.060531,76,ciclo3_AM_AC_AD,dso,market,propose,1274,22.829858,0
1789091369.296563,76,ciclo3_AM_AC_AD,market,concentrator_trafo_1_3,cfp,100,2.635542,0
1789091369.297487,76,ciclo3_AM_AC_AD,market,concentrator_trafo_2_12,cfp,100,2.715127,0
1789091369.298122,76,ciclo3_AM_AC_AD,market,dso,cfp,100,0.615087,0
1789091369.342200,76,ciclo3_AM_AC_AD,dso,market,propose,1441,22.840554,0
1789091369.344723,76,ciclo3_AM_AC_AD,concentrator_trafo_1_3,market,propose,1205,41.796623,0
1789091369.348545,76,ciclo3_AM_AC_AD,concentrator_trafo_2_12,market,propose,1404,23.473487,0
1789091369.832970,77,ciclo1_AC_AP,concentrator_trafo_1_3,prosumer3,cfp,100,2.399764,0
1789091369.833998,77,ciclo1_AC_AP,concentrator_trafo_1_3,prosumer4,cfp,100,3.886702,0
1789091369.834940,77,ciclo1_AC_AP,concentrator_trafo_1_3,prosumer5,cfp,100,0.812603,0
1789091369.835837,77,ciclo1_AC_AP,concentrator_trafo_1_3,prosumer6,cfp,100,1.062302,0
1789091369.836608,77,ciclo1_AC_AP,concentrator_trafo_1_3,prosumer7,cfp,100,0.545114,0
1789091369.837334,77,ciclo1_AC_AP,concentrator_trafo_1_3,prosumer8,cfp,100,2.602724,0
1789091369.838000,77,ciclo1_AC_AP,concentrator_trafo_1_3,prosumer9,cfp,100,2.955554,0
1789091369.838418,77,ciclo1_AC_AP,concentrator_trafo_1_3,prosumer10,cfp,100,1.208274,0
1789091369.838988,77,ciclo1_AC_AP,concentrator_trafo_1_3,prosumer11,cfp,100,1.126117,0
1789091369.840176,77,ciclo1_AC_AP,concentrator_trafo_2_12,prosumer12,cfp,100,3.494786,0
1789091369.840425,77,ciclo1_AC_AP,concentrator_trafo_2_12,prosumer13,cfp,100,3.561842,0
1789091369.840643,77,ciclo1_AC_AP,concentrator_trafo_2_12,prosumer14,cfp,100,1.057918,0
1789091369.840837,77,ciclo1_AC_AP,concentrator_trafo_2_12,prosumer15,cfp,100,4.011856,0
1789091369.841022,77,ciclo1_AC_AP,concentrator_trafo_2_12,prosumer16,cfp,100,2.592788,0
1789091369.841207,77,ciclo1_AC_AP,concentrator_trafo_2_12,prosumer17,cfp,100,1.754776,0
1789091369.841387,77,ciclo1_AC_AP,concentrator_trafo_2_12,prosumer18,cfp,100,2.013216,0
1789091369.841576,77,ciclo1_AC_AP,concentrator_trafo_2_12,prosumer19,cfp,100,3.769819,0
1789091369.841763,77,ciclo1_AC_AP,concentrator_trafo_2_12,prosumer20,cfp,100,1.973418,0
1789091369.846493,77,ciclo1_AC_AP,prosumer7,concentrator_trafo_1_3,propose,234,3.259480,0
1789091369.849209,77,ciclo1_AC_AP,prosumer5,concentrator_trafo_1_3,propose,114,0.089259,0
1789091369.851498,77,ciclo1_AC_AP,prosumer6,concentrator_trafo_1_3,propose,431,6.160852,0
1789091369.855771,77,ciclo1_AC_AP,prosumer11,concentrator_trafo_1_3,propose,364,5.209942,0
1789091369.857763,77,ciclo1_AC_AP,prosumer10,concentrator_trafo_1_3,propose,149,5.110273,0
1789091369.859057,77,ciclo1_AC_AP,prosumer14,concentrator_trafo_2_12,propose,141,5.100434,0
1789091369.861931,77,ciclo1_AC_AP,prosumer3,concentrator_trafo_1_3,propose,270,7.479271,0
1789091369.863117,77,ciclo1_AC_AP,prosumer17,concentrator_trafo_2_12,propose,283,6.144073,0
1789091369.865847,77,ciclo1_AC_AP,prosumer20,concentrator_trafo_2_12,propose,150,8.905505,0
1789091369.867336,77,ciclo1_AC_AP,prosumer18,concentrator_trafo_2_12,propose,341,7.669051,0
1789091369.868951,77,ciclo1_AC_AP,prosumer8,concentrator_trafo_1_3,propose,116,4.922077,0
1789091369.871115,77,ciclo1_AC_AP,prosumer16,concentrator_trafo_2_12,propose,178,4.892129,0
1789091369.872504,77,ciclo1_AC_AP,prosumer9,concentrator_trafo_1_3,propose,364,5.870199,0
1789091369.875665,77,ciclo1_AC_AP,prosumer4,concentrator_trafo_1_3,propose,420,8.509565,0
1789091369.877922,77,ciclo1_AC_AP,prosumer12,concentrator_trafo_2_12,propose,246,5.306082,0
1789091369.879286,77,ciclo1_AC_AP,prosumer13,concentrator_trafo_2_12,propose,118,2.063790,0
1789091369.881214,77,ciclo1_AC_AP,prosumer19,concentrator_trafo_2_12,propose,100,1.378817,0
1789091369.882634,77,ciclo1_AC_AP,prosumer15,concentrator_trafo_2_12,propose,292,12.808061,0
1789091370.015955,77,ciclo2_AD_AC,dso,concentrator_trafo_1_3,cfp,100,7.504296,0
1789091370.016989,77,ciclo2_AD_AC,dso,concentrator_trafo_2_12,cfp,100,5.691581,0
1789091370.078735,77,ciclo2_AD_AC,concentrator_trafo_2_12,dso,propose,1172,42.549588,0
1789091370.097155,77,ciclo2_AD_AC,concentrator_trafo_1_3,dso,propose,1080,37.088170,0
1789091370.510336,77,ciclo3_AM_AC_AD,market,dso,cfp,100,2.965101,0
1789091370.549647,77,ciclo3_AM_AC_AD,dso,market,propose,1483,26.218870,0
1789091370.819040,77,ciclo3_AM_AC_AD,market,concentrator_trafo_1_3,cfp,100,5.991270,0
1789091370.819953,77,ciclo3_AM_AC_AD,market,concentrator_trafo_2_12,cfp,100,2.661987,0
1789091370.820729,77,ciclo3_AM_AC_AD,market,dso,cfp,100,0.155255,0
1789091370.849113,77,ciclo3_AM_AC_AD,dso,market,propose,1280,20.484344,0
1789091370.865958,77,ciclo3_AM_AC_AD,concentrator_trafo_2_12,market,propose,1356,22.037646,0
1789091370.903913,77,ciclo3_AM_AC_AD,concentrator_trafo_1_3,market,propose,1075,38.680745,0
1789091371.361702,78,ciclo1_AC_AP,concentrator_trafo_1_3,prosumer3,cfp,100,2.340748,0
1789091371.362929,78,ciclo1_AC_AP,concentrator_trafo_1_3,prosumer4,cfp,100,3.911812,0
1789091371.364153,78,ciclo1_AC_AP,concentrator_trafo_1_3,prosumer5,cfp,100,0.019748,0
1789091371.364972,78,ciclo1_AC_AP,concentrator_trafo_1_3,prosumer6,cfp,100,0.014828,0
1789091371.365266,78,ciclo1_AC_AP,concentrator_trafo_1_3,prosumer7,cfp,100,3.927465,0
1789091371.365427,78,ciclo1_AC_AP,concentrator_trafo_1_3,prosumer8,cfp,100,6.680853,0
1789091371.365625,78,ciclo1_AC_AP,concentrator_trafo_1_3,prosumer9,cfp,100,3.233315,0
1789091371.365895,78,ciclo1_AC_AP,concentrator_trafo_1_3,prosumer10,cfp,100,0.254153,0
1789091371.366126,78,ciclo1_AC_AP,concentrator_trafo_1_3,prosumer11,cfp,100,3.589931,0
1789091371.366876,78,ciclo1_AC_AP,concentrator_trafo_2_12,prosumer12,cfp,100,1.185292,0
1789091371.367009,78,ciclo1_AC_AP,concentrator_trafo_2_12,prosumer13,cfp,100,1.156427,0
1789091371.367121,78,ciclo1_AC_AP,concentrator_trafo_2_12,prosumer14,cfp,100,3.279097,0
1789091371.367231,78,ciclo1_AC_AP,concentrator_trafo_2_12,prosumer15,cfp,100,2.319558,0
1789091371.367336,78,ciclo1_AC_AP,concentrator_trafo_2_12,prosumer16,cfp,100,1.612212,0
1789091371.367441,78,ciclo1_AC_AP,concentrator_trafo_2_12,prosumer17,cfp,100,4.013158,0
1789091371.367623,78,ciclo1_AC_AP,concentrator_trafo_2_12,prosumer18,cfp,100,0.487148,0
1789091371.368017,78,ciclo1_AC_AP,concentrator_trafo_2_12,prosumer19,cfp,100,0.131852,0
1789091371.368320,78,ciclo1_AC_AP,concentrator_trafo_2_12,prosumer20,cfp,100,5.422537,0
1789091371.371489,78,ciclo1_AC_AP,prosumer5,concentrator_trafo_1_3,propose,182,5.811708,0
1789091371.372720,78,ciclo1_AC_AP,prosumer6,concentrator_trafo_1_3,propose,189,2.301505,0
1789091371.374690,78,ciclo1_AC_AP,prosumer10,concentrator_trafo_1_3,propose,499,7.724281,0
1789091371.376744,78,ciclo1_AC_AP,prosumer19,concentrator_trafo_2_12,propose,181,5.308866,0
1789091371.378504,78,ciclo1_AC_AP,prosumer18,concentrator_trafo_2_12,propose,427,7.863002,0
1789091371.380425,78,ciclo1_AC_AP,prosumer13,concentrator_trafo_2_12,propose,448,6.894921,0
1789091371.381803,78,ciclo1_AC_AP,prosumer12,concentrator_trafo_2_12,propose,224,5.643966,0
1789091371.385755,78,ciclo1_AC_AP,prosumer16,concentrator_trafo_2_12,propose,419,9.188226,0
1789091371.387445,78,ciclo1_AC_AP,prosumer3,concentrator_trafo_1_3,propose,268,5.798254,0
1789091371.392251,78,ciclo1_AC_AP,prosumer15,concentrator_trafo_2_12,propose,112,5.254503,0
1789091371.401014,78,ciclo1_AC_AP,prosumer9,concentrator_trafo_1_3,propose,347,5.497556,0
1789091371.403106,78,ciclo1_AC_AP,prosumer14,concentrator_trafo_2_12,propose,420,9.055783,0
1789091371.404778,78,ciclo1_AC_AP,prosumer11,concentrator_trafo_1_3,propose,447,10.077772,0
1789091371.406103,78,ciclo1_AC_AP,prosumer4,concentrator_trafo_1_3,propose,303,7.562496,0
1789091371.407647,78,ciclo1_AC_AP,prosumer7,concentrator_trafo_1_3,propose,122,3.919727,0
1789091371.409122,78,ciclo1_AC_AP,prosumer17,concentrator_trafo_2_12,propose,215,2.664106,0
1789091371.426012,78,ciclo1_AC_AP,prosumer20,concentrator_trafo_2_12,propose,223,7.647827,0
1789091371.436291,78,ciclo1_AC_AP,prosumer8,concentrator_trafo_1_3,propose,425,17.992837,0
1789091371.622958,78,ciclo2_AD_AC,dso,concentrator_trafo_1_3,cfp,100,2.419435,0
1789091371.623618,78,ciclo2_AD_AC,dso,concentrator_trafo_2_12,cfp,100,3.030491,0
1789091371.652380,78,ciclo2_AD_AC,concentrator_trafo_1_3,dso,propose,1144,38.984052,0
1789091371.657304,78,ciclo2_AD_AC,concentrator_trafo_2_12,dso,propose,1168,38.755569,0
1789091372.050888,78,ciclo3_AM_AC_AD,market,dso,cfp,100,1.917637,0
1789091372.079031,78,ciclo3_AM_AC_AD,dso,market,propose,1087,18.945286,0
1789091372.276408,78,ciclo3_AM_AC_AD,market,concentrator_trafo_1_3,cfp,100,5.830806,0
1789091372.277238,78,ciclo3_AM_AC_AD,market,concentrator_trafo_2_12,cfp,100,0.831853,0
1789091372.277940,78,ciclo3_AM_AC_AD,market,dso,cfp,100,0.756933,0
1789091372.319863,78,ciclo3_AM_AC_AD,concentrator_trafo_2_12,market,propose,1494,23.521978,0
1789091372.322532,78,ciclo3_AM_AC_AD,dso,market,propose,1121,19.054741,0
1789091372.359824,78,ciclo3_AM_AC_AD,concentrator_trafo_1_3,market,propose,1180,41.050458,0
1789091372.841149,79,ciclo1_AC_AP,concentrator_trafo_1_3,prosumer3,cfp,100,1.286275,0
1789091372.842147,79,ciclo1_AC_AP,concentrator_trafo_1_3,prosumer4,cfp,100,1.835507,0
1789091372.842829,79,ciclo1_AC_AP,concentrator_trafo_1_3,prosumer5,cfp,100,3.840533,0
1789091372.843352,79,ciclo1_AC_AP,concentrator_trafo_1_3,prosumer6,cfp,100,0.709736,0
1789091372.843510,79,ciclo1_AC_AP,concentrator_trafo_1_3,prosumer7,cfp,100,2.938992,0
1789091372.843871,79,ciclo1_AC_AP,concentrator_trafo_1_3,prosumer8,cfp,100,3.188877,0
1789091372.844085,79,ciclo1_AC_AP,concentrator_trafo_1_3,prosumer9,cfp,100,3.033914,0
1789091372.844199,79,ciclo1_AC_AP,concentrator_trafo_1_3,prosumer10,cfp,100,3.258818,0
1789091372.844307,79,ciclo1_AC_AP,concentrator_trafo_1_3,prosumer11,cfp,100,1.247427,0
1789091372.845231,79,ciclo1_AC_AP,concentrator_trafo_2_12,prosumer12,cfp,100,1.737336,0
1789091372.845590,79,ciclo1_AC_AP,concentrator_trafo_2_12,prosumer13,cfp,100,2.305827,0
1789091372.845787,79,ciclo1_AC_AP,concentrator_trafo_2_12,prosumer14,cfp,100,1.148749,0
1789091372.845920,79,ciclo1_AC_AP,concentrator_trafo_2_12,prosumer15,cfp,100,3.485123,0
1789091372.846043,79,ciclo1_AC_AP,concentrator_trafo_2_12,prosumer16,cfp,100,2.186498,0
1789091372.846164,79,ciclo1_AC_AP,concentrator_trafo_2_12,prosumer17,cfp,100,0.707812,0
1789091372.846272,79,ciclo1_AC_AP,concentrator_trafo_2_12,prosumer18,cfp,100,1.521361,0
1789091372.846380,79,ciclo1_AC_AP,concentrator_trafo_2_12,prosumer19,cfp,100,2.662804,0
1789091372.846492,79,ciclo1_AC_AP,concentrator_trafo_2_12,prosumer20,cfp,100,2.567663,0
1789091372.853646,79,ciclo1_AC_AP,prosumer6,concentrator_trafo_1_3,propose,215,5.111238,0
1789091372.856210,79,ciclo1_AC_AP,prosumer17,concentrator_trafo_2_12,propose,183,5.667217,0
1789091372.857895,79,ciclo1_AC_AP,prosumer3,concentrator_trafo_1_3,propose,315,5.075500,0
1789091372.860371,79,ciclo1_AC_AP,prosumer11,concentrator_trafo_1_3,propose,337,6.700065,0
1789091372.861457,79,ciclo1_AC_AP,prosumer14,concentrator_trafo_2_12,propose,286,7.746397,0
1789091372.864339,79,ciclo1_AC_AP,prosumer4,concentrator_trafo_1_3,propose,389,6.461610,0
1789091372.865872,79,ciclo1_AC_AP,prosumer18,concentrator_trafo_2_12,propose,170,3.288761,0
1789091372.867749,79,ciclo1_AC_AP,prosumer12,concentrator_trafo_2_12,propose,297,6.644783,0
1789091372.869663,79,ciclo1_AC_AP,prosumer16,concentrator_trafo_2_12,propose,389,6.165178,0
1789091372.871245,79,ciclo1_AC_AP,prosumer13,concentrator_trafo_2_12,propose,494,7.768174,0
1789091372.875242,79,ciclo1_AC_AP,prosumer20,concentrator_trafo_2_12,propose,106,7.410105,0
1789091372.877250,79,ciclo1_AC_AP,prosumer7,concentrator_trafo_1_3,propose,183,3.939270,0
1789091372.878819,79,ciclo1_AC_AP,prosumer19,concentrator_trafo_2_12,propose,398,6.612083,0
1789091372.881441,79,ciclo1_AC_AP,prosumer9,concentrator_trafo_1_3,propose,102,0.189396,0
1789091372.883130,79,ciclo1_AC_AP,prosumer8,concentrator_trafo_1_3,propose,451,13.755415,0
1789091372.884838,79,ciclo1_AC_AP,prosumer10,concentrator_trafo_1_3,propose,299,7.700443,0
1789091372.886881,79,ciclo1_AC_AP,prosumer15,concentrator_trafo_2_12,propose,467,17.687806,0
1789091372.888278,79,ciclo1_AC_AP,prosumer5,concentrator_trafo_1_3,propose,188,3.673268,0
1789091373.067780,79,ciclo2_AD_AC,dso,concentrator_trafo_1_3,cfp,100,0.342671,0
1789091373.068231,79,ciclo2_AD_AC,dso,concentrator_trafo_2_12,cfp,100,5.178214,0
1789091373.074627,79,ciclo2_AD_AC,concentrator_trafo_1_3,dso,propose,1076,36.475733,0
1789091373.126001,79,ciclo2_AD_AC,concentrator_trafo_2_12,dso,propose,1009,34.786986,0
1789091373.480678,79,ciclo3_AM_AC_AD,market,dso,cfp,100,0.281340,0
1789091373.490842,79,ciclo3_AM_AC_AD,dso,market,propose,1012,17.895079,0
1789091373.676147,79,ciclo3_AM_AC_AD,market,concentrator_trafo_1_3,cfp,100,4.783220,0
1789091373.677027,79,ciclo3_AM_AC_AD,market,concentrator_trafo_2_12,cfp,100,2.775891,0
1789091373.677583,79,ciclo3_AM_AC_AD,market,dso,cfp,100,3.884623,0
1789091373.738173,79,ciclo3_AM_AC_AD,concentrator_trafo_2_12,market,propose,1421,23.288512,0
1789091373.743446,79,ciclo3_AM_AC_AD,dso,market,propose,1165,18.268415,0
1789091373.748603,79,ciclo3_AM_AC_AD,concentrator_trafo_1_3,market,propose,1261,38.798628,0
1789091374.208630,80,ciclo1_AC_AP,concentrator_trafo_1_3,prosumer3,cfp,100,3.267502,0
1789091374.209443,80,ciclo1_AC_AP,concentrator_trafo_1_3,prosumer4,cfp,100,3.439452,0
1789091374.210199,80,ciclo1_AC_AP,concentrator_trafo_1_3,prosumer5,cfp,100,0.767728,0
1789091374.210956,80,ciclo1_AC_AP,concentrator_trafo_1_3,prosumer6,cfp,100,3.459903,0
1789091374.211568,80,ciclo1_AC_AP,concentrator_trafo_1_3,prosumer7,cfp,100,3.812182,0
1789091374.212130,80,ciclo1_AC_AP,concentrator_trafo_1_3,prosumer8,cfp,100,5.438155,0
1789091374.212580,80,ciclo1_AC_AP,concentrator_trafo_1_3,prosumer9,cfp,100,3.949007,0
1789091374.212994,80,ciclo1_AC_AP,concentrator_trafo_1_3,prosumer10,cfp,100,1.378746,0
1789091374.213254,80,ciclo1_AC_AP,concentrator_trafo_1_3,prosumer11,cfp,100,0.458107,0
1789091374.214164,80,ciclo1_AC_AP,concentrator_trafo_2_12,prosumer12,cfp,100,2.267570,0
1789091374.214344,80,ciclo1_AC_AP,concentrator_trafo_2_12,prosumer13,cfp,100,2.324862,0
1789091374.214498,80,ciclo1_AC_AP,concentrator_trafo_2_12,prosumer14,cfp,100,1.794985,0
1789091374.214660,80,ciclo1_AC_AP,concentrator_trafo_2_12,prosumer15,cfp,100,5.076935,0
1789091374.214813,80,ciclo1_AC_AP,concentrator_trafo_2_12,prosumer16,cfp,100,0.352363,0
1789091374.214962,80,ciclo1_AC_AP,concentrator_trafo_2_12,prosumer17,cfp,100,1.684092,0
1789091374.215107,80,ciclo1_AC_AP,concentrator_trafo_2_12,prosumer18,cfp,100,1.778537,0
1789091374.215252,80,ciclo1_AC_AP,concentrator_trafo_2_12,prosumer19,cfp,100,3.582786,0
1789091374.215399,80,ciclo1_AC_AP,concentrator_trafo_2_12,prosumer20,cfp,100,3.625951,0
1789091374.222240,80,ciclo1_AC_AP,prosumer11,concentrator_trafo_1_3,propose,101,2.811573,0
1789091374.223773,80,ciclo1_AC_AP,prosumer5,concentrator_trafo_1_3,propose,119,3.872971,0
1789091374.225063,80,ciclo1_AC_AP,prosumer16,concentrator_trafo_2_12,propose,124,1.541844,0
1789091374.229665,80,ciclo1_AC_AP,prosumer10,concentrator_trafo_1_3,propose,497,8.745606,0
1789091374.235289,80,ciclo1_AC_AP,prosumer17,concentrator_trafo_2_12,propose,157,3.836097,0
1789091374.238001,80,ciclo1_AC_AP,prosumer14,concentrator_trafo_2_12,propose,393,9.962956,0
1789091374.239783,80,ciclo1_AC_AP,prosumer18,concentrator_trafo_2_12,propose,413,9.017204,0
1789091374.242168,80,ciclo1_AC_AP,prosumer12,concentrator_trafo_2_12,propose,175,5.546504,0
1789091374.243665,80,ciclo1_AC_AP,prosumer13,concentrator_trafo_2_12,propose,498,8.985876,0
1789091374.246073,80,ciclo1_AC_AP,prosumer3,concentrator_trafo_1_3,propose,178,3.887373,0
1789091374.247019,80,ciclo1_AC_AP,prosumer4,concentrator_trafo_1_3,propose,444,7.934020,0
1789091374.248203,80,ciclo1_AC_AP,prosumer6,concentrator_trafo_1_3,propose,294,7.387797,0
1789091374.251665,80,ciclo1_AC_AP,prosumer7,concentrator_trafo_1_3,propose,113,3.965439,0
1789091374.253414,80,ciclo1_AC_AP,prosumer19,concentrator_trafo_2_12,propose,314,5.325752,0
1789091374.253956,80,ciclo1_AC_AP,prosumer20,concentrator_trafo_2_12,propose,323,13.616549,0
1789091374.254671,80,ciclo1_AC_AP,prosumer9,concentrator_trafo_1_3,propose,390,9.330445,0
1789091374.267104,80,ciclo1_AC_AP,prosumer15,concentrator_trafo_2_12,propose,451,16.299981,0
1789091374.269001,80,ciclo1_AC_AP,prosumer8,concentrator_trafo_1_3,propose,270,14.412928,0
1789091374.435768,80,ciclo2_AD_AC,dso,concentrator_trafo_1_3,cfp,100,2.638893,0
1789091374.436228,80,ciclo2_AD_AC,dso,concentrator_trafo_2_12,cfp,100,6.432107,0
1789091374.467041,80,ciclo2_AD_AC,concentrator_trafo_1_3,dso,propose,1364,45.309064,0
1789091374.505892,80,ciclo2_AD_AC,concentrator_trafo_2_12,dso,propose,1126,33.902486,0
1789091374.926475,80,ciclo3_AM_AC_AD,market,dso,cfp,100,3.665259,0
1789091374.974939,80,ciclo3_AM_AC_AD,dso,market,propose,1472,23.765040,0
1789091375.215422,80,ciclo3_AM_AC_AD,market,concentrator_trafo_1_3,cfp,100,2.368101,0
1789091375.215794,80,ciclo3_AM_AC_AD,market,concentrator_trafo_2_12,cfp,100,0.983728,0
1789091375.216087,80,ciclo3_AM_AC_AD,market,dso,cfp,100,0.209710,0
1789091375.234908,80,ciclo3_AM_AC_AD,dso,market,propose,1070,17.391181,0
1789091375.236309,80,ciclo3_AM_AC_AD,concentrator_trafo_2_12,market,propose,1186,21.901730,0
1789091375.251733,80,ciclo3_AM_AC_AD,concentrator_trafo_1_3,market,propose,1261,38.944363,0
1789091375.711996,81,ciclo1_AC_AP,concentrator_trafo_1_3,prosumer3,cfp,100,3.360191,0
1789091375.713100,81,ciclo1_AC_AP,concentrator_trafo_1_3,prosumer4,cfp,100,0.362608,0
1789091375.714100,81,ciclo1_AC_AP,concentrator_trafo_1_3,prosumer5,cfp,100,0.002127,0
1789091375.714935,81,ciclo1_AC_AP,concentrator_trafo_1_3,prosumer6,cfp,100,3.043459,0
1789091375.715569,81,ciclo1_AC_AP,concentrator_trafo_1_3,prosumer7,cfp,100,3.832109,0
1789091375.716236,81,ciclo1_AC_AP,concentrator_trafo_1_3,prosumer8,cfp,100,4.544092,0
1789091375.716805,81,ciclo1_AC_AP,concentrator_trafo_1_3,prosumer9,cfp,100,3.709059,0
1789091375.717497,81,ciclo1_AC_AP,concentrator_trafo_1_3,prosumer10,cfp,100,2.806194,0
1789091375.717942,81,ciclo1_AC_AP,concentrator_trafo_1_3,prosumer11,cfp,100,2.545268,0
1789091375.719021,81,ciclo1_AC_AP,concentrator_trafo_2_12,prosumer12,cfp,100,3.937441,0
1789091375.719274,81,ciclo1_AC_AP,concentrator_trafo_2_12,prosumer13,cfp,100,0.387981,0
1789091375.719428,81,ciclo1_AC_AP,concentrator_trafo_2_12,prosumer14,cfp,100,0.933416,0
1789091375.719723,81,ciclo1_AC_AP,concentrator_trafo_2_12,prosumer15,cfp,100,3.420388,0
1789091375.720202,81,ciclo1_AC_AP,concentrator_trafo_2_12,prosumer16,cfp,100,1.891077,0
1789091375.720641,81,ciclo1_AC_AP,concentrator_trafo_2_12,prosumer17,cfp,100,3.058212,0
1789091375.720824,81,ciclo1_AC_AP,concentrator_trafo_2_12,prosumer18,cfp,100,3.214526,0
1789091375.720949,81,ciclo1_AC_AP,concentrator_trafo_2_12,prosumer19,cfp,100,3.044627,0
1789091375.721063,81,ciclo1_AC_AP,concentrator_trafo_2_12,prosumer20,cfp,100,3.520602,0
1789091375.723834,81,ciclo1_AC_AP,prosumer5,concentrator_trafo_1_3,propose,210,4.166273,0
1789091375.725447,81,ciclo1_AC_AP,prosumer4,concentrator_trafo_1_3,propose,373,4.575028,0
1789091375.727113,81,ciclo1_AC_AP,prosumer13,concentrator_trafo_2_12,propose,304,6.930558,0
1789091375.731683,81,ciclo1_AC_AP,prosumer14,concentrator_trafo_2_12,propose,137,3.087833,0
1789091375.742996,81,ciclo1_AC_AP,prosumer16,concentrator_trafo_2_12,propose,166,2.314525,0
1789091375.747509,81,ciclo1_AC_AP,prosumer11,concentrator_trafo_1_3,propose,308,7.693596,0
1789091375.751832,81,ciclo1_AC_AP,prosumer6,concentrator_trafo_1_3,propose,389,9.003813,0
1789091375.753219,81,ciclo1_AC_AP,prosumer10,concentrator_trafo_1_3,propose,437,6.300541,0
1789091375.755000,81,ciclo1_AC_AP,prosumer3,concentrator_trafo_1_3,propose,279,6.717758,0
1789091375.758626,81,ciclo1_AC_AP,prosumer17,concentrator_trafo_2_12,propose,149,5.595197,0
1789091375.759867,81,ciclo1_AC_AP,prosumer19,concentrator_trafo_2_12,propose,320,4.693701,0
1789091375.760604,81,ciclo1_AC_AP,prosumer18,concentrator_trafo_2_12,propose,323,4.261053,0
1789091375.761549,81,ciclo1_AC_AP,prosumer7,concentrator_trafo_1_3,propose,225,2.179383,0
1789091375.762437,81,ciclo1_AC_AP,prosumer15,concentrator_trafo_2_12,propose,341,14.368214,0
1789091375.763027,81,ciclo1_AC_AP,prosumer9,concentrator_trafo_1_3,propose,295,4.899795,0
1789091375.764076,81,ciclo1_AC_AP,prosumer20,concentrator_trafo_2_12,propose,215,7.815276,0
1789091375.765128,81,ciclo1_AC_AP,prosumer12,concentrator_trafo_2_12,propose,302,4.270268,0
1789091375.765877,81,ciclo1_AC_AP,prosumer8,concentrator_trafo_1_3,propose,222,10.716255,0
1789091375.909892,81,ciclo2_AD_AC,dso,concentrator_trafo_1_3,cfp,100,3.455294,0
1789091375.910801,81,ciclo2_AD_AC,dso,concentrator_trafo_2_12,cfp,100,3.739694,0
1789091375.950078,81,ciclo2_AD_AC,concentrator_trafo_1_3,dso,propose,1330,44.222510,0
1789091375.954537,81,ciclo2_AD_AC,concentrator_trafo_2_12,dso,propose,1246,38.688220,0
1789091376.396531,81,ciclo3_AM_AC_AD,market,dso,cfp,100,0.162334,0
1789091376.404812,81,ciclo3_AM_AC_AD,dso,market,propose,1203,18.188432,0
1789091376.594071,81,ciclo3_AM_AC_AD,market,concentrator_trafo_1_3,cfp,100,4.010237,0
1789091376.595007,81,ciclo3_AM_AC_AD,market,concentrator_trafo_2_12,cfp,100,0.964701,0
1789091376.595836,81,ciclo3_AM_AC_AD,market,dso,cfp,100,2.205000,0
1789091376.632300,81,ciclo3_AM_AC_AD,concentrator_trafo_2_12,market,propose,1471,22.330231,0
1789091376.648178,81,ciclo3_AM_AC_AD,dso,market,propose,1297,23.957393,0
1789091376.657144,81,ciclo3_AM_AC_AD,concentrator_trafo_1_3,market,propose,1035,39.182274,0
1789091377.119811,82,ciclo1_AC_AP,concentrator_trafo_1_3,prosumer3,cfp,100,2.305080,0
1789091377.120946,82,ciclo1_AC_AP,concentrator_trafo_1_3,prosumer4,cfp,100,1.320783,0
1789091377.121764,82,ciclo1_AC_AP,concentrator_trafo_1_3,prosumer5,cfp,100,3.463340,0
1789091377.122480,82,ciclo1_AC_AP,concentrator_trafo_1_3,prosumer6,cfp,100,2.889354,0
1789091377.122970,82,ciclo1_AC_AP,concentrator_trafo_1_3,prosumer7,cfp,100,2.259415,0
1789091377.123383,82,ciclo1_AC_AP,concentrator_trafo_1_3,prosumer8,cfp,100,6.525698,0
1789091377.123692,82,ciclo1_AC_AP,concentrator_trafo_1_3,prosumer9,cfp,100,2.349798,0
1789091377.123862,82,ciclo1_AC_AP,concentrator_trafo_1_3,prosumer10,cfp,100,0.236149,0
1789091377.124012,82,ciclo1_AC_AP,concentrator_trafo_1_3,prosumer11,cfp,100,1.983855,0
1789091377.124761,82,ciclo1_AC_AP,concentrator_trafo_2_12,prosumer12,cfp,100,0.984709,0
1789091377.124924,82,ciclo1_AC_AP,concentrator_trafo_2_12,prosumer13,cfp,100,1.810140,0
1789091377.125066,82,ciclo1_AC_AP,concentrator_trafo_2_12,prosumer14,cfp,100,0.591405,0
1789091377.125206,82,ciclo1_AC_AP,concentrator_trafo_2_12,prosumer15,cfp,100,4.072170,0
1789091377.125342,82,ciclo1_AC_AP,concentrator_trafo_2_12,prosumer16,cfp,100,2.103085,0
1789091377.125474,82,ciclo1_AC_AP,concentrator_trafo_2_12,prosumer17,cfp,100,1.741784,0
1789091377.125612,82,ciclo1_AC_AP,concentrator_trafo_2_12,prosumer18,cfp,100,1.752733,0
1789091377.125785,82,ciclo1_AC_AP,concentrator_trafo_2_12,prosumer19,cfp,100,3.810941,0
1789091377.125946,82,ciclo1_AC_AP,concentrator_trafo_2_12,prosumer20,cfp,100,1.458378,0
1789091377.129382,82,ciclo1_AC_AP,prosumer10,concentrator_trafo_1_3,propose,229,3.118511,0
1789091377.133510,82,ciclo1_AC_AP,prosumer14,concentrator_trafo_2_12,propose,241,2.819645,0
1789091377.137283,82,ciclo1_AC_AP,prosumer4,concentrator_trafo_1_3,propose,369,4.906840,0
1789091377.138499,82,ciclo1_AC_AP,prosumer12,concentrator_trafo_2_12,propose,290,7.051736,0
1789091377.142168,82,ciclo1_AC_AP,prosumer20,concentrator_trafo_2_12,propose,377,11.714792,0
1789091377.145590,82,ciclo1_AC_AP,prosumer17,concentrator_trafo_2_12,propose,111,3.921454,0
1789091377.146538,82,ciclo1_AC_AP,prosumer3,concentrator_trafo_1_3,propose,409,9.715069,0
1789091377.147247,82,ciclo1_AC_AP,prosumer13,concentrator_trafo_2_12,propose,413,9.485978,0
1789091377.147934,82,ciclo1_AC_AP,prosumer18,concentrator_trafo_2_12,propose,499,8.847215,0
1789091377.150058,82,ciclo1_AC_AP,prosumer11,concentrator_trafo_1_3,propose,342,6.066053,0
1789091377.153299,82,ciclo1_AC_AP,prosumer7,concentrator_trafo_1_3,propose,221,5.244839,0
1789091377.155032,82,ciclo1_AC_AP,prosumer16,concentrator_trafo_2_12,propose,241,5.830743,0
1789091377.157210,82,ciclo1_AC_AP,prosumer9,concentrator_trafo_1_3,propose,120,2.414538,0
1789091377.160444,82,ciclo1_AC_AP,prosumer6,concentrator_trafo_1_3,propose,412,6.348472,0
1789091377.161956,82,ciclo1_AC_AP,prosumer5,concentrator_trafo_1_3,propose,264,6.282326,0
1789091377.165838,82,ciclo1_AC_AP,prosumer19,concentrator_trafo_2_12,propose,300,4.970249,0
1789091377.167818,82,ciclo1_AC_AP,prosumer15,concentrator_trafo_2_12,propose,420,15.735047,0
1789091377.191335,82,ciclo1_AC_AP,prosumer8,concentrator_trafo_1_3,propose,154,7.970622,0
1789091377.330108,82,ciclo2_AD_AC,dso,concentrator_trafo_1_3,cfp,100,1.134371,0
1789091377.330502,82,ciclo2_AD_AC,dso,concentrator_trafo_2_12,cfp,100,2.289315,0
1789091377.344461,82,ciclo2_AD_AC,concentrator_trafo_1_3,dso,propose,1273,44.204619,0
1789091377.357569,82,ciclo2_AD_AC,concentrator_trafo_2_12,dso,propose,1449,49.256865,0
1789091377.855417,82,ciclo3_AM_AC_AD,market,dso,cfp,100,2.644731,0
1789091377.889724,82,ciclo3_AM_AC_AD,dso,market,propose,1436,23.158997,0
1789091378.127673,82,ciclo3_AM_AC_AD,market,concentrator_trafo_1_3,cfp,100,5.115941,0
1789091378.128016,82,ciclo3_AM_AC_AD,market,concentrator_trafo_2_12,cfp,100,0.425332,0
1789091378.128181,82,ciclo3_AM_AC_AD,market,dso,cfp,100,1.877869,0
1789091378.162630,82,ciclo3_AM_AC_AD,concentrator_trafo_2_12,market,propose,1024,19.067001,0
1789091378.177836,82,ciclo3_AM_AC_AD,dso,market,propose,1073,17.092026,0
1789091378.198620,82,ciclo3_AM_AC_AD,concentrator_trafo_1_3,market,propose,1365,43.702222,0
1789091378.705936,83,ciclo1_AC_AP,concentrator_trafo_1_3,prosumer3,cfp,100,2.259625,0
1789091378.706532,83,ciclo1_AC_AP,concentrator_trafo_1_3,prosumer4,cfp,100,3.220204,0
1789091378.706861,83,ciclo1_AC_AP,concentrator_trafo_1_3,prosumer5,cfp,100,0.931897,0
1789091378.707045,83,ciclo1_AC_AP,concentrator_trafo_1_3,prosumer6,cfp,100,0.341435,0
1789091378.707195,83,ciclo1_AC_AP,concentrator_trafo_1_3,prosumer7,cfp,100,3.986265,0
1789091378.707345,83,ciclo1_AC_AP,concentrator_trafo_1_3,prosumer8,cfp,100,5.927520,0
1789091378.707488,83,ciclo1_AC_AP,concentrator_trafo_1_3,prosumer9,cfp,100,0.108683,0
1789091378.707638,83,ciclo1_AC_AP,concentrator_trafo_1_3,prosumer10,cfp,100,1.529341,0
1789091378.707778,83,ciclo1_AC_AP,concentrator_trafo_1_3,prosumer11,cfp,100,1.151303,0
1789091378.708695,83,ciclo1_AC_AP,concentrator_trafo_2_12,prosumer12,cfp,100,2.678484,0
1789091378.708856,83,ciclo1_AC_AP,concentrator_trafo_2_12,prosumer13,cfp,100,0.561930,0
1789091378.708982,83,ciclo1_AC_AP,concentrator_trafo_2_12,prosumer14,cfp,100,2.199009,0
1789091378.709103,83,ciclo1_AC_AP,concentrator_trafo_2_12,prosumer15,cfp,100,1.993555,0
1789091378.709220,83,ciclo1_AC_AP,concentrator_trafo_2_12,prosumer16,cfp,100,2.505578,0
1789091378.709337,83,ciclo1_AC_AP,concentrator_trafo_2_12,prosumer17,cfp,100,0.157620,0
1789091378.709453,83,ciclo1_AC_AP,concentrator_trafo_2_12,prosumer18,cfp,100,1.508311,0
1789091378.709579,83,ciclo1_AC_AP,concentrator_trafo_2_12,prosumer19,cfp,100,2.986741,0
1789091378.709700,83,ciclo1_AC_AP,concentrator_trafo_2_12,prosumer20,cfp,100,3.875472,0
1789091378.711794,83,ciclo1_AC_AP,prosumer9,concentrator_trafo_1_3,propose,300,6.641151,0
1789091378.714161,83,ciclo1_AC_AP,prosumer6,concentrator_trafo_1_3,propose,113,3.409854,0
1789091378.715618,83,ciclo1_AC_AP,prosumer17,concentrator_trafo_2_12,propose,493,9.623225,0
1789091378.717793,83,ciclo1_AC_AP,prosumer13,concentrator_trafo_2_12,propose,315,6.928140,0
1789091378.719299,83,ciclo1_AC_AP,prosumer5,concentrator_trafo_1_3,propose,474,7.593573,0
1789091378.721212,83,ciclo1_AC_AP,prosumer11,concentrator_trafo_1_3,propose,301,4.612047,0
1789091378.726169,83,ciclo1_AC_AP,prosumer10,concentrator_trafo_1_3,propose,321,5.463956,0
1789091378.727843,83,ciclo1_AC_AP,prosumer18,concentrator_trafo_2_12,propose,153,2.635194,0
1789091378.731652,83,ciclo1_AC_AP,prosumer3,concentrator_trafo_1_3,propose,465,8.602143,0
1789091378.733311,83,ciclo1_AC_AP,prosumer15,concentrator_trafo_2_12,propose,335,10.483013,0
1789091378.735643,83,ciclo1_AC_AP,prosumer14,concentrator_trafo_2_12,propose,409,8.183356,0
1789091378.738420,83,ciclo1_AC_AP,prosumer16,concentrator_trafo_2_12,propose,336,6.719154,0
1789091378.740083,83,ciclo1_AC_AP,prosumer12,concentrator_trafo_2_12,propose,182,5.646174,0
1789091378.742022,83,ciclo1_AC_AP,prosumer4,concentrator_trafo_1_3,propose,186,6.029814,0
1789091378.743572,83,ciclo1_AC_AP,prosumer19,concentrator_trafo_2_12,propose,274,5.341664,0
1789091378.750824,83,ciclo1_AC_AP,prosumer7,concentrator_trafo_1_3,propose,342,5.322884,0
1789091378.753089,83,ciclo1_AC_AP,prosumer20,concentrator_trafo_2_12,propose,310,11.156392,0
1789091378.771700,83,ciclo1_AC_AP,prosumer8,concentrator_trafo_1_3,propose,181,6.041447,0
1789091378.870326,83,ciclo2_AD_AC,dso,concentrator_trafo_1_3,cfp,100,4.623854,0
1789091378.870939,83,ciclo2_AD_AC,dso,concentrator_trafo_2_12,cfp,100,2.761975,0
1789091378.903538,83,ciclo2_AD_AC,concentrator_trafo_2_12,dso,propose,1302,47.385278,0
1789091378.921147,83,ciclo2_AD_AC,concentrator_trafo_1_3,dso,propose,1470,48.273792,0
1789091379.410600,83,ciclo3_AM_AC_AD,market,dso,cfp,100,3.745956,0
1789091379.457913,83,ciclo3_AM_AC_AD,dso,market,propose,1442,24.870598,0
1789091379.714325,83,ciclo3_AM_AC_AD,market,concentrator_trafo_1_3,cfp,100,7.740575,0
1789091379.715261,83,ciclo3_AM_AC_AD,market,concentrator_trafo_2_12,cfp,100,2.581181,0
1789091379.716208,83,ciclo3_AM_AC_AD,market,dso,cfp,100,2.668784,0
1789091379.775274,83,ciclo3_AM_AC_AD,concentrator_trafo_2_12,market,propose,1145,19.173636,0
1789091379.781694,83,ciclo3_AM_AC_AD,dso,market,propose,1390,21.171614,0
1789091379.813986,83,ciclo3_AM_AC_AD,concentrator_trafo_1_3,market,propose,1257,39.110616,0
1789091380.276389,84,ciclo1_AC_AP,concentrator_trafo_1_3,prosumer3,cfp,100,1.570585,0
1789091380.277336,84,ciclo1_AC_AP,concentrator_trafo_1_3,prosumer4,cfp,100,2.104137,0
1789091380.278211,84,ciclo1_AC_AP,concentrator_trafo_1_3,prosumer5,cfp,100,0.813919,0
1789091380.279111,84,ciclo1_AC_AP,concentrator_trafo_1_3,prosumer6,cfp,100,0.898454,0
1789091380.279926,84,ciclo1_AC_AP,concentrator_trafo_1_3,prosumer7,cfp,100,3.260360,0
1789091380.280464,84,ciclo1_AC_AP,concentrator_trafo_1_3,prosumer8,cfp,100,3.317336,0
1789091380.280874,84,ciclo1_AC_AP,concentrator_trafo_1_3,prosumer9,cfp,100,2.339114,0
1789091380.281145,84,ciclo1_AC_AP,concentrator_trafo_1_3,prosumer10,cfp,100,1.753859,0
1789091380.281379,84,ciclo1_AC_AP,concentrator_trafo_1_3,prosumer11,cfp,100,2.625170,0
1789091380.282411,84,ciclo1_AC_AP,concentrator_trafo_2_12,prosumer12,cfp,100,1.955716,0
1789091380.282670,84,ciclo1_AC_AP,concentrator_trafo_2_12,prosumer13,cfp,100,3.700275,0
1789091380.282894,84,ciclo1_AC_AP,concentrator_trafo_2_12,prosumer14,cfp,100,0.068189,0
1789091380.283105,84,ciclo1_AC_AP,concentrator_trafo_2_12,prosumer15,cfp,100,7.231563,0
1789091380.283309,84,ciclo1_AC_AP,concentrator_trafo_2_12,prosumer16,cfp,100,3.669112,0
1789091380.283514,84,ciclo1_AC_AP,concentrator_trafo_2_12,prosumer17,cfp,100,1.199874,0
1789091380.283739,84,ciclo1_AC_AP,concentrator_trafo_2_12,prosumer18,cfp,100,1.290053,0
1789091380.283944,84,ciclo1_AC_AP,concentrator_trafo_2_12,prosumer19,cfp,100,3.441003,0
1789091380.284151,84,ciclo1_AC_AP,concentrator_trafo_2_12,prosumer20,cfp,100,5.926434,0
1789091380.287125,84,ciclo1_AC_AP,prosumer14,concentrator_trafo_2_12,propose,157,2.684934,0
1789091380.290337,84,ciclo1_AC_AP,prosumer5,concentrator_trafo_1_3,propose,288,5.805157,0
1789091380.292165,84,ciclo1_AC_AP,prosumer6,concentrator_trafo_1_3,propose,276,7.819921,0
1789091380.294295,84,ciclo1_AC_AP,prosumer3,concentrator_trafo_1_3,propose,173,2.799832,0
1789091380.297831,84,ciclo1_AC_AP,prosumer17,concentrator_trafo_2_12,propose,421,6.064962,0
1789091380.300738,84,ciclo1_AC_AP,prosumer18,concentrator_trafo_2_12,propose,283,7.234582,0
1789091380.303003,84,ciclo1_AC_AP,prosumer4,concentrator_trafo_1_3,propose,492,8.106262,0
1789091380.304844,84,ciclo1_AC_AP,prosumer10,concentrator_trafo_1_3,propose,342,4.206681,0
1789091380.307285,84,ciclo1_AC_AP,prosumer12,concentrator_trafo_2_12,propose,422,7.427254,0
1789091380.309018,84,ciclo1_AC_AP,prosumer9,concentrator_trafo_1_3,propose,365,7.086102,0
1789091380.311094,84,ciclo1_AC_AP,prosumer11,concentrator_trafo_1_3,propose,485,9.138924,0
1789091380.315547,84,ciclo1_AC_AP,prosumer7,concentrator_trafo_1_3,propose,127,3.631411,0
1789091380.317205,84,ciclo1_AC_AP,prosumer8,concentrator_trafo_1_3,propose,200,8.379806,0
1789091380.320049,84,ciclo1_AC_AP,prosumer19,concentrator_trafo_2_12,propose,231,4.842336,0
1789091380.321374,84,ciclo1_AC_AP,prosumer13,concentrator_trafo_2_12,propose,190,3.170597,0
1789091380.322504,84,ciclo1_AC_AP,prosumer16,concentrator_trafo_2_12,propose,470,7.955985,0
1789091380.346423,84,ciclo1_AC_AP,prosumer20,concentrator_trafo_2_12,propose,398,15.522696,0
1789091380.357712,84,ciclo1_AC_AP,prosumer15,concentrator_trafo_2_12,propose,266,11.628162,0
1789091380.505479,84,ciclo2_AD_AC,dso,concentrator_trafo_1_3,cfp,100,4.608214,0
1789091380.506023,84,ciclo2_AD_AC,dso,concentrator_trafo_2_12,cfp,100,3.010894,0
1789091380.542038,84,ciclo2_AD_AC,concentrator_trafo_2_12,dso,propose,1151,40.516237,0
1789091380.556609,84,ciclo2_AD_AC,concentrator_trafo_1_3,dso,propose,1194,42.357751,0
1789091380.986481,84,ciclo3_AM_AC_AD,market,dso,cfp,100,0.369889,0
1789091380.999226,84,ciclo3_AM_AC_AD,dso,market,propose,1324,21.605806,0
1789091381.220469,84,ciclo3_AM_AC_AD,market,concentrator_trafo_1_3,cfp,100,2.216222,0
1789091381.221009,84,ciclo3_AM_AC_AD,market,concentrator_trafo_2_12,cfp,100,0.233743,0
1789091381.221357,84,ciclo3_AM_AC_AD,market,dso,cfp,100,0.411854,0
1789091381.255903,84,ciclo3_AM_AC_AD,concentrator_trafo_2_12,market,propose,1021,18.295300,0
1789091381.257952,84,ciclo3_AM_AC_AD,dso,market,propose,1149,20.093149,0
1789091381.264828,84,ciclo3_AM_AC_AD,concentrator_trafo_1_3,market,propose,1282,47.764624,0
1789091381.815406,85,ciclo1_AC_AP,concentrator_trafo_1_3,prosumer3,cfp,100,0.436046,0
1789091381.816792,85,ciclo1_AC_AP,concentrator_trafo_1_3,prosumer4,cfp,100,3.639834,0
1789091381.817837,85,ciclo1_AC_AP,concentrator_trafo_1_3,prosumer5,cfp,100,2.893002,0
1789091381.818912,85,ciclo1_AC_AP,concentrator_trafo_1_3,prosumer6,cfp,100,0.455287,0
1789091381.819853,85,ciclo1_AC_AP,concentrator_trafo_1_3,prosumer7,cfp,100,2.634879,0
1789091381.820616,85,ciclo1_AC_AP,concentrator_trafo_1_3,prosumer8,cfp,100,3.981970,0
1789091381.821100,85,ciclo1_AC_AP,concentrator_trafo_1_3,prosumer9,cfp,100,0.352051,0
1789091381.821331,85,ciclo1_AC_AP,concentrator_trafo_1_3,prosumer10,cfp,100,1.950715,0
1789091381.821481,85,ciclo1_AC_AP,concentrator_trafo_1_3,prosumer11,cfp,100,1.593433,0
1789091381.822309,85,ciclo1_AC_AP,concentrator_trafo_2_12,prosumer12,cfp,100,1.610337,0
1789091381.822474,85,ciclo1_AC_AP,concentrator_trafo_2_12,prosumer13,cfp,100,1.545643,0
1789091381.822626,85,ciclo1_AC_AP,concentrator_trafo_2_12,prosumer14,cfp,100,3.262428,0
1789091381.822770,85,ciclo1_AC_AP,concentrator_trafo_2_12,prosumer15,cfp,100,5.187763,0
1789091381.822904,85,ciclo1_AC_AP,concentrator_trafo_2_12,prosumer16,cfp,100,3.135936,0
1789091381.823038,85,ciclo1_AC_AP,concentrator_trafo_2_12,prosumer17,cfp,100,0.374496,0
1789091381.823176,85,ciclo1_AC_AP,concentrator_trafo_2_12,prosumer18,cfp,100,3.411237,0
1789091381.823307,85,ciclo1_AC_AP,concentrator_trafo_2_12,prosumer19,cfp,100,1.033195,0
1789091381.823431,85,ciclo1_AC_AP,concentrator_trafo_2_12,prosumer20,cfp,100,1.810257,0
1789091381.826025,85,ciclo1_AC_AP,prosumer3,concentrator_trafo_1_3,propose,320,5.197579,0
1789091381.827744,85,ciclo1_AC_AP,prosumer6,concentrator_trafo_1_3,propose,117,2.687187,0
1789091381.830035,85,ciclo1_AC_AP,prosumer9,concentrator_trafo_1_3,propose,449,6.273231,0
1789091381.831560,85,ciclo1_AC_AP,prosumer17,concentrator_trafo_2_12,propose,310,5.361729,0
1789091381.835736,85,ciclo1_AC_AP,prosumer19,concentrator_trafo_2_12,propose,237,2.176209,0
1789091381.841199,85,ciclo1_AC_AP,prosumer11,concentrator_trafo_1_3,propose,292,7.361498,0
1789091381.843071,85,ciclo1_AC_AP,prosumer13,concentrator_trafo_2_12,propose,472,8.439921,0
1789091381.845592,85,ciclo1_AC_AP,prosumer12,concentrator_trafo_2_12,propose,206,3.153801,0
1789091381.848207,85,ciclo1_AC_AP,prosumer10,concentrator_trafo_1_3,propose,277,7.540628,0
1789091381.849920,85,ciclo1_AC_AP,prosumer20,concentrator_trafo_2_12,propose,168,6.501590,0
1789091381.851394,85,ciclo1_AC_AP,prosumer7,concentrator_trafo_1_3,propose,167,3.989170,0
1789091381.852794,85,ciclo1_AC_AP,prosumer5,concentrator_trafo_1_3,propose,156,5.354656,0
1789091381.857110,85,ciclo1_AC_AP,prosumer4,concentrator_trafo_1_3,propose,413,7.597377,0
1789091381.859263,85,ciclo1_AC_AP,prosumer16,concentrator_trafo_2_12,propose,282,7.633721,0
1789091381.862564,85,ciclo1_AC_AP,prosumer14,concentrator_trafo_2_12,propose,184,2.612814,0
1789091381.864389,85,ciclo1_AC_AP,prosumer18,concentrator_trafo_2_12,propose,115,0.234951,0
1789091381.866453,85,ciclo1_AC_AP,prosumer8,concentrator_trafo_1_3,propose,320,11.070529,0
1789091381.877609,85,ciclo1_AC_AP,prosumer15,concentrator_trafo_2_12,propose,395,16.496403,0
1789091382.048719,85,ciclo2_AD_AC,dso,concentrator_trafo_1_3,cfp,100,3.098536,0
1789091382.049666,85,ciclo2_AD_AC,dso,concentrator_trafo_2_12,cfp,100,2.705786,0
1789091382.079995,85,ciclo2_AD_AC,concentrator_trafo_2_12,dso,propose,1203,39.986281,0
1789091382.081537,85,ciclo2_AD_AC,concentrator_trafo_1_3,dso,propose,1237,38.398809,0
1789091382.485389,85,ciclo3_AM_AC_AD,market,dso,cfp,100,3.655709,0
1789091382.533207,85,ciclo3_AM_AC_AD,dso,market,propose,1038,18.704384,0
1789091382.727717,85,ciclo3_AM_AC_AD,market,concentrator_trafo_1_3,cfp,100,3.090117,0
1789091382.729057,85,ciclo3_AM_AC_AD,market,concentrator_trafo_2_12,cfp,100,2.565955,0
1789091382.729972,85,ciclo3_AM_AC_AD,market,dso,cfp,100,3.813524,0
1789091382.788188,85,ciclo3_AM_AC_AD,concentrator_trafo_2_12,market,propose,1328,21.803445,0
1789091382.789487,85,ciclo3_AM_AC_AD,concentrator_trafo_1_3,market,propose,1363,43.076540,0
1789091382.799811,85,ciclo3_AM_AC_AD,dso,market,propose,1362,22.559736,0
1789091383.289842,86,ciclo1_AC_AP,concentrator_trafo_1_3,prosumer3,cfp,100,0.163958,0
1789091383.290213,86,ciclo1_AC_AP,concentrator_trafo_1_3,prosumer4,cfp,100,2.643007,0
1789091383.290408,86,ciclo1_AC_AP,concentrator_trafo_1_3,prosumer5,cfp,100,3.798608,0
1789091383.290582,86,ciclo1_AC_AP,concentrator_trafo_1_3,prosumer6,cfp,100,1.076479,0
1789091383.290745,86,ciclo1_AC_AP,concentrator_trafo_1_3,prosumer7,cfp,100,2.345526,0
1789091383.290908,86,ciclo1_AC_AP,concentrator_trafo_1_3,prosumer8,cfp,100,5.745604,0
1789091383.291065,86,ciclo1_AC_AP,concentrator_trafo_1_3,prosumer9,cfp,100,0.008449,0
1789091383.291221,86,ciclo1_AC_AP,concentrator_trafo_1_3,prosumer10,cfp,100,1.630789,0
1789091383.291375,86,ciclo1_AC_AP,concentrator_trafo_1_3,prosumer11,cfp,100,0.251228,0
1789091383.292321,86,ciclo1_AC_AP,concentrator_trafo_2_12,prosumer12,cfp,100,1.356780,0
1789091383.292489,86,ciclo1_AC_AP,concentrator_trafo_2_12,prosumer13,cfp,100,2.886163,0
1789091383.292641,86,ciclo1_AC_AP,concentrator_trafo_2_12,prosumer14,cfp,100,2.571084,0
1789091383.292776,86,ciclo1_AC_AP,concentrator_trafo_2_12,prosumer15,cfp,100,4.172909,0
1789091383.292910,86,ciclo1_AC_AP,concentrator_trafo_2_12,prosumer16,cfp,100,3.530363,0
1789091383.293033,86,ciclo1_AC_AP,concentrator_trafo_2_12,prosumer17,cfp,100,1.721665,0
1789091383.293163,86,ciclo1_AC_AP,concentrator_trafo_2_12,prosumer18,cfp,100,2.896889,0
1789091383.293291,86,ciclo1_AC_AP,concentrator_trafo_2_12,prosumer19,cfp,100,0.465808,0
1789091383.293420,86,ciclo1_AC_AP,concentrator_trafo_2_12,prosumer20,cfp,100,6.306289,0
1789091383.296736,86,ciclo1_AC_AP,prosumer9,concentrator_trafo_1_3,propose,448,10.050303,0
1789091383.298499,86,ciclo1_AC_AP,prosumer3,concentrator_trafo_1_3,propose,139,6.041165,0
1789091383.300379,86,ciclo1_AC_AP,prosumer11,concentrator_trafo_1_3,propose,498,7.969378,0
1789091383.302392,86,ciclo1_AC_AP,prosumer19,concentrator_trafo_2_12,propose,317,6.617132,0
1789091383.303988,86,ciclo1_AC_AP,prosumer6,concentrator_trafo_1_3,propose,378,4.285895,0
1789091383.308242,86,ciclo1_AC_AP,prosumer12,concentrator_trafo_2_12,propose,471,8.159687,0
1789091383.309920,86,ciclo1_AC_AP,prosumer10,concentrator_trafo_1_3,propose,383,9.923756,0
1789091383.312842,86,ciclo1_AC_AP,prosumer17,concentrator_trafo_2_12,propose,170,2.683532,0
1789091383.316504,86,ciclo1_AC_AP,prosumer7,concentrator_trafo_1_3,propose,186,5.123491,0
1789091383.317933,86,ciclo1_AC_AP,prosumer4,concentrator_trafo_1_3,propose,178,2.319296,0
1789091383.320259,86,ciclo1_AC_AP,prosumer14,concentrator_trafo_2_12,propose,206,2.723774,0
1789091383.322571,86,ciclo1_AC_AP,prosumer13,concentrator_trafo_2_12,propose,184,2.257364,0
1789091383.323744,86,ciclo1_AC_AP,prosumer18,concentrator_trafo_2_12,propose,216,4.966686,0
1789091383.331227,86,ciclo1_AC_AP,prosumer16,concentrator_trafo_2_12,propose,115,0.211540,0
1789091383.332862,86,ciclo1_AC_AP,prosumer5,concentrator_trafo_1_3,propose,368,6.815473,0
1789091383.336673,86,ciclo1_AC_AP,prosumer15,concentrator_trafo_2_12,propose,169,8.884043,0
1789091383.353155,86,ciclo1_AC_AP,prosumer8,concentrator_trafo_1_3,propose,352,10.856503,0
1789091383.358990,86,ciclo1_AC_AP,prosumer20,concentrator_trafo_2_12,propose,282,14.817345,0
1789091383.513161,86,ciclo2_AD_AC,dso,concentrator_trafo_1_3,cfp,100,3.042138,0
1789091383.513863,86,ciclo2_AD_AC,dso,concentrator_trafo_2_12,cfp,100,5.701379,0
1789091383.548894,86,ciclo2_AD_AC,concentrator_trafo_1_3,dso,propose,1460,48.830584,0
1789091383.575113,86,ciclo2_AD_AC,concentrator_trafo_2_12,dso,propose,1451,45.225693,0
1789091384.042762,86,ciclo3_AM_AC_AD,market,dso,cfp,100,0.483217,0
1789091384.055760,86,ciclo3_AM_AC_AD,dso,market,propose,1319,22.793710,0
1789091384.290609,86,ciclo3_AM_AC_AD,market,concentrator_trafo_1_3,cfp,100,1.915789,0
1789091384.291410,86,ciclo3_AM_AC_AD,market,concentrator_trafo_2_12,cfp,100,3.134633,0
1789091384.292175,86,ciclo3_AM_AC_AD,market,dso,cfp,100,1.627186,0
1789091384.350930,86,ciclo3_AM_AC_AD,concentrator_trafo_1_3,market,propose,1376,43.131303,0
1789091384.355109,86,ciclo3_AM_AC_AD,concentrator_trafo_2_12,market,propose,1147,19.649736,0
1789091384.356927,86,ciclo3_AM_AC_AD,dso,market,propose,1366,23.339476,0
1789091384.854203,87,ciclo1_AC_AP,concentrator_trafo_1_3,prosumer3,cfp,100,0.367920,0
1789091384.855153,87,ciclo1_AC_AP,concentrator_trafo_1_3,prosumer4,cfp,100,0.337136,0
1789091384.855894,87,ciclo1_AC_AP,concentrator_trafo_1_3,prosumer5,cfp,100,2.242397,0
1789091384.856357,87,ciclo1_AC_AP,concentrator_trafo_1_3,prosumer6,cfp,100,0.029961,0
1789091384.856777,87,ciclo1_AC_AP,concentrator_trafo_1_3,prosumer7,cfp,100,0.984231,0
1789091384.857201,87,ciclo1_AC_AP,concentrator_trafo_1_3,prosumer8,cfp,100,4.512363,0
1789091384.857393,87,ciclo1_AC_AP,concentrator_trafo_1_3,prosumer9,cfp,100,2.943267,0
1789091384.857535,87,ciclo1_AC_AP,concentrator_trafo_1_3,prosumer10,cfp,100,1.745686,0
1789091384.857694,87,ciclo1_AC_AP,concentrator_trafo_1_3,prosumer11,cfp,100,1.656763,0
1789091384.858526,87,ciclo1_AC_AP,concentrator_trafo_2_12,prosumer12,cfp,100,3.783776,0
1789091384.858723,87,ciclo1_AC_AP,concentrator_trafo_2_12,prosumer13,cfp,100,1.903381,0
1789091384.858865,87,ciclo1_AC_AP,concentrator_trafo_2_12,prosumer14,cfp,100,1.866215,0
1789091384.859000,87,ciclo1_AC_AP,concentrator_trafo_2_12,prosumer15,cfp,100,2.972574,0
1789091384.859121,87,ciclo1_AC_AP,concentrator_trafo_2_12,prosumer16,cfp,100,2.624287,0
1789091384.859241,87,ciclo1_AC_AP,concentrator_trafo_2_12,prosumer17,cfp,100,1.660543,0
1789091384.859353,87,ciclo1_AC_AP,concentrator_trafo_2_12,prosumer18,cfp,100,3.683014,0
1789091384.859470,87,ciclo1_AC_AP,concentrator_trafo_2_12,prosumer19,cfp,100,3.687137,0
1789091384.859766,87,ciclo1_AC_AP,concentrator_trafo_2_12,prosumer20,cfp,100,3.209349,0
1789091384.862803,87,ciclo1_AC_AP,prosumer6,concentrator_trafo_1_3,propose,271,4.446014,0
1789091384.864648,87,ciclo1_AC_AP,prosumer3,concentrator_trafo_1_3,propose,450,6.868579,0
1789091384.866342,87,ciclo1_AC_AP,prosumer4,concentrator_trafo_1_3,propose,160,3.386754,0
1789091384.869721,87,ciclo1_AC_AP,prosumer7,concentrator_trafo_1_3,propose,309,4.961702,0
1789091384.878907,87,ciclo1_AC_AP,prosumer11,concentrator_trafo_1_3,propose,495,10.451249,0
1789091384.880985,87,ciclo1_AC_AP,prosumer10,concentrator_trafo_1_3,propose,234,2.436989,0
1789091384.882784,87,ciclo1_AC_AP,prosumer17,concentrator_trafo_2_12,propose,181,2.466376,0
1789091384.884999,87,ciclo1_AC_AP,prosumer14,concentrator_trafo_2_12,propose,275,7.072683,0
1789091384.886246,87,ciclo1_AC_AP,prosumer13,concentrator_trafo_2_12,propose,421,7.696474,0
1789091384.887357,87,ciclo1_AC_AP,prosumer5,concentrator_trafo_1_3,propose,356,5.242748,0
1789091384.888608,87,ciclo1_AC_AP,prosumer16,concentrator_trafo_2_12,propose,269,6.034845,0
1789091384.889243,87,ciclo1_AC_AP,prosumer9,concentrator_trafo_1_3,propose,372,7.156296,0
1789091384.890300,87,ciclo1_AC_AP,prosumer15,concentrator_trafo_2_12,propose,455,14.873922,0
1789091384.893455,87,ciclo1_AC_AP,prosumer20,concentrator_trafo_2_12,propose,174,8.791829,0
1789091384.898167,87,ciclo1_AC_AP,prosumer18,concentrator_trafo_2_12,propose,292,5.426560,0
1789091384.899014,87,ciclo1_AC_AP,prosumer19,concentrator_trafo_2_12,propose,478,9.399155,0
1789091384.900012,87,ciclo1_AC_AP,prosumer12,concentrator_trafo_2_12,propose,480,6.612087,0
1789091384.903513,87,ciclo1_AC_AP,prosumer8,concentrator_trafo_1_3,propose,384,17.377174,0
1789091385.081346,87,ciclo2_AD_AC,dso,concentrator_trafo_1_3,cfp,100,2.464865,0
1789091385.081851,87,ciclo2_AD_AC,dso,concentrator_trafo_2_12,cfp,100,4.520070,0
1789091385.110808,87,ciclo2_AD_AC,concentrator_trafo_1_3,dso,propose,1156,37.899480,0
1789091385.131786,87,ciclo2_AD_AC,concentrator_trafo_2_12,dso,propose,1120,34.105089,0
1789091385.495813,87,ciclo3_AM_AC_AD,market,dso,cfp,100,1.081942,0
1789091385.516333,87,ciclo3_AM_AC_AD,dso,market,propose,1450,22.671586,0
1789091385.750904,87,ciclo3_AM_AC_AD,market,concentrator_trafo_1_3,cfp,100,6.491406,0
1789091385.751563,87,ciclo3_AM_AC_AD,market,concentrator_trafo_2_12,cfp,100,2.544371,0
1789091385.752080,87,ciclo3_AM_AC_AD,market,dso,cfp,100,3.705344,0
1789091385.808170,87,ciclo3_AM_AC_AD,concentrator_trafo_2_12,market,propose,1468,23.265649,0
1789091385.826583,87,ciclo3_AM_AC_AD,dso,market,propose,1193,20.866156,0
1789091385.837184,87,ciclo3_AM_AC_AD,concentrator_trafo_1_3,market,propose,1177,37.091719,0
1789091386.277397,88,ciclo1_AC_AP,concentrator_trafo_1_3,prosumer3,cfp,100,0.663282,0
1789091386.278599,88,ciclo1_AC_AP,concentrator_trafo_1_3,prosumer4,cfp,100,1.796597,0
1789091386.279466,88,ciclo1_AC_AP,concentrator_trafo_1_3,prosumer5,cfp,100,1.532493,0
1789091386.280251,88,ciclo1_AC_AP,concentrator_trafo_1_3,prosumer6,cfp,100,0.641227,0
1789091386.280805,88,ciclo1_AC_AP,concentrator_trafo_1_3,prosumer7,cfp,100,2.997318,0
1789091386.281162,88,ciclo1_AC_AP,concentrator_trafo_1_3,prosumer8,cfp,100,4.149437,0
1789091386.281407,88,ciclo1_AC_AP,concentrator_trafo_1_3,prosumer9,cfp,100,0.131856,0
1789091386.281537,88,ciclo1_AC_AP,concentrator_trafo_1_3,prosumer10,cfp,100,0.799868,0
1789091386.281684,88,ciclo1_AC_AP,concentrator_trafo_1_3,prosumer11,cfp,100,3.085685,0
1789091386.282400,88,ciclo1_AC_AP,concentrator_trafo_2_12,prosumer12,cfp,100,4.030784,0
1789091386.282554,88,ciclo1_AC_AP,concentrator_trafo_2_12,prosumer13,cfp,100,2.337324,0
1789091386.282674,88,ciclo1_AC_AP,concentrator_trafo_2_12,prosumer14,cfp,100,0.883931,0
1789091386.282788,88,ciclo1_AC_AP,concentrator_trafo_2_12,prosumer15,cfp,100,5.233510,0
1789091386.282896,88,ciclo1_AC_AP,concentrator_trafo_2_12,prosumer16,cfp,100,0.346115,0
1789091386.283008,88,ciclo1_AC_AP,concentrator_trafo_2_12,prosumer17,cfp,100,2.984347,0
1789091386.283113,88,ciclo1_AC_AP,concentrator_trafo_2_12,prosumer18,cfp,100,0.333701,0
1789091386.283222,88,ciclo1_AC_AP,concentrator_trafo_2_12,prosumer19,cfp,100,0.385184,0
1789091386.283320,88,ciclo1_AC_AP,concentrator_trafo_2_12,prosumer20,cfp,100,7.047586,0
1789091386.285375,88,ciclo1_AC_AP,prosumer9,concentrator_trafo_1_3,propose,299,8.013923,0
1789091386.287109,88,ciclo1_AC_AP,prosumer3,concentrator_trafo_1_3,propose,341,6.928818,0
1789091386.289586,88,ciclo1_AC_AP,prosumer16,concentrator_trafo_2_12,propose,361,7.125120,0
1789091386.290702,88,ciclo1_AC_AP,prosumer18,concentrator_trafo_2_12,propose,256,5.558723,0
1789091386.291731,88,ciclo1_AC_AP,prosumer6,concentrator_trafo_1_3,propose,309,6.785388,0
1789091386.292705,88,ciclo1_AC_AP,prosumer19,concentrator_trafo_2_12,propose,308,4.126166,0
1789091386.295061,88,ciclo1_AC_AP,prosumer10,concentrator_trafo_1_3,propose,150,3.940688,0
1789091386.296449,88,ciclo1_AC_AP,prosumer14,concentrator_trafo_2_12,propose,449,9.965538,0
1789091386.298714,88,ciclo1_AC_AP,prosumer5,concentrator_trafo_1_3,propose,178,4.152337,0
1789091386.299700,88,ciclo1_AC_AP,prosumer4,concentrator_trafo_1_3,propose,175,5.751718,0
1789091386.310244,88,ciclo1_AC_AP,prosumer13,concentrator_trafo_2_12,propose,102,1.978065,0
1789091386.314286,88,ciclo1_AC_AP,prosumer7,concentrator_trafo_1_3,propose,398,9.387788,0
1789091386.317110,88,ciclo1_AC_AP,prosumer11,concentrator_trafo_1_3,propose,404,9.314252,0
1789091386.319037,88,ciclo1_AC_AP,prosumer17,concentrator_trafo_2_12,propose,424,7.435643,0
1789091386.326480,88,ciclo1_AC_AP,prosumer8,concentrator_trafo_1_3,propose,460,16.112643,0
1789091386.328962,88,ciclo1_AC_AP,prosumer12,concentrator_trafo_2_12,propose,364,6.608675,0
1789091386.339890,88,ciclo1_AC_AP,prosumer15,concentrator_trafo_2_12,propose,154,9.500902,0
1789091386.357278,88,ciclo1_AC_AP,prosumer20,concentrator_trafo_2_12,propose,456,18.652212,0
1789091386.549935,88,ciclo2_AD_AC,dso,concentrator_trafo_1_3,cfp,100,2.605388,0
1789091386.550875,88,ciclo2_AD_AC,dso,concentrator_trafo_2_12,cfp,100,2.415737,0
1789091386.580615,88,ciclo2_AD_AC,concentrator_trafo_2_12,dso,propose,1398,47.800097,0
1789091386.583493,88,ciclo2_AD_AC,concentrator_trafo_1_3,dso,propose,1331,46.119080,0
1789091387.063411,88,ciclo3_AM_AC_AD,market,dso,cfp,100,0.309857,0
1789091387.096101,88,ciclo3_AM_AC_AD,dso,market,propose,1357,20.907376,0
1789091387.308831,88,ciclo3_AM_AC_AD,market,concentrator_trafo_1_3,cfp,100,3.994843,0
1789091387.309319,88,ciclo3_AM_AC_AD,market,concentrator_trafo_2_12,cfp,100,3.793376,0
1789091387.309767,88,ciclo3_AM_AC_AD,market,dso,cfp,100,2.890547,0
1789091387.369188,88,ciclo3_AM_AC_AD,dso,market,propose,1104,16.667509,0
1789091387.381234,88,ciclo3_AM_AC_AD,concentrator_trafo_1_3,market,propose,1305,44.753318,0
1789091387.382435,88,ciclo3_AM_AC_AD,concentrator_trafo_2_12,market,propose,1329,22.493759,0
1789091387.898767,89,ciclo1_AC_AP,concentrator_trafo_1_3,prosumer3,cfp,100,2.972963,0
1789091387.899535,89,ciclo1_AC_AP,concentrator_trafo_1_3,prosumer4,cfp,100,3.132768,0
1789091387.900129,89,ciclo1_AC_AP,concentrator_trafo_1_3,prosumer5,cfp,100,1.638645,0
1789091387.900419,89,ciclo1_AC_AP,concentrator_trafo_1_3,prosumer6,cfp,100,1.182517,0
1789091387.900754,89,ciclo1_AC_AP,concentrator_trafo_1_3,prosumer7,cfp,100,3.322125,0
1789091387.901069,89,ciclo1_AC_AP,concentrator_trafo_1_3,prosumer8,cfp,100,2.477232,0
1789091387.901327,89,ciclo1_AC_AP,concentrator_trafo_1_3,prosumer9,cfp,100,1.845727,0
1789091387.901823,89,ciclo1_AC_AP,concentrator_trafo_1_3,prosumer10,cfp,100,3.628863,0
1789091387.902609,89,ciclo1_AC_AP,concentrator_trafo_1_3,prosumer11,cfp,100,4.004756,0
1789091387.903827,89,ciclo1_AC_AP,concentrator_trafo_2_12,prosumer12,cfp,100,0.467965,0
1789091387.904122,89,ciclo1_AC_AP,concentrator_trafo_2_12,prosumer13,cfp,100,0.350220,0
1789091387.904387,89,ciclo1_AC_AP,concentrator_trafo_2_12,prosumer14,cfp,100,0.656629,0
1789091387.904658,89,ciclo1_AC_AP,concentrator_trafo_2_12,prosumer15,cfp,100,4.819250,0
1789091387.904822,89,ciclo1_AC_AP,concentrator_trafo_2_12,prosumer16,cfp,100,1.716346,0
1789091387.904975,89,ciclo1_AC_AP,concentrator_trafo_2_12,prosumer17,cfp,100,3.804525,0
1789091387.905117,89,ciclo1_AC_AP,concentrator_trafo_2_12,prosumer18,cfp,100,3.883408,0
1789091387.905259,89,ciclo1_AC_AP,concentrator_trafo_2_12,prosumer19,cfp,100,3.541929,0
1789091387.905399,89,ciclo1_AC_AP,concentrator_trafo_2_12,prosumer20,cfp,100,5.217995,0
1789091387.911381,89,ciclo1_AC_AP,prosumer13,concentrator_trafo_2_12,propose,408,8.142665,0
1789091387.913177,89,ciclo1_AC_AP,prosumer12,concentrator_trafo_2_12,propose,362,5.062803,0
1789091387.915841,89,ciclo1_AC_AP,prosumer14,concentrator_trafo_2_12,propose,156,2.043150,0
1789091387.917094,89,ciclo1_AC_AP,prosumer6,concentrator_trafo_1_3,propose,236,3.870221,0
1789091387.919286,89,ciclo1_AC_AP,prosumer5,concentrator_trafo_1_3,propose,452,9.100674,0
1789091387.922369,89,ciclo1_AC_AP,prosumer9,concentrator_trafo_1_3,propose,474,9.029378,0
1789091387.924419,89,ciclo1_AC_AP,prosumer16,concentrator_trafo_2_12,propose,414,8.594717,0
1789091387.928904,89,ciclo1_AC_AP,prosumer8,concentrator_trafo_1_3,propose,186,8.376783,0
1789091387.931281,89,ciclo1_AC_AP,prosumer3,concentrator_trafo_1_3,propose,292,6.621661,0
1789091387.933349,89,ciclo1_AC_AP,prosumer4,concentrator_trafo_1_3,propose,143,3.228740,0
1789091387.936486,89,ciclo1_AC_AP,prosumer7,concentrator_trafo_1_3,propose,118,2.709650,0
1789091387.940439,89,ciclo1_AC_AP,prosumer10,concentrator_trafo_1_3,propose,105,2.821199,0
1789091387.942651,89,ciclo1_AC_AP,prosumer19,concentrator_trafo_2_12,propose,159,3.254977,0
1789091387.945136,89,ciclo1_AC_AP,prosumer11,concentrator_trafo_1_3,propose,285,7.153291,0
1789091387.946874,89,ciclo1_AC_AP,prosumer17,concentrator_trafo_2_12,propose,469,7.431469,0
1789091387.948797,89,ciclo1_AC_AP,prosumer18,concentrator_trafo_2_12,propose,346,5.574950,0
1789091387.954860,89,ciclo1_AC_AP,prosumer15,concentrator_trafo_2_12,propose,262,11.787219,0
1789091387.959959,89,ciclo1_AC_AP,prosumer20,concentrator_trafo_2_12,propose,155,7.209810,0
1789091388.076707,89,ciclo2_AD_AC,dso,concentrator_trafo_1_3,cfp,100,6.446267,0
1789091388.077097,89,ciclo2_AD_AC,dso,concentrator_trafo_2_12,cfp,100,5.111573,0
1789091388.133044,89,ciclo2_AD_AC,concentrator_trafo_2_12,dso,propose,1346,41.398348,0
1789091388.145532,89,ciclo2_AD_AC,concentrator_trafo_1_3,dso,propose,1231,39.139674,0
1789091388.552924,89,ciclo3_AM_AC_AD,market,dso,cfp,100,3.612347,0
1789091388.600045,89,ciclo3_AM_AC_AD,dso,market,propose,1188,19.273777,0
1789091388.799770,89,ciclo3_AM_AC_AD,market,concentrator_trafo_1_3,cfp,100,1.608228,0
1789091388.800665,89,ciclo3_AM_AC_AD,market,concentrator_trafo_2_12,cfp,100,2.960064,0
1789091388.801360,89,ciclo3_AM_AC_AD,market,dso,cfp,100,3.276685,0
1789091388.852664,89,ciclo3_AM_AC_AD,concentrator_trafo_1_3,market,propose,1299,46.508971,0
1789091388.856153,89,ciclo3_AM_AC_AD,concentrator_trafo_2_12,market,propose,1356,20.682407,0
1789091388.869982,89,ciclo3_AM_AC_AD,dso,market,propose,1129,16.610804,0
1789091389.388869,90,ciclo1_AC_AP,concentrator_trafo_1_3,prosumer3,cfp,100,2.680318,0
1789091389.389343,90,ciclo1_AC_AP,concentrator_trafo_1_3,prosumer4,cfp,100,1.878975,0
1789091389.389706,90,ciclo1_AC_AP,concentrator_trafo_1_3,prosumer5,cfp,100,3.038504,0
1789091389.390072,90,ciclo1_AC_AP,concentrator_trafo_1_3,prosumer6,cfp,100,2.554579,0
1789091389.390404,90,ciclo1_AC_AP,concentrator_trafo_1_3,prosumer7,cfp,100,2.576151,0
1789091389.390739,90,ciclo1_AC_AP,concentrator_trafo_1_3,prosumer8,cfp,100,3.189581,0
1789091389.391100,90,ciclo1_AC_AP,concentrator_trafo_1_3,prosumer9,cfp,100,1.560363,0
1789091389.391434,90,ciclo1_AC_AP,concentrator_trafo_1_3,prosumer10,cfp,100,1.992426,0
1789091389.391757,90,ciclo1_AC_AP,concentrator_trafo_1_3,prosumer11,cfp,100,3.664270,0
1789091389.392995,90,ciclo1_AC_AP,concentrator_trafo_2_12,prosumer12,cfp,100,3.200064,0
1789091389.393319,90,ciclo1_AC_AP,concentrator_trafo_2_12,prosumer13,cfp,100,2.356668,0
1789091389.393628,90,ciclo1_AC_AP,concentrator_trafo_2_12,prosumer14,cfp,100,3.138596,0
1789091389.393917,90,ciclo1_AC_AP,concentrator_trafo_2_12,prosumer15,cfp,100,2.078682,0
1789091389.394201,90,ciclo1_AC_AP,concentrator_trafo_2_12,prosumer16,cfp,100,0.646458,0
1789091389.394475,90,ciclo1_AC_AP,concentrator_trafo_2_12,prosumer17,cfp,100,3.995548,0
1789091389.394842,90,ciclo1_AC_AP,concentrator_trafo_2_12,prosumer18,cfp,100,3.921821,0
1789091389.395127,90,ciclo1_AC_AP,concentrator_trafo_2_12,prosumer19,cfp,100,2.222744,0
1789091389.395440,90,ciclo1_AC_AP,concentrator_trafo_2_12,prosumer20,cfp,100,3.535805,0
1789091389.405835,90,ciclo1_AC_AP,prosumer16,concentrator_trafo_2_12,propose,441,7.751877,0
1789091389.411206,90,ciclo1_AC_AP,prosumer9,concentrator_trafo_1_3,propose,349,6.243753,0
1789091389.414664,90,ciclo1_AC_AP,prosumer4,concentrator_trafo_1_3,propose,497,6.596369,0
1789091389.416682,90,ciclo1_AC_AP,prosumer10,concentrator_trafo_1_3,propose,217,3.555453,0
1789091389.419357,90,ciclo1_AC_AP,prosumer15,concentrator_trafo_2_12,propose,181,7.126994,0
1789091389.421646,90,ciclo1_AC_AP,prosumer6,concentrator_trafo_1_3,propose,387,7.479035,0
1789091389.422730,90,ciclo1_AC_AP,prosumer3,concentrator_trafo_1_3,propose,382,9.448836,0
1789091389.424262,90,ciclo1_AC_AP,prosumer7,concentrator_trafo_1_3,propose,139,4.361560,0
1789091389.425717,90,ciclo1_AC_AP,prosumer13,concentrator_trafo_2_12,propose,499,7.234868,0
1789091389.427372,90,ciclo1_AC_AP,prosumer19,concentrator_trafo_2_12,propose,360,7.501607,0
1789091389.430143,90,ciclo1_AC_AP,prosumer5,concentrator_trafo_1_3,propose,186,3.316843,0
1789091389.431870,90,ciclo1_AC_AP,prosumer8,concentrator_trafo_1_3,propose,113,1.113773,0
1789091389.433292,90,ciclo1_AC_AP,prosumer12,concentrator_trafo_2_12,propose,429,9.672756,0
1789091389.434635,90,ciclo1_AC_AP,prosumer14,concentrator_trafo_2_12,propose,185,2.949265,0
1789091389.436180,90,ciclo1_AC_AP,prosumer11,concentrator_trafo_1_3,propose,364,4.400303,0
1789091389.437391,90,ciclo1_AC_AP,prosumer20,concentrator_trafo_2_12,propose,309,14.378551,0
1789091389.438283,90,ciclo1_AC_AP,prosumer18,concentrator_trafo_2_12,propose,411,6.338742,0
1789091389.438831,90,ciclo1_AC_AP,prosumer17,concentrator_trafo_2_12,propose,438,6.351991,0
1789091389.586432,90,ciclo2_AD_AC,dso,concentrator_trafo_1_3,cfp,100,4.043847,0
1789091389.587385,90,ciclo2_AD_AC,dso,concentrator_trafo_2_12,cfp,100,4.067588,0
1789091389.633379,90,ciclo2_AD_AC,concentrator_trafo_1_3,dso,propose,1106,36.442364,0
1789091389.636252,90,ciclo2_AD_AC,concentrator_trafo_2_12,dso,propose,1224,43.769771,0
1789091390.080633,90,ciclo3_AM_AC_AD,market,dso,cfp,100,0.524739,0
1789091390.094325,90,ciclo3_AM_AC_AD,dso,market,propose,1362,20.779722,0
1789091390.306044,90,ciclo3_AM_AC_AD,market,concentrator_trafo_1_3,cfp,100,6.179038,0
1789091390.306260,90,ciclo3_AM_AC_AD,market,concentrator_trafo_2_12,cfp,100,3.043138,0
1789091390.306390,90,ciclo3_AM_AC_AD,market,dso,cfp,100,3.519621,0
1789091390.365702,90,ciclo3_AM_AC_AD,concentrator_trafo_2_12,market,propose,1350,23.507335,0
1789091390.377066,90,ciclo3_AM_AC_AD,dso,market,propose,1207,21.999584,0
1789091390.387243,90,ciclo3_AM_AC_AD,concentrator_trafo_1_3,market,propose,1135,36.173337,0
1789091390.818005,91,ciclo1_AC_AP,concentrator_trafo_1_3,prosumer3,cfp,100,1.239150,0
1789091390.819118,91,ciclo1_AC_AP,concentrator_trafo_1_3,prosumer4,cfp,100,3.292919,0
1789091390.820198,91,ciclo1_AC_AP,concentrator_trafo_1_3,prosumer5,cfp,100,2.214465,0
1789091390.821042,91,ciclo1_AC_AP,concentrator_trafo_1_3,prosumer6,cfp,100,1.834853,0
1789091390.821475,91,ciclo1_AC_AP,concentrator_trafo_1_3,prosumer7,cfp,100,2.171614,0
1789091390.821759,91,ciclo1_AC_AP,concentrator_trafo_1_3,prosumer8,cfp,100,2.343337,0
1789091390.822032,91,ciclo1_AC_AP,concentrator_trafo_1_3,prosumer9,cfp,100,0.013135,0
1789091390.822160,91,ciclo1_AC_AP,concentrator_trafo_1_3,prosumer10,cfp,100,0.180586,0
1789091390.822282,91,ciclo1_AC_AP,concentrator_trafo_1_3,prosumer11,cfp,100,0.811235,0
1789091390.822995,91,ciclo1_AC_AP,concentrator_trafo_2_12,prosumer12,cfp,100,0.123953,0
1789091390.823126,91,ciclo1_AC_AP,concentrator_trafo_2_12,prosumer13,cfp,100,1.902855,0
1789091390.823229,91,ciclo1_AC_AP,concentrator_trafo_2_12,prosumer14,cfp,100,3.835985,0
1789091390.823335,91,ciclo1_AC_AP,concentrator_trafo_2_12,prosumer15,cfp,100,2.720338,0
1789091390.823435,91,ciclo1_AC_AP,concentrator_trafo_2_12,prosumer16,cfp,100,3.135230,0
1789091390.823532,91,ciclo1_AC_AP,concentrator_trafo_2_12,prosumer17,cfp,100,2.031048,0
1789091390.823638,91,ciclo1_AC_AP,concentrator_trafo_2_12,prosumer18,cfp,100,3.219787,0
1789091390.823737,91,ciclo1_AC_AP,concentrator_trafo_2_12,prosumer19,cfp,100,2.045172,0
1789091390.823835,91,ciclo1_AC_AP,concentrator_trafo_2_12,prosumer20,cfp,100,3.581763,0
1789091390.826069,91,ciclo1_AC_AP,prosumer9,concentrator_trafo_1_3,propose,110,1.807392,0
1789091390.827718,91,ciclo1_AC_AP,prosumer10,concentrator_trafo_1_3,propose,400,6.111089,0
1789091390.829103,91,ciclo1_AC_AP,prosumer12,concentrator_trafo_2_12,propose,168,5.841427,0
1789091390.833819,91,ciclo1_AC_AP,prosumer11,concentrator_trafo_1_3,propose,298,4.730266,0
1789091390.835554,91,ciclo1_AC_AP,prosumer3,concentrator_trafo_1_3,propose,187,4.746271,0
1789091390.842153,91,ciclo1_AC_AP,prosumer6,concentrator_trafo_1_3,propose,325,6.673620,0
1789091390.844925,91,ciclo1_AC_AP,prosumer13,concentrator_trafo_2_12,propose,389,9.457603,0
1789091390.846570,91,ciclo1_AC_AP,prosumer5,concentrator_trafo_1_3,propose,127,3.826210,0
1789091390.849436,91,ciclo1_AC_AP,prosumer7,concentrator_trafo_1_3,propose,292,6.407205,0
1789091390.851538,91,ciclo1_AC_AP,prosumer17,concentrator_trafo_2_12,propose,144,2.866024,0
1789091390.853711,91,ciclo1_AC_AP,prosumer19,concentrator_trafo_2_12,propose,429,6.067142,0
1789091390.854909,91,ciclo1_AC_AP,prosumer8,concentrator_trafo_1_3,propose,401,16.788226,0
1789091390.857711,91,ciclo1_AC_AP,prosumer15,concentrator_trafo_2_12,propose,307,13.396231,0
1789091390.858695,91,ciclo1_AC_AP,prosumer4,concentrator_trafo_1_3,propose,271,4.534569,0
1789091390.859760,91,ciclo1_AC_AP,prosumer16,concentrator_trafo_2_12,propose,219,4.959727,0
1789091390.860950,91,ciclo1_AC_AP,prosumer18,concentrator_trafo_2_12,propose,359,4.882581,0
1789091390.861709,91,ciclo1_AC_AP,prosumer20,concentrator_trafo_2_12,propose,333,8.645962,0
1789091390.862770,91,ciclo1_AC_AP,prosumer14,concentrator_trafo_2_12,propose,120,0.035987,0
1789091391.028127,91,ciclo2_AD_AC,dso,concentrator_trafo_1_3,cfp,100,5.239666,0
1789091391.029324,91,ciclo2_AD_AC,dso,concentrator_trafo_2_12,cfp,100,5.440554,0
1789091391.084046,91,ciclo2_AD_AC,concentrator_trafo_1_3,dso,propose,1245,41.223915,0
1789091391.086746,91,ciclo2_AD_AC,concentrator_trafo_2_12,dso,propose,1317,43.629841,0
1789091391.528929,91,ciclo3_AM_AC_AD,market,dso,cfp,100,0.189116,0
1789091391.540998,91,ciclo3_AM_AC_AD,dso,market,propose,1052,16.198962,0
1789091391.710106,91,ciclo3_AM_AC_AD,market,concentrator_trafo_1_3,cfp,100,3.159917,0
1789091391.711167,91,ciclo3_AM_AC_AD,market,concentrator_trafo_2_12,cfp,100,2.939398,0
1789091391.712097,91,ciclo3_AM_AC_AD,market,dso,cfp,100,2.392950,0
1789091391.791866,91,ciclo3_AM_AC_AD,dso,market,propose,1137,18.666951,0
1789091391.798056,91,ciclo3_AM_AC_AD,concentrator_trafo_1_3,market,propose,1426,50.638152,0
1789091391.798983,91,ciclo3_AM_AC_AD,concentrator_trafo_2_12,market,propose,1259,21.316542,0
1789091392.374176,92,ciclo1_AC_AP,concentrator_trafo_1_3,prosumer3,cfp,100,3.892261,0
1789091392.375425,92,ciclo1_AC_AP,concentrator_trafo_1_3,prosumer4,cfp,100,3.243674,0
1789091392.376532,92,ciclo1_AC_AP,concentrator_trafo_1_3,prosumer5,cfp,100,3.654602,0
1789091392.377635,92,ciclo1_AC_AP,concentrator_trafo_1_3,prosumer6,cfp,100,1.857295,0
1789091392.378356,92,ciclo1_AC_AP,concentrator_trafo_1_3,prosumer7,cfp,100,1.050402,0
1789091392.379049,92,ciclo1_AC_AP,concentrator_trafo_1_3,prosumer8,cfp,100,2.992560,0
1789091392.379796,92,ciclo1_AC_AP,concentrator_trafo_1_3,prosumer9,cfp,100,0.870702,0
1789091392.380531,92,ciclo1_AC_AP,concentrator_trafo_1_3,prosumer10,cfp,100,3.362950,0
1789091392.381196,92,ciclo1_AC_AP,concentrator_trafo_1_3,prosumer11,cfp,100,0.666038,0
1789091392.382149,92,ciclo1_AC_AP,concentrator_trafo_2_12,prosumer12,cfp,100,1.460259,0
1789091392.382572,92,ciclo1_AC_AP,concentrator_trafo_2_12,prosumer13,cfp,100,3.619710,0
1789091392.382746,92,ciclo1_AC_AP,concentrator_trafo_2_12,prosumer14,cfp,100,3.149445,0
1789091392.382891,92,ciclo1_AC_AP,concentrator_trafo_2_12,prosumer15,cfp,100,7.197265,0
1789091392.383022,92,ciclo1_AC_AP,concentrator_trafo_2_12,prosumer16,cfp,100,3.536755,0
1789091392.383147,92,ciclo1_AC_AP,concentrator_trafo_2_12,prosumer17,cfp,100,2.893413,0
1789091392.383269,92,ciclo1_AC_AP,concentrator_trafo_2_12,prosumer18,cfp,100,1.858083,0
1789091392.383389,92,ciclo1_AC_AP,concentrator_trafo_2_12,prosumer19,cfp,100,0.047786,0
1789091392.383509,92,ciclo1_AC_AP,concentrator_trafo_2_12,prosumer20,cfp,100,4.103807,0
1789091392.387222,92,ciclo1_AC_AP,prosumer19,concentrator_trafo_2_12,propose,351,7.815613,0
1789091392.391305,92,ciclo1_AC_AP,prosumer11,concentrator_trafo_1_3,propose,382,9.945007,0
1789091392.392796,92,ciclo1_AC_AP,prosumer9,concentrator_trafo_1_3,propose,430,8.548419,0
1789091392.395181,92,ciclo1_AC_AP,prosumer7,concentrator_trafo_1_3,propose,301,4.090663,0
1789091392.398581,92,ciclo1_AC_AP,prosumer6,concentrator_trafo_1_3,propose,342,6.808739,0
1789091392.400536,92,ciclo1_AC_AP,prosumer12,concentrator_trafo_2_12,propose,235,2.171266,0
1789091392.404312,92,ciclo1_AC_AP,prosumer18,concentrator_trafo_2_12,propose,192,3.453741,0
1789091392.410574,92,ciclo1_AC_AP,prosumer4,concentrator_trafo_1_3,propose,217,2.720277,0
1789091392.412444,92,ciclo1_AC_AP,prosumer8,concentrator_trafo_1_3,propose,376,12.370616,0
1789091392.414305,92,ciclo1_AC_AP,prosumer17,concentrator_trafo_2_12,propose,286,5.736703,0
1789091392.417089,92,ciclo1_AC_AP,prosumer5,concentrator_trafo_1_3,propose,181,5.421888,0
1789091392.418013,92,ciclo1_AC_AP,prosumer3,concentrator_trafo_1_3,propose,254,2.433810,0
1789091392.419378,92,ciclo1_AC_AP,prosumer10,concentrator_trafo_1_3,propose,411,9.827175,0
1789091392.420527,92,ciclo1_AC_AP,prosumer14,concentrator_trafo_2_12,propose,173,3.711482,0
1789091392.422179,92,ciclo1_AC_AP,prosumer16,concentrator_trafo_2_12,propose,333,7.696008,0
1789091392.423133,92,ciclo1_AC_AP,prosumer13,concentrator_trafo_2_12,propose,135,4.357229,0
1789091392.425840,92,ciclo1_AC_AP,prosumer20,concentrator_trafo_2_12,propose,135,5.962637,0
1789091392.459914,92,ciclo1_AC_AP,prosumer15,concentrator_trafo_2_12,propose,344,10.440204,0
1789091392.569876,92,ciclo2_AD_AC,dso,concentrator_trafo_1_3,cfp,100,2.858337,0
1789091392.570351,92,ciclo2_AD_AC,dso,concentrator_trafo_2_12,cfp,100,4.400602,0
1789091392.603450,92,ciclo2_AD_AC,concentrator_trafo_1_3,dso,propose,1201,41.317901,0
1789091392.619286,92,ciclo2_AD_AC,concentrator_trafo_2_12,dso,propose,1289,47.429853,0
1789091393.100202,92,ciclo3_AM_AC_AD,market,dso,cfp,100,2.434553,0
1789091393.131192,92,ciclo3_AM_AC_AD,dso,market,propose,1487,22.750355,0
1789091393.363956,92,ciclo3_AM_AC_AD,market,concentrator_trafo_1_3,cfp,100,4.989223,0
1789091393.364410,92,ciclo3_AM_AC_AD,market,concentrator_trafo_2_12,cfp,100,3.955251,0
1789091393.364710,92,ciclo3_AM_AC_AD,market,dso,cfp,100,3.175674,0
1789091393.432692,92,ciclo3_AM_AC_AD,dso,market,propose,1209,18.698174,0
1789091393.434586,92,ciclo3_AM_AC_AD,concentrator_trafo_2_12,market,propose,1284,20.508778,0
1789091393.437668,92,ciclo3_AM_AC_AD,concentrator_trafo_1_3,market,propose,1047,34.232902,0
1789091393.850041,93,ciclo1_AC_AP,concentrator_trafo_1_3,prosumer3,cfp,100,0.991665,0
1789091393.851052,93,ciclo1_AC_AP,concentrator_trafo_1_3,prosumer4,cfp,100,2.790867,0
1789091393.851485,93,ciclo1_AC_AP,concentrator_trafo_1_3,prosumer5,cfp,100,3.113258,0
1789091393.851762,93,ciclo1_AC_AP,concentrator_trafo_1_3,prosumer6,cfp,100,1.465109,0
1789091393.852138,93,ciclo1_AC_AP,concentrator_trafo_1_3,prosumer7,cfp,100,1.905333,0
1789091393.852311,93,ciclo1_AC_AP,concentrator_trafo_1_3,prosumer8,cfp,100,6.187112,0
1789091393.852430,93,ciclo1_AC_AP,concentrator_trafo_1_3,prosumer9,cfp,100,1.069941,0
1789091393.852562,93,ciclo1_AC_AP,concentrator_trafo_1_3,prosumer10,cfp,100,3.739757,0
1789091393.852685,93,ciclo1_AC_AP,concentrator_trafo_1_3,prosumer11,cfp,100,2.832570,0
1789091393.853483,93,ciclo1_AC_AP,concentrator_trafo_2_12,prosumer12,cfp,100,0.173864,0
1789091393.853639,93,ciclo1_AC_AP,concentrator_trafo_2_12,prosumer13,cfp,100,3.361604,0
1789091393.853756,93,ciclo1_AC_AP,concentrator_trafo_2_12,prosumer14,cfp,100,1.681420,0
1789091393.853866,93,ciclo1_AC_AP,concentrator_trafo_2_12,prosumer15,cfp,100,1.981497,0
1789091393.853977,93,ciclo1_AC_AP,concentrator_trafo_2_12,prosumer16,cfp,100,3.319067,0
1789091393.854084,93,ciclo1_AC_AP,concentrator_trafo_2_12,prosumer17,cfp,100,2.809874,0
1789091393.854191,93,ciclo1_AC_AP,concentrator_trafo_2_12,prosumer18,cfp,100,1.093258,0
1789091393.854302,93,ciclo1_AC_AP,concentrator_trafo_2_12,prosumer19,cfp,100,3.394895,0
1789091393.854413,93,ciclo1_AC_AP,concentrator_trafo_2_12,prosumer20,cfp,100,2.016535,0
1789091393.858066,93,ciclo1_AC_AP,prosumer12,concentrator_trafo_2_12,propose,235,4.239319,0
1789091393.862627,93,ciclo1_AC_AP,prosumer3,concentrator_trafo_1_3,propose,346,5.052762,0
1789091393.866420,93,ciclo1_AC_AP,prosumer9,concentrator_trafo_1_3,propose,217,4.842011,0
1789091393.868506,93,ciclo1_AC_AP,prosumer18,concentrator_trafo_2_12,propose,156,5.439861,0
1789091393.869644,93,ciclo1_AC_AP,prosumer6,concentrator_trafo_1_3,propose,251,2.451159,0
1789091393.872789,93,ciclo1_AC_AP,prosumer14,concentrator_trafo_2_12,propose,172,3.002519,0
1789091393.874588,93,ciclo1_AC_AP,prosumer7,concentrator_trafo_1_3,propose,284,7.307634,0
1789091393.876961,93,ciclo1_AC_AP,prosumer15,concentrator_trafo_2_12,propose,148,9.356549,0
1789091393.877980,93,ciclo1_AC_AP,prosumer20,concentrator_trafo_2_12,propose,170,9.142453,0
1789091393.880803,93,ciclo1_AC_AP,prosumer4,concentrator_trafo_1_3,propose,437,7.152088,0
1789091393.882410,93,ciclo1_AC_AP,prosumer11,concentrator_trafo_1_3,propose,129,5.434928,0
1789091393.884182,93,ciclo1_AC_AP,prosumer17,concentrator_trafo_2_12,propose,440,6.664375,0
1789091393.885118,93,ciclo1_AC_AP,prosumer5,concentrator_trafo_1_3,propose,170,5.866121,0
1789091393.888744,93,ciclo1_AC_AP,prosumer16,concentrator_trafo_2_12,propose,400,9.325998,0
1789091393.889430,93,ciclo1_AC_AP,prosumer13,concentrator_trafo_2_12,propose,386,10.067841,0
1789091393.890681,93,ciclo1_AC_AP,prosumer19,concentrator_trafo_2_12,propose,201,3.783983,0
1789091393.892017,93,ciclo1_AC_AP,prosumer10,concentrator_trafo_1_3,propose,103,2.527921,0
1789091393.919188,93,ciclo1_AC_AP,prosumer8,concentrator_trafo_1_3,propose,116,4.973789,0
1789091393.993703,93,ciclo2_AD_AC,dso,concentrator_trafo_1_3,cfp,100,6.731573,0
1789091393.994132,93,ciclo2_AD_AC,dso,concentrator_trafo_2_12,cfp,100,4.781885,0
1789091394.048219,93,ciclo2_AD_AC,concentrator_trafo_2_12,dso,propose,1441,49.649626,0
1789091394.066246,93,ciclo2_AD_AC,concentrator_trafo_1_3,dso,propose,1207,38.770847,0
1789091394.551123,93,ciclo3_AM_AC_AD,market,dso,cfp,100,2.719576,0
1789091394.588462,93,ciclo3_AM_AC_AD,dso,market,propose,1285,22.135207,0
1789091394.816840,93,ciclo3_AM_AC_AD,market,concentrator_trafo_1_3,cfp,100,4.350780,0
1789091394.817605,93,ciclo3_AM_AC_AD,market,concentrator_trafo_2_12,cfp,100,2.159875,0
1789091394.818127,93,ciclo3_AM_AC_AD,market,dso,cfp,100,0.914203,0
1789091394.861480,93,ciclo3_AM_AC_AD,dso,market,propose,1358,23.096138,0
1789091394.863275,93,ciclo3_AM_AC_AD,concentrator_trafo_2_12,market,propose,1386,22.489307,0
1789091394.881918,93,ciclo3_AM_AC_AD,concentrator_trafo_1_3,market,propose,1308,44.172642,0
1789091395.394051,94,ciclo1_AC_AP,concentrator_trafo_1_3,prosumer3,cfp,100,2.863182,0
1789091395.395165,94,ciclo1_AC_AP,concentrator_trafo_1_3,prosumer4,cfp,100,3.670786,0
1789091395.395819,94,ciclo1_AC_AP,concentrator_trafo_1_3,prosumer5,cfp,100,3.866373,0
1789091395.396401,94,ciclo1_AC_AP,concentrator_trafo_1_3,prosumer6,cfp,100,1.144339,0
1789091395.396899,94,ciclo1_AC_AP,concentrator_trafo_1_3,prosumer7,cfp,100,1.782954,0
1789091395.397310,94,ciclo1_AC_AP,concentrator_trafo_1_3,prosumer8,cfp,100,5.794196,0
1789091395.397912,94,ciclo1_AC_AP,concentrator_trafo_1_3,prosumer9,cfp,100,2.316367,0
1789091395.398533,94,ciclo1_AC_AP,concentrator_trafo_1_3,prosumer10,cfp,100,0.903860,0
1789091395.399175,94,ciclo1_AC_AP,concentrator_trafo_1_3,prosumer11,cfp,100,3.625544,0
1789091395.400282,94,ciclo1_AC_AP,concentrator_trafo_2_12,prosumer12,cfp,100,1.457219,0
1789091395.400450,94,ciclo1_AC_AP,concentrator_trafo_2_12,prosumer13,cfp,100,1.663762,0
1789091395.400671,94,ciclo1_AC_AP,concentrator_trafo_2_12,prosumer14,cfp,100,1.945071,0
1789091395.400869,94,ciclo1_AC_AP,concentrator_trafo_2_12,prosumer15,cfp,100,4.477683,0
1789091395.400987,94,ciclo1_AC_AP,concentrator_trafo_2_12,prosumer16,cfp,100,1.114577,0
1789091395.401096,94,ciclo1_AC_AP,concentrator_trafo_2_12,prosumer17,cfp,100,2.818189,0
1789091395.401199,94,ciclo1_AC_AP,concentrator_trafo_2_12,prosumer18,cfp,100,1.095462,0
1789091395.401301,94,ciclo1_AC_AP,concentrator_trafo_2_12,prosumer19,cfp,100,0.368086,0
1789091395.401407,94,ciclo1_AC_AP,concentrator_trafo_2_12,prosumer20,cfp,100,3.117825,0
1789091395.408434,94,ciclo1_AC_AP,prosumer19,concentrator_trafo_2_12,propose,351,6.701909,0
1789091395.411179,94,ciclo1_AC_AP,prosumer10,concentrator_trafo_1_3,propose,465,8.725187,0
1789091395.412443,94,ciclo1_AC_AP,prosumer6,concentrator_trafo_1_3,propose,453,9.324749,0
1789091395.414870,94,ciclo1_AC_AP,prosumer16,concentrator_trafo_2_12,propose,154,4.129769,0
1789091395.416422,94,ciclo1_AC_AP,prosumer18,concentrator_trafo_2_12,propose,342,4.403076,0
1789091395.419192,94,ciclo1_AC_AP,prosumer7,concentrator_trafo_1_3,propose,386,7.004975,0
1789091395.420741,94,ciclo1_AC_AP,prosumer12,concentrator_trafo_2_12,propose,277,4.502636,0
1789091395.422673,94,ciclo1_AC_AP,prosumer13,concentrator_trafo_2_12,propose,499,6.786654,0
1789091395.425184,94,ciclo1_AC_AP,prosumer14,concentrator_trafo_2_12,propose,275,7.836455,0
1789091395.426758,94,ciclo1_AC_AP,prosumer9,concentrator_trafo_1_3,propose,149,5.028590,0
1789091395.428218,94,ciclo1_AC_AP,prosumer3,concentrator_trafo_1_3,propose,451,7.187391,0
1789091395.431382,94,ciclo1_AC_AP,prosumer17,concentrator_trafo_2_12,propose,102,0.160955,0
1789091395.435085,94,ciclo1_AC_AP,prosumer4,concentrator_trafo_1_3,propose,223,4.131242,0
1789091395.436116,94,ciclo1_AC_AP,prosumer20,concentrator_trafo_2_12,propose,216,5.432335,0
1789091395.438833,94,ciclo1_AC_AP,prosumer5,concentrator_trafo_1_3,propose,354,7.516013,0
1789091395.439768,94,ciclo1_AC_AP,prosumer11,concentrator_trafo_1_3,propose,259,7.277643,0
1789091395.447592,94,ciclo1_AC_AP,prosumer15,concentrator_trafo_2_12,propose,240,11.680817,0
1789091395.457094,94,ciclo1_AC_AP,prosumer8,concentrator_trafo_1_3,propose,215,8.835474,0
1789091395.569880,94,ciclo2_AD_AC,dso,concentrator_trafo_1_3,cfp,100,0.794190,0
1789091395.570431,94,ciclo2_AD_AC,dso,concentrator_trafo_2_12,cfp,100,2.976140,0
1789091395.582818,94,ciclo2_AD_AC,concentrator_trafo_1_3,dso,propose,1004,33.114465,0
1789091395.605815,94,ciclo2_AD_AC,concentrator_trafo_2_12,dso,propose,1253,38.415332,0
1789091395.995082,94,ciclo3_AM_AC_AD,market,dso,cfp,100,2.366717,0
1789091396.029730,94,ciclo3_AM_AC_AD,dso,market,propose,1181,19.730280,0
1789091396.235495,94,ciclo3_AM_AC_AD,market,concentrator_trafo_1_3,cfp,100,5.536948,0
1789091396.236382,94,ciclo3_AM_AC_AD,market,concentrator_trafo_2_12,cfp,100,2.234582,0
1789091396.236946,94,ciclo3_AM_AC_AD,market,dso,cfp,100,2.965260,0
1789091396.286909,94,ciclo3_AM_AC_AD,concentrator_trafo_2_12,market,propose,1484,23.442355,0
1789091396.303344,94,ciclo3_AM_AC_AD,dso,market,propose,1488,25.062380,0
1789091396.312225,94,ciclo3_AM_AC_AD,concentrator_trafo_1_3,market,propose,1260,40.746951,0
1789091396.788211,95,ciclo1_AC_AP,concentrator_trafo_1_3,prosumer3,cfp,100,1.957568,0
1789091396.788869,95,ciclo1_AC_AP,concentrator_trafo_1_3,prosumer4,cfp,100,3.403973,0
1789091396.789454,95,ciclo1_AC_AP,concentrator_trafo_1_3,prosumer5,cfp,100,1.753907,0
1789091396.790042,95,ciclo1_AC_AP,concentrator_trafo_1_3,prosumer6,cfp,100,0.266111,0
1789091396.790539,95,ciclo1_AC_AP,concentrator_trafo_1_3,prosumer7,cfp,100,0.613623,0
1789091396.790998,95,ciclo1_AC_AP,concentrator_trafo_1_3,prosumer8,cfp,100,3.463555,0
1789091396.791258,95,ciclo1_AC_AP,concentrator_trafo_1_3,prosumer9,cfp,100,0.996873,0
1789091396.791418,95,ciclo1_AC_AP,concentrator_trafo_1_3,prosumer10,cfp,100,2.186509,0
1789091396.791595,95,ciclo1_AC_AP,concentrator_trafo_1_3,prosumer11,cfp,100,3.823828,0
1789091396.792497,95,ciclo1_AC_AP,concentrator_trafo_2_12,prosumer12,cfp,100,2.071286,0
1789091396.792765,95,ciclo1_AC_AP,concentrator_trafo_2_12,prosumer13,cfp,100,1.057914,0
1789091396.792934,95,ciclo1_AC_AP,concentrator_trafo_2_12,prosumer14,cfp,100,2.787415,0
1789091396.793092,95,ciclo1_AC_AP,concentrator_trafo_2_12,prosumer15,cfp,100,5.093910,0
1789091396.793241,95,ciclo1_AC_AP,concentrator_trafo_2_12,prosumer16,cfp,100,2.118271,0
1789091396.793388,95,ciclo1_AC_AP,concentrator_trafo_2_12,prosumer17,cfp,100,0.971156,0
1789091396.793533,95,ciclo1_AC_AP,concentrator_trafo_2_12,prosumer18,cfp,100,3.673502,0
1789091396.793700,95,ciclo1_AC_AP,concentrator_trafo_2_12,prosumer19,cfp,100,1.998233,0
1789091396.793845,95,ciclo1_AC_AP,concentrator_trafo_2_12,prosumer20,cfp,100,4.979170,0
1789091396.796223,95,ciclo1_AC_AP,prosumer6,concentrator_trafo_1_3,propose,274,7.185517,0
1789091396.800125,95,ciclo1_AC_AP,prosumer7,concentrator_trafo_1_3,propose,146,4.385370,0
1789091396.803172,95,ciclo1_AC_AP,prosumer9,concentrator_trafo_1_3,propose,139,2.854104,0
1789091396.805758,95,ciclo1_AC_AP,prosumer17,concentrator_trafo_2_12,propose,256,4.048606,0
1789091396.807396,95,ciclo1_AC_AP,prosumer13,concentrator_trafo_2_12,propose,393,6.211704,0
1789091396.809796,95,ciclo1_AC_AP,prosumer5,concentrator_trafo_1_3,propose,316,5.882185,0
1789091396.811431,95,ciclo1_AC_AP,prosumer3,concentrator_trafo_1_3,propose,215,4.236517,0
1789091396.816522,95,ciclo1_AC_AP,prosumer12,concentrator_trafo_2_12,propose,478,10.037602,0
1789091396.818221,95,ciclo1_AC_AP,prosumer10,concentrator_trafo_1_3,propose,288,4.800997,0
1789091396.819330,95,ciclo1_AC_AP,prosumer19,concentrator_trafo_2_12,propose,295,6.561859,0
1789091396.820974,95,ciclo1_AC_AP,prosumer16,concentrator_trafo_2_12,propose,488,8.794424,0
1789091396.822824,95,ciclo1_AC_AP,prosumer14,concentrator_trafo_2_12,propose,174,2.105719,0
1789091396.824256,95,ciclo1_AC_AP,prosumer4,concentrator_trafo_1_3,propose,218,5.617173,0
1789091396.827793,95,ciclo1_AC_AP,prosumer8,concentrator_trafo_1_3,propose,247,10.259463,0
1789091396.831907,95,ciclo1_AC_AP,prosumer11,concentrator_trafo_1_3,propose,202,4.510922,0
1789091396.833689,95,ciclo1_AC_AP,prosumer18,concentrator_trafo_2_12,propose,480,9.579542,0
1789091396.848478,95,ciclo1_AC_AP,prosumer20,concentrator_trafo_2_12,propose,497,15.571218,0
1789091396.851282,95,ciclo1_AC_AP,prosumer15,concentrator_trafo_2_12,propose,346,9.877563,0
1789091397.010597,95,ciclo2_AD_AC,dso,concentrator_trafo_1_3,cfp,100,5.857585,0
1789091397.011763,95,ciclo2_AD_AC,dso,concentrator_trafo_2_12,cfp,100,4.145853,0
1789091397.059795,95,ciclo2_AD_AC,concentrator_trafo_2_12,dso,propose,1337,47.142311,0
1789091397.073664,95,ciclo2_AD_AC,concentrator_trafo_1_3,dso,propose,1450,47.103912,0
1789091397.550611,95,ciclo3_AM_AC_AD,market,dso,cfp,100,1.395979,0
1789091397.572761,95,ciclo3_AM_AC_AD,dso,market,propose,1400,23.009903,0
1789091397.810369,95,ciclo3_AM_AC_AD,market,concentrator_trafo_1_3,cfp,100,2.215655,0
1789091397.811397,95,ciclo3_AM_AC_AD,market,concentrator_trafo_2_12,cfp,100,1.223727,0
1789091397.812237,95,ciclo3_AM_AC_AD,market,dso,cfp,100,0.821775,0
1789091397.856604,95,ciclo3_AM_AC_AD,dso,market,propose,1183,19.579777,0
1789091397.859941,95,ciclo3_AM_AC_AD,concentrator_trafo_2_12,market,propose,1144,19.239577,0
1789091397.862275,95,ciclo3_AM_AC_AD,concentrator_trafo_1_3,market,propose,1196,39.961217,0
