node,t,dlmp_signal,spot_eur_mwh,adder_signal
8,0,49.62118961643037,31.0,18.62118961643037
8,1,41.35030154648631,31.0,10.350301546486307
8,2,40.96456168094628,31.0,9.964561680946282
8,3,41.35659446394277,31.0,10.35659446394277
8,4,32.04633613752267,30.94,1.1063361375226712
8,5,41.0375936580733,30.94,10.097593658073297
8,6,37.88801746052764,30.94,6.948017460527641
8,7,37.45586985595199,30.94,6.515869855951987
8,8,37.313183358338605,31.32,5.993183358338605
8,9,35.76934185171011,31.32,4.449341851710109
8,10,38.94585834030016,31.32,7.625858340300162
8,11,35.40455357374535,31.32,4.084553573745353
8,12,37.858377250955556,29.03,8.828377250955555
8,13,35.71338957496797,29.03,6.683389574967968
8,14,30.129527844049676,29.03,1.0995278440496747
8,15,34.54818828703894,29.03,5.518188287038939
8,16,29.224081692293804,28.2,1.0240816922938052
8,17,29.226231765864558,28.2,1.0262317658645586
8,18,29.228854337578134,28.2,1.0288543375781352
8,19,29.232137191259934,28.2,1.0321371912599346
8,20,44.78640079225371,43.75,1.0364007922537084
8,21,44.78640142578877,43.75,1.0364014257887675
8,22,44.78640205085357,43.75,1.0364020508535674
8,23,44.78640219880945,43.75,1.0364021988094478
8,24,52.86384104965283,51.79,1.0738410496528275
8,25,52.86384140562248,51.79,1.0738414056224812
8,26,52.86384147848219,51.79,1.0738414784821941
8,27,52.86384150160043,51.79,1.073841501600434
8,28,53.47384152289773,52.4,1.0738415228977303
8,29,53.473841537219606,52.4,1.0738415372196073
8,30,53.473841589779965,52.4,1.073841589779967
8,31,53.471938725973175,52.4,1.071938725973176
8,32,50.49384155372934,49.42,1.0738415537293378
8,33,50.49384156885271,49.42,1.073841568852707
8,34,51.026521754559155,49.42,1.6065217545591537
8,35,50.49384163209705,49.42,1.07384163209705
8,36,50.45384164909892,49.38,1.0738416490989167
8,37,50.453841567630754,49.38,1.0738415676307511
8,38,50.453841570461286,49.38,1.0738415704612834
8,39,50.45384156721455,49.38,1.0738415672145507
8,40,47.45384156898487,46.38,1.073841568984868
8,41,47.45384157210158,46.38,1.0738415721015784
8,42,47.45384157113861,46.38,1.0738415711386082
8,43,47.45384157401924,46.38,1.0738415740192409
8,44,37.35384157047168,36.28,1.0738415704716786
8,45,37.353841566619295,36.28,1.0738415666192935
8,46,37.35384157191319,36.28,1.0738415719131922
8,47,37.35384156704349,36.28,1.0738415670434875
8,48,36.65384156934831,35.58,1.0738415693483105
8,49,36.653841571850045,35.58,1.0738415718500463
8,50,36.65384156646102,35.58,1.0738415664610201
8,51,36.65384156744556,35.58,1.0738415674455624
8,52,36.33404484614077,35.22,1.1140448461407715
8,53,36.33427410102198,35.22,1.1142741010219837
8,54,36.33459479662592,35.22,1.1145947966259229
8,55,36.334606192725985,35.22,1.1146061927259865
8,56,35.993841564536964,34.92,1.0738415645369628
8,57,35.99384157196435,34.92,1.0738415719643513
8,58,40.88704494436589,34.92,5.967044944365888
8,59,44.35422649681636,34.92,9.434226496816358
8,60,59.0158676496401,34.76,24.255867649640102
8,61,55.708024849431325,34.76,20.948024849431327
8,62,40.89962540736574,34.76,6.139625407365742
8,63,78.89858640735818,34.76,44.13858640735818
8,64,47.7917805665803,40.47,7.321780566580301
8,65,46.88249172755805,40.47,6.412491727558049
8,66,66.71329305204895,40.47,26.243293052048955
8,67,46.76153517092149,40.47,6.291535170921492
8,68,59.99413378096087,48.01,11.984133780960875
8,69,56.40245164403719,48.01,8.392451644037195
8,70,52.45777194004011,48.01,4.447771940040113
8,71,85.23586771289877,48.01,37.22586771289877
8,72,55.381041566263555,51.61,3.7710415662635555
8,73,71.41866400903817,51.61,19.808664009038168
8,74,79.92333229944467,51.61,28.313332299444667
8,75,55.5162050835275,51.61,3.906205083527503
8,76,49.782499325961496,47.16,2.622499325961499
8,77,49.650199652340845,47.16,2.4901996523408485
8,78,70.59638794650964,47.16,23.43638794650964
8,79,51.48531230255603,47.16,4.325312302556036
8,80,38.20384154280581,37.13,1.073841542805809
8,81,38.20384153447527,37.13,1.073841534475271
8,82,38.20384152673093,37.13,1.0738415267309307
8,83,38.20384152380608,37.13,1.073841523806074
8,84,35.76384151095975,34.69,1.0738415109597526
8,85,36.25720886967916,34.69,1.5672088696791633
8,86,35.763841486146596,34.69,1.0738414861465984
8,87,35.763841458031486,34.69,1.0738414580314881
8,88,32.87376426152032,31.8,1.0737642615203207
8,89,32.873724740720476,31.8,1.0737247407204755
8,90,32.873724729585646,31.8,1.0737247295856456
8,91,32.87372464668236,31.8,1.0737246466823613
8,92,35.15340578023485,26.21,8.943405780234848
8,93,38.90740838171423,26.21,12.697408381714226
8,94,66.12065890177641,26.21,39.91065890177641
8,95,48.03384884258024,26.21,21.82384884258024
10,0,49.57438949317043,31.0,18.57438949317043
10,1,41.2980105804054,31.0,10.298010580405403
10,2,40.912911860859275,31.0,9.912911860859275
10,3,41.30461200370726,31.0,10.304612003707263
10,4,32.0211653985149,30.94,1.0811653985149015
10,5,40.983327040119896,30.94,10.043327040119895
10,6,37.82382431593198,30.94,6.883824315931978
10,7,37.39168532849692,30.94,6.451685328496918
10,8,37.25070921688437,31.32,5.930709216884367
10,9,35.71703034661925,31.32,4.397030346619246
10,10,38.88467778387755,31.32,7.564677783877549
10,11,35.35782707636147,31.32,4.0378270763614665
10,12,37.80086455063285,29.03,8.77086455063285
10,13,35.647951572077986,29.03,6.617951572077985
10,14,30.105645404020343,29.03,1.0756454040203423
10,15,34.486518673522305,29.03,5.456518673522304
10,16,29.16824067591095,28.2,0.9682406759109519
10,17,29.17018236061685,28.2,0.9701823606168496
10,18,29.17250119267133,28.2,0.9725011926713307
10,19,29.17533210943836,28.2,0.9753321094383622
10,20,44.728931392558366,43.75,0.9789313925583656
10,21,44.7291193738809,43.75,0.9791193738808985
10,22,44.72912474057669,43.75,0.9791247405766867
10,23,44.729125163426744,43.75,0.9791251634267439
10,24,52.769125342196276,51.79,0.9791253421962764
10,25,52.76912543030279,51.79,0.9791254303027941
10,26,52.769125501327615,51.79,0.9791255013276157
10,27,52.76912552369572,51.79,0.9791255236957213
10,28,53.37912553573369,52.4,0.9791255357336937
10,29,53.379125547911286,52.4,0.9791255479112877
10,30,53.37912555986033,52.4,0.9791255598603286
10,31,53.3791255704408,52.4,0.9791255704408002
10,32,50.399125578153566,49.42,0.9791255781535639
10,33,50.3991255851464,49.42,0.9791255851463987
10,34,50.93173537849334,49.42,1.5117353784933414
10,35,50.39912559971059,49.42,0.979125599710585
10,36,50.35912560449689,49.38,0.9791256044968861
10,37,50.35912561080698,49.38,0.9791256108069746
10,38,50.35912561666649,49.38,0.9791256166664866
10,39,50.35912563151681,49.38,0.9791256315168084
10,40,47.35912562822265,46.38,0.979125628222647
10,41,47.359125629997095,46.38,0.9791256299970925
10,42,47.359125634018675,46.38,0.979125634018672
10,43,47.35912563745419,46.38,0.9791256374541888
10,44,37.25912563900295,36.28,0.9791256390029517
10,45,37.25912564087985,36.28,0.9791256408798503
10,46,37.25912564557916,36.28,0.9791256455791597
10,47,37.259125645145104,36.28,0.9791256451451034
10,48,36.5591256459888,35.58,0.9791256459888018
10,49,36.559125647942636,35.58,0.979125647942638
10,50,36.55912565027946,35.58,0.9791256502794639
10,51,36.55912565256563,35.58,0.9791256525656351
10,52,36.199125653759346,35.22,0.9791256537593469
10,53,36.1991256547751,35.22,0.9791256547751033
10,54,36.19912565791136,35.22,0.9791256579113607
10,55,36.199125660592614,35.22,0.9791256605926151
10,56,35.89912566357663,34.92,0.9791256635766317
10,57,35.899125664001495,34.92,0.9791256640014936
10,58,40.797807663846335,34.92,5.877807663846333
10,59,44.26940718292521,34.92,9.349407182925205
10,60,58.94810143563369,34.76,24.18810143563369
10,61,55.63717483414564,34.76,20.87717483414564
10,62,40.81148341936794,34.76,6.0514834193679405
10,63,78.84190925425517,34.76,44.08190925425517
10,64,47.70217931545284,40.47,7.232179315452839
10,65,46.79309821749146,40.47,6.323098217491463
10,66,66.63928064870453,40.47,26.16928064870453
10,67,46.673850598036005,40.47,6.203850598036006
10,68,59.91298991796003,48.01,11.902989917960035
10,69,56.316973247487184,48.01,8.306973247487186
10,70,52.36920329049835,48.01,4.35920329049835
10,71,85.17222344892754,48.01,37.16222344892754
10,72,55.29109047784269,51.61,3.6810904778426874
10,73,71.34709391409204,51.61,19.737093914092043
10,74,79.86732852522948,51.61,28.257328525229482
10,75,55.42753780834328,51.61,3.817537808343282
10,76,49.69094632844792,47.16,2.530946328447925
10,77,49.59455619261112,47.16,2.434556192611126
10,78,56.01361576369074,47.16,8.85361576369074
10,79,51.39657571527815,47.16,4.236575715278157
10,80,38.10912568186134,37.13,0.9791256818613405
10,81,38.109125683549856,37.13,0.979125683549853
10,82,38.10912568153147,37.13,0.979125681531464
10,83,38.10912568322212,37.13,0.9791256832221151
10,84,35.66912567521811,34.69,0.9791256752181141
10,85,36.16367747694527,34.69,1.4736774769452694
10,86,35.669125671836554,34.69,0.979125671836556
10,87,35.66912567349416,34.69,0.9791256734941598
10,88,32.77912566875715,31.8,0.9791256687571526
10,89,32.77912566520546,31.8,0.9791256652054621
10,90,32.77912567172998,31.8,0.9791256717299781
10,91,32.779125663208525,31.8,0.9791256632085243
10,92,35.10944531218987,26.21,8.899445312189869
10,93,38.8237733308803,26.21,12.6137733308803
10,94,66.09610435081676,26.21,39.88610435081676
10,95,47.96863113876585,26.21,21.75863113876585
11,0,49.583474655669534,31.0,18.583474655669534
11,1,41.28717292935042,31.0,10.287172929350419
11,2,40.89893434295084,31.0,9.898934342950838
11,3,41.29202203479667,31.0,10.292022034796673
11,4,32.00331346365707,30.94,1.063313463657071
11,5,40.97127174903824,30.94,10.031271749038236
11,6,37.807062654711906,30.94,6.867062654711905
11,7,37.37578040713191,30.94,6.435780407131912
11,8,37.2326415226471,31.32,5.9126415226471
11,9,35.70005321084898,31.32,4.380053210848978
11,10,38.867565223105935,31.32,7.547565223105934
11,11,35.340338944476976,31.32,4.0203389444769755
11,12,37.78414512062651,29.03,8.75414512062651
11,13,35.63331772467213,29.03,6.603317724672131
11,14,30.086787156447215,29.03,1.0567871564472142
11,15,34.47031863920456,29.03,5.4403186392045555
11,16,29.154645147837755,28.2,0.9546451478377556
11,17,29.156535594695217,28.2,0.9565355946952181
11,18,29.1587775481166,28.2,0.9587775481166005
11,19,29.161482334220562,28.2,0.9614823342205625
11,20,44.71482076622071,43.75,0.9648207662207113
11,21,44.71482117318323,43.75,0.9648211731832319
11,22,44.71482157642095,43.75,0.9648215764209525
11,23,44.714821675128654,43.75,0.964821675128654
11,24,52.769291841512576,51.79,0.9792918415125769
11,25,52.76929207459892,51.79,0.9792920745989235
11,26,52.76929212844772,51.79,0.9792921284477174
11,27,52.769292146491416,51.79,0.9792921464914173
11,28,53.379292164967566,52.4,0.9792921649675677
11,29,53.37929217669632,52.4,0.979292176696319
11,30,53.379293000430735,52.4,0.9792930004307365
11,31,53.3741435597185,52.4,0.9741435597184989
11,32,50.39929219071751,49.42,0.9792921907175085
11,33,50.39929221264064,49.42,0.9792922126406367
11,34,50.96082309082959,49.42,1.5408230908295906
11,35,50.39405721631088,49.42,0.9740572163108752
11,36,50.35403942786656,49.38,0.9740394278665576
11,37,50.359292205316365,49.38,0.9792922053163622
11,38,50.359292209220975,49.38,0.9792922092209722
11,39,50.35929220378452,49.38,0.9792922037845173
11,40,47.3592922059388,46.38,0.9792922059387976
11,41,47.3592922104392,46.38,0.9792922104391977
11,42,47.359292208469576,46.38,0.9792922084695732
11,43,47.35929221297637,46.38,0.9792922129763681
11,44,37.25929220682662,36.28,0.9792922068266208
11,45,37.259292201189,36.28,0.9792922011889971
11,46,37.2592922086028,36.28,0.9792922086028
11,47,37.25929220125854,36.28,0.9792922012585379
11,48,36.559292204231895,35.58,0.9792922042318963
11,49,36.55929220792494,35.58,0.9792922079249422
11,50,36.55929219972324,35.58,0.9792921997232398
11,51,36.55929220079891,35.58,0.9792922007989091
11,52,36.27172932211559,35.22,1.051729322115591
11,53,36.271998595753644,35.22,1.0519985957536448
11,54,36.27236546808296,35.22,1.0523654680829608
11,55,36.272436950400625,35.22,1.052436950400626
11,56,35.89929218951515,34.92,0.9792921895151494
11,57,35.89929218463983,34.92,0.9792921846398315
11,58,40.93585243745646,34.92,6.015852437456459
11,59,44.30160982801506,34.92,9.381609828015058
11,60,58.97671062481456,34.76,24.21671062481456
11,61,55.64185960371351,34.76,20.881859603713515
11,62,40.80654264736295,34.76,6.046542647362955
11,63,78.90392294081573,34.76,44.143922940815735
11,64,47.70653461252809,40.47,7.236534612528089
11,65,46.7978663944434,40.47,6.327866394443404
11,66,66.6780734951514,40.47,26.208073495151396
11,67,46.67460093259183,40.47,6.2046009325918305
11,68,59.92029080483137,48.01,11.91029080483137
11,69,56.31922194871321,48.01,8.309221948713216
11,70,52.36942393117861,48.01,4.359423931178611
11,71,85.22736851823447,48.01,37.21736851823447
11,72,55.29027305361824,51.61,3.6802730536182438
11,73,71.36543045928588,51.61,19.755430459285876
11,74,79.89092576625227,51.61,28.280925766252267
11,75,55.42652386325886,51.61,3.8165238632588583
11,76,49.69090217940936,47.16,2.5309021794093667
11,77,49.55891788957474,47.16,2.39891788957474
11,78,70.55976741648738,47.16,23.39976741648738
11,79,51.39818952746417,47.16,4.238189527464172
11,80,38.10929218149729,37.13,0.9792921814972857
11,81,38.10929217292654,37.13,0.9792921729265345
11,82,38.109292165758276,37.13,0.9792921657582738
11,83,38.109292164906826,37.13,0.9792921649068234
11,84,35.66929215253658,34.69,0.9792921525365799
11,85,36.163526088393304,34.69,1.4735260883933066
11,86,35.669292132390694,34.69,0.9792921323906967
11,87,35.66929210905896,34.69,0.9792921090589601
11,88,31.90066847893223,31.8,0.10066847893222786
11,89,31.836867647220707,31.8,0.036867647220706345
11,90,31.836867642452255,31.8,0.036867642452254046
11,91,31.836867572249478,31.8,0.03686757224947712
11,92,34.08951948206889,26.21,7.879519482068886
11,93,37.85633746991157,26.21,11.646337469911572
11,94,65.15403324421152,26.21,38.94403324421152
11,95,47.00902932049027,26.21,20.79902932049027
16,0,1340.6060031443694,31.0,1309.6060031443694
16,1,723.4472017268322,31.0,692.4472017268322
16,2,694.4261885931948,31.0,663.4261885931948
16,3,724.0980249472325,31.0,693.0980249472325
16,4,30.60294927072994,30.94,-0.33705072927006086
16,5,704.7213220511155,30.94,673.7813220511155
16,6,464.09140236729615,30.94,433.15140236729616
16,7,430.5480662534898,30.94,399.6080662534898
16,8,390.6612293266045,31.32,359.3412293266045
16,9,273.05407319284393,31.32,241.73407319284394
16,10,516.7267037573489,31.32,485.4067037573489
16,11,246.46075699544969,31.32,215.1407569954497
16,12,606.8422354491418,29.03,577.8122354491418
16,13,441.94879379953784,29.03,412.91879379953787
16,14,28.690113107035643,29.03,-0.33988689296435837
16,15,352.23515768462244,29.03,323.20515768462246
16,16,28.200008605062575,28.2,8.605062575384181e-06
16,17,28.200008277330145,28.2,8.277330145745054e-06
16,18,28.200008212693067,28.2,8.212693067832788e-06
16,19,28.20000821244868,28.2,8.212448680211537e-06
16,20,43.7500004644624,43.75,4.6446240276054596e-07
16,21,43.75000046618761,43.75,4.6618760762839884e-07
16,22,43.7500004678535,43.75,4.678535034940978e-07
16,23,43.75000046941624,43.75,4.6941624276541916e-07
16,24,51.790000470859184,51.79,4.7085918453149134e-07
16,25,51.79000047210457,51.79,4.7210457410074014e-07
16,26,51.79000047334186,51.79,4.7334186348280127e-07
16,27,51.790000474704506,51.79,4.747045068143052e-07
16,28,52.40000047604687,52.4,4.7604687125613054e-07
16,29,52.40000047755373,52.4,4.775537334467117e-07
16,30,52.40000047864006,52.4,4.786400609191332e-07
16,31,52.40000047823232,52.4,4.782323230756447e-07
16,32,49.42000047864666,49.42,4.786466547557211e-07
16,33,49.42000047910602,49.42,4.7910602063439e-07
16,34,49.95456533773293,49.42,0.5345653377329285
16,35,49.420000479922635,49.42,4.799226331897444e-07
16,36,49.38000048035003,49.38,4.803500246453041e-07
16,37,49.38000048040665,49.38,4.804066477959168e-07
16,38,49.38000048071487,49.38,4.807148670238348e-07
16,39,49.3800004809244,49.38,4.809243989711831e-07
16,40,46.38000048125291,46.38,4.812529041942071e-07
16,41,46.38000048161528,46.38,4.816152809894447e-07
16,42,46.38000048193889,46.38,4.819388905730193e-07
16,43,46.380000482273424,46.38,4.822734211984425e-07
16,44,36.280000482420505,36.28,4.824205035447449e-07
16,45,36.28000048435869,36.28,4.843586864922145e-07
16,46,36.28000048314446,36.28,4.831444613273561e-07
16,47,36.28000048310928,36.28,4.831092823565086e-07
16,48,35.580000483882266,35.58,4.838822675878873e-07
16,49,35.58000048299631,35.58,4.829963131669501e-07
16,50,35.58000048294622,35.58,4.82946219904079e-07
16,51,35.92211174669121,35.58,0.34211174669120936
16,52,35.22000048332352,35.22,4.833235180967677e-07
16,53,35.220000483138726,35.22,4.831387272474785e-07
16,54,35.220000483241044,35.22,4.83241045401428e-07
16,55,35.22000048308279,35.22,4.830827933233195e-07
16,56,34.920000483109455,34.92,4.831094528867652e-07
16,57,34.920000483296405,34.92,4.83296403785971e-07
16,58,39.82328667288944,34.92,4.903286672889436
16,59,43.364748622346006,34.92,8.444748622346005
16,60,1705.7339620007217,34.76,1670.9739620007217
16,61,1457.9073517743197,34.76,1423.1473517743198
16,62,380.7431001092035,34.76,345.9831001092035
16,63,2611.432317720161,34.76,2576.6723177201607
16,64,46.78560463917653,40.47,6.315604639176534
16,65,45.84420756149483,40.47,5.374207561494828
16,66,65.7924558327164,40.47,25.3224558327164
16,67,45.71956198204944,40.47,5.249561982049443
16,68,58.99433893838963,48.01,10.984338938389634
16,69,55.39856331711958,48.01,7.3885633171195835
16,70,51.406190502391595,48.01,3.3961905023915975
16,71,84.44044123886363,48.01,36.43044123886363
16,72,54.321739121600494,51.61,2.7117391216004947
16,73,70.5315497403878,51.61,18.921549740387803
16,74,79.18023973336165,51.61,27.570239733361646
16,75,54.46584143752891,51.61,2.855841437528909
16,76,48.73109406832756,47.16,1.571094068327561
16,77,48.58727214497844,47.16,1.4272721449784456
16,78,905.5434388807305,47.16,858.3834388807305
16,79,50.450747702230494,47.16,3.2907477022304974
16,80,37.13000048317017,37.13,4.831701687635359e-07
16,81,37.13000048309437,37.13,4.83094368064485e-07
16,82,37.130000483006974,37.13,4.830069713079865e-07
16,83,37.13000048286961,37.13,4.828696091863094e-07
16,84,34.690000482801,34.69,4.828009991797444e-07
16,85,35.1864564313521,34.69,0.49645643135210094
16,86,34.69000048249005,34.69,4.824900514677211e-07
16,87,34.69000048242157,34.69,4.824215693588485e-07
16,88,31.800000482185357,31.8,4.821853565317724e-07
16,89,31.800000481989382,31.8,4.819893817398224e-07
16,90,31.80000048177076,31.8,4.817707583981701e-07
16,91,31.800000481598897,31.8,4.815988958739581e-07
16,92,537.2357803271518,26.21,511.02578032715184
16,93,814.6797049926204,26.21,788.4697049926203
16,94,2483.8443951084014,26.21,2457.6343951084013
16,95,1411.7937576740724,26.21,1385.5837576740723
20,0,4281.010853481802,31.0,4250.010853481802
20,1,2337.856848821311,31.0,2306.856848821311
20,2,2246.6010962445325,31.0,2215.6010962445325
20,3,2340.0684330215854,31.0,2309.0684330215854
20,4,31.425005912490345,30.94,0.48500591249034386
20,5,2279.008054499417,30.94,2248.068054499417
20,6,1522.5622090090374,30.94,1491.6222090090373
20,7,1417.2187352099602,30.94,1386.2787352099601
20,8,1291.0586312037583,31.32,1259.7386312037584
20,9,921.7905110778837,31.32,890.4705110778837
20,10,1687.1461321932682,31.32,1655.8261321932682
20,11,838.1347012782222,31.32,806.8147012782222
20,12,1975.5223663724037,29.03,1946.4923663724037
20,13,1457.2197408852644,29.03,1428.1897408852644
20,14,29.51473438526191,29.03,0.48473438526190904
20,15,1175.197598712495,29.03,1146.167598712495
20,16,159.96409596731525,28.2,131.76409596731526
20,17,159.96408748901,28.2,131.76408748901002
20,18,159.9640789454924,28.2,131.7640789454924
20,19,159.9640703202387,28.2,131.76407032023872
20,20,175.51406159497117,43.75,131.76406159497117
20,21,175.51406159598227,43.75,131.76406159598227
20,22,175.51406159701386,43.75,131.76406159701386
20,23,175.51406159808806,43.75,131.76406159808806
20,24,183.55406159926906,51.79,131.76406159926907
20,25,183.55406160021758,51.79,131.7640616002176
20,26,183.55406160127808,51.79,131.7640616012781
20,27,183.5540616022732,51.79,131.76406160227322
20,28,184.1640616034052,52.4,131.7640616034052
20,29,184.16406160501106,52.4,131.76406160501105
20,30,184.164061606417,52.4,131.764061606417
20,31,184.16406160512133,52.4,131.76406160512133
20,32,181.18406160545368,49.42,131.76406160545366
20,33,181.18406160586034,49.42,131.76406160586032
20,34,181.73867075881026,49.42,132.31867075881024
20,35,181.18406160650477,49.42,131.76406160650475
20,36,181.14406160691598,49.38,131.764061606916
20,37,181.14406160678072,49.38,131.76406160678073
20,38,181.14406160706042,49.38,131.76406160706043
20,39,181.1440616071588,49.38,131.7640616071588
20,40,178.14406160742936,46.38,131.76406160742937
20,41,178.1440616078715,46.38,131.7640616078715
20,42,178.1440616081405,46.38,131.7640616081405
20,43,178.1440616085043,46.38,131.7640616085043
20,44,168.0440616085539,36.28,131.7640616085539
20,45,168.04406162368417,36.28,131.76406162368417
20,46,168.04406160954719,36.28,131.76406160954718
20,47,168.04406160904526,36.28,131.76406160904526
20,48,167.34406160861033,35.58,131.76406160861035
20,49,167.34406160874914,35.58,131.76406160874916
20,50,167.3440616088193,35.58,131.7640616088193
20,51,167.34380265423994,35.58,131.76380265423995
20,52,166.98406160894967,35.22,131.76406160894967
20,53,166.98406160905577,35.22,131.76406160905577
20,54,166.98406160925788,35.22,131.76406160925788
20,55,166.9840616090125,35.22,131.76406160901251
20,56,166.6840616090239,34.92,131.76406160902388
20,57,166.68406160929072,34.92,131.7640616092907
20,58,171.69904169282051,34.92,136.7790416928205
20,59,175.4543857532684,34.92,140.5343857532684
20,60,5541.342234025873,34.76,5506.582234025873
20,61,4697.9990369242405,34.76,4663.23903692424
20,62,1261.6439591038102,34.76,1226.8839591038102
20,63,8434.111974022959,34.76,8399.351974022959
20,64,178.84215022334317,40.47,138.37215022334317
20,65,177.79125216710358,40.47,137.32125216710358
20,66,198.43831090891058,40.47,157.96831090891058
20,67,177.6454932017344,40.47,137.1754932017344
20,68,191.18323987816026,48.01,143.17323987816027
20,69,187.4651509995237,48.01,139.4551509995237
20,70,183.29282836045394,48.01,135.28282836045395
20,71,217.80360341106618,48.01,169.7936034110662
20,72,186.16548846426815,51.61,134.55548846426814
20,73,203.10511895438322,51.61,151.4951189543832
20,74,212.45799593854395,51.61,160.84799593854393
20,75,186.34355424238402,51.61,134.733554242384
20,76,180.57682619841987,47.16,133.41682619841987
20,77,180.40932668333022,47.16,133.24932668333022
20,78,2898.323901455195,47.16,2851.163901455195
20,79,182.38576544167606,47.16,135.22576544167606
20,80,168.89406160858508,37.13,131.76406160858508
20,81,168.8940616084268,37.13,131.7640616084268
20,82,168.89406160821093,37.13,131.76406160821094
20,83,168.89406160792004,37.13,131.76406160792004
20,84,166.4540616077025,34.69,131.7640616077025
20,85,166.9658459173267,34.69,132.2758459173267
20,86,166.4540616069757,34.69,131.7640616069757
20,87,166.4540616065764,34.69,131.7640616065764
20,88,163.56406160615512,31.8,131.7640616061551
20,89,163.5640616055376,31.8,131.7640616055376
20,90,163.5640616048147,31.8,131.76406160481469
20,91,163.56406160407738,31.8,131.76406160407737
20,92,1766.9747733593583,26.21,1740.7647733593583
20,93,2642.2081103192563,26.21,2615.9981103192563
20,94,7959.363263080439,26.21,7933.153263080439
20,95,4531.7057158043335,26.21,4505.4957158043335
22,0,5201.987624575409,31.0,5170.987624575409
22,1,2818.616157267176,31.0,2787.616157267176
22,2,2706.781749577491,31.0,2675.781749577491
22,3,2821.3808345993803,31.0,2790.3808345993803
22,4,31.387836243281686,30.94,0.44783624328168514
22,5,2746.389221780406,30.94,2715.449221780406
22,6,1818.313400576692,30.94,1787.373400576692
22,7,1689.050689289709,30.94,1658.110689289709
22,8,1534.2169641483003,31.32,1502.8969641483004
22,9,1081.114517712418,31.32,1049.7945177124182
22,10,2020.2276784398073,31.32,1988.9076784398073
22,11,978.474853315053,31.32,947.154853315053
22,12,2374.550629233303,29.03,2345.5206292333028
22,13,1738.4941291275095,29.03,1709.4641291275095
22,14,29.478155217774905,29.03,0.44815521777490375
22,15,1392.4947625167274,29.03,1363.4647625167274
22,16,147.00408927977415,28.2,118.80408927977415
22,17,147.00408096188093,28.2,118.80408096188093
22,18,147.00407259999574,28.2,118.80407259999573
22,19,147.00406417948778,28.2,118.80406417948778
22,20,162.55405568442615,43.75,118.80405568442615
22,21,162.55405568500757,43.75,118.80405568500757
22,22,162.5540556856198,43.75,118.8040556856198
22,23,162.55405568626736,43.75,118.80405568626736
22,24,170.5940556870295,51.79,118.80405568702952
22,25,170.59405568755483,51.79,118.80405568755484
22,26,170.59405568820583,51.79,118.80405568820584
22,27,170.59405568880302,51.79,118.80405568880303
22,28,171.2040556895619,52.4,118.80405568956189
22,29,171.20405569099395,52.4,118.80405569099395
22,30,171.20405569274558,52.4,118.80405569274558
22,31,171.20405569068333,52.4,118.80405569068333
22,32,168.22405569092112,49.42,118.80405569092112
22,33,168.2240556912484,49.42,118.8040556912484
22,34,168.77995800055317,49.42,119.35995800055316
22,35,168.22405569174433,49.42,118.80405569174432
22,36,168.18405569210825,49.38,118.80405569210825
22,37,168.18405569185563,49.38,118.80405569185564
22,38,168.1840556920841,49.38,118.80405569208409
22,39,168.18405569210262,49.38,118.80405569210262
22,40,165.1840556923134,46.38,118.8040556923134
22,41,165.18405569274,46.38,118.80405569274001
22,42,165.18405569296334,46.38,118.80405569296335
22,43,165.18405569331557,46.38,118.80405569331558
22,44,155.0840556928517,36.28,118.8040556928517
22,45,155.08405569316568,36.28,118.80405569316568
22,46,155.08405569306575,36.28,118.80405569306575
22,47,155.0840556931529,36.28,118.80405569315289
22,48,154.38405569332122,35.58,118.80405569332122
22,49,154.38405569349004,35.58,118.80405569349004
22,50,154.38405569358068,35.58,118.80405569358068
22,51,154.3838071507666,35.58,118.80380715076659
22,52,154.0240556937488,35.22,118.80405569374881
22,53,154.02405569388088,35.22,118.80405569388088
22,54,154.02405569411866,35.22,118.80405569411866
22,55,154.0240556938537,35.22,118.80405569385371
22,56,153.72405569387575,34.92,118.80405569387575
22,57,153.7240556941822,34.92,118.8040556941822
22,58,158.74529111981465,34.92,123.82529111981465
22,59,162.52039997079277,34.92,127.60039997079276
22,60,6736.005125086322,34.76,6701.245125086321
22,61,5705.7714617488355,34.76,5671.011461748835
22,62,1495.9940949528886,34.76,1461.2340949528887
22,63,7803.059557795388,34.76,7768.299557795388
22,64,165.90781353081462,40.47,125.43781353081462
22,65,164.84659354358575,40.47,124.37659354358576
22,66,185.54035740642738,40.47,145.07035740642738
22,67,164.69990589079754,40.47,124.22990589079754
22,68,178.2589717885191,48.01,130.2489717885191
22,69,174.53393985566748,48.01,126.52393985566749
22,70,170.34473512573865,48.01,122.33473512573866
22,71,204.95198594850208,48.01,156.9419859485021
22,72,173.21334363397682,51.61,121.60334363397682
22,73,190.21728027358392,51.61,138.6072802735839
22,74,199.62975142838155,51.61,148.01975142838154
22,75,173.39542261819793,51.61,121.78542261819793
22,76,167.6257681987135,47.16,120.4657681987135
22,77,167.45541258065583,47.16,120.29541258065584
22,78,3497.2914107786137,47.16,3450.131410778614
22,79,169.44337464679842,47.16,122.28337464679842
22,80,155.9340556935135,37.13,118.8040556935135
22,81,155.9340556933185,37.13,118.8040556933185
22,82,155.93405569305182,37.13,118.80405569305182
22,83,155.934055692679,37.13,118.80405569267901
22,84,153.49405569237092,34.69,118.80405569237092
22,85,154.00765132128123,34.69,119.31765132128123
22,86,153.49405569132435,34.69,118.80405569132435
22,87,153.4940556906547,34.69,118.8040556906547
22,88,150.6040556898133,31.8,118.8040556898133
22,89,150.6040556884669,31.8,118.8040556884669
22,90,150.60405568636565,31.8,118.80405568636566
22,91,150.6040556824585,31.8,118.8040556824585
22,92,2000.2205383544024,26.21,1974.0105383544023
22,93,3073.4605183636068,26.21,3047.2505183636067
22,94,9591.588237125185,26.21,9565.378237125185
22,95,5390.484734755036,26.21,5364.274734755036
23,0,6056.876558352635,31.0,6025.876558352635
23,1,3229.96806748931,31.0,3198.96806748931
23,2,3097.5366995315526,31.0,3066.5366995315526
23,3,3233.300619724979,31.0,3202.300619724979
23,4,31.383289995339847,30.94,0.44328999533984614
23,5,3144.3468114677194,30.94,3113.4068114677193
23,6,2044.476816915157,30.94,2013.536816915157
23,7,1891.2614874487517,30.94,1860.3214874487517
23,8,1707.7521175371437,31.32,1676.4321175371438
23,9,1170.7950172167807,31.32,1139.4750172167808
23,10,2283.752828064418,31.32,2252.4328280644177
23,11,1049.126982846381,31.32,1017.806982846381
23,12,2704.0835845290144,29.03,2675.053584529014
23,13,1950.148099466991,29.03,1921.118099466991
23,14,29.473890208437204,29.03,0.44389020843720317
23,15,1540.134241559549,29.03,1511.104241559549
23,16,64.31838059028783,28.2,36.11838059028783
23,17,64.31837318978924,28.2,36.11837318978924
23,18,64.31836584673245,28.2,36.118365846732445
23,19,64.3183585517243,28.2,36.1183585517243
23,20,79.86835129526673,43.75,36.118351295266734
23,21,79.86835126501555,43.75,36.11835126501555
23,22,79.86835126527328,43.75,36.118351265273276
23,23,79.86835126559129,43.75,36.118351265591286
23,24,87.90835126600989,51.79,36.11835126600989
23,25,87.90835126621272,51.79,36.11835126621272
23,26,87.90835126677555,51.79,36.118351266775555
23,27,87.90835126711328,51.79,36.118351267113276
23,28,88.51835126727875,52.4,36.11835126727875
23,29,88.5183512675649,52.4,36.1183512675649
23,30,88.51835126776854,52.4,36.11835126776854
23,31,88.5183512680156,52.4,36.11835126801561
23,32,85.53835126829375,49.42,36.11835126829375
23,33,85.53835126854901,49.42,36.118351268549006
23,34,86.0955365104897,49.42,36.67553651048969
23,35,85.53835126900822,49.42,36.118351269008215
23,36,85.49835126915963,49.38,36.118351269159625
23,37,85.49835126935318,49.38,36.11835126935318
23,38,85.49835126965456,49.38,36.11835126965456
23,39,85.49835127044926,49.38,36.11835127044926
23,40,82.49835127008237,46.38,36.118351270082364
23,41,82.49835127032644,46.38,36.118351270326436
23,42,82.49835127041635,46.38,36.11835127041635
23,43,82.498351270631,46.38,36.118351270631
23,44,72.39835127059993,36.28,36.11835127059993
23,45,72.3983512708173,36.28,36.1183512708173
23,46,72.39835127094568,36.28,36.11835127094568
23,47,72.3983512709847,36.28,36.118351270984704
23,48,71.69835127100464,35.58,36.11835127100464
23,49,71.69835127120848,35.58,36.11835127120848
23,50,71.69835127133095,35.58,36.11835127133095
23,51,71.69835127155616,35.58,36.118351271556165
23,52,71.33835127153091,35.22,36.11835127153091
23,53,71.33835127159173,35.22,36.118351271591735
23,54,71.33835127206297,35.22,36.11835127206297
23,55,71.3383512721555,35.22,36.11835127215551
23,56,71.03835127234255,34.92,36.11835127234255
23,57,71.03835127241635,34.92,36.11835127241635
23,58,76.06568838132759,34.92,41.14568838132759
23,59,79.85906500699403,34.92,44.93906500699403
23,60,7863.24579933648,34.76,7828.485799336479
23,61,6645.943925617727,34.76,6611.183925617726
23,62,1660.9365828568655,34.76,1626.1765828568655
23,63,9900.270782266538,34.76,9865.510782266538
23,64,83.24726566117872,40.47,42.77726566117872
23,65,82.17612619504831,40.47,41.70612619504831
23,66,102.91583049546037,40.47,62.44583049546037
23,67,82.0284463143678,40.47,41.5584463143678
23,68,95.60831189524572,48.01,47.59831189524572
23,69,91.87621320240216,48.01,43.86621320240216
23,70,87.67079030938956,48.01,39.66079030938956
23,71,122.37318912528048,48.01,74.36318912528048
23,72,90.53542414117057,51.61,38.925424141170566
23,73,107.60209211210724,51.61,55.992092112107244
23,74,117.07235395911376,51.61,65.46235395911376
23,75,90.7214076819325,51.61,39.111407681932505
23,76,84.94867527788671,47.16,37.78867527788671
23,77,84.77875674422617,47.16,37.618756744226175
23,78,263.58268294841514,47.16,216.42268294841514
23,79,86.77484560653491,47.16,39.614845606534914
23,80,73.2483512730456,37.13,36.1183512730456
23,81,73.24835127311889,37.13,36.11835127311888
23,82,73.24835127287773,37.13,36.118351272877725
23,83,73.24835127289691,37.13,36.11835127289691
23,84,70.80835127248336,34.69,36.118351272483366
23,85,71.32374351983735,34.69,36.63374351983735
23,86,70.8083512718716,34.69,36.1183512718716
23,87,70.80835127189052,34.69,36.11835127189052
23,88,67.91835127155746,31.8,36.11835127155746
23,89,67.91835127109302,31.8,36.11835127109302
23,90,67.91835127129738,31.8,36.118351271297385
23,91,67.9183512705079,31.8,36.1183512705079
23,92,2401.93972643913,26.21,2375.72972643913
23,93,3674.9194693556424,26.21,3648.7094693556423
23,94,11397.060635186603,26.21,11370.850635186604
23,95,6382.986948570019,26.21,6356.776948570019
24,0,6200.213536482821,31.0,6169.213536482821
24,1,3372.5448796368837,31.0,3341.5448796368837
24,2,3240.1822252949323,31.0,3209.1822252949323
24,3,3375.835510021961,31.0,3344.835510021961
24,4,31.38850567941861,30.94,0.4485056794186093
24,5,3286.815928441735,30.94,3255.875928441735
24,6,2186.8674906610454,30.94,2155.9274906610453
24,7,2033.766637437963,30.94,2002.826637437963
24,8,1850.162747004447,31.32,1818.8427470044471
24,9,1313.1631635562364,31.32,1281.8431635562365
24,10,2426.2394692218204,31.32,2394.9194692218202
24,11,1292.062929593364,31.32,1260.7429295933641
24,12,2846.6186616409204,29.03,2817.5886616409202
24,13,2092.6097351622143,29.03,2063.579735162214
24,14,29.479000875245355,29.03,0.44900087524535337
24,15,1682.5742667373336,29.03,1653.5442667373336
24,16,206.6330895722676,28.2,178.43308957226762
24,17,206.63308159098304,28.2,178.43308159098305
24,18,206.63307360243664,28.2,178.43307360243665
24,19,206.63306559544682,28.2,178.43306559544683
24,20,222.18305755844708,43.75,178.43305755844708
24,21,222.1830575590035,43.75,178.4330575590035
24,22,222.1830575596004,43.75,178.4330575596004
24,23,222.1830494071045,43.75,178.4330494071045
24,24,230.2230412076747,51.79,178.4330412076747
24,25,230.22279082218137,51.79,178.43279082218137
24,26,230.22279017837795,51.79,178.43279017837796
24,27,230.22279072460765,51.79,178.43279072460766
24,28,230.83278702655835,52.4,178.43278702655834
24,29,52.851701487040344,52.4,0.45170148704034574
24,30,230.8330412089622,52.4,178.43304120896218
24,31,230.832786577007,52.4,178.432786577007
24,32,227.85279288727025,49.42,178.43279288727024
24,33,227.85279907064142,49.42,178.4327990706414
24,34,228.40952790087323,49.42,178.9895279008732
24,35,227.85278502372682,49.42,178.4327850237268
24,36,227.81278648747747,49.38,178.43278648747747
24,37,227.81277710688207,49.38,178.43277710688207
24,38,227.8127836531528,49.38,178.4327836531528
24,39,227.81277400974352,49.38,178.43277400974353
24,40,224.81277326316092,46.38,178.43277326316093
24,41,224.81278723749088,46.38,178.43278723749088
24,42,224.81277398771894,46.38,178.43277398771895
24,43,224.81277634245197,46.38,178.43277634245197
24,44,214.71277311498193,36.28,178.43277311498193
24,45,214.712780997104,36.28,178.432780997104
24,46,214.71277304989906,36.28,178.43277304989905
24,47,214.7127739430416,36.28,178.4327739430416
24,48,214.0130510088972,35.58,178.43305100889722
24,49,214.0130510080075,35.58,178.4330510080075
24,50,214.01305100740967,35.58,178.4330510074097
24,51,36.02693234889834,35.58,0.44693234889834343
24,52,35.64799019742379,35.22,0.42799019742378874
24,53,213.6530510070049,35.22,178.4330510070049
24,54,35.67208419224494,35.22,0.45208419224493923
24,55,213.65305100624275,35.22,178.43305100624275
24,56,213.3530510061634,34.92,178.4330510061634
24,57,213.3530510066048,34.92,178.43305100660479
24,58,41.38527930681913,34.92,6.465279306819127
24,59,222.18707894860472,34.92,187.2670789486047
24,60,9205.611801676407,34.76,9170.851801676406
24,61,7675.784539767646,34.76,7641.024539767645
24,62,2049.2508907362794,34.76,2014.4908907362794
24,63,12225.212090059718,34.76,12190.452090059718
24,64,225.56864217901395,40.47,185.09864217901395
24,65,224.4927726754731,40.47,184.0227726754731
24,66,245.24162867766034,40.47,204.77162867766035
24,67,224.3453790382774,40.47,183.8753790382774
24,68,237.93088064056568,48.01,189.92088064056568
24,69,234.19996963203093,48.01,186.18996963203094
24,70,229.9873472651283,48.01,181.97734726512832
24,71,264.70389482474457,48.01,216.69389482474458
24,72,232.85112328080544,51.61,181.24112328080543
24,73,249.93491003942142,51.61,198.3249100394214
24,74,259.4241792439276,51.61,207.81417924392758
24,75,233.03842988397633,51.61,181.42842988397632
24,76,227.26717432497563,47.16,180.10717432497563
24,77,227.09143893303693,47.16,179.93143893303693
24,78,4177.021916986137,47.16,4129.861916986137
24,79,229.09479324835607,47.16,181.93479324835607
24,80,215.5630510039143,37.13,178.4330510039143
24,81,215.56305100272445,37.13,178.43305100272445
24,82,215.56305100162035,37.13,178.43305100162036
24,83,215.56305099962327,37.13,178.43305099962328
24,84,35.03098903701161,34.69,0.3409890370116102
24,85,35.44375123931605,34.69,0.7537512393160526
24,86,34.85245054571632,34.69,0.16245054571632522
24,87,34.79610172404315,34.69,0.10610172404314966
24,88,31.483264194027644,31.8,-0.31673580597235684
24,89,31.857899357021363,31.8,0.05789935702136262
24,90,31.857899354873346,31.8,0.05789935487334574
24,91,31.857899352468205,31.8,0.05789935246820477
24,92,2366.9703103251645,26.21,2340.7603103251645
24,93,3640.4915785417256,26.21,3614.2815785417256
24,94,11371.172971177382,26.21,11344.962971177383
24,95,6386.192507063545,26.21,6359.982507063545
25,0,7137.753331134622,31.0,7106.753331134622
25,1,3869.848475979446,31.0,3838.848475979446
25,2,3716.5722825760427,31.0,3685.5722825760427
25,3,3873.7729021731866,31.0,3842.7729021731866
25,4,31.3883182783666,30.94,0.44831827836659954
25,5,3771.100863834593,30.94,3740.160863834593
25,6,2499.6925041521963,30.94,2468.7525041521963
25,7,2322.4167918396856,30.94,2291.4767918396856
25,8,2110.279941575915,31.32,2078.959941575915
25,9,1489.6620674109702,31.32,1458.3420674109702
25,10,2776.0405230879874,31.32,2744.720523087987
25,11,1248.4477760955647,31.32,1217.1277760955647
25,12,3262.316034231992,29.03,3233.286034231992
25,13,2390.9813526747466,29.03,2361.9513526747464
25,14,29.478847341708537,29.03,0.4488473417085359
25,15,1916.9222819729086,29.03,1887.8922819729087
25,16,211.06600610644318,28.2,182.8660061064432
25,17,211.06599829770545,28.2,182.86599829770546
25,18,211.06599049921152,28.2,182.86599049921153
25,19,211.06598269999526,28.2,182.86598269999527
25,20,226.61597488870265,43.75,182.86597488870265
25,21,226.6159748871359,43.75,182.8659748871359
25,22,226.6159670311571,43.75,182.8659670311571
25,23,226.615959141998,43.75,182.865959141998
25,24,234.65595120709858,51.79,182.8659512070986
25,25,234.65595120754787,51.79,182.86595120754788
25,26,234.65595121067943,51.79,182.86595121067944
25,27,234.6559512089523,51.79,182.8659512089523
25,28,235.26595120888007,52.4,182.86595120888006
25,29,235.26595120918685,52.4,182.86595120918685
25,30,235.2659512098078,52.4,182.8659512098078
25,31,235.2656963646231,52.4,182.8656963646231
25,32,232.28595120952292,49.42,182.8659512095229
25,33,232.2859512097225,49.42,182.86595120972248
25,34,232.84482577053558,49.42,183.42482577053556
25,35,232.28595121130832,49.42,182.8659512113083
25,36,232.2459512100758,49.38,182.8659512100758
25,37,232.24568669426634,49.38,182.86568669426634
25,38,232.24569350587257,49.38,182.86569350587257
25,39,232.24568391541402,49.38,182.86568391541402
25,40,229.2456832184201,46.38,182.86568321842012
25,41,229.24569700776954,46.38,182.86569700776954
25,42,229.24568390847665,46.38,182.86568390847665
25,43,229.24568592956552,46.38,182.86568592956553
25,44,219.14568310420808,36.28,182.86568310420807
25,45,219.14569078212395,36.28,182.86569078212395
25,46,219.14568304846807,36.28,182.86568304846807
25,47,219.1456838976613,36.28,182.8656838976613
25,48,218.44595120861874,35.58,182.86595120861875
25,49,218.44595120903273,35.58,182.86595120903274
25,50,218.4459512085656,35.58,182.8659512085656
25,51,218.4459512086413,35.58,182.86595120864132
25,52,218.0859512087847,35.22,182.8659512087847
25,53,218.08595120874762,35.22,182.86595120874762
25,54,218.08595120932995,35.22,182.86595120932995
25,55,218.08595120894205,35.22,182.86595120894205
25,56,217.78595120891805,34.92,182.86595120891803
25,57,217.7859512091954,34.92,182.86595120919537
25,58,41.3936096089451,34.92,6.473609608945097
25,59,226.6130700290443,34.92,191.6930700290443
25,60,8019.825087966345,34.76,7985.065087966344
25,61,6926.938914147329,34.76,6892.178914147329
25,62,1808.9726748352389,34.76,1774.2126748352389
25,63,14055.866822645092,34.76,14021.106822645092
25,64,230.01033187044678,40.47,189.54033187044678
25,65,228.93427891356885,40.47,188.46427891356885
25,66,249.7017032350185,40.47,209.2317032350185
25,67,228.78480126705188,40.47,188.31480126705188
25,68,242.37598343951072,48.01,194.36598343951073
25,69,238.63812923158517,48.01,190.62812923158518
25,70,234.42538350037964,48.01,186.41538350037965
25,71,269.19187192251724,48.01,221.18187192251725
25,72,237.2876993910849,51.61,185.6776993910849
25,73,254.38980530738695,51.61,202.77980530738694
25,74,263.88814140642853,51.61,212.27814140642852
25,75,237.47553272209046,51.61,185.86553272209045
25,76,231.6978132346906,47.16,184.53781323469062
25,77,231.52700560736133,47.16,184.36700560736134
25,78,4784.0125272899195,47.16,4736.85252728992
25,79,233.53121938112076,47.16,186.37121938112077
25,80,219.9959512089704,37.13,182.86595120897042
25,81,219.99595121085576,37.13,182.86595121085577
25,82,219.995711994739,37.13,182.865711994739
25,83,219.99595120493228,37.13,182.8659512049323
25,84,34.44594026572487,34.69,-0.24405973427512606
25,85,35.42064773173037,34.69,0.7306477317303717
25,86,34.904181657740914,34.69,0.2141816577409159
25,87,34.90418165476543,34.69,0.21418165476543294
25,88,31.926003149525712,31.8,0.12600314952571168
25,89,31.855725775757055,31.8,0.05572577575705395
25,90,31.855725779037364,31.8,0.05572577903736331
25,91,31.855725778220684,31.8,0.05572577822068325
25,92,2729.3149190831873,26.21,2703.1049190831873
25,93,4200.574407467789,26.21,4174.364407467789
25,94,13116.580369223175,26.21,13090.370369223176
25,95,7370.789533876929,26.21,7344.579533876929
28,0,52.64901683248388,31.0,21.64901683248388
28,1,42.95427639643292,31.0,11.954276396432917
28,2,42.50150289708911,31.0,11.501502897089111
28,3,42.96455865934709,31.0,11.964558659347091
28,4,31.382770277966177,30.94,0.44277027796617574
28,5,42.592783065769694,30.94,11.652783065769693
28,6,38.77025049615915,30.94,7.830250496159149
28,7,38.22858496532823,30.94,7.28858496532823
28,8,37.95555478789526,31.32,6.635554787895259
28,9,36.01012287024633,31.32,4.690122870246327
28,10,39.99357647880009,31.32,8.673576478800086
28,11,35.560346938766315,31.32,4.240346938766315
28,12,39.16949212051735,29.03,10.139492120517346
28,13,36.52479748457205,29.03,7.494797484572047
28,14,29.46743027679586,29.03,0.4374302767958582
28,15,35.063066374983066,29.03,6.033066374983065
28,16,29.22803374617994,28.2,1.0280337461799398
28,17,29.228404803990863,28.2,1.0284048039908633
28,18,29.2288802968238,28.2,1.0288802968238002
28,19,29.22950120710738,28.2,1.02950120710738
28,20,44.78033137818733,43.75,1.0303313781873271
28,21,44.781474959831264,43.75,1.0314749598312645
28,22,44.78311118589794,43.75,1.033111185897937
28,23,44.78556302204627,43.75,1.0355630220462686
28,24,52.830759981120856,51.79,1.040759981120857
28,25,52.83076217207831,51.79,1.0407621720783098
28,26,52.83076329418101,51.79,1.040763294181012
28,27,52.83076364855601,51.79,1.040763648556009
28,28,53.440763780176454,52.4,1.040763780176455
28,29,53.44076380364715,52.4,1.0407638036471525
28,30,53.44076380826932,52.4,1.0407638082693182
28,31,53.44076380775553,52.4,1.040763807755532
28,32,50.460763809402344,49.42,1.0407638094023426
28,33,50.46265921939071,49.42,1.042659219390707
28,34,50.98809120336021,49.42,1.5680912033602112
28,35,50.46264722560128,49.42,1.0426472256012786
28,36,50.42264263152416,49.38,1.04264263152416
28,37,50.42263821378279,49.38,1.0426382137827872
28,38,50.42263415156716,49.38,1.0426341515671567
28,39,50.422630220339016,49.38,1.0426302203390136
28,40,47.422628378031376,46.38,1.0426283780313739
28,41,47.422626230052515,46.38,1.0426262300525124
28,42,47.42262611393473,46.38,1.0426261139347304
28,43,47.422643265636125,46.38,1.0426432656361229
28,44,37.322644670302374,36.28,1.0426446703023728
28,45,37.322648147747906,36.28,1.0426481477479044
28,46,37.322650588414774,36.28,1.042650588414773
28,47,37.3226448470831,36.28,1.0426448470830962
28,48,36.620763811647045,35.58,1.0407638116470466
28,49,36.62076381125502,35.58,1.0407638112550188
28,50,36.62076381235538,35.58,1.0407638123553795
28,51,36.620763810754596,35.58,1.0407638107545978
28,52,36.2607638098979,35.22,1.0407638098979035
28,53,36.26076380862929,35.22,1.0407638086292934
28,54,36.26076380862177,35.22,1.0407638086217688
28,55,36.26076380654483,35.22,1.040763806544831
28,56,35.960763806506996,34.92,1.0407638065069946
28,57,35.96076380715088,34.92,1.0407638071508813
28,58,40.71794708348924,34.92,5.797947083489241
28,59,44.30617969699542,34.92,9.38617969699542
28,60,62.813656897049746,34.76,28.05365689704975
28,61,58.96812711398419,34.76,24.20812711398419
28,62,41.676532534441954,34.76,6.916532534441956
28,63,84.80105990457034,34.76,50.04105990457034
28,64,47.76852678417053,40.47,7.298526784170534
28,65,46.854644089636416,40.47,6.384644089636417
28,66,66.68061869905463,40.47,26.210618699054635
28,67,46.74222201324111,40.47,6.272222013241112
28,68,59.98688513708082,48.01,11.97688513708082
28,69,56.39320138150157,48.01,8.383201381501571
28,70,52.43765517460239,48.01,4.427655174602393
28,71,85.23351026923092,48.01,37.22351026923092
28,72,55.358648423321476,51.61,3.7486484233214767
28,73,71.43050840530967,51.61,19.820508405309667
28,74,79.98990615146514,51.61,28.379906151465136
28,75,55.49843759125166,51.61,3.888437591251659
28,76,49.75963741929425,47.16,2.599637419294254
28,77,49.62318772630438,47.16,2.4631877263043833
28,78,72.66905635030074,47.16,25.50905635030074
28,79,51.468532693450925,47.16,4.308532693450928
28,80,38.17076379409226,37.13,1.040763794092257
28,81,38.17076379031315,37.13,1.0407637903131501
28,82,38.17076378606601,37.13,1.0407637860660088
28,83,38.17076377824773,37.13,1.0407637782477295
28,84,34.82171079482984,34.69,0.13171079482984283
28,85,35.292473193920934,34.69,0.602473193920936
28,86,34.77022067992772,34.69,0.08022067992772008
28,87,34.75171908504078,34.69,0.06171908504078516
28,88,31.84667245480838,31.8,0.04667245480838034
28,89,31.833562004765735,31.8,0.03356200476573434
28,90,31.82167120956686,31.8,0.02167120956685764
28,91,31.81061814241899,31.8,0.01061814241898773
28,92,35.28909832371683,26.21,9.079098323716828
28,93,39.66390594189518,26.21,13.45390594189518
28,94,70.83840271479946,26.21,44.628402714799456
28,95,50.20082314804968,26.21,23.990823148049678
31,0,52.7601624380686,31.0,21.760162438068598
31,1,43.05189342054176,31.0,12.05189342054176
31,2,42.600642550024176,31.0,11.600642550024176
31,3,43.062312450549044,31.0,12.062312450549044
31,4,31.34994624390418,30.94,0.4099462439041801
31,5,42.68592439071844,30.94,11.74592439071844
31,6,38.84550689536112,30.94,7.905506895361118
31,7,38.298579433063644,30.94,7.3585794330636425
31,8,38.01960827426568,31.32,6.699608274265678
31,9,36.04312217670918,31.32,4.723122176709182
31,10,40.078389887971596,31.32,8.758389887971596
31,11,35.58160595460523,31.32,4.26160595460523
31,12,39.260066042821485,29.03,10.230066042821484
31,13,36.59196838226728,29.03,7.561968382267281
31,14,29.43282241655909,29.03,0.4028224165590899
31,15,35.114492090073114,29.03,6.0844920900731125
31,16,29.302610404728412,28.2,1.1026104047284129
31,17,29.303022405076153,28.2,1.1030224050761532
31,18,29.30357652349131,28.2,1.1035765234913093
31,19,29.30435271471043,28.2,1.10435271471043
31,20,44.855518420347266,43.75,1.1055184203472663
31,21,44.855557303828895,43.75,1.1055573038288955
31,22,44.855558876356405,43.75,1.1055588763564046
31,23,44.85555906667393,43.75,1.1055590666739334
31,24,52.89555915494436,51.79,1.105559154944359
31,25,52.89555919916204,51.79,1.1055591991620375
31,26,52.895559232941196,51.79,1.1055592329411965
31,27,52.89555924121778,51.79,1.105559241217783
31,28,53.50555924523823,52.4,1.1055592452382328
31,29,53.505559248326755,52.4,1.105559248326756
31,30,53.505559251207856,52.4,1.1055592512078576
31,31,53.505559253739165,52.4,1.105559253739166
31,32,50.525559255966016,49.42,1.1055592559660141
31,33,50.5255592579848,49.42,1.105559257984801
31,34,51.049301520326786,49.42,1.6293015203267842
31,35,50.52555926192775,49.42,1.1055592619277448
31,36,50.48555926345253,49.38,1.1055592634525269
31,37,50.485559265198,49.38,1.1055592651979964
31,38,50.485559266822634,49.38,1.105559266822631
31,39,50.485559269629725,49.38,1.1055592696297225
31,40,47.48555926972431,46.38,1.10555926972431
31,41,47.48715339301315,46.38,1.1071533930131494
31,42,47.48715191404527,46.38,1.107151914045268
31,43,47.48716266826465,46.38,1.1071626682646496
31,44,37.38716184212176,36.28,1.1071618421217622
31,45,37.38716133667008,36.28,1.1071613366700817
31,46,37.38715974875042,36.28,1.1071597487504192
31,47,37.38715118502629,36.28,1.1071511850262894
31,48,36.68555927174379,35.58,1.1055592717437932
31,49,36.685559271797985,35.58,1.1055592717979863
31,50,36.68555927190323,35.58,1.1055592719032319
31,51,36.685559272019674,35.58,1.1055592720196756
31,52,36.325559271958156,35.22,1.1055592719581568
31,53,36.32555927187526,35.22,1.1055592718752578
31,54,36.32555927214897,35.22,1.105559272148973
31,55,36.32555927234341,35.22,1.1055592723434131
31,56,36.02555927260001,34.92,1.1055592726000114
31,57,36.02555927246545,34.92,1.1055592724654488
31,58,40.88683255657946,34.92,5.966832556579462
31,59,44.37085214515786,34.92,9.45085214515786
31,60,62.913176885567175,34.76,28.153176885567177
31,61,59.07904055898328,34.76,24.319040558983282
31,62,41.74982170163322,34.76,6.989821701633225
31,63,85.01655137273323,34.76,50.256551372733234
31,64,47.848502190591354,40.47,7.378502190591355
31,65,46.93428480573024,40.47,6.464284805730244
31,66,66.80295175468743,40.47,26.33295175468743
31,67,46.82449108626864,40.47,6.354491086268638
31,68,60.089558809713566,48.01,12.079558809713568
31,69,56.48258442128371,48.01,8.472584421283713
31,70,52.51813291261101,48.01,4.508132912611011
31,71,85.40070756898828,48.01,37.39070756898828
31,72,55.43519659175608,51.61,3.8251965917560824
31,73,71.56012752409868,51.61,19.950127524098676
31,74,80.17013150193432,51.61,28.560131501934322
31,75,55.57895897867342,51.61,3.9689589786734203
31,76,49.83278878942942,47.16,2.6727887894294255
31,77,49.69995666820863,47.16,2.5399566682086316
31,78,73.19333914356511,47.16,26.033339143565115
31,79,51.55095868853467,47.16,4.390958688534674
31,80,38.23555927117169,37.13,1.1055592711716855
31,81,38.23555927098837,37.13,1.1055592709883655
31,82,38.23555927028307,37.13,1.1055592702830666
31,83,38.23555926991962,37.13,1.1055592699196168
31,84,35.79555926824389,34.69,1.1055592682438942
31,85,36.29454827949552,34.69,1.6045482794955248
31,86,35.795559266048585,34.69,1.1055592660485871
31,87,35.79555926518181,34.69,1.1055592651818102
31,88,32.90555926227071,31.8,1.105559262270706
31,89,32.905559260828895,31.8,1.105559260828894
31,90,32.90555925958815,31.8,1.1055592595881514
31,91,32.905559253464254,31.8,1.1055592534642535
31,92,36.42660171387424,26.21,10.21660171387424
31,93,40.808135210335706,26.21,14.598135210335705
31,94,72.18129122878344,26.21,45.971291228783436
31,95,51.40106526702242,26.21,25.191065267022417
32,0,52.64609252439806,31.0,21.646092524398057
32,1,42.93676108924162,31.0,11.936761089241621
32,2,42.486650638421914,31.0,11.486650638421914
32,3,42.94737605278284,31.0,11.947376052782843
32,4,31.34763989051058,30.94,0.40763989051058047
32,5,42.56976181892858,30.94,11.629761818928582
32,6,38.739847963850934,30.94,7.799847963850933
32,7,38.19804072100828,30.94,7.258040721008282
32,8,37.92628390866016,31.32,6.60628390866016
32,9,35.97358825957303,31.32,4.653588259573027
32,10,39.967708090945905,31.32,8.647708090945905
32,11,35.52542468840761,31.32,4.205424688407611
32,12,39.144785058987864,29.03,10.114785058987863
32,13,36.48882046901869,29.03,7.45882046901869
32,14,29.433649822449027,29.03,0.4036498224490259
32,15,35.027018930113464,29.03,5.997018930113462
32,16,29.181545506802998,28.2,0.9815455068029983
32,17,29.181875844811284,28.2,0.9818758448112845
32,18,29.18229090466434,28.2,0.9822909046643424
32,19,29.18282038069988,28.2,0.9828203806998808
32,20,44.73350884696091,43.75,0.983508846960909
32,21,44.73442637376222,43.75,0.9844263737622185
32,22,44.73569093802682,43.75,0.9856909380268206
32,23,44.737531772090655,43.75,0.9875317720906551
32,24,52.78082317651038,51.79,0.9908231765103821
32,25,52.78082397980308,51.79,0.990823979803082
32,26,52.78082430399362,51.79,0.9908243039936195
32,27,52.78082453223058,51.79,0.9908245322305831
32,28,53.39082454409589,52.4,0.9908245440958936
32,29,53.390824549712534,52.4,0.990824549712535
32,30,53.39082455414099,52.4,0.9908245541409926
32,31,53.39082455763759,52.4,0.9908245576375947
32,32,50.41082456048745,49.42,0.9908245604874466
32,33,50.41285876644899,49.42,0.9928587664489896
32,34,50.93715466545586,49.42,1.5171546654558554
32,35,50.412849180321366,49.42,0.9928491803213646
32,36,50.372844991343136,49.38,0.9928449913431336
32,37,50.37284133687121,49.38,0.9928413368712086
32,38,50.37283853888164,49.38,0.9928385388816352
32,39,50.37283566869009,49.38,0.9928356686900841
32,40,47.3728337641858,46.38,0.9928337641857965
32,41,47.37283410144775,46.38,0.9928341014477482
32,42,47.372834356615904,46.38,0.9928343566159015
32,43,47.372851386078544,46.38,0.9928513860785415
32,44,37.272853858919675,36.28,0.9928538589196734
32,45,37.27285902593369,36.28,0.99285902593369
32,46,37.272862967385656,36.28,0.9928629673856548
32,47,37.272861708707694,36.28,0.992861708707693
32,48,36.570824564472744,35.58,0.9908245644727458
32,49,36.5708245633742,35.58,0.9908245633742041
32,50,36.570824557365675,35.58,0.9908245573656771
32,51,36.57082455851569,35.58,0.9908245585156905
32,52,36.21082455825243,35.22,0.9908245582524344
32,53,36.21082455807817,35.22,0.9908245580781738
32,54,36.21082455987247,35.22,0.9908245598724719
32,55,36.210824560692615,35.22,0.9908245606926158
32,56,35.9108245613806,34.92,0.9908245613805988
32,57,35.91082456189033,34.92,0.990824561890328
32,58,40.77201678988745,34.92,5.85201678988745
32,59,44.257923778212394,34.92,9.337923778212392
32,60,62.810794593485845,34.76,28.050794593485847
32,61,58.97587374929368,34.76,24.215873749293685
32,62,41.63852936281587,34.76,6.8785293628158755
32,63,84.93421177544253,34.76,50.17421177544254
32,64,47.73785430450811,40.47,7.267854304508113
32,65,46.82353457061542,40.47,6.353534570615423
32,66,66.70485296117928,40.47,26.234852961179286
32,67,46.71451735300857,40.47,6.244517353008568
32,68,59.98448418158586,48.01,11.974484181585865
32,69,56.374162301819354,48.01,8.364162301819356
32,70,52.40751659999587,48.01,4.397516599995875
32,71,85.31135329075308,48.01,37.30135329075308
32,72,55.323573455029674,51.61,3.7135734550296746
32,73,71.46195067889388,51.61,19.851950678893886
32,74,80.08396417499705,51.61,28.47396417499705
32,75,55.4682219713935,51.61,3.8582219713934975
32,76,49.72014941906883,47.16,2.5601494190688356
32,77,49.589105577862775,47.16,2.429105577862778
32,78,54.92725808639504,47.16,7.767258086395046
32,79,51.440376420358675,47.16,4.280376420358678
32,80,38.120824560991046,37.13,0.9908245609910438
32,81,38.120824560301465,37.13,0.990824560301462
32,82,38.120824558288675,37.13,0.9908245582886721
32,83,38.12082455536195,37.13,0.9908245553619466
32,84,34.8130451470049,34.69,0.12304514700490188
32,85,35.285381504128736,34.69,0.5953815041287385
32,86,34.75571439786621,34.69,0.06571439786620914
32,87,34.734242426581716,34.69,0.044242426581718064
32,88,31.82625321691454,31.8,0.02625321691454019
32,89,31.82625321597592,31.8,0.02625321597592034
32,90,31.826253215047767,31.8,0.026253215047766787
32,91,31.812781069478365,31.8,0.01278106947836477
32,92,35.3359217368556,26.21,9.125921736855602
32,93,39.71193718461217,26.21,13.501937184612167
32,94,71.12992107654512,26.21,44.919921076545116
32,95,50.317554265631316,26.21,24.107554265631315
33,0,51.667415051109224,31.0,20.667415051109224
33,1,41.959396710793,31.0,10.959396710793001
33,2,41.51009814365624,31.0,10.510098143656244
33,3,41.97002902874067,31.0,10.970029028740669
33,4,30.84692025290553,30.94,-0.09307974709447109
33,5,41.59218321577692,30.94,10.652183215776919
33,6,37.784689815256726,30.94,6.844689815256725
33,7,37.255197007659994,30.94,6.315197007659993
33,8,37.003916234389486,31.32,5.683916234389486
33,9,35.14201896506604,31.32,3.822018965066043
33,10,39.000991575664465,31.32,7.680991575664464
33,11,34.722354370792615,31.32,3.402354370792615
33,12,38.169674207371585,29.03,9.139674207371584
33,13,35.54092507086766,29.03,6.510925070867657
33,14,28.936269800278303,29.03,-0.09373019972169772
33,15,34.12894281430139,29.03,5.098942814301388
33,16,28.200000551521782,28.2,5.515217829099583e-07
33,17,28.200000553007797,28.2,5.530077977766723e-07
33,18,28.200000554371243,28.2,5.543712440214676e-07
33,19,28.200000555792656,28.2,5.557926563426463e-07
33,20,43.75000055722988,43.75,5.572298817924093e-07
33,21,43.75000055869746,43.75,5.586974580751303e-07
33,22,43.75000056016242,43.75,5.601624195605837e-07
33,23,43.750000561422944,43.75,5.614229436901041e-07
33,24,51.790000562743984,51.79,5.627439847444293e-07
33,25,51.7900005639304,51.79,5.6393039926661e-07
33,26,51.79000056564819,51.79,5.656481931737289e-07
33,27,51.790000566793545,51.79,5.667935454312101e-07
33,28,52.40000056758145,52.4,5.675814520600397e-07
33,29,52.40000056835593,52.4,5.683559294311635e-07
33,30,52.400000569269295,52.4,5.692692965908464e-07
33,31,52.4000005701404,52.4,5.701404006686062e-07
33,32,49.420000570921644,49.42,5.709216424065744e-07
33,33,49.420000571654825,49.42,5.716548230338958e-07
33,34,49.94341363603406,49.42,0.5234136360340571
33,35,49.420000573340644,49.42,5.733406425179055e-07
33,36,49.380000573903075,49.38,5.739030726203964e-07
33,37,49.38000057470822,49.38,5.747082170159956e-07
33,38,49.38000057546901,49.38,5.754690093340287e-07
33,39,49.38000057737309,49.38,5.773730862301818e-07
33,40,46.38000057710303,46.38,5.771030302526015e-07
33,41,46.38000057738581,46.38,5.773858049451519e-07
33,42,46.38000057798726,46.38,5.779872580546908e-07
33,43,46.380000578627815,46.38,5.786278123309785e-07
33,44,36.2800005788994,36.28,5.788993959754407e-07
33,45,36.280000579240394,36.28,5.792403925397593e-07
33,46,36.280000579982065,36.28,5.799820641527731e-07
33,47,36.280000579974,36.28,5.799739994927222e-07
33,48,35.58000058016095,35.58,5.801609503919281e-07
33,49,35.58000058054371,35.58,5.805437126582547e-07
33,50,35.58000058096404,35.58,5.809640413190209e-07
33,51,35.58000058139373,35.58,5.813937349330445e-07
33,52,35.22000058165062,35.22,5.816506245537312e-07
33,53,35.22000058188421,35.22,5.81884208372685e-07
33,54,35.22000058244402,35.22,5.824440236779083e-07
33,55,35.220000582923106,35.22,5.829231071174945e-07
33,56,34.92000058344983,34.92,5.834498253420861e-07
33,57,34.92000058360983,34.92,5.836098253553246e-07
33,58,39.782847863178674,34.92,4.862847863178672
33,59,43.270003403117606,34.92,8.350003403117604
33,60,61.82966040688518,34.76,27.069660406885184
33,61,57.9928871315386,34.76,23.232887131538604
33,62,40.64965377828412,34.76,5.889653778284121
33,63,83.95747356433151,34.76,49.19747356433151
33,64,46.748511795645754,40.47,6.2785117956457555
33,65,45.834201123405094,40.47,5.3642011234050955
33,66,65.72016952392005,40.47,25.25016952392005
33,67,45.72551689264914,40.47,5.2555168926491405
33,68,58.99731311953314,48.01,10.987313119533141
33,69,55.385753339010456,48.01,7.375753339010458
33,70,51.4182753175936,48.01,3.408275317593599
33,71,84.3299061299424,48.01,36.3199061299424
33,72,54.33395674060952,51.61,2.7239567406095233
33,73,70.47742966315182,51.61,18.867429663151825
33,74,79.10379890768786,51.61,27.49379890768786
33,75,54.47893986881624,51.61,2.8689398688162413
33,76,48.73013698219188,47.16,1.5701369821918831
33,77,48.7829839670995,47.16,1.6229839670995005
33,78,72.16679894686487,47.16,25.006798946864876
33,79,50.45114190515387,47.16,3.2911419051538715
33,80,37.130000587575594,37.13,5.875755917372771e-07
33,81,37.13000058773999,37.13,5.8773999001005e-07
33,82,37.13000058751457,37.13,5.875145703271301e-07
33,83,37.13000058764966,37.13,5.876496587120528e-07
33,84,34.69000058678755,34.69,5.867875501053277e-07
33,85,35.19239043865603,34.69,0.502390438656029
33,86,34.69000058636789,34.69,5.86367889354733e-07
33,87,34.690000586601435,34.69,5.8660143764655e-07
33,88,31.800000586055074,31.8,5.860550729153147e-07
33,89,31.800000585625284,31.8,5.856252833780218e-07
33,90,31.80000058641705,31.8,5.864170482539066e-07
33,91,31.80000058554548,31.8,5.855454787706549e-07
33,92,35.33981199995553,26.21,9.129811999955528
33,93,39.71513788444533,26.21,13.505137884445332
33,94,71.15075582742314,26.21,44.94075582742314
33,95,50.32578197116539,26.21,24.11578197116539
35,0,49.57030953797434,31.0,18.57030953797434
35,1,41.289653893621775,31.0,10.289653893621775
35,2,40.9049759563167,31.0,9.904975956316697
35,3,41.298798411487375,31.0,10.298798411487375
35,4,31.253362510974892,30.94,0.31336251097489054
35,5,40.98615670581739,30.94,10.046156705817392
35,6,37.701546341210864,30.94,6.761546341210863
35,7,37.226301714408,30.94,6.286301714408001
35,8,37.02661992856003,31.32,5.7066199285600305
35,9,35.30201166498282,31.32,3.9820116649828208
35,10,38.80817657185796,31.32,7.488176571857963
35,11,34.90129128855449,31.32,3.581291288554489
35,12,37.776456155294355,29.03,8.746456155294354
35,13,35.496019013562986,29.03,6.466019013562985
35,14,29.342986330146005,29.03,0.3129863301460034
35,15,34.20965681263171,29.03,5.1796568126317055
35,16,29.180798645962255,28.2,0.9807986459622562
35,17,29.18080020505208,28.2,0.9808002050520805
35,18,29.181335881206273,28.2,0.9813358812062738
35,19,29.181987813664577,28.2,0.9819878136645777
35,20,44.73280108965288,43.75,0.9828010896528809
35,21,44.733840656865304,43.75,0.9838406568653042
35,22,44.735149887222825,43.75,0.9851498872228248
35,23,44.73597089438168,43.75,0.9859708943816798
35,24,62.09867578419643,51.79,10.308675784196431
35,25,62.0984243807043,51.79,10.308424380704302
35,26,62.09842435364594,51.79,10.30842435364594
35,27,62.09842428534643,51.79,10.308424285346433
35,28,62.708424347835646,52.4,10.308424347835647
35,29,62.708424611146626,52.4,10.308424611146627
35,30,62.70842464802539,52.4,10.308424648025394
35,31,62.708424863065645,52.4,10.308424863065646
35,32,59.728425280952706,49.42,10.308425280952704
35,33,59.72842566902095,49.42,10.308425669020949
35,34,71.30546306676642,49.42,21.88546306676642
35,35,59.728425246063814,49.42,10.308425246063813
35,36,59.688425310037175,49.38,10.308425310037173
35,37,59.688425310546634,49.38,10.308425310546632
35,38,59.688425482206654,49.38,10.308425482206651
35,39,59.68842532368013,49.38,10.308425323680126
35,40,56.68842493798812,46.38,10.308424937988114
35,41,56.68842541768387,46.38,10.308425417683864
35,42,56.68842510584797,46.38,10.308425105847967
35,43,56.688425727008166,46.38,10.308425727008164
35,44,46.58867637000358,36.28,10.308676370003582
35,45,46.58869509728774,36.28,10.308695097287739
35,46,46.588713416779484,36.28,10.308713416779483
35,47,46.58873140017179,36.28,10.308731400171787
35,48,45.88874916943566,35.58,10.308749169435664
35,49,45.88874914977566,35.58,10.308749149775664
35,50,45.88874914212845,35.58,10.308749142128448
35,51,45.8887491405505,35.58,10.308749140550503
35,52,45.528749136973104,35.22,10.308749136973105
35,53,45.5287491377277,35.22,10.308749137727702
35,54,45.52874913668107,35.22,10.308749136681072
35,55,45.528749137288585,35.22,10.308749137288586
35,56,45.22874913638665,34.92,10.308749136386645
35,57,45.22874913837785,34.92,10.308749138377848
35,58,151.099643194625,34.92,116.179643194625
35,59,228.41724822512458,34.92,193.49724822512457
35,60,90.37810074297596,34.76,55.61810074297596
35,61,84.20976875253582,34.76,49.449768752535824
35,62,59.669387872827286,34.76,24.90938787282729
35,63,277.90256964132374,34.76,243.14256964132375
35,64,189.09664588358203,40.47,148.62664588358203
35,65,168.4486945420515,40.47,127.9786945420515
35,66,103.97401210925793,40.47,63.50401210925793
35,67,166.0359941304142,40.47,125.5659941304142
35,68,300.79291146299323,48.01,252.78291146299324
35,69,220.5608812698446,48.01,172.5508812698446
35,70,132.95184944266148,48.01,84.94184944266149
35,71,329.81104870050484,48.01,281.80104870050485
35,72,121.45951668450876,51.61,69.84951668450876
35,73,268.358846466854,51.61,216.748846466854
35,74,414.4792542616143,51.61,362.8692542616143
35,75,124.43754693761565,51.61,72.82754693761565
35,76,91.57376046032299,47.16,44.41376046032299
35,77,88.61944434552458,47.16,41.45944434552459
35,78,317.2328777877136,47.16,270.07287778771365
35,79,129.2100620702024,47.16,82.05006207020242
35,80,37.498953096765696,37.13,0.36895309676569354
35,81,37.49453645023651,37.13,0.36453645023650694
35,82,37.49238260811968,37.13,0.36238260811967393
35,83,37.49117654338851,37.13,0.3611765433885097
35,84,35.05045127490592,34.69,0.36045127490591966
35,85,45.87663555067678,34.69,11.186635550676783
35,86,34.76783776433931,34.69,0.07783776433931422
35,87,34.737032897721555,34.69,0.047032897721557276
35,88,31.820371364716845,31.8,0.020371364716844198
35,89,31.820371276344815,31.8,0.020371276344814504
35,90,31.820371188480284,31.8,0.020371188480282854
35,91,31.820370900372513,31.8,0.020370900372512324
35,92,55.27227963723111,26.21,29.062279637231107
35,93,59.55368553266511,26.21,33.343685532665106
35,94,190.43185824371236,26.21,164.22185824371235
35,95,92.04908102402382,26.21,65.83908102402381
36,0,49.57397162881238,31.0,18.57397162881238
36,1,41.29001718738005,31.0,10.290017187380052
36,2,40.90658402108017,31.0,9.906584021080171
36,3,41.3001113839035,31.0,10.300111383903499
36,4,31.25488652392593,30.94,0.314886523925928
36,5,40.98771877809692,30.94,10.047718778096918
36,6,37.702673490444546,30.94,6.762673490444545
36,7,37.22677352490321,30.94,6.286773524903207
36,8,37.027441334552854,31.32,5.707441334552854
36,9,35.303467880657266,31.32,3.9834678806572654
36,10,38.80935065403611,31.32,7.489350654036109
36,11,34.90222050689516,31.32,3.582220506895162
36,12,37.777884952474125,29.03,8.747884952474124
36,13,35.49733036482097,29.03,6.467330364820967
36,14,29.344408683890123,29.03,0.31440868389012167
36,15,34.21090875749735,29.03,5.180908757497349
36,16,29.18071823453696,28.2,0.9807182345369618
36,17,29.18116877358042,28.2,0.9811687735804213
36,18,29.181706158048566,28.2,0.9817061580485671
36,19,29.182362078920796,28.2,0.9823620789207972
36,20,44.73318723166769,43.75,0.9831872316676922
36,21,44.73426566341942,43.75,0.9842656634194213
36,22,44.73572157787905,43.75,0.9857215778790476
36,23,44.737297407597346,43.75,0.987297407597346
36,24,61.94440404581397,51.79,10.154404045813969
36,25,61.94440444528077,51.79,10.154404445280768
36,26,61.94440454308641,51.79,10.154404543086407
36,27,61.94440456532954,51.79,10.154404565329543
36,28,62.554404584291035,52.4,10.154404584291036
36,29,62.55440460586392,52.4,10.154404605863924
36,30,62.55440461732009,52.4,10.15440461732009
36,31,62.55440462632435,52.4,10.15440462632435
36,32,59.574404630317694,49.42,10.154404630317693
36,33,59.574404631555566,49.42,10.154404631555565
36,34,71.14611303854815,49.42,21.72611303854815
36,35,59.57416776451552,49.42,10.15416776451552
36,36,59.53416781258534,49.38,10.154167812585335
36,37,59.53416781948435,49.38,10.15416781948435
36,38,59.53416800625975,49.38,10.154168006259745
36,39,59.53440465225935,49.38,10.154404652259345
36,40,56.53440465455484,46.38,10.154404654554838
36,41,56.53416807768581,46.38,10.15416807768581
36,42,56.53416783476173,46.38,10.15416783476173
36,43,56.53416847963096,46.38,10.154168479630954
36,44,46.43416713091408,36.28,10.154167130914082
36,45,46.434167335231706,36.28,10.154167335231705
36,46,46.43416698129563,36.28,10.154166981295631
36,47,46.43416721976141,36.28,10.154167219761412
36,48,45.73440464279624,35.58,10.154404642796244
36,49,45.73440464328545,35.58,10.154404643285453
36,50,45.73440464542561,35.58,10.154404645425615
36,51,45.73440464755777,35.58,10.154404647557769
36,52,45.3744046470174,35.22,10.154404647017401
36,53,45.374404647313696,35.22,10.154404647313697
36,54,45.37440464990043,35.22,10.154404649900428
36,55,45.374404649702186,35.22,10.154404649702187
36,56,45.07440465031876,34.92,10.15440465031876
36,57,45.074404652236964,34.92,10.154404652236963
36,58,150.8760704026463,34.92,115.95607040264629
36,59,228.11710826994835,34.92,193.19710826994833
36,60,90.23037527627406,34.76,55.47037527627406
36,61,84.04575710103153,34.76,49.28575710103153
36,62,59.51319248762299,34.76,24.75319248762299
36,63,277.39381719831147,34.76,242.63381719831148
36,64,188.73087214075005,40.47,148.26087214075005
36,65,168.1395160626421,40.47,127.66951606264209
36,66,266.77706176222415,40.47,226.30706176222415
36,67,165.75341297625607,40.47,125.28341297625607
36,68,300.1057741437997,48.01,252.0957741437997
36,69,220.1991384304223,48.01,172.1891384304223
36,70,132.71476083496634,48.01,84.70476083496635
36,71,329.0333891292499,48.01,281.0233891292499
36,72,121.25262691031655,51.61,69.64262691031655
36,73,267.8652677733463,51.61,216.2552677733463
36,74,413.17760922216587,51.61,361.56760922216586
36,75,124.2148532125004,51.61,72.6048532125004
36,76,91.37714532364313,47.16,44.21714532364314
36,77,88.42375096100109,47.16,41.263750961001094
36,78,316.4436243632124,47.16,269.2836243632124
36,79,128.936464254345,47.16,81.776464254345
36,80,47.284404942230324,37.13,10.154404942230322
36,81,47.28440466704725,37.13,10.154404667047245
36,82,47.284404646845275,37.13,10.154404646845272
36,83,47.28440462806883,37.13,10.154404628068825
36,84,39.74587133223464,34.69,5.055871332234645
36,85,50.572590605463674,34.69,15.882590605463676
36,86,39.74586139012439,34.69,5.055861390124392
36,87,39.745865024301466,34.69,5.055865024301468
36,88,36.855870766930835,31.8,5.055870766930834
36,89,36.855877533557106,31.8,5.055877533557105
36,90,36.85588486378432,31.8,5.055884863784318
36,91,36.85588483616375,31.8,5.055884836163752
36,92,60.33631650359616,26.21,34.12631650359616
36,93,64.6134174586761,26.21,38.403417458676095
36,94,195.48100753050886,26.21,169.27100753050885
36,95,97.10757100445002,26.21,70.89757100445001
38,0,49.58346232711483,31.0,18.58346232711483
38,1,41.300197839143266,31.0,10.300197839143266
38,2,40.917278478034326,31.0,9.917278478034326
38,3,41.309677886501056,31.0,10.309677886501056
38,4,31.25473670908273,30.94,0.3147367090827302
38,5,40.994716259062244,30.94,10.054716259062243
38,6,37.706904607586,30.94,6.766904607585996
38,7,37.23142562856444,30.94,6.291425628564436
38,8,37.032412173012105,31.32,5.712412173012105
38,9,35.3068773450177,31.32,3.986877345017703
38,10,38.815905627653876,31.32,7.495905627653876
38,11,34.906230674385505,31.32,3.5862306743855044
38,12,37.78479419242176,29.03,8.754794192421755
38,13,35.498933528477195,29.03,6.468933528477194
38,14,29.34426178570584,29.03,0.3142617857058383
38,15,34.2128365396867,29.03,5.182836539686697
38,16,29.181469138559077,28.2,0.9814691385590777
38,17,29.18191098559192,28.2,0.9819109855919201
38,18,29.182435844911033,28.2,0.9824358449110342
38,19,29.18307318270132,28.2,0.9830731827013217
38,20,44.733869960855145,43.75,0.9838699608551451
38,21,44.73389080667617,43.75,0.9838908066761718
38,22,44.735343597786034,43.75,0.9853435977860343
38,23,44.73749072287317,43.75,0.9874907228731686
38,24,61.954840311057275,51.79,10.164840311057276
38,25,61.95484116707903,51.79,10.164841167079032
38,26,61.95484180729118,51.79,10.164841807291182
38,27,61.954841957225646,51.79,10.164841957225647
38,28,62.5648420328287,52.4,10.164842032828702
38,29,62.564842088913736,52.4,10.164842088913737
38,30,62.56484213778634,52.4,10.164842137786344
38,31,62.56484218004291,52.4,10.16484218004291
38,32,59.58484221701774,49.42,10.164842217017735
38,33,59.58458487878591,49.42,10.16458487878591
38,34,71.09965970038513,49.42,21.67965970038513
38,35,59.584584431647585,49.42,10.164584431647583
38,36,59.54458451602116,49.38,10.164584516021158
38,37,59.544584557809074,49.38,10.164584557809071
38,38,59.544584794256195,49.38,10.164584794256193
38,39,59.54458471204036,49.38,10.164584712040359
38,40,56.54458440880292,46.38,10.164584408802916
38,41,56.54458499760713,46.38,10.164584997607129
38,42,56.54458477552771,46.38,10.164584775527707
38,43,56.54458965100693,46.38,10.164589651006928
38,44,46.44458409545197,36.28,10.164584095451971
38,45,46.444584342341955,36.28,10.164584342341954
38,46,46.44458397905975,36.28,10.16458397905975
38,47,46.44458423629611,36.28,10.164584236296108
38,48,45.74484227455488,35.58,10.164842274554879
38,49,45.74484227425551,35.58,10.164842274255513
38,50,45.744842283569525,35.58,10.164842283569527
38,51,45.744584621112026,35.58,10.164584621112027
38,52,45.38484222336089,35.22,10.164842223360893
38,53,45.384842226602565,35.22,10.164842226602566
38,54,45.38484224828656,35.22,10.164842248286561
38,55,45.3848422576572,35.22,10.164842257657199
38,56,45.0848422633537,34.92,10.164842263353698
38,57,45.08484226701984,34.92,10.164842267019836
38,58,150.73863750304767,34.92,115.81863750304767
38,59,227.92323069649217,34.92,193.00323069649215
38,60,90.23492782763822,34.76,55.47492782763822
38,61,84.06924896652345,34.76,49.30924896652345
38,62,59.526391571916136,34.76,24.766391571916138
38,63,277.5191763803807,34.76,242.75917638038072
38,64,188.7746977423421,40.47,148.3046977423421
38,65,168.24694930785225,40.47,127.77694930785225
38,66,266.9051615742766,40.47,226.43516157427658
38,67,165.8948206285295,40.47,125.42482062852949
38,68,300.39149367593546,48.01,252.38149367593547
38,69,220.3403649267546,48.01,172.3303649267546
38,70,132.86090966316152,48.01,84.85090966316153
38,71,329.17815543957397,48.01,281.168155439574
38,72,121.37385715159876,51.61,69.76385715159876
38,73,268.0169405040014,51.61,216.4069405040014
38,74,413.6702590848914,51.61,362.0602590848914
38,75,124.39118219293458,51.61,72.78118219293458
38,76,91.4889110589773,47.16,44.3289110589773
38,77,88.50866069538975,47.16,41.34866069538975
38,78,317.4460173871404,47.16,270.2860173871404
38,79,129.13278857963877,47.16,81.97278857963877
38,80,47.29484225684051,37.13,10.164842256840508
38,81,47.29484225007526,37.13,10.16484225007526
38,82,47.29484223604302,37.13,10.164842236043015
38,83,47.29484220843443,37.13,10.164842208434429
38,84,39.75792857136898,34.69,5.067928571368981
38,85,50.61664689057641,34.69,15.926646890576414
38,86,39.757917791195695,34.69,5.067917791195697
38,87,39.75792022926272,34.69,5.067920229262725
38,88,36.86792458406187,31.8,5.067924584061867
38,89,36.867924560916926,31.8,5.067924560916925
38,90,36.867924538507374,31.8,5.0679245385073735
38,91,36.867930650711614,31.8,5.067930650711613
38,92,60.41206074497062,26.21,34.202060744970616
38,93,64.67002298599378,26.21,38.46002298599378
38,94,195.93779610512968,26.21,169.72779610512967
38,95,97.25733323215664,26.21,71.04733323215663
42,0,49.76910716985165,31.0,18.76910716985165
42,1,41.367106923865066,31.0,10.367106923865066
42,2,40.98470951620032,31.0,9.984709516200319
42,3,41.37343066738856,31.0,10.373430667388561
42,4,31.26319365482163,30.94,0.32319365482162965
42,5,41.08120805017491,30.94,10.141208050174907
42,6,37.76517000988731,30.94,6.825170009887312
42,7,37.28756760896771,30.94,6.3475676089677115
42,8,37.073509991426675,31.32,5.753509991426675
42,9,35.33497720153934,31.32,4.014977201539338
42,10,38.86717586847686,31.32,7.547175868476863
42,11,34.92962441753294,31.32,3.6096244175329417
42,12,37.83527295413263,29.03,8.805272954132626
42,13,35.533844295151496,29.03,6.503844295151495
42,14,29.354132821276103,29.03,0.3241328212761019
42,15,34.247157838113985,29.03,5.217157838113984
42,16,29.187623867732047,28.2,0.9876238677320472
42,17,29.18802302145471,28.2,0.9880230214547119
42,18,29.18848608147905,28.2,0.9884860814790493
42,19,29.189029485038315,28.2,0.9890294850383157
42,20,44.739674302057864,43.75,0.989674302057864
42,21,44.740441322093695,43.75,0.9904413220936945
42,22,44.74130207391691,43.75,0.9913020739169127
42,23,44.74156788911789,43.75,0.9915678891178885
42,24,128.67134352164123,51.79,76.88134352164124
42,25,128.67134362588402,51.79,76.88134362588403
42,26,128.6713436946448,51.79,76.88134369464481
42,27,128.67134374132013,51.79,76.88134374132014
42,28,129.28134378077334,52.4,76.88134378077334
42,29,129.28134379326605,52.4,76.88134379326604
42,30,129.28134380412592,52.4,76.88134380412592
42,31,129.28134381289675,52.4,76.88134381289674
42,32,126.30134381964761,49.42,76.88134381964761
42,33,126.30134382537614,49.42,76.88134382537613
42,34,224.15822970926473,49.42,174.73822970926471
42,35,126.30134383719877,49.42,76.88134383719877
42,36,126.26134384815757,49.38,76.88134384815757
42,37,126.26134384579856,49.38,76.88134384579857
42,38,126.26134385340544,49.38,76.88134385340544
42,39,126.26134385356428,49.38,76.88134385356429
42,40,123.26134385687172,46.38,76.88134385687172
42,41,123.26134385988397,46.38,76.88134385988397
42,42,123.26134385897026,46.38,76.88134385897027
42,43,123.26134386587466,46.38,76.88134386587467
42,44,113.16134386154904,36.28,76.88134386154904
42,45,113.16134386595459,36.28,76.88134386595459
42,46,113.16134386923407,36.28,76.88134386923407
42,47,113.16134387652156,36.28,76.88134387652156
42,48,112.46134387593007,35.58,76.88134387593007
42,49,112.4613438749751,35.58,76.8813438749751
42,50,112.461343872759,35.58,76.881343872759
42,51,112.46134387256448,35.58,76.88134387256449
42,52,112.10134387094392,35.22,76.88134387094392
42,53,112.10134387192979,35.22,76.88134387192979
42,54,112.10134387400666,35.22,76.88134387400666
42,55,112.10134387460916,35.22,76.88134387460916
42,56,111.80134387402147,34.92,76.88134387402147
42,57,111.80134387622853,34.92,76.88134387622853
42,58,1002.1559103594884,34.92,967.2359103594885
42,59,1650.853520243971,34.92,1615.9335202439709
42,60,329.24243077360455,34.76,294.48243077360456
42,61,300.692213269919,34.76,265.93221326991903
42,62,200.0165448543887,34.76,165.25654485438872
42,63,1821.3576288418517,34.76,1786.5976288418517
42,64,1280.9374635817148,40.47,1240.4674635817148
42,65,1105.5580014206982,40.47,1065.0880014206982
42,66,1818.187525083681,40.47,1777.717525083681
42,67,1084.6396378042004,40.47,1044.1696378042004
42,68,2164.762181933482,48.01,2116.752181933482
42,69,1487.7286176173852,48.01,1439.7186176173852
42,70,750.9706408016458,48.01,702.9606408016458
42,71,2224.2841616425885,48.01,2176.2741616425883
42,72,627.6493602900972,51.61,576.0393602900972
42,73,1789.762419058062,51.61,1738.1524190580622
42,74,3011.356799053,51.61,2959.746799053
42,75,652.4975647183525,51.61,600.8875647183525
42,76,409.62764770547255,47.16,362.4676477054726
42,77,385.21352064196947,47.16,338.0535206419695
42,78,2224.9526137268326,47.16,2177.7926137268328
42,79,725.9538176850058,47.16,678.7938176850058
42,80,114.01134386509338,37.13,76.88134386509338
42,81,114.01134385764576,37.13,76.88134385764576
42,82,114.01134384902281,37.13,76.88134384902281
42,83,114.01134383606677,37.13,76.88134383606678
42,84,111.57134381980501,34.69,76.88134381980501
42,85,202.0476256012052,34.69,167.3576256012052
42,86,111.5713437615338,34.69,76.8813437615338
42,87,111.57134368781982,34.69,76.88134368781982
42,88,31.908074911552912,31.8,0.1080749115529116
42,89,31.868518103430635,31.8,0.06851810343063391
42,90,31.84221536919697,31.8,0.04221536919697044
42,91,31.820282883925756,31.8,0.020282883925755613
42,92,218.4276766837023,26.21,192.21767668370228
42,93,227.2425847393175,26.21,201.03258473931749
42,94,1159.3019293525585,26.21,1133.0919293525585
42,95,439.95989473572143,26.21,413.74989473572145
48,0,49.92885621538004,31.0,18.928856215380037
48,1,41.41923898942123,31.0,10.419238989421231
48,2,41.03535854579365,31.0,10.035358545793649
48,3,41.41651326441233,31.0,10.41651326441233
48,4,31.257702657366504,30.94,0.31770265736650316
48,5,41.142974034094934,30.94,10.202974034094932
48,6,37.80089943716386,30.94,6.860899437163855
48,7,37.31905766021909,30.94,6.379057660219086
48,8,37.09358619154236,31.32,5.773586191542357
48,9,35.34403200425869,31.32,4.024032004258693
48,10,38.902730479072275,31.32,7.582730479072275
48,11,34.93666546815442,31.32,3.616665468154423
48,12,37.86958750452045,29.03,8.839587504520452
48,13,35.5553069093318,29.03,6.525306909331796
48,14,29.350512635957116,29.03,0.3205126359571153
48,15,34.2648570717351,29.03,5.2348570717350995
48,16,29.193101609760387,28.2,0.9931016097603873
48,17,29.19350998674821,28.2,0.9935099867482116
48,18,29.193988850294996,28.2,0.993988850294997
48,19,29.19456091681806,28.2,0.9945609168180596
48,20,44.745262529800556,43.75,0.9952625298005557
48,21,44.74526300972385,43.75,0.9952630097238497
48,22,44.74526335708193,43.75,0.9952633570819316
48,23,44.747796823716584,43.75,0.997796823716584
48,24,147.9638460449763,51.79,96.1738460449763
48,25,212.50917981439505,51.79,160.71917981439506
48,26,212.50917913677074,51.79,160.71917913677075
48,27,212.5091809702284,51.79,160.71918097022842
48,28,213.1191786629865,52.4,160.7191786629865
48,29,213.11943361644586,52.4,160.71943361644585
48,30,213.11943362111526,52.4,160.71943362111526
48,31,213.1191789628938,52.4,160.7191789628938
48,32,210.13918494676705,49.42,160.71918494676703
48,33,210.1391885370225,49.42,160.7191885370225
48,34,395.61405421465173,49.42,346.1940542146517
48,35,210.1391762879323,49.42,160.71917628793227
48,36,210.0991716769924,49.38,160.7191716769924
48,37,210.099173665859,49.38,160.71917366585902
48,38,210.09917526519197,49.38,160.71917526519198
48,39,210.09917006546385,49.38,160.71917006546386
48,40,207.09916482942023,46.38,160.71916482942024
48,41,207.09917496103682,46.38,160.71917496103683
48,42,207.09916904054987,46.38,160.71916904054987
48,43,207.09918009916944,46.38,160.71918009916945
48,44,196.9994336367476,36.28,160.7194336367476
48,45,196.9991724789151,36.28,160.7191724789151
48,46,196.9991690373561,36.28,160.7191690373561
48,47,196.99945312581457,36.28,160.71945312581457
48,48,196.29947222425187,35.58,160.7194722242519
48,49,196.29947221194692,35.58,160.71947221194694
48,50,196.29947220935645,35.58,160.71947220935647
48,51,36.02536860405966,35.58,0.4453686040596594
48,52,35.669426468019175,35.22,0.4494264680191762
48,53,195.939472212063,35.22,160.719472212063
48,54,195.93947221238648,35.22,160.71947221238648
48,55,195.93947220438068,35.22,160.71947220438068
48,56,195.63947220472278,34.92,160.71947220472276
48,57,195.6394722088159,34.92,160.7194722088159
48,58,1879.6194851729163,34.92,1844.6994851729162
48,59,3105.888145080929,34.92,3070.968145080929
48,60,587.4179135747243,34.76,552.6579135747243
48,61,536.3064822292822,34.76,501.5464822292822
48,62,358.5170572335576,34.76,323.7570572335576
48,63,3410.018480092297,34.76,3375.258480092297
48,64,2405.698384080301,40.47,2365.228384080301
48,65,2074.0077912585107,40.47,2033.5377912585107
48,66,3414.1294307989115,40.47,3373.6594307989117
48,67,2032.5585489642888,40.47,1992.0885489642887
48,68,4069.772972549823,48.01,4021.7629725498227
48,69,2787.0099206092495,48.01,2738.9999206092493
48,70,1393.416440748812,48.01,1345.406440748812
48,71,4175.551519217016,48.01,4127.541519217016
48,72,1155.8999193819798,51.61,1104.2899193819799
48,73,3354.5680357025044,51.61,3302.9580357025043
48,74,5676.329515471313,51.61,5624.719515471314
48,75,1203.2438595210501,51.61,1151.6338595210502
48,76,747.9616268174834,47.16,700.8016268174835
48,77,701.5897909756201,47.16,654.4297909756201
48,78,4178.966187919388,47.16,4131.806187919388
48,79,1347.3410564035305,47.16,1300.1810564035304
48,80,197.84947215661612,37.13,160.71947215661612
48,81,197.84947212921426,37.13,160.71947212921427
48,82,197.8494720968933,37.13,160.7194720968933
48,83,197.84947204142878,37.13,160.7194720414288
48,84,51.76287707511838,34.69,17.072877075118384
48,85,222.4185636099787,34.69,187.7285636099787
48,86,34.8176757807603,34.69,0.12767578076029906
48,87,34.77961166086497,34.69,0.08961166086497485
48,88,31.865591893346817,31.8,0.06559189334681648
48,89,31.846577855337422,31.8,0.046577855337421425
48,90,31.83001089375559,31.8,0.03001089375558763
48,91,31.814760114215773,31.8,0.014760114215771836
48,92,382.21988989749065,26.21,356.00988989749067
48,93,395.91583146198997,26.21,369.70583146199
48,94,2134.843048112714,26.21,2108.633048112714
48,95,790.5381305990053,26.21,764.3281305990052
54,0,49.95093624591304,31.0,18.95093624591304
54,1,41.419369737136286,31.0,10.419369737136286
54,2,41.03711204272583,31.0,10.03711204272583
54,3,41.42468027614003,31.0,10.42468027614003
54,4,31.25947784844597,30.94,0.3194778484459704
54,5,41.14470208141831,30.94,10.204702081418308
54,6,37.80135944516142,30.94,6.8613594451614155
54,7,37.318560670729525,30.94,6.378560670729524
54,8,37.09636151463583,31.32,5.7763615146358305
54,9,35.34499632807256,31.32,4.024996328072561
54,10,38.90345109762111,31.32,7.583451097621108
54,11,34.9371443149577,31.32,3.6171443149576987
54,12,37.870754705624755,29.03,8.840754705624754
54,13,35.55601101875483,29.03,6.526011018754829
54,14,29.352478035236707,29.03,0.32247803523670626
54,15,34.26563304673562,29.03,5.235633046735622
54,16,29.19320319617656,28.2,0.9932031961765624
54,17,29.193632729473592,28.2,0.9936327294735925
54,18,29.19414870029296,28.2,0.9941487002929605
54,19,29.194788764537353,28.2,0.9947887645373541
54,20,44.745623610211496,43.75,0.9956236102114957
54,21,44.74681078802366,43.75,0.9968107880236587
54,22,44.748815198713366,43.75,0.9988151987133662
54,23,44.754010037614634,43.75,1.0040100376146341
54,24,121.43307612421847,51.79,69.64307612421848
54,25,196.15388485188507,51.79,144.36388485188508
54,26,196.15388494307106,51.79,144.36388494307107
54,27,196.1538849127172,51.79,144.3638849127172
54,28,196.7638849149522,52.4,144.3638849149522
54,29,196.76388491533115,52.4,144.36388491533114
54,30,196.76388492047127,52.4,144.36388492047126
54,31,196.76388492571397,52.4,144.36388492571396
54,32,193.7838849251304,49.42,144.36388492513038
54,33,193.78388492292618,49.42,144.36388492292616
54,34,379.568876726694,49.42,330.14887672669397
54,35,193.78388492795858,49.42,144.36388492795857
54,36,193.74388492994277,49.38,144.36388492994277
54,37,193.74388493170397,49.38,144.36388493170398
54,38,193.74388493418886,49.38,144.36388493418886
54,39,193.74388497033726,49.38,144.36388497033727
54,40,190.74388499507,46.38,144.36388499507
54,41,190.74388494354193,46.38,144.36388494354193
54,42,190.74366261496954,46.38,144.36366261496954
54,43,190.74388494435613,46.38,144.36388494435613
54,44,180.64388494693068,36.28,144.36388494693068
54,45,180.64388494457214,36.28,144.36388494457213
54,46,180.64388494877488,36.28,144.36388494877488
54,47,180.64366151836938,36.28,144.36366151836938
54,48,179.94388494192293,35.58,144.36388494192295
54,49,179.9438849438016,35.58,144.36388494380162
54,50,179.94388494629533,35.58,144.36388494629534
54,51,179.94388494885015,35.58,144.36388494885017
54,52,179.58388494958965,35.22,144.36388494958965
54,53,179.58388495076233,35.22,144.36388495076233
54,54,179.5838849517671,35.22,144.3638849517671
54,55,179.5838849543254,35.22,144.3638849543254
54,56,179.28388495428334,34.92,144.36388495428332
54,57,35.362348583025344,34.92,0.44234858302534263
54,58,1865.2775554112836,34.92,1830.3575554112836
54,59,3094.6350612143533,34.92,3059.715061214353
54,60,571.6908383466623,34.76,536.9308383466623
54,61,520.3141605815847,34.76,485.5541605815847
54,62,342.39206970911994,34.76,307.63206970911995
54,63,3398.024379201781,34.76,3363.2643792017807
54,64,2392.865997661499,40.47,2352.395997661499
54,65,2059.9726966899825,40.47,2019.5026966899825
54,66,3401.98742772821,40.47,3361.5174277282104
54,67,2018.81914033791,40.47,1978.34914033791
54,68,4059.885991617829,48.01,4011.8759916178287
54,69,2774.9844333521983,48.01,2726.974433352198
54,70,915.1279300080562,48.01,867.1179300080562
54,71,915.1277021417687,48.01,867.1177021417687
54,72,1140.8429905830255,51.61,1089.2329905830256
54,73,3345.002065455841,51.61,3293.392065455841
54,74,5667.546422578634,51.61,5615.936422578634
54,75,1188.1726342057661,51.61,1136.5626342057662
54,76,732.0325214119806,47.16,684.8725214119806
54,77,685.6372121981385,47.16,638.4772121981385
54,78,4168.029474326765,47.16,4120.869474326765
54,79,914.279437203763,47.16,867.119437203763
54,80,181.49366906341822,37.13,144.36366906341823
54,81,181.49388501170841,37.13,144.36388501170842
54,82,181.4938849784497,37.13,144.3638849784497
54,83,181.49388496630522,37.13,144.36388496630522
54,84,104.98259573821299,34.69,70.292595738213
54,85,275.869148371615,34.69,241.17914837161499
54,86,104.98262147688709,34.69,70.29262147688709
54,87,104.98263387274761,34.69,70.29263387274761
54,88,102.09264595536031,31.8,70.29264595536031
54,89,102.09265774539463,31.8,70.29265774539464
54,90,102.09266927038453,31.8,70.29266927038454
54,91,102.09268055849435,31.8,70.29268055849435
54,92,506.72172398709466,26.21,480.5117239870947
54,93,521.8955242195574,26.21,495.6855242195574
54,94,2427.9991512556358,26.21,2401.7891512556357
54,95,975.9519272745613,26.21,949.7419272745612
56,0,49.581265343258124,31.0,18.581265343258124
56,1,41.30050712625439,31.0,10.300507126254388
56,2,40.909211980468946,31.0,9.909211980468946
56,3,41.30755130444394,31.0,10.30755130444394
56,4,31.20067769205458,30.94,0.26067769205457836
56,5,40.988580712694215,30.94,10.048580712694214
56,6,37.655704560743246,30.94,6.715704560743244
56,7,37.17394050669699,30.94,6.233940506696985
56,8,36.971558872071405,31.32,5.651558872071405
56,9,35.23803712568102,31.32,3.9180371256810176
56,10,38.777128031043326,31.32,7.457128031043325
56,11,34.84148114846589,31.32,3.521481148465888
56,12,37.769317879747156,29.03,8.739317879747155
56,13,35.4520357329182,29.03,6.4220357329181965
56,14,29.286783085124824,29.03,0.2567830851248232
56,15,34.15201716122256,29.03,5.1220171612225585
56,16,29.206459758995777,28.2,1.0064597589957778
56,17,29.207873659551733,28.2,1.0078736595517341
56,18,29.209542745798213,28.2,1.009542745798214
56,19,29.211564040378143,28.2,1.0115640403781434
56,20,44.76410257362216,43.75,1.0141025736221607
56,21,44.764163737688285,43.75,1.0141637376882855
56,22,44.76422265195814,43.75,1.0142226519581428
56,23,44.76427929254215,43.75,1.0142792925421489
56,24,55.7397432677555,51.79,3.949743267755501
56,25,55.73975050260522,51.79,3.9497505026052195
56,26,55.73975386660297,51.79,3.9497538666029683
56,27,55.73975539278548,51.79,3.949755392785484
56,28,56.349756544610514,52.4,3.9497565446105156
56,29,56.349757386681176,52.4,3.9497573866811777
56,30,56.34975815845756,52.4,3.9497581584575627
56,31,56.3497589303775,52.4,3.9497589303774987
56,32,53.36975948978289,49.42,3.949759489782892
56,33,53.36975989149229,49.42,3.949759891492292
56,34,53.89765305694761,49.42,4.477653056947609
56,35,53.37042398679024,49.42,3.9504239867902413
56,36,53.33042293638408,49.38,3.9504229363840793
56,37,53.33042237823482,49.38,3.950422378234819
56,38,53.33042134108046,49.38,3.9504213410804567
56,39,53.32976032044653,49.38,3.9497603204465292
56,40,50.330419553587106,46.38,3.9504195535871034
56,41,50.3304199619687,46.38,3.9504199619686986
56,42,50.330418993316876,46.38,3.950418993316873
56,43,50.33042035594102,46.38,3.95042035594102
56,44,40.23041951163133,36.28,3.950419511631331
56,45,40.23041988882081,36.28,3.950419888820811
56,46,40.2304206823791,36.28,3.9504206823790966
56,47,40.22976032675678,36.28,3.949760326756781
56,48,39.53042127806899,35.58,3.950421278068994
56,49,39.52978489276614,35.58,3.9497848927661394
56,50,39.529760324995024,35.58,3.949760324995026
56,51,39.52976032464939,35.58,3.9497603246493895
56,52,39.16976032132019,35.22,3.9497603213201913
56,53,39.16976032134444,35.22,3.949760321344442
56,54,39.1697603232293,35.22,3.949760323229299
56,55,39.169760322259975,35.22,3.9497603222599764
56,56,38.8697603221542,34.92,3.949760322154198
56,57,38.869760321803945,34.92,3.949760321803943
56,58,43.74145788818774,34.92,8.821457888187737
56,59,47.21006195419605,34.92,12.290061954196048
56,60,61.85444359674259,34.76,27.094443596742593
56,61,58.581205036220844,34.76,23.821205036220846
56,62,43.781513796366326,34.76,9.021513796366328
56,63,81.78409463208061,34.76,47.02409463208061
56,64,50.674854172186556,40.47,10.204854172186558
56,65,49.77050852124089,40.47,9.300508521240893
56,66,298.45629905202316,40.47,257.9862990520231
56,67,49.64640420656038,40.47,9.176404206560385
56,68,62.880481730386,48.01,14.870481730386004
56,69,59.28051729526025,48.01,11.270517295260255
56,70,55.335158033957406,48.01,7.325158033957408
56,71,446.236827353072,48.01,398.226827353072
56,72,58.25721195089961,51.61,6.64721195089961
56,73,214.31515066868815,51.61,162.70515066868813
56,74,253.39111066496832,51.61,201.7811106649683
56,75,58.39086370681758,51.61,6.780863706817584
56,76,52.658652574700724,47.16,5.498652574700728
56,77,52.523903897654684,47.16,5.363903897654687
56,78,73.44689554011387,47.16,26.286895540113875
56,79,54.36023801119103,47.16,7.200238011191033
56,80,41.079760291211215,37.13,3.949760291211213
56,81,41.079760282699624,37.13,3.9497602826996214
56,82,41.07976016699351,37.13,3.9497601669935065
56,83,41.07975983014936,37.13,3.949759830149354
56,84,36.02521924763424,34.69,1.3352192476342424
56,85,36.51691384895842,34.69,1.8269138489584194
56,86,36.02355164649416,34.69,1.3335516464941648
56,87,36.0231717288269,34.69,1.3331717288269047
56,88,33.13290445446139,31.8,1.3329044544613886
56,89,33.13290437475795,31.8,1.3329043747579483
56,90,33.13290403874324,31.8,1.3329040387432407
56,91,33.132903712682754,31.8,1.3329037126827536
56,92,35.29503521494613,26.21,9.085035214946132
56,93,39.12619117434558,26.21,12.916191174345578
56,94,66.27458722193268,26.21,40.064587221932676
56,95,48.237182790511554,26.21,22.027182790511553
60,0,49.90478700571626,31.0,18.90478700571626
60,1,41.62666067604141,31.0,10.62666067604141
60,2,41.228034965971844,31.0,10.228034965971844
60,3,41.63408542364748,31.0,10.634085423647477
60,4,31.239545037308314,30.94,0.29954503730831306
60,5,41.309836126422354,30.94,10.369836126422353
60,6,37.85329250991028,30.94,6.913292509910281
60,7,37.35366677962729,30.94,6.413666779627288
60,8,37.13072006658818,31.32,5.810720066588182
60,9,35.34446898999429,31.32,4.02446898999429
60,10,39.0044343966453,31.32,7.684434396645301
60,11,34.935725740524845,31.32,3.6157257405248444
60,12,38.048670154135046,29.03,9.018670154135044
60,13,35.63835170779528,29.03,6.608351707795279
60,14,29.325865598593005,29.03,0.29586559859300365
60,15,34.29400802986835,29.03,5.26400802986835
60,16,29.537134349920255,28.2,1.3371343499202553
60,17,29.53743194367782,28.2,1.3374319436778208
60,18,29.537552018226137,28.2,1.3375520182261376
60,19,29.537586228343418,28.2,1.3375862283434188
60,20,47.07482276148623,43.75,3.3248227614862316
60,21,47.07483272672414,43.75,3.3248327267241393
60,22,47.07483939417659,43.75,3.3248393941765926
60,23,47.07484416378104,43.75,3.3248441637810373
60,24,55.11484760853582,51.79,3.324847608535819
60,25,55.11485001740209,51.79,3.324850017402092
60,26,55.114851978049835,51.79,3.3248519780498356
60,27,55.11485349869015,51.79,3.3248534986901532
60,28,55.724854771840896,52.4,3.324854771840897
60,29,55.72485557104034,52.4,3.324855571040338
60,30,55.724855863255925,52.4,3.3248558632559266
60,31,55.724855963142225,52.4,3.3248559631422268
60,32,52.744856055628915,49.42,3.3248560556289135
60,33,52.74485613847477,49.42,3.3248561384747717
60,34,53.27253343470073,49.42,3.8525334347007316
60,35,52.74485626898071,49.42,3.32485626898071
60,36,52.7048563170027,49.38,3.3248563170026983
60,37,52.70485635178901,49.38,3.324856351789009
60,38,52.70485638497473,49.38,3.32485638497473
60,39,52.70485641462085,49.38,3.3248564146208466
60,40,49.70485644314407,46.38,3.324856443144064
60,41,49.70485646833458,46.38,3.3248564683345805
60,42,49.70485649035444,46.38,3.324856490354435
60,43,49.704856508320994,46.38,3.324856508320991
60,44,39.60485652121921,36.28,3.3248565212192105
60,45,39.60485662206068,36.28,3.324856622060679
60,46,39.604856542984464,36.28,3.324856542984463
60,47,39.60485654480595,36.28,3.3248565448059466
60,48,38.904856543626885,35.58,3.324856543626886
60,49,38.90485654682113,35.58,3.324856546821131
60,50,38.90485654989667,35.58,3.3248565498966727
60,51,38.90492143442149,35.58,3.3249214344214906
60,52,38.544856556753984,35.22,3.3248565567539856
60,53,38.54485655612089,35.22,3.324856556120892
60,54,38.54485655737362,35.22,3.3248565573736215
60,55,38.54485655732115,35.22,3.324856557321148
60,56,38.244856558398254,34.92,3.3248565583982526
60,57,38.24485656039607,34.92,3.3248565603960714
60,58,43.114463673176516,34.92,8.194463673176514
60,59,46.59266498466986,34.92,11.672664984669858
60,60,61.25580750099378,34.76,26.495807500993784
60,61,57.952000563021556,34.76,23.19200056302156
60,62,43.158553495399104,34.76,8.398553495399106
60,63,81.11869097727586,34.76,46.35869097727586
60,64,50.04534162640314,40.47,9.575341626403144
60,65,49.140807659042224,40.47,8.670807659042225
60,66,297.62012180736133,40.47,257.1501218073613
60,67,49.019244144644816,40.47,8.549244144644817
60,68,62.25199442034477,48.01,14.241994420344774
60,69,58.65575319791982,48.01,10.645753197919824
60,70,54.70874640675871,48.01,6.6987464067587155
60,71,445.23058906037534,48.01,397.22058906037535
60,72,57.631185713883085,51.61,6.021185713883085
60,73,213.62555181195665,51.61,162.01555181195664
60,74,252.63562331461083,51.61,201.0256233146108
60,75,57.76436123652157,51.61,6.154361236521574
60,76,52.03400295673854,47.16,4.8740029567385434
60,77,51.89763431529361,47.16,4.737634315293612
60,78,72.79333324109065,47.16,25.633333241090654
60,79,53.73357767608646,47.16,6.573577676086465
60,80,40.45485656879449,37.13,3.3248565687944875
60,81,40.4548565685363,37.13,3.3248565685362976
60,82,40.4548565684409,37.13,3.3248565684409
60,83,40.454856567761986,37.13,3.3248565677619837
60,84,38.014856566866825,34.69,3.3248565668668277
60,85,38.50730706378409,34.69,3.8173070637840922
60,86,38.01485656632886,34.69,3.3248565663288616
60,87,38.01485656569137,34.69,3.32485656569137
60,88,35.124856564862036,31.8,3.324856564862035
60,89,35.124856564122496,31.8,3.324856564122495
60,90,35.12485656321642,31.8,3.324856563216418
60,91,35.12485656265207,31.8,3.3248565626520694
60,92,37.38798745748004,26.21,11.177987457480036
60,93,41.12705492993035,26.21,14.917054929930352
60,94,68.2388877235416,26.21,42.028887723541594
60,95,50.21829104385223,26.21,24.008291043852232
62,0,49.630878616625594,31.0,18.630878616625594
62,1,41.312838830052755,31.0,10.312838830052755
62,2,40.92559362436154,31.0,9.92559362436154
62,3,41.31747103471527,31.0,10.317471034715268
62,4,31.132387022194752,30.94,0.192387022194751
62,5,41.00313861810871,30.94,10.063138618108706
62,6,37.65825255511234,30.94,6.71825255511234
62,7,37.171308936271956,30.94,6.2313089362719545
62,8,36.96449235404467,31.32,5.644492354044672
62,9,35.21084246425053,31.32,3.8908424642505324
62,10,38.7868986682525,31.32,7.466898668252497
62,11,34.814120622535135,31.32,3.494120622535135
62,12,37.77851093381289,29.03,8.748510933812888
62,13,35.44928778183125,29.03,6.419287781831251
62,14,29.221886702433665,29.03,0.19188670243366346
62,15,34.142874815695,29.03,5.112874815695001
62,16,29.205740447523777,28.2,1.0057404475237774
62,17,29.207096052061786,28.2,1.0070960520617867
62,18,29.20866192138048,28.2,1.0086619213804795
62,19,29.210490530014717,28.2,1.0104905300147173
62,20,44.76264672109976,43.75,1.0126467210997632
62,21,44.76518473100755,43.75,1.015184731007551
62,22,44.76794558202419,43.75,1.0179455820241898
62,23,44.76787378863641,43.75,1.0178737886364075
62,24,67.17094331495419,51.79,15.380943314954187
62,25,67.17094494446329,51.79,15.380944944463288
62,26,67.17094632559021,51.79,15.380946325590209
62,27,67.17094708921962,51.79,15.380947089219625
62,28,67.78094750099356,52.4,15.380947500993564
62,29,67.78094778772447,52.4,15.380947787724473
62,30,67.780947972753,52.4,15.380947972752999
62,31,67.78094809416375,52.4,15.380948094163749
62,32,64.80094818651868,49.42,15.38094818651868
62,33,64.80084887916114,49.42,15.380848879161135
62,34,65.32878060825513,49.42,15.908780608255128
62,35,64.80084864444277,49.42,15.380848644442764
62,36,64.76084820887172,49.38,15.380848208871718
62,37,64.76084852353254,49.38,15.380848523532542
62,38,64.76084819569293,49.38,15.380848195692927
62,39,64.7608479026324,49.38,15.380847902632404
62,40,61.76084840753626,46.38,15.380848407536256
62,41,61.760848263731305,46.38,15.380848263731302
62,42,61.76084824763643,46.38,15.380848247636429
62,43,61.76084956955394,46.38,15.380849569553938
62,44,51.66084911868474,36.28,15.380849118684736
62,45,51.6608486912789,36.28,15.3808486912789
62,46,51.66084955999625,36.28,15.38084955999625
62,47,51.66084915891922,36.28,15.380849158919219
62,48,50.960948291101204,35.58,15.380948291101205
62,49,50.96094828880765,35.58,15.380948288807652
62,50,50.96094828952191,35.58,15.38094828952191
62,51,50.960948288748476,35.58,15.380948288748478
62,52,50.60094828163139,35.22,15.38094828163139
62,53,50.60094828322558,35.22,15.380948283225578
62,54,50.60094827868229,35.22,15.38094827868229
62,55,50.60094827987599,35.22,15.380948279875994
62,56,50.30094828037586,34.92,15.380948280375861
62,57,50.30094828364591,34.92,15.380948283645907
62,58,55.18938885971479,34.92,20.269388859714788
62,59,58.66844139485664,34.92,23.74844139485664
62,60,73.38480853104844,34.76,38.62480853104844
62,61,70.10815313675175,34.76,35.348153136751755
62,62,55.23430670972245,34.76,20.474306709722455
62,63,93.47858534333938,34.76,58.71858534333938
62,64,62.14290282926757,40.47,21.67290282926757
62,65,61.25556290029209,40.47,20.785562900292092
62,66,1174.1326870321466,40.47,1133.6626870321466
62,67,61.12266250306874,40.47,20.65266250306874
62,68,74.40056580666973,48.01,26.390565806669734
62,69,70.75101329885658,48.01,22.74101329885658
62,70,66.79354220795315,48.01,18.783542207953154
62,71,1841.145038647145,48.01,1793.135038647145
62,72,69.7055576010593,51.61,18.095557601059298
62,73,754.5604342389565,51.61,702.9504342389565
62,74,907.4156416561541,51.61,855.8056416561541
62,75,69.8398342805227,51.61,18.229834280522695
62,76,64.09791236507759,47.16,16.937912365077594
62,77,63.96198438163155,47.16,16.801984381631556
62,78,85.05926139093859,47.16,37.89926139093859
62,79,65.81350931861331,47.16,18.653509318613317
62,80,52.51094818195859,37.13,15.380948181958587
62,81,52.51094778867625,37.13,15.380947788676245
62,82,52.51094601651146,37.13,15.380946016511459
62,83,52.51094433404799,37.13,15.380944334047989
62,84,34.86870581838781,34.69,0.17870581838781163
62,85,35.313864437157655,34.69,0.6238644371576569
62,86,34.774354009176065,34.69,0.08435400917606728
62,87,34.741394070814025,34.69,0.051394070814026804
62,88,31.822750823399065,31.8,0.022750823399064757
62,89,31.82275058749889,31.8,0.022750587498890695
62,90,31.822750365003746,31.8,0.022750365003744832
62,91,31.822750165639885,31.8,0.0227501656398843
62,92,34.079015738774544,26.21,7.869015738774543
62,93,37.83230402820921,26.21,11.622304028209207
62,94,65.10552591335868,26.21,38.895525913358675
62,95,46.959636822175966,26.21,20.749636822175965
65,0,49.71788808221115,31.0,18.717888082211147
65,1,41.33898337412644,31.0,10.338983374126443
65,2,40.95905427672348,31.0,9.959054276723478
65,3,41.34209024557562,31.0,10.34209024557562
65,4,31.13728478735619,30.94,0.19728478735618893
65,5,41.033303292634386,30.94,10.093303292634385
65,6,37.678756388668674,30.94,6.738756388668673
65,7,37.18786740645682,30.94,6.247867406456816
65,8,36.98157354709507,31.32,5.661573547095067
65,9,35.22235482292649,31.32,3.9023548229264904
65,10,38.81271995051739,31.32,7.49271995051739
65,11,34.82858382782775,31.32,3.5085838278277492
65,12,37.801364647551935,29.03,8.771364647551934
65,13,35.46400620885295,29.03,6.434006208852949
65,14,29.22655897502169,29.03,0.19655897502168784
65,15,34.16182065811844,29.03,5.131820658118436
65,16,29.207770205119893,28.2,1.0077702051198933
65,17,29.209088485134174,28.2,1.0090884851341748
65,18,29.210611696992686,28.2,1.0106116969926866
65,19,29.21239718986333,28.2,1.0123971898633322
65,20,44.76452896445514,43.75,1.0145289644551383
65,21,44.7671366816022,43.75,1.017136681602203
65,22,44.770433112022886,43.75,1.0204331120228858
65,23,44.774685651984385,43.75,1.0246856519843845
65,24,90.73707525923075,51.79,38.94707525923075
65,25,90.73707589873558,51.79,38.947075898735584
65,26,90.7370768337743,51.79,38.9470768337743
65,27,90.73707719899976,51.79,38.94707719899976
65,28,91.34707738003387,52.4,38.94707738003387
65,29,91.3470774598263,52.4,38.947077459826296
65,30,91.34707749921185,52.4,38.94707749921185
65,31,91.34707752762833,52.4,38.94707752762833
65,32,88.367077545542,49.42,38.947077545542
65,33,88.36707755746312,49.42,38.94707755746312
65,34,88.89869228253625,49.42,39.478692282536244
65,35,88.36707757285723,49.42,38.947077572857225
65,36,88.32707757884282,49.38,38.947077578842816
65,37,88.32707759598273,49.38,38.94707759598273
65,38,88.32707853285679,49.38,38.947078532856786
65,39,88.32707773954203,49.38,38.94707773954203
65,40,85.32707765181328,46.38,38.94707765181328
65,41,85.32707764100485,46.38,38.947077641004846
65,42,85.32707759242398,46.38,38.94707759242397
65,43,85.32707759829609,46.38,38.94707759829608
65,44,75.22707758630276,36.28,38.947077586302754
65,45,75.22707758749405,36.28,38.94707758749405
65,46,75.2270775843251,36.28,38.9470775843251
65,47,75.22707758556865,36.28,38.94707758556865
65,48,74.52707759023849,35.58,38.94707759023849
65,49,74.52707758818282,35.58,38.94707758818282
65,50,74.52707758515778,35.58,38.947077585157786
65,51,74.52707759238933,35.58,38.947077592389334
65,52,35.66193734652502,35.22,0.44193734652502314
65,53,35.66315725595663,35.22,0.4431572559566277
65,54,35.66325347924996,35.22,0.44325347924996095
65,55,35.66317657884232,35.22,0.4431765788423192
65,56,35.36295924435485,34.92,0.4429592443548458
65,57,35.36402182310677,34.92,0.4440218231067661
65,58,41.27899984095918,34.92,6.358999840959179
65,59,45.494693880868226,34.92,10.574693880868224
65,60,97.2304769060112,34.76,62.47047690601121
65,61,93.90522143465824,34.76,59.14522143465825
65,62,78.8545291630177,34.76,44.094529163017704
65,63,118.08300913944947,34.76,83.32300913944948
65,64,85.78768866238943,40.47,45.31768866238943
65,65,85.01790374828414,40.47,44.54790374828414
65,66,2997.417732692804,40.47,2956.947732692804
65,67,84.85961151233752,40.47,44.389611512337524
65,68,98.37033990341585,48.01,50.360339903415856
65,69,94.40012382605514,48.01,46.39012382605514
65,70,90.47216895395297,48.01,42.462168953952975
65,71,3944.1218701961066,48.01,3896.1118701961063
65,72,93.32328519115951,51.61,41.713285191159514
65,73,1873.1981914853764,51.61,1821.5881914853765
65,74,2266.300379165216,51.61,2214.6903791652157
65,75,93.46237864613391,51.61,41.852378646133914
65,76,87.69423876571855,47.16,40.534238765718555
65,77,87.54400205239904,47.16,40.38400205239904
65,78,109.53411466971923,47.16,62.37411466971923
65,79,89.47659075894214,47.16,42.31659075894214
65,80,76.07707763881461,37.13,38.94707763881461
65,81,76.07707760872293,37.13,38.94707760872293
65,82,76.07707760414606,37.13,38.94707760414605
65,83,76.07707760658971,37.13,38.94707760658971
65,84,73.63707760157132,34.69,38.94707760157132
65,85,74.13805788466554,34.69,39.448057884665545
65,86,73.63707758378982,34.69,38.94707758378982
65,87,73.63707752240265,34.69,38.94707752240265
65,88,33.87396812447005,31.8,2.0739681244700527
65,89,33.87346359226313,31.8,2.0734635922631277
65,90,33.873174801887004,31.8,2.073174801887003
65,91,33.87297546021149,31.8,2.0729754602114916
65,92,35.76350350775426,26.21,9.553503507754257
65,93,39.86751750663389,26.21,13.657517506633887
65,94,67.50684968714822,26.21,41.29684968714822
65,95,49.144245211795635,26.21,22.934245211795634
68,0,50.08148179706188,31.0,19.081481797061883
68,1,41.67953282860525,31.0,10.679532828605247
68,2,41.29433342146646,31.0,10.294333421466462
68,3,41.678817797204765,31.0,10.678817797204765
68,4,31.178777383200174,30.94,0.23877738320017272
68,5,41.36831669748114,30.94,10.42831669748114
68,6,37.87755566815763,30.94,6.937555668157632
68,7,37.36768397187474,30.94,6.427683971874739
68,8,37.14059995332784,31.32,5.820599953327843
68,9,35.326505460000654,31.32,4.006505460000653
68,10,39.0474364460024,31.32,7.7274364460024
68,11,34.92590775719025,31.32,3.605907757190252
68,12,38.08937538155044,29.03,9.059375381550439
68,13,35.64666302679951,29.03,6.6166630267995075
68,14,29.26881237031418,29.03,0.23881237031417868
68,15,34.30416176368689,29.03,5.274161763686891
68,16,29.535392912611584,28.2,1.335392912611585
68,17,29.535612501681687,28.2,1.3356125016816875
68,18,29.53569806199069,28.2,1.3356980619906906
68,19,29.535716953563455,28.2,1.3357169535634554
68,20,89.12055137406476,43.75,45.37055137406476
68,21,89.12055721110467,43.75,45.37055721110467
68,22,89.12056231247031,43.75,45.37056231247031
68,23,89.12056673040043,43.75,45.37056673040043
68,24,97.16057040690181,51.79,45.37057040690181
68,25,97.16057324753473,51.79,45.37057324753473
68,26,97.16057572719458,51.79,45.370575727194584
68,27,97.16057773816473,51.79,45.370577738164734
68,28,97.77057948656399,52.4,45.37057948656399
68,29,97.77058055393172,52.4,45.370580553931724
68,30,97.77058090115611,52.4,45.37058090115611
68,31,97.77058100710198,52.4,45.37058100710198
68,32,94.79058110682132,49.42,45.37058110682132
68,33,94.79058119662457,49.42,45.37058119662457
68,34,95.31932099834565,49.42,45.899320998345644
68,35,94.7905813376864,49.42,45.3705813376864
68,36,94.75058138897921,49.38,45.37058138897921
68,37,94.75058142548176,49.38,45.37058142548175
68,38,94.7505814604639,49.38,45.3705814604639
68,39,94.75058149177342,49.38,45.370581491773414
68,40,91.75058152210138,46.38,45.37058152210138
68,41,91.7505815489032,46.38,45.370581548903196
68,42,91.75058157217777,46.38,45.37058157217776
68,43,91.75058159104054,46.38,45.37058159104054
68,44,81.65058160416658,36.28,45.370581604166574
68,45,81.65058187758197,36.28,45.37058187758197
68,46,81.65058162732295,36.28,45.37058162732295
68,47,81.65058162792623,36.28,45.37058162792623
68,48,80.95058162560142,35.58,45.37058162560142
68,49,80.95058162856884,35.58,45.37058162856884
68,50,80.95058163147144,35.58,45.37058163147144
68,51,80.95037323556738,35.58,45.370373235567385
68,52,80.5905816384005,35.22,45.370581638400495
68,53,80.59058163736823,35.22,45.37058163736823
68,54,80.59058163854158,35.22,45.37058163854158
68,55,80.59058163828037,35.22,45.37058163828037
68,56,80.290581639263,34.92,45.370581639262994
68,57,80.29058164130234,34.92,45.37058164130234
68,58,85.22705139647864,34.92,50.30705139647864
68,59,88.74513551064707,34.92,53.82513551064707
68,60,103.89850909000691,34.76,69.13850909000692
68,61,100.47365925644334,34.76,65.71365925644335
68,62,85.28013451129038,34.76,50.52013451129039
68,63,124.6005814508176,34.76,89.84058145081761
68,64,92.28065816001151,40.47,51.81065816001151
68,65,91.48332595348668,40.47,51.013325953486685
68,66,4346.784891796584,40.47,4306.314891796584
68,67,91.31824564483148,40.47,50.84824564483148
68,68,104.86690812541138,48.01,56.85690812541139
68,69,100.90633595403213,48.01,52.89633595403213
68,70,96.91611828980419,48.01,48.90611828980419
68,71,6816.2520786347695,48.01,6768.242078634769
68,72,99.7783111033935,51.61,48.168311103393506
68,73,2697.0094293341563,51.61,2645.399429334156
68,74,3271.2352034317814,51.61,3219.6252034317813
68,75,99.92195751455785,51.61,48.31195751455785
68,76,94.13824671065484,47.16,46.978246710654844
68,77,93.98468712684159,47.16,46.824687126841596
68,78,116.14797678378763,47.16,68.98797678378763
68,79,95.92311108209032,47.16,48.76311108209032
68,80,82.50058164774799,37.13,45.37058164774799
68,81,82.50058164729819,37.13,45.37058164729819
68,82,82.50058164702881,37.13,45.37058164702881
68,83,82.50058164602189,37.13,45.37058164602188
68,84,80.06058164481085,34.69,45.370581644810855
68,85,80.56607108702144,34.69,45.876071087021444
68,86,80.06058164365963,34.69,45.370581643659634
68,87,80.06058164263338,34.69,45.37058164263338
68,88,77.17058164135456,31.8,45.37058164135456
68,89,77.17058164010089,31.8,45.370581640100895
68,90,77.17058163861542,31.8,45.37058163861542
68,91,77.17058163739718,31.8,45.37058163739718
68,92,36.07747732400435,26.21,9.867477324004348
68,93,83.28134664782823,26.21,57.07134664782823
68,94,111.11944244891848,26.21,84.90944244891847
68,95,92.48925694816239,26.21,66.27925694816238
74,0,52.62724934200018,31.0,21.627249342000177
74,1,42.53346061205571,31.0,11.533460612055713
74,2,98.51206185612638,31.0,67.51206185612638
74,3,98.88305321130058,31.0,67.88305321130058
74,4,31.381192310040785,30.94,0.4411923100407833
74,5,42.18077914173362,30.94,11.240779141733622
74,6,38.27683120312882,30.94,7.3368312031288205
74,7,37.72857178508512,30.94,6.7885717850851215
74,8,37.46137709521838,31.32,6.141377095218381
74,9,35.545716771870225,31.32,4.225716771870225
74,10,39.517019753743185,31.32,8.197019753743184
74,11,35.107479704558905,31.32,3.787479704558905
74,12,38.70142176323588,29.03,9.671421763235877
74,13,36.02294434687641,29.03,6.992944346876406
74,14,29.474716608929775,29.03,0.4447166089297738
74,15,34.59752100435816,29.03,5.567521004358156
74,16,86.73270687330451,28.2,58.532706873304505
74,17,86.73270700922298,28.2,58.532707009222975
74,18,86.73270714980282,28.2,58.53270714980282
74,19,86.73270728882513,28.2,58.53270728882512
74,20,102.28270743349898,43.75,58.532707433498985
74,21,102.28270757425821,43.75,58.53270757425821
74,22,102.28270769541402,43.75,58.53270769541402
74,23,102.28270778060988,43.75,58.53270778060988
74,24,110.32270784319809,51.79,58.53270784319809
74,25,110.32270788878611,51.79,58.53270788878611
74,26,110.32270793575265,51.79,58.53270793575265
74,27,110.3227079757527,51.79,58.53270797575271
74,28,110.93270800737722,52.4,58.53270800737722
74,29,110.93270803583785,52.4,58.53270803583785
74,30,110.9327080591884,52.4,58.5327080591884
74,31,110.93270807782639,52.4,58.53270807782639
74,32,107.95270809463935,49.42,58.53270809463935
74,33,107.95270810765436,49.42,58.53270810765436
74,34,108.48052318162723,49.42,59.06052318162723
74,35,107.95270813606902,49.42,58.53270813606902
74,36,107.91270814575114,49.38,58.53270814575114
74,37,107.91270815064112,49.38,58.53270815064112
74,38,107.91270815908433,49.38,58.53270815908433
74,39,107.91270816541063,49.38,58.53270816541063
74,40,104.91270817493313,46.38,58.53270817493313
74,41,104.9127081799816,46.38,58.532708179981604
74,42,104.91270818221972,46.38,58.532708182219714
74,43,104.91270818687579,46.38,58.53270818687579
74,44,94.812708192079,36.28,58.532708192079
74,45,94.81270819589449,36.28,58.532708195894486
74,46,94.81270819919601,36.28,58.53270819919601
74,47,94.8127082035385,36.28,58.532708203538505
74,48,94.11270820438097,35.58,58.53270820438097
74,49,94.11270820864736,35.58,58.532708208647364
74,50,94.11270820870814,35.58,58.532708208708144
74,51,94.1127082120565,35.58,58.532708212056505
74,52,93.75270821493501,35.22,58.53270821493501
74,53,93.75270821773356,35.22,58.53270821773356
74,54,93.75270821724554,35.22,58.53270821724554
74,55,93.75270821897436,35.22,58.53270821897436
74,56,93.45270822044745,34.92,58.53270822044745
74,57,93.45270822278403,34.92,58.532708222784024
74,58,98.38675573345753,34.92,63.46675573345753
74,59,101.90210611923948,34.92,66.98210611923948
74,60,117.05008349688558,34.76,82.29008349688559
74,61,113.64765224910721,34.76,78.88765224910722
74,62,98.44195645584392,34.76,63.681956455843924
74,63,137.80590279747148,34.76,103.04590279747148
74,64,105.450487022845,40.47,64.980487022845
74,65,104.6772279239087,40.47,64.2072279239087
74,66,6133.0447311667795,40.47,6092.574731166779
74,67,104.5056336940983,40.47,64.0356336940983
74,68,118.07766506212602,48.01,70.06766506212603
74,69,114.07881411132047,48.01,66.06881411132048
74,70,110.09164666227448,48.01,62.08164666227449
74,71,9626.281600489452,48.01,9578.271600489452
74,72,112.94905749648828,51.61,61.33905749648828
74,73,3788.7758723267552,51.61,3737.165872326755
74,74,4597.207268887321,51.61,4545.597268887322
74,75,113.0924565735807,51.61,61.482456573580706
74,76,107.30276134974423,47.16,60.142761349744234
74,77,107.16048303966778,47.16,60.000483039667785
74,78,129.4061623938557,47.16,82.24616239385571
74,79,109.09653986730413,47.16,61.936539867304134
74,80,95.66270823534506,37.13,58.53270823534506
74,81,95.66270823182442,37.13,58.53270823182442
74,82,95.66270822995861,37.13,58.53270822995861
74,83,95.66270823045045,37.13,58.532708230450446
74,84,93.22270823139931,34.69,58.53270823139931
74,85,93.72930721118769,34.69,59.03930721118769
74,86,93.22270822901805,34.69,58.532708229018056
74,87,93.22270822847037,34.69,58.53270822847037
74,88,90.33270822790529,31.8,58.53270822790529
74,89,90.33270822839542,31.8,58.53270822839542
74,90,90.33270822600477,31.8,58.53270822600477
74,91,90.33270822513471,31.8,58.53270822513471
74,92,92.67803537387562,26.21,66.46803537387561
74,93,96.45113429535675,26.21,70.24113429535674
74,94,124.33832053741946,26.21,98.12832053741946
74,95,105.66628199686298,26.21,79.45628199686297
