node,t,dlmp_signal,spot_eur_mwh,adder_signal
8,0,36.102736143991216,31.0,5.102736143991216
8,1,38.356603613947854,31.0,7.356603613947854
8,2,31.873306780634486,31.0,0.8733067806344863
8,3,37.48655721511737,31.0,6.486557215117372
8,4,31.83632927087937,30.94,0.8963292708793702
8,5,39.68889458836847,30.94,8.748894588368469
8,6,36.54167848634236,30.94,5.601678486342362
8,7,36.11920798633238,30.94,5.179207986332376
8,8,35.99340335739106,31.32,4.673403357391059
8,9,34.520837235481125,31.32,3.2008372354811243
8,10,37.59732602059261,31.32,6.277326020592611
8,11,34.19330126585843,31.32,2.87330126585843
8,12,36.50775395152637,29.03,7.477753951526367
8,13,34.38265712303961,29.03,5.352657123039606
8,14,30.002615655961385,29.03,0.9726156559613841
8,15,33.26292552086743,29.03,4.2329255208674255
8,16,28.846411579299055,28.2,0.6464115792990555
8,17,28.84784217635438,28.2,0.6478421763543807
8,18,28.84952554384991,28.2,0.6495255438499115
8,19,28.851559892311858,28.2,0.6515598923118588
8,20,44.404132907545524,43.75,0.6541329075455238
8,21,44.40413308874618,43.75,0.6541330887461783
8,22,44.41033849297825,43.75,0.6603384929782479
8,23,44.42831603429896,43.75,0.6783160342989589
8,24,52.72046864488666,51.79,0.930468644886659
8,25,52.720468748186626,51.79,0.9304687481866267
8,26,52.720468774549545,51.79,0.9304687745495457
8,27,52.720468782894,51.79,0.9304687828940033
8,28,53.33046879062548,52.4,0.9304687906254827
8,29,53.33046879609524,52.4,0.9304687960952407
8,30,53.330468801641935,52.4,0.9304688016419362
8,31,53.33046880874925,52.4,0.9304688087492536
8,32,50.35046881384531,49.42,0.9304688138453088
8,33,50.35046882401584,49.42,0.9304688240158399
8,34,51.34029400584453,49.42,1.920294005844525
8,35,50.35046885688182,49.42,0.9304688568818165
8,36,50.310468865326264,49.38,0.9304688653262616
8,37,50.310468826498656,49.38,0.9304688264986538
8,38,50.31046882817305,49.38,0.9304688281730478
8,39,50.31046882680268,49.38,0.9304688268026808
8,40,47.310468828438175,46.38,0.9304688284381726
8,41,47.31046883075765,46.38,0.930468830757647
8,42,47.31046882991246,46.38,0.9304688299124564
8,43,47.31046883092605,46.38,0.9304688309260456
8,44,37.21046882971368,36.28,0.930468829713682
8,45,37.21046882756793,36.28,0.9304688275679283
8,46,37.210468830729674,36.28,0.9304688307296729
8,47,37.210468830706226,36.28,0.930468830706225
8,48,36.51046882934491,35.58,0.9304688293449104
8,49,36.51046883071288,35.58,0.9304688307128828
8,50,36.51046882817225,35.58,0.930468828172252
8,51,36.51046882879868,35.58,0.9304688287986806
8,52,36.44677236887263,35.22,1.2267723688726306
8,53,36.44681139204346,35.22,1.2268113920434587
8,54,36.447124164010184,35.22,1.2271241640101849
8,55,36.15046881179628,35.22,0.9304688117962812
8,56,35.85046882800172,34.92,0.9304688280017217
8,57,35.85046883179522,34.92,0.930468831795217
8,58,40.91207839644835,34.92,5.992078396448349
8,59,44.07552245375242,34.92,9.155522453752418
8,60,59.40279034050527,34.76,24.64279034050527
8,61,45.84916929246542,34.76,11.08916929246542
8,62,36.65687043915372,34.76,1.896870439153723
8,63,78.12226034439834,34.76,43.362260344398344
8,64,48.49305843214839,40.47,8.023058432148389
8,65,46.92888487467321,40.47,6.45888487467321
8,66,67.4318026323303,40.47,26.961802632330304
8,67,46.90556127628937,40.47,6.43556127628937
8,68,60.04593975066379,48.01,12.035939750663793
8,69,56.45227662534039,48.01,8.44227662534039
8,70,52.81576882446573,48.01,4.80576882446573
8,71,86.30708462759083,48.01,38.29708462759083
8,72,55.42514842844508,51.61,3.8151484284450774
8,73,70.90769246876006,51.61,19.29769246876006
8,74,81.06835207180725,51.61,29.458352071807255
8,75,55.57821203476589,51.61,3.968212034765891
8,76,49.96118516402154,47.16,2.801185164021547
8,77,49.726016119964854,47.16,2.566016119964857
8,78,76.34481870605907,47.16,29.184818706059076
8,79,51.535617411738016,47.16,4.37561741173802
8,80,38.060468826938305,37.13,0.9304688269383021
8,81,38.06046883792312,37.13,0.9304688379231152
8,82,38.06046882168917,37.13,0.9304688216891677
8,83,38.060468817946564,37.13,0.9304688179465614
8,84,35.62046881247933,34.69,0.930468812479333
8,85,35.62046881175125,34.69,0.9304688117512541
8,86,35.62046880747813,34.69,0.9304688074781353
8,87,35.6204687910177,34.69,0.9304687910177023
8,88,33.98702600607337,31.8,2.1870260060733706
8,89,32.03621553069031,31.8,0.23621553069031265
8,90,32.03971946525681,31.8,0.2397194652568082
8,91,32.04464250256475,31.8,0.24464250256474784
8,92,26.209203926068525,26.21,-0.0007960739314754051
8,93,26.20920392516818,26.21,-0.0007960748318218691
8,94,38.403262991169385,26.21,12.193262991169384
8,95,26.209203923263818,26.21,-0.0007960767361829824
10,0,35.35548542736193,31.0,4.355485427361927
10,1,37.67986243995777,31.0,6.679862439957773
10,2,31.159933814404845,31.0,0.15993381440484455
10,3,36.78860568327748,31.0,5.788605683277481
10,4,31.111813620034734,30.94,0.1718136200347331
10,5,39.03159781637838,30.94,8.091597816378378
10,6,35.80307200756447,30.94,4.863072007564465
10,7,35.35841310339299,30.94,4.418413103392989
10,8,35.2046321232219,31.32,3.8846321232218983
10,9,33.66656298116267,31.32,2.34656298116267
10,10,36.88454569226865,31.32,5.564545692268652
10,11,33.328968695675506,31.32,2.008968695675506
10,12,35.83087616387137,29.03,6.800876163871372
10,13,33.6225503371846,29.03,4.592550337184598
10,14,29.241833176573785,29.03,0.21183317657378353
10,15,32.43686326367887,29.03,3.406863263678872
10,16,28.198344397981185,28.2,-0.0016556020188147613
10,17,28.198736012650595,28.2,-0.0012639873494038056
10,18,28.199131372295568,28.2,-0.0008686277044311908
10,19,28.199529470538,28.2,-0.00047052946199954704
10,20,43.74992940318119,43.75,-7.059681880861035e-05
10,21,43.74998164423376,43.75,-1.8355766236766158e-05
10,22,43.74998372238921,43.75,-1.627761078992762e-05
10,23,43.749983878499066,43.75,-1.6121500934218602e-05
10,24,51.78998394371287,51.79,-1.6056287130084e-05
10,25,51.7899839774643,51.79,-1.602253569643608e-05
10,26,51.78998400504124,51.79,-1.599495875836965e-05
10,27,51.789984021838,51.79,-1.5978161997054485e-05
10,28,52.39998403263643,52.4,-1.5967363566460335e-05
10,29,52.3999840405936,52.4,-1.5959406397314524e-05
10,30,52.39998404819639,52.4,-1.5951803611358173e-05
10,31,52.39998405473369,52.4,-1.5945266305550376e-05
10,32,49.41998406013544,49.42,-1.5939864560721162e-05
10,33,49.419984064957546,49.42,-1.59350424553395e-05
10,34,50.409692337017866,49.42,0.9896923370178641
10,35,49.41998407448943,49.42,-1.592551057427727e-05
10,36,49.37998407775295,49.38,-1.5922247051491922e-05
10,37,49.379984081717446,49.38,-1.5918282556981467e-05
10,38,49.37998408536373,49.38,-1.5914636271929794e-05
10,39,49.379984088538656,49.38,-1.591146134671817e-05
10,40,46.379984091609465,46.38,-1.5908390537333617e-05
10,41,46.379984094543985,46.38,-1.590545601715121e-05
10,42,46.37998409728619,46.38,-1.5902713812465663e-05
10,43,46.379984099607,46.38,-1.5900393002254987e-05
10,44,36.27998410094646,36.28,-1.589905354393295e-05
10,45,36.279984102388106,36.28,-1.5897611895354657e-05
10,46,36.27998410519346,36.28,-1.5894806537630757e-05
10,47,36.27998410537365,36.28,-1.5894626351098395e-05
10,48,35.57998410616458,35.58,-1.589383541755751e-05
10,49,35.57998410749878,35.58,-1.589250121725172e-05
10,50,35.579984109014006,35.58,-1.589098599197314e-05
10,51,35.579984110491154,35.58,-1.5889508844679767e-05
10,52,35.21998411140449,35.22,-1.5888595505941794e-05
10,53,35.21998411221931,35.22,-1.588778069105956e-05
10,54,35.219984114087815,35.22,-1.588591218393276e-05
10,55,35.219984115710645,35.22,-1.5884289354062275e-05
10,56,34.919984117460054,34.92,-1.5882539948108843e-05
10,57,34.919984117905294,34.92,-1.588209470781976e-05
10,58,39.98726086189771,34.92,5.067260861897708
10,59,43.154774129079094,34.92,8.234774129079092
10,60,58.49997373556063,34.76,23.739973735560632
10,61,44.93072542288457,34.76,10.170725422884573
10,62,35.727563195520425,34.76,0.9675631955204267
10,63,77.22941661726111,34.76,42.46941661726111
10,64,47.56837981383919,40.47,7.098379813839188
10,65,46.00391174135696,40.47,5.53391174135696
10,66,66.52273479805694,40.47,26.052734798056946
10,67,45.98249518430037,40.47,5.51249518430037
10,68,59.12926986612701,48.01,11.119269866127013
10,69,55.53127326485752,48.01,7.52127326485752
10,70,51.892344845756334,48.01,3.882344845756336
10,71,85.40870359654863,48.01,37.398703596548636
10,72,54.499759729560736,51.61,2.889759729560737
10,73,69.99987783380155,51.61,18.38987783380155
10,74,80.17847595378369,51.61,28.56847595378369
10,75,54.65421453925752,51.61,3.044214539257517
10,76,48.64454949231631,47.16,1.4845494923163116
10,77,48.79872046742632,47.16,1.6387204674263245
10,78,75.49166419600381,47.16,28.331664196003814
10,79,50.61146808481207,47.16,3.4514680848120705
10,80,37.12998412861846,37.13,-1.5871381542353902e-05
10,81,37.1299841295244,37.13,-1.5870475600365808e-05
10,82,37.12998412859155,37.13,-1.5871408450607305e-05
10,83,37.129984129515876,37.13,-1.5870484126878637e-05
10,84,34.68998412562512,34.69,-1.5874374881263975e-05
10,85,34.68998412420518,34.69,-1.5875794815656263e-05
10,86,34.68998412417428,34.69,-1.587582571715984e-05
10,87,34.68998412513431,34.69,-1.58748656886587e-05
10,88,33.912402433768555,31.8,2.1124024337685547
10,89,31.799984121494692,31.8,-1.5878505308819513e-05
10,90,32.04314374235867,31.8,0.2431437423586722
10,91,31.799984121661357,31.8,-1.5878338643915413e-05
10,92,26.209984120469244,26.21,-1.5879530756990334e-05
10,93,26.209984119836417,26.21,-1.588016358411437e-05
10,94,38.42645851495916,26.21,12.216458514959157
10,95,26.20998411821025,26.21,-1.5881789749983e-05
11,0,36.114424836610354,31.0,5.114424836610354
11,1,38.365947660323435,31.0,7.365947660323435
11,2,31.89274733052651,31.0,0.892747330526511
11,3,37.49449908562527,31.0,6.494499085625272
11,4,31.856562715361914,30.94,0.9165627153619127
11,5,39.69784888810482,30.94,8.75784888810482
11,6,36.54673013329911,30.94,5.606730133299106
11,7,36.125606534794116,30.94,5.185606534794115
11,8,35.99951451077653,31.32,4.679514510776528
11,9,34.53053400015927,31.32,3.210534000159271
11,10,37.60254745324952,31.32,6.282547453249521
11,11,34.20379323375185,31.32,2.8837932337518524
11,12,36.51271634544615,29.03,7.48271634544615
11,13,34.38851237999783,29.03,5.358512379997826
11,14,30.025170031039906,29.03,0.9951700310399048
11,15,33.27005734550601,29.03,4.24005734550601
11,16,28.850436585119944,28.2,0.6504365851199445
11,17,28.851980159974786,28.2,0.6519801599747872
11,18,28.851980456274504,28.2,0.6519804562745044
11,19,28.854140905399934,28.2,0.6541409053999345
11,20,44.40676003764605,43.75,0.6567600376460518
11,21,44.40676014332542,43.75,0.6567601433254211
11,22,44.40676024789207,43.75,0.6567602478920733
11,23,44.411508437983,43.75,0.6615084379830023
11,24,52.75376449768574,51.79,0.9637644976857374
11,25,52.75376456129905,51.79,0.9637645612990511
11,26,52.753764580196666,51.79,0.963764580196667
11,27,52.75376458856624,51.79,0.9637645885662423
11,28,53.3637645963251,52.4,0.9637645963250989
11,29,53.36376460143328,52.4,0.963764601433283
11,30,53.36376460664994,52.4,0.9637646066499386
11,31,53.36376461371199,52.4,0.9637646137119944
11,32,50.383764618508025,49.42,0.9637646185080229
11,33,50.38376463206198,49.42,0.9637646320619808
11,34,51.383311599036645,49.42,1.9633115990366434
11,35,50.37155219964891,49.42,0.9515521996489085
11,36,50.3315534870042,49.38,0.9515534870041975
11,37,50.343764631162706,49.38,0.9637646311627037
11,38,50.343764633374,49.38,0.963764633373998
11,39,50.34376463090504,49.38,0.9637646309050396
11,40,47.343764633015354,46.38,0.9637646330153515
11,41,47.34376463663326,46.38,0.9637646366332575
11,42,47.343764634777145,46.38,0.9637646347771422
11,43,47.34376463625383,46.38,0.9637646362538277
11,44,37.24376463395913,36.28,0.9637646339591299
11,45,37.24376463072572,36.28,0.9637646307257199
11,46,37.24376463522319,36.28,0.9637646352231855
11,47,37.24376463501269,36.28,0.9637646350126872
11,48,36.54376463273451,35.58,0.9637646327345095
11,49,36.543764634737705,35.58,0.9637646347377071
11,50,36.54376463083869,35.58,0.9637646308386891
11,51,36.543764631570106,35.58,0.9637646315701076
11,52,36.442557709200166,35.22,1.2225577092001672
11,53,36.44262625235265,35.22,1.2226262523526543
11,54,36.44282064839272,35.22,1.2228206483927195
11,55,36.44280653993059,35.22,1.2228065399305876
11,56,35.88376462677941,34.92,0.9637646267794082
11,57,36.143118465327035,34.92,1.2231184653270333
11,58,40.95714385170007,34.92,6.0371438517000655
11,59,44.15992871360433,34.92,9.239928713604328
11,60,59.492887185334546,34.76,24.732887185334548
11,61,45.89679379481489,34.76,11.136793794814892
11,62,36.69039390167833,34.76,1.930393901678329
11,63,78.25420551208666,34.76,43.49420551208666
11,64,48.53691536317121,40.47,8.066915363171212
11,65,46.972457467637334,40.47,6.502457467637335
11,66,67.52646689576159,40.47,27.056466895761588
11,67,46.94689166055212,40.47,6.47689166055212
11,68,60.100312369452766,48.01,12.090312369452768
11,69,56.49719091830734,48.01,8.487190918307341
11,70,52.856187513077636,48.01,4.846187513077638
11,71,86.42930334859054,48.01,38.41930334859054
11,72,55.46248788564034,51.61,3.8524878856403433
11,73,70.98146436822421,51.61,19.37146436822421
11,74,81.1668136065535,51.61,29.556813606553504
11,75,55.61672897856724,51.61,4.006728978567239
11,76,49.99804712769768,47.16,2.838047127697685
11,77,49.76308520447134,47.16,2.6030852044713413
11,78,76.4515922312959,47.16,29.29159223129591
11,79,51.57678217936143,47.16,4.416782179361434
11,80,38.09376463446273,37.13,0.9637646344627271
11,81,38.09376470773585,37.13,0.963764707735848
11,82,38.09376462817389,37.13,0.963764628173891
11,83,38.09376462422665,37.13,0.9637646242266484
11,84,35.653764618634185,34.69,0.9637646186341868
11,85,35.65376461935667,34.69,0.9637646193566738
11,86,35.65376461659542,34.69,0.9637646165954195
11,87,35.65376460137932,34.69,0.9637646013793244
11,88,33.99030547821522,31.8,2.190305478215219
11,89,32.036515088884556,31.8,0.23651508888455552
11,90,32.03996887403097,31.8,0.23996887403096778
11,91,32.04485389555053,31.8,0.2448538955505306
11,92,26.20916183876505,26.21,-0.0008381612349523948
11,93,26.209161838618634,26.21,-0.0008381613813668309
11,94,38.4373549157498,26.21,12.2273549157498
11,95,26.209161835665387,26.21,-0.0008381643346133671
16,0,354.02577152152685,31.0,323.02577152152685
16,1,527.3059216735343,31.0,496.30592167353427
16,2,30.999996012028912,31.0,-3.987971087582309e-06
16,3,460.98752184237486,31.0,429.98752184237486
16,4,30.727918719575154,30.94,-0.2120812804248473
16,5,632.6479878072789,30.94,601.7079878072789
16,6,391.985830600212,30.94,361.045830600212
16,7,358.43873469244636,30.94,327.49873469244636
16,8,318.54779969931883,31.32,287.22779969931884
16,9,200.94609030569822,31.32,169.62609030569823
16,10,444.63068355266546,31.32,413.31068355266547
16,11,174.68308901902523,31.32,143.36308901902524
16,12,534.7659787593863,29.03,505.7359787593863
16,13,369.8422010523442,29.03,340.8122010523442
16,14,28.818004778977425,29.03,-0.21199522102257617
16,15,280.1053985078147,29.03,251.0753985078147
16,16,28.19999601219023,28.2,-3.987809769512296e-06
16,17,28.19999601232687,28.2,-3.987673128591496e-06
16,18,28.199996012471452,28.2,-3.987528547355623e-06
16,19,28.199996012637925,28.2,-3.987362074298062e-06
16,20,43.74999601277801,43.75,-3.987221987244993e-06
16,21,43.74999601288266,43.75,-3.9871173385108705e-06
16,22,43.74999601301529,43.75,-3.9869847086038135e-06
16,23,43.74999601315033,43.75,-3.986849669956882e-06
16,24,51.78999601330279,51.79,-3.98669720880207e-06
16,25,51.789996013404476,51.79,-3.986595523031156e-06
16,26,51.78999601353944,51.79,-3.986460562543925e-06
16,27,51.78999601365298,51.79,-3.986347017814751e-06
16,28,52.39999601381655,52.4,-3.986183450876979e-06
16,29,52.39999601398288,52.4,-3.986017119927965e-06
16,30,52.399996014058424,52.4,-3.985941575024299e-06
16,31,52.39999601415554,52.4,-3.985844458043175e-06
16,32,49.41999601420479,49.42,-3.98579521032616e-06
16,33,49.419996014334174,49.42,-3.985665827599405e-06
16,34,50.41333724449721,49.42,0.9933372444972051
16,35,49.41999601452092,49.42,-3.9854790827575926e-06
16,36,49.37999601458892,49.38,-3.98541108381778e-06
16,37,49.37999601469292,49.38,-3.985307081677547e-06
16,38,49.37999601479191,49.38,-3.985208095969028e-06
16,39,49.37999601488063,49.38,-3.985119370497614e-06
16,40,46.379996015012196,46.38,-3.984987806404661e-06
16,41,46.379996015159946,46.38,-3.984840056148187e-06
16,42,46.37999601530103,46.38,-3.984698970782574e-06
16,43,46.37999601545051,46.38,-3.984549493907252e-06
16,44,36.279996015494206,36.28,-3.984505795529003e-06
16,45,36.2799960166722,36.28,-3.983327800938241e-06
16,46,36.279996015875504,36.28,-3.984124496980712e-06
16,47,36.27999601581422,36.28,-3.9841857812916714e-06
16,48,35.57999601627678,35.58,-3.983723217970692e-06
16,49,35.57999601568712,35.58,-3.984312876070817e-06
16,50,35.57999601563236,35.58,-3.984367637599462e-06
16,51,35.57999601578078,35.58,-3.984219219432816e-06
16,52,35.21999601566814,35.22,-3.984331861772716e-06
16,53,35.21999601571696,35.22,-3.984283040381342e-06
16,54,35.2199960157496,35.22,-3.9842503980480615e-06
16,55,35.21999601566129,35.22,-3.984338711404689e-06
16,56,34.91999601569258,34.92,-3.984307419102606e-06
16,57,34.91999601580143,34.92,-3.984198571060915e-06
16,58,39.99203540888721,34.92,5.07203540888721
16,59,43.22804724048933,34.92,8.30804724048933
16,60,1674.8881195996134,34.76,1640.1281195996135
16,61,295.07531843969434,34.76,260.31531843969435
16,62,35.73523827878676,34.76,0.9752382787867617
16,63,1974.9225359346094,34.76,1940.1625359346094
16,64,47.63939833869716,40.47,7.169398338697164
16,65,46.03523287297179,40.47,5.565232872971791
16,66,66.65957971839326,40.47,26.18957971839326
16,67,46.00871169124238,40.47,5.5387116912423835
16,68,59.19083781960939,48.01,11.180837819609394
16,69,55.59360318769904,48.01,7.58360318769904
16,70,51.91086346081588,48.01,3.9008634608158843
16,71,85.66435925990257,48.01,37.65435925990257
16,72,54.51022482001735,51.61,2.9002248200173497
16,73,70.16023692064259,51.61,18.55023692064259
16,74,80.48441226853089,51.61,28.87441226853089
16,75,54.67291904534177,51.61,3.062919045341772
16,76,49.057813916104415,47.16,1.8978139161044183
16,77,48.80814580509586,47.16,1.648145805095865
16,78,1325.284726744128,47.16,1278.1247267441279
16,79,50.646760612080435,47.16,3.486760612080438
16,80,37.129996015682856,37.13,-3.984317146432659e-06
16,81,37.12999601563596,37.13,-3.984364042253219e-06
16,82,37.1299960155936,37.13,-3.984406404811125e-06
16,83,37.12999601551073,37.13,-3.984489275410397e-06
16,84,34.689996015447576,34.69,-3.984552421343324e-06
16,85,34.6899960153747,34.69,-3.984625294606303e-06
16,86,34.68999601528131,34.69,-3.9847186883434915e-06
16,87,34.68999601526879,34.69,-3.984731208106496e-06
16,88,181.06183685141977,31.8,149.26183685141976
16,89,31.799996015004066,31.8,-3.984995935013558e-06
16,90,31.79999601489429,31.8,-3.985105710313519e-06
16,91,31.7999960147965,31.8,-3.985203502310242e-06
16,92,26.20999601468499,26.21,-3.985315011334478e-06
16,93,26.20999601453451,26.21,-3.9854654900750575e-06
16,94,495.18123348732297,26.21,468.971233487323
16,95,26.20999601429943,26.21,-3.98570056958647e-06
20,0,1117.967857304915,31.0,1086.967857304915
20,1,1661.1460168913156,31.0,1630.1460168913156
20,2,31.37960604782654,31.0,0.3796060478265417
20,3,1452.9325088649111,31.0,1421.9325088649111
20,4,31.348959328691695,30.94,0.4089593286916937
20,5,1992.0328420608287,30.94,1961.0928420608286
20,6,1235.5926962223402,30.94,1204.6526962223402
20,7,1130.2438670629458,30.94,1099.3038670629458
20,8,1004.0965554767399,31.32,972.7765554767399
20,9,634.8496369998911,31.32,603.5296369998911
20,10,1400.1842024559385,31.32,1368.8642024559385
20,11,552.3069530122416,31.32,520.9869530122415
20,12,1688.5557966063686,29.03,1659.5257966063687
20,13,1170.231855848334,29.03,1141.201855848334
20,14,29.438625204966208,29.03,0.40862520496620647
20,15,888.2127020791557,29.03,859.1827020791558
20,16,99.3657513659739,28.2,71.1657513659739
20,17,99.36575147918924,28.2,71.16575147918924
20,18,99.36575149753274,28.2,71.16575149753274
20,19,99.36575149874545,28.2,71.16575149874545
20,20,114.91575829071058,43.75,71.16575829071058
20,21,114.91575829156605,43.75,71.16575829156605
20,22,114.91575829240382,43.75,71.16575829240382
20,23,114.91575829327302,43.75,71.16575829327302
20,24,122.95575829414676,51.79,71.16575829414677
20,25,122.95575829485503,51.79,71.16575829485504
20,26,122.95575829559559,51.79,71.1657582955956
20,27,122.95575829627137,51.79,71.16575829627138
20,28,123.56575829698556,52.4,71.16575829698556
20,29,123.5657582976554,52.4,71.1657582976554
20,30,123.56575829808077,52.4,71.16575829808076
20,31,123.5657582984905,52.4,71.16575829849049
20,32,120.58575829881855,49.42,71.16575829881855
20,33,120.5857582992499,49.42,71.1657582992499
20,34,121.61634631780436,49.42,72.19634631780436
20,35,120.58575829993525,49.42,71.16575829993525
20,36,120.54575830023907,49.38,71.16575830023908
20,37,120.54575830057334,49.38,71.16575830057334
20,38,120.54575830091628,49.38,71.16575830091628
20,39,120.54575830121331,49.38,71.16575830121332
20,40,117.54575830156028,46.38,71.16575830156029
20,41,117.54575830196688,46.38,71.16575830196689
20,42,117.54575830227921,46.38,71.16575830227922
20,43,117.54575830261274,46.38,71.16575830261274
20,44,107.44575830248179,36.28,71.16575830248179
20,45,107.44575830332953,36.28,71.16575830332953
20,46,107.4457583027994,36.28,71.1657583027994
20,47,107.44575830289337,36.28,71.16575830289337
20,48,106.74575830305295,35.58,71.16575830305295
20,49,106.74575830320327,35.58,71.16575830320328
20,50,106.74575830331942,35.58,71.16575830331942
20,51,106.74575830366047,35.58,71.16575830366047
20,52,106.38575830353533,35.22,71.16575830353533
20,53,106.38575830365961,35.22,71.16575830365962
20,54,106.3857583038219,35.22,71.1657583038219
20,55,106.38575830373408,35.22,71.16575830373408
20,56,106.08575830380087,34.92,71.16575830380087
20,57,106.08575830402097,34.92,71.16575830402097
20,58,111.27333568692649,34.92,76.35333568692648
20,59,114.7141153663274,34.92,79.7941153663274
20,60,5379.39201409254,34.76,5344.63201409254
20,61,920.4584094851423,34.76,885.6984094851423
20,62,106.92988588081158,34.76,72.16988588081159
20,63,6307.826596680807,34.76,6273.0665966808065
20,64,119.13718567176038,40.47,78.66718567176038
20,65,117.39048291119522,40.47,76.92048291119522
20,66,138.73713377283588,40.47,98.26713377283588
20,67,117.34526013529906,40.47,76.87526013529906
20,68,130.78904005637526,48.01,82.77904005637527
20,69,127.0698781722578,48.01,79.05987817225781
20,70,123.2174175136806,48.01,75.20741751368061
20,71,158.48363588371225,48.01,110.47363588371226
20,72,125.76121437195131,51.61,74.15121437195131
20,73,142.1207392013469,51.61,90.51073920134691
20,74,153.23242457552075,51.61,101.62242457552075
20,75,125.96057409744334,51.61,74.35057409744334
20,76,120.32223149544593,47.16,73.16223149544594
20,77,120.04087630584732,47.16,72.88087630584732
20,78,4178.700281905115,47.16,4131.540281905115
20,79,121.99366275445963,47.16,74.83366275445964
20,80,108.29575830471452,37.13,71.16575830471453
20,81,108.29575830468661,37.13,71.16575830468662
20,82,108.29575830467112,37.13,71.16575830467113
20,83,108.29575830458771,37.13,71.16575830458771
20,84,105.85575830454934,34.69,71.16575830454934
20,85,105.85575830450115,34.69,71.16575830450115
20,86,105.85575830440546,34.69,71.16575830440546
20,87,105.85575830444971,34.69,71.16575830444971
20,88,574.6820370926754,31.8,542.8820370926754
20,89,102.96575830418202,31.8,71.16575830418202
20,90,102.96575830410488,31.8,71.16575830410488
20,91,102.96575830402026,31.8,71.16575830402026
20,92,97.37575830394184,26.21,71.16575830394183
20,93,97.37575830378984,26.21,71.16575830378983
20,94,1575.3728200289468,26.21,1549.1628200289467
20,95,97.37575830361305,26.21,71.16575830361305
22,0,1277.1659675124617,31.0,1246.1659675124617
22,1,1943.8497163446166,31.0,1912.8497163446166
22,2,30.781843369729017,31.0,-0.21815663027098253
22,3,1688.4059918795094,31.0,1657.4059918795094
22,4,30.721783644926848,30.94,-0.21821635507315307
22,5,2349.8272215444963,30.94,2318.8872215444962
22,6,1421.7480945948632,30.94,1390.8080945948632
22,7,1292.4796154367702,30.94,1261.5396154367702
22,8,1137.651006541696,31.32,1106.331006541696
22,9,684.5971947764508,31.32,653.2771947764508
22,10,1623.6637712396152,31.32,1592.3437712396153
22,11,583.2973336681072,31.32,551.9773336681071
22,12,1977.9872265708823,29.03,1948.9572265708823
22,13,1341.919646370178,29.03,1312.889646370178
22,14,28.810503891085283,29.03,-0.2194961089147185
22,15,995.9205848895697,29.03,966.8905848895697
22,16,28.199977027054512,28.2,-2.2972945487254037e-05
22,17,28.199982692695727,28.2,-1.730730427240701e-05
22,18,28.199988313869426,28.2,-1.1686130573451692e-05
22,19,28.19999389682007,28.2,-6.103179927663405e-06
22,20,43.749999448031765,43.75,-5.519682346744048e-07
22,21,43.74999944846025,43.75,-5.51539748983032e-07
22,22,43.7499994488605,43.75,-5.511395002599784e-07
22,23,43.749999449289625,43.75,-5.507103750801434e-07
22,24,51.78999944971025,51.79,-5.502897479914282e-07
22,25,51.78999944999997,51.79,-5.500000312963493e-07
22,26,51.78999945036946,51.79,-5.496305419683267e-07
22,27,51.789999450719115,51.79,-5.492808838880592e-07
22,28,52.39999945109681,52.4,-5.489031877914385e-07
22,29,52.3999994514853,52.4,-5.485146985506617e-07
22,30,52.39999945167022,52.4,-5.483297798036801e-07
22,31,52.39999945187672,52.4,-5.481232818738135e-07
22,32,49.41999945201748,49.42,-5.479825233578595e-07
22,33,49.4199994522784,49.42,-5.47721604959861e-07
22,34,50.45299044491545,49.42,1.0329904449154483
22,35,49.41999945262885,49.42,-5.473711510717294e-07
22,36,49.37999945277234,49.38,-5.4722766407167e-07
22,37,49.37999945294707,49.38,-5.470529345075192e-07
22,38,49.37999945314138,49.38,-5.468586223855709e-07
22,39,49.379999453284064,49.38,-5.467159382988029e-07
22,40,46.37999945348943,46.38,-5.465105701318862e-07
22,41,46.37999945378826,46.38,-5.462117442789349e-07
22,42,46.37999945399916,46.38,-5.460008409841066e-07
22,43,46.379999454268805,46.38,-5.45731197121313e-07
22,44,36.27999945399822,36.28,-5.460017789005178e-07
22,45,36.2799994541082,36.28,-5.458918010958769e-07
22,46,36.27999945420726,36.28,-5.457927443330846e-07
22,47,36.27999945426135,36.28,-5.457386507146111e-07
22,48,35.57999945439204,35.58,-5.456079605892228e-07
22,49,35.579999454509945,35.58,-5.454900531276508e-07
22,50,35.579999454590414,35.58,-5.454095841628259e-07
22,51,35.57999945494507,35.58,-5.45054930967126e-07
22,52,35.21999945474336,35.22,-5.452566398389536e-07
22,53,35.21999945484328,35.22,-5.451567162140236e-07
22,54,35.21999945498583,35.22,-5.450141671303754e-07
22,55,35.21999945484791,35.22,-5.451520905808138e-07
22,56,34.91999945488455,34.92,-5.45115454997358e-07
22,57,34.91999945509322,34.92,-5.4490678280672e-07
22,58,40.114047466058736,34.92,5.194047466058734
22,59,43.57395545654715,34.92,8.653955456547145
22,60,6492.847959888795,34.76,6458.087959888795
22,61,1031.224694744852,34.76,996.4646947448521
22,62,35.76666078720888,34.76,1.0066607872088795
22,63,7091.918140572031,34.76,7057.158140572031
22,64,48.000566232976006,40.47,7.530566232976007
22,65,46.24061688331772,40.47,5.770616883317722
22,66,67.63555230540739,40.47,27.165552305407388
22,67,46.194714089825595,40.47,5.724714089825596
22,68,59.65965836123989,48.01,11.649658361239894
22,69,55.9336742227128,48.01,7.923674222712805
22,70,52.06534158161984,48.01,4.055341581619842
22,71,87.42990674077518,48.01,39.41990674077518
22,72,54.60386302338398,51.61,2.9938630233839802
22,73,71.02573101862772,51.61,19.415731018627724
22,74,82.20466185332927,51.61,30.59466185332927
22,75,54.807550564710645,51.61,3.197550564710646
22,76,49.16728136805761,47.16,2.007281368057612
22,77,48.8821520102221,47.16,1.7221520102221035
22,78,5022.436937742443,47.16,4975.276937742443
22,79,50.84656829129738,47.16,3.686568291297384
22,80,37.1299994552387,37.13,-5.447612991815731e-07
22,81,37.12999945516329,37.13,-5.448367090821193e-07
22,82,37.12999945509988,37.13,-5.449001250212859e-07
22,83,37.12999945494294,37.13,-5.450570625953333e-07
22,84,34.68999945477,34.69,-5.452299944863626e-07
22,85,34.68999945463918,34.69,-5.453608196148707e-07
22,86,34.689999454506484,34.69,-5.454935134707739e-07
22,87,34.68999945434341,34.69,-5.456565901340582e-07
22,88,610.4789340422286,31.8,578.6789340422287
22,89,31.799999453652347,31.8,-5.463476533407174e-07
22,90,31.799999453736568,31.8,-5.462634327102478e-07
22,91,31.79999945328266,31.8,-5.467173416207061e-07
22,92,26.209999453327296,26.21,-5.466727053260456e-07
22,93,26.209999453023936,26.21,-5.46976064441651e-07
22,94,1837.2733211033883,26.21,1811.0633211033883
22,95,26.209999452480904,26.21,-5.475190967274557e-07
23,0,1508.4271404680376,31.0,1477.4271404680376
23,1,2297.9473171686486,31.0,2266.9473171686486
23,2,30.781764732357736,31.0,-0.21823526764226386
23,3,1995.2518740448227,31.0,1964.2518740448227
23,4,30.721772649836144,30.94,-0.21822735016385764
23,5,2779.057170803386,30.94,2748.1171708033858
23,6,1679.1842214366204,30.94,1648.2442214366204
23,7,1525.9668062920339,30.94,1495.0268062920338
23,8,1342.453167807932,31.32,1311.133167807932
23,9,805.5525404074319,31.32,774.2325404074319
23,10,1918.453261412583,31.32,1887.1332614125831
23,11,685.4879005156255,31.32,654.1679005156254
23,12,2338.786074515426,29.03,2309.756074515426
23,13,1584.860097520979,29.03,1555.830097520979
23,14,28.81059719331043,29.03,-0.21940280668957257
23,15,1174.8443463132435,29.03,1145.8143463132435
23,16,28.199976193884527,28.2,-2.3806115471813882e-05
23,17,28.19998182337308,28.2,-1.8176626920052286e-05
23,18,28.199987404077117,28.2,-1.259592288249678e-05
23,19,28.199992942127235,28.2,-7.057872764448803e-06
23,20,43.749998443838706,43.75,-1.5561612940473424e-06
23,21,43.74999847072393,43.75,-1.5292760693341734e-06
23,22,43.749998471216166,43.75,-1.5287838337485482e-06
23,23,43.74999847152991,43.75,-1.528470086498146e-06
23,24,51.78999847193786,51.79,-1.528062142597264e-06
23,25,51.789998472200566,51.79,-1.5277994336315714e-06
23,26,51.78999847255956,51.79,-1.527440439019756e-06
23,27,51.78999847290728,51.79,-1.527092720721157e-06
23,28,52.399998473130765,52.4,-1.5268692337144785e-06
23,29,52.39999847337154,52.4,-1.5266284592030388e-06
23,30,52.39999847360386,52.4,-1.5263961401501547e-06
23,31,52.39999847382514,52.4,-1.526174855825957e-06
23,32,49.41999847404937,49.42,-1.525950629854833e-06
23,33,49.419998474261135,49.42,-1.5257388668032945e-06
23,34,50.45537344319129,49.42,1.0353734431912898
23,35,49.419998474695454,49.42,-1.5253045475560612e-06
23,36,49.37999847479997,49.38,-1.5252000338250582e-06
23,37,49.37999847497196,49.38,-1.5250280398504401e-06
23,38,49.37999847519312,49.38,-1.5248068834239348e-06
23,39,49.37999847532581,49.38,-1.5246741895680316e-06
23,40,46.37999847546204,46.38,-1.5245379643147317e-06
23,41,46.37999847574515,46.38,-1.5242548556670954e-06
23,42,46.37999847586425,46.38,-1.5241357544937273e-06
23,43,46.379998476036384,46.38,-1.523963618410562e-06
23,44,36.27999847606795,36.28,-1.5239320489968122e-06
23,45,36.27999847621937,36.28,-1.5237806323398218e-06
23,46,36.27999847637078,36.28,-1.5236292227882586e-06
23,47,36.27999847639263,36.28,-1.523607373599134e-06
23,48,35.57999847642786,35.58,-1.5235721377848677e-06
23,49,35.579998476569784,35.58,-1.523430213978827e-06
23,50,35.57999847667487,35.58,-1.5233251318136354e-06
23,51,35.579998476833936,35.58,-1.5231660626113808e-06
23,52,35.21999847684759,35.22,-1.5231524059799995e-06
23,53,35.219998476905296,35.22,-1.5230947028044284e-06
23,54,35.21999847718393,35.22,-1.5228160705760274e-06
23,55,35.21999847727792,35.22,-1.522722079982941e-06
23,56,34.91999847741887,34.92,-1.5225811296204483e-06
23,57,34.91999847747216,34.92,-1.5225278389152663e-06
23,58,40.12035816958995,34.92,5.200358169589947
23,59,43.59792946332467,34.92,8.677929463324666
23,60,7679.728928589422,34.76,7644.968928589422
23,61,1213.534685768729,34.76,1178.7746857687291
23,62,35.76908012607639,34.76,1.009080126076391
23,63,9025.40804401997,34.76,8990.64804401997
23,64,48.029122690088315,40.47,7.559122690088316
23,65,46.256394590857525,40.47,5.786394590857526
23,66,67.69882390379811,40.47,27.228823903798116
23,67,46.20974258598753,40.47,5.739742585987528
23,68,59.69532883786328,48.01,11.685328837863281
23,69,55.96238957445416,48.01,7.952389574454159
23,70,52.078847699542564,48.01,4.068847699542566
23,71,87.54040453490833,48.01,39.530404534908335
23,72,54.61218809725132,51.61,3.00218809725132
23,73,71.09486107030361,51.61,19.48486107030361
23,74,82.33904227374931,51.61,30.729042273749315
23,75,54.820086697910696,51.61,3.210086697910697
23,76,49.62786745556928,47.16,2.4678674555692837
23,77,48.8891064498873,47.16,1.729106449887304
23,78,5942.062984243145,47.16,5894.9029842431455
23,79,50.86476576504446,47.16,3.7047657650444634
23,80,37.129998478109655,37.13,-1.5218903470781697e-06
23,81,37.12999847814856,37.13,-1.5218514448633869e-06
23,82,37.12999847803212,37.13,-1.5219678815014959e-06
23,83,37.12999847804677,37.13,-1.5219532301102845e-06
23,84,34.689998477684654,34.69,-1.52231534400471e-06
23,85,34.689998477519985,34.69,-1.5224800122837223e-06
23,86,34.68999847743312,34.69,-1.522566876133169e-06
23,87,34.689998477452846,34.69,-1.5225471514668243e-06
23,88,717.6890201509806,31.8,685.8890201509806
23,89,31.79999847697363,31.8,-1.5230263699095303e-06
23,90,31.79999847689356,31.8,-1.5231064409704231e-06
23,91,31.79999847675367,31.8,-1.523246329071526e-06
23,92,26.209998476501873,26.21,-1.5234981276535109e-06
23,93,26.209998476217034,26.21,-1.5237829664727087e-06
23,94,2171.35239324988,26.21,2145.14239324988
23,95,26.20999847547949,26.21,-1.5245205098324277e-06
24,0,1638.318157956859,31.0,1607.318157956859
24,1,2427.7738281769552,31.0,2396.7738281769552
24,2,160.6386581847422,31.0,129.6386581847422
24,3,2125.0271229924206,31.0,2094.0271229924206
24,4,31.31987106642241,30.94,0.3798710664224103
24,5,2908.8337107247694,30.94,2877.8937107247693
24,6,1808.8861899438023,30.94,1777.9461899438022
24,7,1655.7615318737041,30.94,1624.821531873704
24,8,1472.1684886008682,31.32,1440.8484886008682
24,9,935.2022875057339,31.32,903.8822875057339
24,10,2048.238306255066,31.32,2016.9183062550662
24,11,917.1124132986026,31.32,885.7924132986026
24,12,2468.6176029845324,29.03,2439.587602984532
24,13,1714.620016654927,29.03,1685.590016654927
24,14,29.410138400300646,29.03,0.3801384003006447
24,15,1304.5803490454737,29.03,1275.5503490454737
24,16,28.578641607253804,28.2,0.3786416072538046
24,17,157.8386581848801,28.2,129.63865818488011
24,18,157.83865818468578,28.2,129.6386581846858
24,19,28.58011857810023,28.2,0.3801185781002303
24,20,173.38866520399313,43.75,129.63866520399313
24,21,173.3886652045794,43.75,129.6386652045794
24,22,173.38866520531246,43.75,129.63866520531246
24,23,173.38866520602556,43.75,129.63866520602556
24,24,181.42867255773425,51.79,129.63867255773425
24,25,181.4287877154252,51.79,129.6387877154252
24,26,181.4287881153837,51.79,129.6387881153837
24,27,181.428787794651,51.79,129.638787794651
24,28,182.03879028313713,52.4,129.63879028313713
24,29,182.0386725589625,52.4,129.6386725589625
24,30,52.780886228660414,52.4,0.3808862286604153
24,31,182.03879068246889,52.4,129.63879068246888
24,32,179.05878637834877,49.42,129.63878637834875
24,33,179.05878229899315,49.42,129.63878229899314
24,34,180.09363460915114,49.42,130.67363460915112
24,35,179.0587917227685,49.42,129.63879172276847
24,36,179.01879061802708,49.38,129.6387906180271
24,37,179.01879717701246,49.38,129.63879717701246
24,38,179.01879273895833,49.38,129.63879273895833
24,39,179.01879929835772,49.38,129.63879929835772
24,40,176.01879985458748,46.38,129.6387998545875
24,41,176.01879034239803,46.38,129.63879034239804
24,42,176.01879934587654,46.38,129.63879934587655
24,43,176.01879770616364,46.38,129.63879770616364
24,44,165.9187998918099,36.28,129.6387998918099
24,45,165.91879434735233,36.28,129.63879434735233
24,46,165.91879987618938,36.28,129.63879987618938
24,47,165.91879920975768,36.28,129.63879920975768
24,48,165.21866723487898,35.58,129.638667234879
24,49,165.21866723432993,35.58,129.63866723432994
24,50,165.21866723396118,35.58,129.6386672339612
24,51,35.958477201041426,35.58,0.37847720104142724
24,52,35.579939289086596,35.22,0.3599392890865971
24,53,164.85866723370333,35.22,129.63866723370333
24,54,35.6027167297775,35.22,0.38271672977749915
24,55,164.85866723320268,35.22,129.63866723320268
24,56,164.55866723315626,34.92,129.63866723315624
24,57,164.5586672334182,34.92,129.63866723341818
24,58,41.517551309677565,34.92,6.597551309677563
24,59,173.24969690681974,34.92,138.32969690681972
24,60,8986.559681275201,34.76,8951.7996812752
24,61,1523.3175890317623,34.76,1488.5575890317623
24,62,36.33122847583242,34.76,1.5712284758324202
24,63,10523.78706854653,34.76,10489.02706854653
24,64,177.67537085407162,40.47,137.20537085407162
24,65,175.89707929132163,40.47,135.42707929132163
24,66,197.3489713432289,40.47,156.8789713432289
24,67,175.850767328523,40.47,135.380767328523
24,68,189.3420073770536,48.01,141.3320073770536
24,69,185.61035410594104,48.01,137.60035410594105
24,70,181.7196496615469,48.01,133.7096496615469
24,71,217.19561623686687,48.01,169.18561623686688
24,72,184.2519257258151,51.61,132.6419257258151
24,73,200.7512908857583,51.61,149.14129088575828
24,74,212.01659837483476,51.61,160.40659837483474
24,75,184.4612463280302,51.61,132.8512463280302
24,76,178.82094091081785,47.16,131.66094091081786
24,77,178.52893892058444,47.16,131.36893892058444
24,78,6079.193302368771,47.16,6032.033302368771
24,79,180.50899502964072,47.16,133.34899502964072
24,80,166.76866723191117,37.13,129.63866723191117
24,81,166.76866723117547,37.13,129.63866723117548
24,82,166.76866723055096,37.13,129.63866723055096
24,83,166.76866722934307,37.13,129.63866722934307
24,84,97.88656282116882,34.69,63.196562821168826
24,85,97.88655779255654,34.69,63.19655779255655
24,86,97.88655290558044,34.69,63.19655290558045
24,87,97.88655290524369,34.69,63.19655290524369
24,88,781.2364646990718,31.8,749.4364646990718
24,89,94.99654825622622,31.8,63.19654825622622
24,90,94.99654825522612,31.8,63.19654825522612
24,91,94.99654825436426,31.8,63.19654825436426
24,92,89.40654345077712,26.21,63.19654345077712
24,93,26.592329121946335,26.21,0.3823291219463343
24,94,2563.041892756833,26.21,2536.831892756833
24,95,26.60566554865118,26.21,0.39566554865118064
25,0,1856.1927506570016,31.0,1825.1927506570016
25,1,2768.750668866994,31.0,2737.750668866994
25,2,31.380177203751764,31.0,0.38017720375176367
25,3,2418.905586051931,31.0,2387.905586051931
25,4,31.319036609809803,30.94,0.3790366098098019
25,5,3325.0726525476257,30.94,3294.1326525476256
25,6,2053.6570001945547,30.94,2022.7170001945547
25,7,1876.407659045661,30.94,1845.4676590456609
25,8,1664.2573802197091,31.32,1632.9373802197092
25,9,1043.6615661834842,31.32,1012.3415661834841
25,10,2330.0258724367577,31.32,2298.7058724367575
25,11,802.8733116389371,31.32,771.5533116389371
25,12,2816.2969003378857,29.03,2787.2669003378855
25,13,1944.9451418601525,29.03,1915.9151418601525
25,14,29.40930043652974,29.03,0.3793004365297392
25,15,1470.9011698214972,29.03,1441.8711698214972
25,16,145.554284573122,28.2,117.354284573122
25,17,145.55429041402965,28.2,117.35429041402965
25,18,145.55429623201832,28.2,117.35429623201831
25,19,145.5543020337074,28.2,117.35430203370738
25,20,161.10430782586073,43.75,117.35430782586073
25,21,161.1043136154098,43.75,117.35431361540981
25,22,161.10431940938298,43.75,117.35431940938298
25,23,161.1043252149038,43.75,117.35432521490381
25,24,169.14433103932765,51.79,117.35433103932766
25,25,169.14433103987207,51.79,117.35433103987208
25,26,169.14433104218367,51.79,117.35433104218367
25,27,169.1443310409798,51.79,117.35433104097982
25,28,169.7543310409622,52.4,117.3543310409622
25,29,169.75433104116553,52.4,117.35433104116552
25,30,169.75433104162008,52.4,117.35433104162007
25,31,169.75446493586747,52.4,117.35446493586747
25,32,166.7743310414315,49.42,117.35433104143151
25,33,166.77433104155935,49.42,117.35433104155935
25,34,167.81284514303957,49.42,118.39284514303957
25,35,166.77433104264833,49.42,117.35433104264833
25,36,166.73433104181368,49.38,117.35433104181368
25,37,166.73447182162877,49.38,117.35447182162878
25,38,166.73446703445867,49.38,117.35446703445868
25,39,166.73447380920052,49.38,117.35447380920053
25,40,163.7344743542024,46.38,117.35447435420241
25,41,163.73446461337508,46.38,117.35446461337509
25,42,163.7344738708184,46.38,117.3544738708184
25,43,163.7344724117365,46.38,117.35447241173651
25,44,153.6344743979093,36.28,117.35447439790929
25,45,153.63446879603356,36.28,117.35446879603356
25,46,153.63447437982242,36.28,117.35447437982242
25,47,153.63447372146163,36.28,117.35447372146163
25,48,152.934331040939,35.58,117.35433104093902
25,49,152.93433104117483,35.58,117.35433104117483
25,50,152.93433104089158,35.58,117.35433104089158
25,51,152.93433104092864,35.58,117.35433104092864
25,52,152.57433104101736,35.22,117.35433104101736
25,53,152.57433104099044,35.22,117.35433104099044
25,54,152.57433104130826,35.22,117.35433104130826
25,55,152.5743310410801,35.22,117.35433104108009
25,56,152.2743310410645,34.92,117.3543310410645
25,57,152.27433104122596,34.92,117.35433104122596
25,58,41.52622614862021,34.92,6.606226148620209
25,59,160.9585634318644,34.92,126.0385634318644
25,60,7806.72892980245,34.76,7771.96892980245
25,61,1332.8531219858332,34.76,1298.0931219858332
25,62,153.12421990630028,34.76,118.36421990630029
25,63,9171.08285225119,34.76,9136.322852251189
25,64,165.4010123910498,40.47,124.93101239104979
25,65,163.6216550418054,40.47,123.15165504180541
25,66,185.09274008683724,40.47,144.62274008683724
25,67,163.57331240502836,40.47,123.10331240502836
25,68,177.070092078009,48.01,129.060092078009
25,69,173.33141614833067,48.01,125.32141614833068
25,70,169.441212721005,48.01,121.43121272100501
25,71,204.96820721830062,48.01,156.95820721830063
25,72,171.9715209494094,51.61,120.36152094940941
25,73,188.48851770890434,51.61,136.87851770890433
25,74,199.76479523087778,51.61,148.15479523087777
25,75,172.18141751100973,51.61,120.57141751100973
25,76,166.5359513598119,47.16,119.37595135981189
25,77,166.2476818505255,47.16,119.08768185052551
25,78,6967.824207357093,47.16,6920.664207357093
25,79,168.22839479307612,47.16,121.06839479307612
25,80,154.48433103978158,37.13,117.35433103978158
25,81,154.48433104197682,37.13,117.35433104197682
25,82,154.48433103913547,37.13,117.35433103913547
25,83,154.48433103871986,37.13,117.35433103871986
25,84,152.04433103847344,34.69,117.35433103847345
25,85,152.04433103839116,34.69,117.35433103839117
25,86,152.04433103784015,34.69,117.35433103784015
25,87,152.04433103580845,34.69,117.35433103580846
25,88,824.180107051512,31.8,792.380107051512
25,89,31.799987128644368,31.8,-1.2871355632881887e-05
25,90,31.58081848443985,31.8,-0.21918151556015175
25,91,31.581071861005444,31.8,-0.21892813899455632
25,92,25.991292128374056,26.21,-0.21870787162594496
25,93,26.20998712773837,26.21,-1.28722616317134e-05
25,94,2176.0711030614857,26.21,2149.8611030614857
25,95,26.20998712778617,26.21,-1.2872213829950852e-05
28,0,37.008667162877146,31.0,6.0086671628771455
28,1,39.75497450203831,31.0,8.754974502038309
28,2,31.922288888648197,31.0,0.9222888886481968
28,3,38.70834072259075,31.0,7.708340722590748
28,4,31.130792656204054,30.94,0.19079265620405295
28,5,41.33508812516772,30.94,10.395088125167721
28,6,37.45574187490809,30.94,6.515741874908091
28,7,36.897179692833134,30.94,5.957179692833133
28,8,36.6001200396555,31.32,5.2801200396555
28,9,34.56374488602466,31.32,3.2437448860246576
28,10,38.7000748574854,31.32,7.380074857485397
28,11,34.10015396831979,31.32,2.7801539683197873
28,12,37.89981876354618,29.03,8.869818763546178
28,13,35.202112734512326,29.03,6.172112734512325
28,14,29.218318048888726,29.03,0.18831804888872483
28,15,33.68494676029721,29.03,4.654946760297207
28,16,28.387229381559106,28.2,0.1872293815591064
28,17,28.3870621379215,28.2,0.18706213792150095
28,18,28.38711340476134,28.2,0.18711340476134097
28,19,28.38936978560884,28.2,0.18936978560883944
28,20,44.67678991552408,43.75,0.9267899155240826
28,21,44.68289933807289,43.75,0.9328993380728932
28,22,44.69175542660808,43.75,0.9417554266080828
28,23,44.70600523543594,43.75,0.9560052354359385
28,24,52.77347847688154,51.79,0.9834784768815439
28,25,52.77348940181132,51.79,0.9834894018113189
28,26,52.77349410261032,51.79,0.9834941026103223
28,27,52.773495188983965,51.79,0.9834951889839658
28,28,53.38349551329164,52.4,0.9834955132916434
28,29,53.383495567448854,52.4,0.9834955674488555
28,30,53.38349558353998,52.4,0.9834955835399839
28,31,53.383495581618256,52.4,0.9834955816182571
28,32,50.40349558716762,49.42,0.9834955871676172
28,33,50.420743255667304,49.42,1.0007432556673024
28,34,51.40389269892765,49.42,1.9838926989276473
28,35,50.42068246201879,49.42,1.000682462018787
28,36,50.380652028962714,49.38,1.0006520289627119
28,37,50.38062255430267,49.38,1.000622554302666
28,38,50.380595069633195,49.38,1.0005950696331922
28,39,50.38057071904285,49.38,1.0005707190428481
28,40,47.380550743777675,46.38,1.0005507437776728
28,41,47.38053607671598,46.38,1.0005360767159743
28,42,47.38052777734572,46.38,1.0005277773457166
28,43,47.380528098727574,46.38,1.000528098727571
28,44,37.280534114307606,36.28,1.0005341143076052
28,45,37.28054782961223,36.28,1.0005478296122305
28,46,37.2805686524357,36.28,1.000568652435696
28,47,37.280595524998006,36.28,1.0005955249980047
28,48,36.58062937243379,35.58,1.0006293724337922
28,49,36.58066915643069,35.58,1.000669156430689
28,50,36.563495592408486,35.58,0.983495592408488
28,51,36.5634955850181,35.58,0.9834955850181046
28,52,36.20349558060218,35.22,0.983495580602181
28,53,36.20349557346737,35.22,0.9834955734673727
28,54,36.20349557131363,35.22,0.9834955713136324
28,55,36.20349556199242,35.22,0.9834955619924202
28,56,35.903495560493084,34.92,0.9834955604930826
28,57,35.90349556174782,34.92,0.9834955617478158
28,58,40.772560760502536,34.92,5.852560760502534
28,59,44.113822448634664,34.92,9.193822448634663
28,60,63.21445022190778,34.76,28.454450221907784
28,61,46.497447622690274,34.76,11.737447622690276
28,62,36.712417285633876,34.76,1.952417285633878
28,63,82.63564361490712,34.76,47.875643614907126
28,64,48.557237233711966,40.47,8.087237233711967
28,65,46.98732763264601,40.47,6.517327632646008
28,66,67.48524561321183,40.47,27.01524561321183
28,67,46.97311077943486,40.47,6.503110779434863
28,68,60.125257657104285,48.01,12.115257657104287
28,69,56.52975984408005,48.01,8.519759844080049
28,70,52.88368255896596,48.01,4.87368255896596
28,71,86.39186402074367,48.01,38.38186402074367
28,72,55.48960244471994,51.61,3.879602444719943
28,73,71.00475290939238,51.61,19.39475290939238
28,74,81.2257740337466,51.61,29.615774033746604
28,75,55.64765919026045,51.61,4.037659190260449
28,76,50.026552209897396,47.16,2.8665522098973995
28,77,49.786047374604124,47.16,2.626047374604127
28,78,79.50801622136206,47.16,32.34801622136206
28,79,51.60591306578239,47.16,4.445913065782392
28,80,38.11349551288224,37.13,0.9834955128822358
28,81,38.113495499823884,37.13,0.9834954998238814
28,82,38.1134954852201,37.13,0.9834954852200966
28,83,38.11349545840102,37.13,0.9834954584010163
28,84,34.873649437000125,34.69,0.1836494370001276
28,85,34.847862895218015,34.69,0.15786289521801677
28,86,34.827819979348064,34.69,0.1378199793480661
28,87,34.81135155936263,34.69,0.12135155936262976
28,88,34.37164406761212,31.8,2.571644067612116
28,89,31.87463665581035,31.8,0.07463665581034817
28,90,31.847409486899554,31.8,0.0474094868995536
28,91,31.822909747925433,31.8,0.0229097479254321
28,92,26.209694306804444,26.21,-0.0003056931955569553
28,93,26.042755032987564,26.21,-0.16724496701243652
28,94,39.5114198303,26.21,13.301419830299999
28,95,26.043584175156354,26.21,-0.16641582484364648
31,0,36.83254404282289,31.0,5.832544042822889
31,1,39.67280116963762,31.0,8.672801169637623
31,2,31.157019048869245,31.0,0.15701904886924467
31,3,38.60550303297727,31.0,7.605503032977268
31,4,31.0984459895021,30.94,0.15844598950209843
31,5,41.28422132564537,30.94,10.344221325645368
31,6,37.41116458305241,30.94,6.47116458305241
31,7,36.855303663931046,30.94,5.915303663931045
31,8,36.56235469223662,31.32,5.242354692236617
31,9,34.530922995688925,31.32,3.210922995688925
31,10,38.65359189833429,31.32,7.333591898334291
31,11,34.06826589104347,31.32,2.7482658910434665
31,12,37.84925665027818,29.03,8.819256650278177
31,13,35.154738470490244,29.03,6.124738470490243
31,14,29.18295932980859,29.03,0.1529593298085885
31,15,33.64497810275304,29.03,4.614978102753042
31,16,29.054867508117447,28.2,0.8548675081174473
31,17,29.05842929543754,28.2,0.8584292954375421
31,18,29.062954723666756,28.2,0.862954723666757
31,19,29.068927805977175,28.2,0.8689278059771759
31,20,44.62662045792578,43.75,0.8766204579257817
31,21,44.626933170389954,43.75,0.8769331703899539
31,22,44.6269408739387,43.75,0.8769408739387003
31,23,44.62694139675959,43.75,0.8769413967595909
31,24,52.66694160731673,51.79,0.8769416073167307
31,25,52.66694170679837,51.79,0.8769417067983696
31,26,52.66694178363296,51.79,0.876941783632958
31,27,52.66694180639355,51.79,0.8769418063935532
31,28,53.27694182068838,52.4,0.8769418206883799
31,29,53.27694183185245,52.4,0.8769418318524487
31,30,53.276941843795896,52.4,0.8769418437958976
31,31,53.27694185442293,52.4,0.876941854422931
31,32,50.29694186387994,49.42,0.8769418638799351
31,33,50.29694187142883,49.42,0.8769418714288264
31,34,51.27017229857101,49.42,1.8501722985710103
31,35,50.29694188578564,49.42,0.8769418857856408
31,36,50.25694189091218,49.38,0.8769418909121782
31,37,50.256941896854826,49.38,0.8769418968548237
31,38,50.25694190241108,49.38,0.8769419024110761
31,39,50.25694191231602,49.38,0.8769419123160205
31,40,47.2569419125934,46.38,0.876941912593395
31,41,47.278919563581304,46.38,0.8989195635813019
31,42,47.278906520907164,46.38,0.8989065209071612
31,43,47.27890133209778,46.38,0.898901332097779
31,44,37.17889559141998,36.28,0.8988955914199792
31,45,37.1788953242822,36.28,0.8988953242822006
31,46,37.17890103031252,36.28,0.8989010303125156
31,47,37.178911468592624,36.28,0.8989114685926225
31,48,36.45694191965455,35.58,0.8769419196545485
31,49,36.45694191981675,35.58,0.8769419198167512
31,50,36.45694192021716,35.58,0.8769419202171633
31,51,36.456941920614916,35.58,0.876941920614918
31,52,36.096941920406984,35.22,0.8769419204069848
31,53,36.0969419201126,35.22,0.8769419201125999
31,54,36.09694192106682,35.22,0.8769419210668232
31,55,36.09694192176952,35.22,0.8769419217695216
31,56,35.79694192266441,34.92,0.8769419226644075
31,57,35.7969419221808,34.92,0.8769419221807979
31,58,40.82552247900172,34.92,5.905522479001718
31,59,44.00714778364131,34.92,9.087147783641306
31,60,63.14329979010563,34.76,28.38329979010563
31,61,46.41209764482975,34.76,11.652097644829752
31,62,36.60717124331617,34.76,1.8471712433161684
31,63,82.67392821859173,34.76,47.91392821859173
31,64,48.467915691648,40.47,7.997915691648004
31,65,46.896146932211266,40.47,6.426146932211267
31,66,67.43820618694247,40.47,26.968206186942467
31,67,46.88499322928074,40.47,6.414993229280739
31,68,60.057259852640655,48.01,12.047259852640657
31,69,56.44844285412762,48.01,8.438442854127622
31,70,52.79514160093035,48.01,4.785141600930352
31,71,86.39113330412151,48.01,38.38113330412151
31,72,55.395618435394645,51.61,3.785618435394646
31,73,70.96171316675826,51.61,19.35171316675826
31,74,81.24023148742056,51.61,29.63023148742056
31,75,55.55797180194653,51.61,3.9479718019465295
31,76,49.930092187144076,47.16,2.77009218714408
31,77,49.73397974447801,47.16,2.5739797444780166
31,78,79.9871833429948,47.16,32.8271833429948
31,79,51.51804017384882,47.16,4.358040173848821
31,80,38.006941917730096,37.13,0.8769419177300932
31,81,38.006941917115114,37.13,0.8769419171151114
31,82,38.00694191465149,37.13,0.8769419146514892
31,83,38.006941913431135,37.13,0.876941913431132
31,84,35.56694190744338,34.69,0.8769419074433813
31,85,35.56694190311005,34.69,0.8769419031100512
31,86,35.56694189982481,34.69,0.8769418998248142
31,87,35.56694189681109,34.69,0.8769418968110898
31,88,34.78498023448382,31.8,2.9849802344838174
31,89,32.67693187757871,31.8,0.8769318775787092
31,90,31.9533050532867,31.8,0.15330505328670085
31,91,31.953558260565313,31.8,0.15355826056531185
31,92,27.086941885138828,26.21,0.8769418851388266
31,93,27.0869418833797,26.21,0.8769418833797005
31,94,40.461824586958954,26.21,14.251824586958953
31,95,27.08694187880856,26.21,0.8769418788085588
32,0,36.97939637287832,31.0,5.97939637287832
32,1,39.735637890735504,31.0,8.735637890735504
32,2,31.882278768872702,31.0,0.8822787688727018
32,3,38.68643160367199,31.0,7.686431603671991
32,4,31.103477674431613,30.94,0.16347767443161132
32,5,41.31717446999675,30.94,10.37717446999675
32,6,37.43553428831524,30.94,6.495534288315238
32,7,36.877637091783185,30.94,5.937637091783184
32,8,36.58259136223075,31.32,5.262591362230751
32,9,34.54393031251522,31.32,3.223930312515222
32,10,38.6824193990371,31.32,7.362419399037101
32,11,34.080352819596435,31.32,2.7603528195964344
32,12,37.881269364761195,29.03,8.851269364761194
32,13,35.177656834809646,29.03,6.147656834809645
32,14,29.192115081338855,29.03,0.16211508133885388
32,15,33.66297236346705,29.03,4.632972363467047
32,16,28.361344212949465,28.2,0.16134421294946577
32,17,28.361325699642844,28.2,0.1613256996428447
32,18,28.361246792936075,28.2,0.16124679293607613
32,19,28.363866241156007,28.2,0.16386624115600767
32,20,44.636229491195074,43.75,0.8862294911950741
32,21,44.63642122575795,43.75,0.8864212257579496
32,22,44.63652775182371,43.75,0.8865277518237065
32,23,44.636568700455406,43.75,0.8865687004554061
32,24,52.69321509821266,51.79,0.9032150982126623
32,25,52.69321809798103,51.79,0.903218097981032
32,26,52.69321904871383,51.79,0.9032190487138294
32,27,52.69321966519089,51.79,0.903219665190889
32,28,53.303219693439495,52.4,0.903219693439496
32,29,53.30321971134517,52.4,0.903219711345173
32,30,53.30321972621048,52.4,0.9032197262104802
32,31,53.30321973825777,52.4,0.9032197382577749
32,32,50.323219748249116,49.42,0.9032197482491142
32,33,50.34285883113519,49.42,0.9228588311351871
32,34,51.32546874103994,49.42,1.9054687410399396
32,35,50.34280350261156,49.42,0.9228035026115577
32,36,50.30277430219241,49.38,0.9227743021924084
32,37,50.30274577960492,49.38,0.9227457796049165
32,38,50.302719429865995,49.38,0.9227194298659924
32,39,50.30269665325233,49.38,0.9226966532523306
32,40,47.30267904330044,46.38,0.9226790433004339
32,41,47.30266825078689,46.38,0.9226682507868844
32,42,47.302664980135404,46.38,0.9226649801354014
32,43,47.30267307405347,46.38,0.9226730740534705
32,44,37.20268713976793,36.28,0.9226871397679304
32,45,37.20271024624253,36.28,0.9227102462425307
32,46,37.202741046102794,36.28,0.922741046102793
32,47,37.20277785412236,36.28,0.9227778541223586
32,48,36.483219787992525,35.58,0.9032197879925263
32,49,36.502868949673726,35.58,0.9228689496737275
32,50,36.48321976054463,35.58,0.9032197605446299
32,51,36.483219739983994,35.58,0.9032197399839959
32,52,36.12321973797813,35.22,0.9032197379781337
32,53,36.123219736552606,35.22,0.9032197365526073
32,54,36.12321974228935,35.22,0.9032197422893518
32,55,36.12321974467358,35.22,0.9032197446735779
32,56,35.823219746617895,34.92,0.9032197466178928
32,57,35.823219747974406,34.92,0.9032197479744042
32,58,40.85171646003832,34.92,5.9317164600383165
32,59,44.035202715395684,34.92,9.115202715395682
32,60,63.182153976684816,34.76,28.422153976684818
32,61,46.443717220283496,34.76,11.683717220283498
32,62,36.63399558207286,34.76,1.8739955820728653
32,63,82.7309309740665,34.76,47.9709309740665
32,64,48.498832835703425,40.47,8.028832835703426
32,65,46.92655086561212,40.47,6.456550865612122
32,66,67.48169088162474,40.47,27.011690881624745
32,67,46.91629427671699,40.47,6.446294276716991
32,68,60.09337057571853,48.01,12.083370575718533
32,69,56.48119991252033,48.01,8.471199912520333
32,70,52.82614982332505,48.01,4.8161498233250555
32,71,86.44364038931289,48.01,38.43364038931289
32,72,55.4252241171256,51.61,3.8152241171256023
32,73,71.0042160940528,51.61,19.394216094052794
32,74,81.29645196836684,51.61,29.68645196836684
32,75,55.58853721108117,51.61,3.978537211081168
32,76,49.95890110223277,47.16,2.798901102232776
32,77,49.75820043663392,47.16,2.598200436633924
32,78,55.55555124781483,47.16,8.395551247814836
32,79,51.548717801395355,47.16,4.388717801395359
32,80,38.03321973786916,37.13,0.9032197378691578
32,81,38.03321972099319,37.13,0.9032197209931851
32,82,38.03321972488967,37.13,0.9032197248896665
32,83,38.033219714884076,37.13,0.9032197148840737
32,84,34.859799901244585,34.69,0.16979990124458766
32,85,34.83175602486057,34.69,0.1417560248605696
32,86,34.83175601017925,34.69,0.14175601017925032
32,87,34.81509782259506,34.69,0.12509782259505897
32,88,34.392176580179346,31.8,2.592176580179345
32,89,31.876573081722206,31.8,0.07657308172220567
32,90,31.8483743134034,31.8,0.04837431340340004
32,91,31.823219023505246,31.8,0.023219023505244962
32,92,26.038269727740882,26.21,-0.17173027225911852
32,93,26.038678729008936,26.21,-0.17132127099106498
32,94,39.59891788459691,26.21,13.388917884596907
32,95,26.209471637608296,26.21,-0.0005283623917051727
33,0,36.826564391885825,31.0,5.8265643918858245
33,1,39.66756091908254,31.0,8.66756091908254
33,2,31.148483498157148,31.0,0.14848349815714812
33,3,38.600585274385985,31.0,7.600585274385985
33,4,31.08998653478884,30.94,0.1499865347888374
33,5,41.278230673099074,30.94,10.338230673099073
33,6,37.405347377998226,30.94,6.465347377998224
33,7,36.84971172186485,30.94,5.9097117218648485
33,8,36.55744071395633,31.32,5.237440713956332
33,9,34.524764010232886,31.32,3.2047640102328856
33,10,38.64869125343747,31.32,7.328691253437469
33,11,34.06194334563731,31.32,2.74194334563731
33,12,37.84369604752287,29.03,8.813696047522868
33,13,35.14772566620843,29.03,6.117725666208429
33,14,29.177468435745958,29.03,0.14746843574595658
33,15,33.638700323036176,29.03,4.6087003230361745
33,16,29.04200113704955,28.2,0.8420011370495502
33,17,29.045367980374145,28.2,0.8453679803741458
33,18,29.04541478356595,28.2,0.8454147835659498
33,19,29.04546297410197,28.2,0.8454629741019701
33,20,44.60251034037717,43.75,0.8525103403771723
33,21,44.6028471725852,43.75,0.8528471725852
33,22,44.60285600972196,43.75,0.8528560097219611
33,23,44.60285662589209,43.75,0.8528566258920875
33,24,52.642856874167336,51.79,0.8528568741673368
33,25,52.6428569473264,51.79,0.8528569473264014
33,26,52.6428569999805,51.79,0.8528569999805029
33,27,52.6428570330228,51.79,0.8528570330228007
33,28,53.25285705563558,52.4,0.8528570556355817
33,29,53.25285707246715,52.4,0.8528570724671525
33,30,53.25285708793095,52.4,0.8528570879309498
33,31,53.25285710181957,52.4,0.8528571018195734
33,32,50.27285711381165,49.42,0.8528571138116448
33,33,50.27285712364564,49.42,0.8528571236456415
33,34,51.2454758285026,49.42,1.8254758285025972
33,35,50.272857138202205,49.42,0.8528571382022037
33,36,50.232857144138585,49.38,0.8528571441385822
33,37,50.23285714912853,49.38,0.8528571491285248
33,38,50.23285715422785,49.38,0.8528571542278485
33,39,50.23285715877335,49.38,0.8528571587733467
33,40,47.23285716335042,46.38,0.8528571633504143
33,41,47.23285717069494,46.38,0.8528571706949393
33,42,47.23285717563553,46.38,0.8528571756355277
33,43,47.2328571749169,46.38,0.8528571749168989
33,44,37.1328571767505,36.28,0.8528571767504971
33,45,37.132857178143716,36.28,0.8528571781437151
33,46,37.132857181470726,36.28,0.8528571814707249
33,47,37.13285718341704,36.28,0.8528571834170364
33,48,36.432857183299994,35.58,0.8528571832999958
33,49,36.43285718508247,35.58,0.8528571850824704
33,50,36.432857187058154,35.58,0.8528571870581558
33,51,36.432857188999435,35.58,0.8528571889994367
33,52,36.07285719034146,35.22,0.8528571903414601
33,53,36.07285719157655,35.22,0.8528571915765539
33,54,36.07285719394734,35.22,0.8528571939473437
33,55,36.07285719604473,35.22,0.8528571960447309
33,56,35.77285719825743,34.92,0.8528571982574249
33,57,35.772857199148184,34.92,0.8528571991481826
33,58,40.80306592361428,34.92,5.883065923614275
33,59,43.98769676854005,34.92,9.067696768540046
33,60,63.14166055441737,34.76,28.381660554417373
33,61,46.396966019962576,34.76,11.636966019962578
33,62,36.58393632782403,34.76,1.823936327824029
33,63,82.6943936297724,34.76,47.93439362977241
33,64,48.450152043439225,40.47,7.980152043439226
33,65,46.87773184158894,40.47,6.407731841588941
33,66,67.43767997324213,40.47,26.967679973242127
33,67,46.867855696436045,40.47,6.3978556964360465
33,68,60.04672629887568,48.01,12.036726298875685
33,69,56.433316141821415,48.01,8.423316141821417
33,70,52.77760517269348,48.01,4.767605172693479
33,71,86.40296744541604,48.01,38.39296744541604
33,72,55.37615276197869,51.61,3.766152761978688
33,73,70.96002826722051,51.61,19.35002826722051
33,74,81.25726632514925,51.61,29.647266325149246
33,75,55.539828355810904,51.61,3.929828355810905
33,76,49.96349306703957,47.16,2.8034930670395752
33,77,49.66774235068629,47.16,2.507742350686293
33,78,80.06452292683383,47.16,32.904522926833835
33,79,51.50003938280387,47.16,4.340039382803873
33,80,37.98285721449298,37.13,0.8528572144929782
33,81,37.98285721511728,37.13,0.8528572151172753
33,82,37.98285721435735,37.13,0.8528572143573498
33,83,37.982857214911576,37.13,0.8528572149115732
33,84,35.54285721255959,34.69,0.8528572125595915
33,85,35.54285721080872,34.69,0.8528572108087218
33,86,35.5428572119542,34.69,0.8528572119542019
33,87,35.54285721125423,34.69,0.8528572112542321
33,88,35.135441913152334,31.8,3.3354419131523336
33,89,32.652857207837236,31.8,0.8528572078372356
33,90,32.65285721070507,31.8,0.8528572107050714
33,91,32.65285720760808,31.8,0.8528572076080785
33,92,27.062857207533476,26.21,0.852857207533475
33,93,27.062857206018155,26.21,0.8528572060181538
33,94,40.46046528260813,26.21,14.250465282608133
33,95,27.062857202580638,26.21,0.8528572025806369
35,0,36.224752923047745,31.0,5.224752923047745
35,1,38.559193792852724,31.0,7.559193792852724
35,2,31.886113238920316,31.0,0.8861132389203163
35,3,37.66775248281912,31.0,6.667752482819118
35,4,30.931268939646895,30.94,-0.008731060353106557
35,5,39.890940058035426,30.94,8.950940058035425
35,6,36.4465409636537,30.94,5.506540963653702
35,7,35.94836368894966,30.94,5.008363688949661
35,8,35.72335509223875,31.32,4.403355092238748
35,9,33.936661206562654,31.32,2.6166612065626538
35,10,37.59243099599575,31.32,6.272430995995748
35,11,33.53269169546048,31.32,2.212691695460478
35,12,36.628975694708444,29.03,7.598975694708443
35,13,34.22868154620902,29.03,5.198681546209016
35,14,29.021994506122063,29.03,-0.008005493877938363
35,15,32.88548563399709,29.03,3.855485633997091
35,16,28.191880413233324,28.2,-0.008119586766675013
35,17,28.19189497649219,28.2,-0.008105023507809506
35,18,28.191868887077295,28.2,-0.00813111292270463
35,19,28.19191462095105,28.2,-0.008085379048949903
35,20,44.64486115809828,43.75,0.8948611580982799
35,21,44.655382874801134,43.75,0.9053828748011341
35,22,44.66800150034051,43.75,0.9180015003405089
35,23,44.678773891477775,43.75,0.9287738914777748
35,24,64.21086725371501,51.79,12.42086725371501
35,25,64.21112325027289,51.79,12.421123250272892
35,26,64.21112343470243,51.79,12.42112343470243
35,27,64.21112350769151,51.79,12.421123507691512
35,28,64.8211234643587,52.4,12.421123464358708
35,29,64.8211232851442,52.4,12.421123285144198
35,30,64.82112320141331,52.4,12.421123201413316
35,31,64.82112300614604,52.4,12.42112300614604
35,32,61.84112270053877,49.42,12.421122700538767
35,33,61.841122420123085,49.42,12.421122420123083
35,34,83.36514483949003,49.42,33.94514483949003
35,35,61.84112249704182,49.42,12.421122497041821
35,36,61.80112243335356,49.38,12.42112243335356
35,37,61.80112242753476,49.38,12.421122427534755
35,38,61.80112236208897,49.38,12.421122362088965
35,39,61.80112251128323,49.38,12.42112251128323
35,40,58.801122808490284,46.38,12.421122808490281
35,41,58.80112266928004,46.38,12.421122669280038
35,42,58.80112296749163,46.38,12.421122967491627
35,43,58.80112277789395,46.38,12.421122777893949
35,44,48.70087506084868,36.28,12.42087506084868
35,45,48.70087548947461,36.28,12.42087548947461
35,46,48.701123808996634,36.28,12.421123808996633
35,47,48.70086294238915,36.28,12.42086294238915
35,48,48.00085073586504,35.58,12.420850735865045
35,49,48.00085053899693,35.58,12.42085053899693
35,50,48.00085046165506,35.58,12.420850461655064
35,51,48.00085045853702,35.58,12.420850458537025
35,52,47.64085041646294,35.22,12.42085041646294
35,53,47.64085043903635,35.22,12.42085043903635
35,54,47.640850430032096,35.22,12.420850430032097
35,55,47.64085044839474,35.22,12.420850448394738
35,56,47.34085043890447,34.92,12.420850438904466
35,57,47.340850483867165,34.92,12.420850483867163
35,58,156.8554341084348,34.92,121.93543410843479
35,59,227.56403886817031,34.92,192.6440388681703
35,60,112.91457236882687,34.76,78.15457236882688
35,61,198.94543033091412,34.76,164.18543033091413
35,62,68.41783660943472,34.76,33.65783660943472
35,63,445.9828596352775,34.76,411.22285963527753
35,64,209.90776074272839,40.47,169.4377607427284
35,65,174.74345290067345,40.47,134.27345290067345
35,66,281.51030051553676,40.47,241.04030051553676
35,67,174.49664787218637,40.47,134.02664787218637
35,68,307.24273294292834,48.01,259.23273294292835
35,69,226.95587682675946,48.01,178.94587682675947
35,70,146.15450844201968,48.01,98.14450844201968
35,71,337.25233830539486,48.01,289.24233830539487
35,72,127.71023562535312,51.61,76.10023562535312
35,73,274.1223898377402,51.61,222.51238983774016
35,74,423.2427504814068,51.61,371.6327504814068
35,75,131.08299668634447,51.61,79.47299668634447
35,76,100.77833309276865,47.16,53.61833309276865
35,77,95.55228654263357,47.16,48.39228654263357
35,78,332.7794926294566,47.16,285.61949262945666
35,79,135.59552147520913,47.16,88.43552147520913
35,80,39.148482231858345,37.13,2.018482231858343
35,81,39.14848207501954,37.13,2.0184820750195342
35,82,39.14848130596764,37.13,2.01848130596764
35,83,39.14848060498238,37.13,2.018480604982379
35,84,36.70833672959104,34.69,2.0183367295910415
35,85,36.708336510082795,34.69,2.018336510082797
35,86,36.7083362453039,34.69,2.0183362453038995
35,87,36.708335625217245,34.69,2.0183356252172473
35,88,38.17438653033989,31.8,6.374386530339887
35,89,33.81820823235179,31.8,2.0182082323517925
35,90,33.81820771378367,31.8,2.0182077137836707
35,91,33.81820625175957,31.8,2.018206251759569
35,92,28.228164816219504,26.21,2.018164816219503
35,93,26.451159561409,26.21,0.24115956140899897
35,94,165.0823496879444,26.21,138.8723496879444
35,95,26.453490426055893,26.21,0.24349042605589233
36,0,35.84258023614075,31.0,4.842580236140748
36,1,38.32977398744712,31.0,7.329773987447119
36,2,30.957548274376684,31.0,-0.042451725623315895
36,3,37.393935698577735,31.0,6.393935698577735
36,4,30.897720068444723,30.94,-0.04227993155527798
36,5,39.73759157054583,30.94,8.79759157054583
36,6,36.34974547425766,30.94,5.409745474257658
36,7,35.85936427415443,30.94,4.919364274154429
36,8,35.644108752352274,31.32,4.324108752352274
36,9,33.88051476798529,31.32,2.560514767985289
36,10,37.48075194454595,31.32,6.16075194454595
36,11,33.47995555716315,31.32,2.1599555571631512
36,12,36.493659558378845,29.03,7.463659558378843
36,13,34.13622028912895,29.03,5.106220289128949
36,14,28.98642584029607,29.03,-0.04357415970392964
36,15,32.81372557431224,29.03,3.7837255743122356
36,16,28.927485521882502,28.2,0.7274855218825031
36,17,28.93487519224544,28.2,0.7348751922454397
36,18,28.94344264868627,28.2,0.7434426486862691
36,19,28.95362079042534,28.2,0.7536207904253409
36,20,44.51616267949581,43.75,0.7661626794958067
36,21,44.5325650046976,43.75,0.7825650046976023
36,22,44.55647260406892,43.75,0.8064726040689223
36,23,44.60053806666305,43.75,0.8505380666630487
36,24,62.63947109932956,51.79,10.849471099329563
36,25,62.63947439900526,51.79,10.84947439900526
36,26,62.63947668130143,51.79,10.849476681301432
36,27,62.639476982874456,51.79,10.849476982874457
36,28,63.24947737747148,52.4,10.84947737747148
36,29,63.249477475388616,52.4,10.849477475388618
36,30,63.24947758437878,52.4,10.849477584378782
36,31,63.24947767732203,52.4,10.849477677322028
36,32,60.26947769883922,49.42,10.849477698839216
36,33,60.269477673761806,49.42,10.849477673761804
36,34,81.77230357241996,49.42,32.352303572419956
36,35,60.269766219725334,49.42,10.849766219725332
36,36,60.229766114927564,49.38,10.849766114927561
36,37,60.22976603277461,49.38,10.84976603277461
36,38,60.229765866992025,49.38,10.849765866992023
36,39,60.229477928879206,49.38,10.849477928879203
36,40,57.229477963872284,46.38,10.849477963872282
36,41,57.22976582757076,46.38,10.849765827570756
36,42,57.22976603940664,46.38,10.849766039406639
36,43,57.229765808415415,46.38,10.849765808415412
36,44,47.129766746291324,36.28,10.849766746291323
36,45,47.12976683343282,36.28,10.849766833432817
36,46,47.12976733266547,36.28,10.849767332665472
36,47,47.12976751396312,36.28,10.849767513963116
36,48,46.429477698965776,35.58,10.849477698965778
36,49,46.42947770549815,35.58,10.849477705498153
36,50,46.42947774164044,35.58,10.849477741640442
36,51,46.429477782682284,35.58,10.849477782682285
36,52,46.0694777696551,35.22,10.849477769655103
36,53,46.069477774026005,35.22,10.849477774026006
36,54,46.06947783173344,35.22,10.849477831733438
36,55,46.06947782403134,35.22,10.84947782403134
36,56,45.76947783688479,34.92,10.849477836884788
36,57,45.76947788343502,34.92,10.849477883435021
36,58,155.2124506040613,34.92,120.2924506040613
36,59,225.84844604902491,34.92,190.9284460490249
36,60,111.33067452415139,34.76,76.5706745241514
36,61,197.20816642141932,34.76,162.44816642141933
36,62,66.8342776405281,34.76,32.0742776405281
36,63,443.69253144840513,34.76,408.93253144840514
36,64,208.096376046668,40.47,167.626376046668
36,65,173.011742517945,40.47,132.541742517945
36,66,279.5238759915335,40.47,239.0538759915335
36,67,172.78997484784927,40.47,132.31997484784927
36,68,305.12903623922426,48.01,257.1190362392243
36,69,225.17162796177757,48.01,177.16162796177758
36,70,144.48809914753687,48.01,96.47809914753688
36,71,335.04712750645666,48.01,287.03712750645667
36,72,126.08266556864551,51.61,74.47266556864551
36,73,272.2036811796889,51.61,220.59368117968887
36,74,420.50591445335033,51.61,368.8959144533503
36,75,129.4383192240524,51.61,77.82831922405241
36,76,99.15589950913838,47.16,51.99589950913838
36,77,93.93316669256119,47.16,46.77316669256119
36,78,330.56417633999695,47.16,283.404176339997
36,79,133.89780102261489,47.16,86.73780102261489
36,80,47.97948096860128,37.13,10.849480968601277
36,81,47.97947794315499,37.13,10.849477943154987
36,82,47.979477994604494,37.13,10.849477994604491
36,83,47.9794778044007,37.13,10.8494778044007
36,84,45.53947805056959,34.69,10.849478050569594
36,85,45.539477865538935,34.69,10.849477865538937
36,86,45.53947750933796,34.69,10.849477509337959
36,87,45.539477627947115,34.69,10.849477627947117
36,88,41.80614101575566,31.8,10.006141015755656
36,89,32.1573774399932,31.8,0.35737743999319704
36,90,37.447242878517656,31.8,5.647242878517655
36,91,32.154268092079654,31.8,0.3542680920796535
36,92,26.564051389949284,26.21,0.35405138994928365
36,93,31.85724192281787,26.21,5.647241922817869
36,94,168.67711834462733,26.21,142.46711834462732
36,95,31.857242744909197,26.21,5.647242744909196
38,0,36.22907055534592,31.0,5.2290705553459205
38,1,38.56751258238898,31.0,7.567512582388979
38,2,31.887351652159413,31.0,0.8873516521594134
38,3,37.67532740581442,31.0,6.675327405814421
38,4,30.932192033364625,30.94,-0.0078079666353758626
38,5,39.90012395237485,30.94,8.960123952374847
38,6,36.45230744240527,30.94,5.51230744240527
38,7,35.95377589832845,30.94,5.013775898328451
38,8,35.72910298630772,31.32,4.4091029863077225
38,9,33.94078229755858,31.32,2.620782297558577
38,10,37.600814921070466,31.32,6.280814921070466
38,11,33.53674694160736,31.32,2.2167469416073615
38,12,36.63823911144879,29.03,7.608239111448789
38,13,34.232502973841484,29.03,5.202502973841483
38,14,29.023226661373492,29.03,-0.0067733386265089734
38,15,32.88904813998277,29.03,3.859048139982768
38,16,28.19299057686528,28.2,-0.007009423134718418
38,17,28.192922589453314,28.2,-0.007077410546685314
38,18,28.192804427597014,28.2,-0.007195572402984851
38,19,28.19275333079982,28.2,-0.007246669200178246
38,20,44.64554563252196,43.75,0.8955456325219586
38,21,44.65498182992099,43.75,0.9049818299209917
38,22,44.66482497631587,43.75,0.9148249763158702
38,23,44.665008334236695,43.75,0.9150083342366955
38,24,64.20067995520343,51.79,12.410679955203427
38,25,64.20068652535763,51.79,12.410686525357626
38,26,64.20069166946094,51.79,12.410691669460938
38,27,64.20069291939362,51.79,12.410692919393618
38,28,64.81069356852977,52.4,12.410693568529773
38,29,64.81069406197085,52.4,12.410694061970851
38,30,64.8106945026845,52.4,12.4106945026845
38,31,64.81069488817224,52.4,12.410694888172237
38,32,61.83069522819871,49.42,12.410695228198705
38,33,61.83093706189425,49.42,12.410937061894245
38,34,83.23975061052866,49.42,33.81975061052866
38,35,61.830937159215864,49.42,12.410937159215862
38,36,61.790936996140985,49.38,12.410936996140983
38,37,61.79093683245325,49.38,12.410936832453245
38,38,61.790936566599775,49.38,12.410936566599773
38,39,61.79093647099838,49.38,12.41093647099838
38,40,58.79093649883265,46.38,12.410936498832648
38,41,58.79093610678572,46.38,12.41093610678572
38,42,58.79093615379612,46.38,12.410936153796115
38,43,58.79093389710422,46.38,12.410933897104215
38,44,48.69093648415693,36.28,12.410936484156927
38,45,48.690936397337836,36.28,12.410936397337835
38,46,48.69093670864028,36.28,12.410936708640278
38,47,48.690936744228885,36.28,12.410936744228884
38,48,47.99093697162725,35.58,12.410936971627251
38,49,47.99093700654651,35.58,12.410937006546511
38,50,47.99093737819483,35.58,12.41093737819483
38,51,47.99093745314288,35.58,12.410937453142878
38,52,47.63069463017262,35.22,12.410694630172621
38,53,47.63069459917501,35.22,12.41069459917501
38,54,47.63069483524164,35.22,12.410694835241642
38,55,47.630694940454006,35.22,12.410694940454007
38,56,47.33069501573726,34.92,12.41069501573726
38,57,47.330695080917394,34.92,12.410695080917392
38,58,156.62070813901292,34.92,121.70070813901292
38,59,227.20944012989702,34.92,192.289440129897
38,60,112.88290090324568,34.76,78.1229009032457
38,61,198.82673518388788,34.76,164.0667351838879
38,62,68.39971171892502,34.76,33.63971171892502
38,63,445.45458540847017,34.76,410.6945854084702
38,64,209.69549486655728,40.47,169.22549486655728
38,65,174.67340305109974,40.47,134.20340305109974
38,66,281.20939463041213,40.47,240.73939463041214
38,67,174.48937600688788,40.47,134.01937600688788
38,68,306.97045988630737,48.01,258.9604598863074
38,69,226.8670864361554,48.01,178.8570864361554
38,70,146.2051910527849,48.01,98.1951910527849
38,71,336.7452333659312,48.01,288.7352333659312
38,72,127.7623762377016,51.61,76.1523762377016
38,73,273.9087364029154,51.61,222.29873640291538
38,74,422.5582289848035,51.61,370.9482289848035
38,75,131.17745648585145,51.61,79.56745648585145
38,76,100.83951704333356,47.16,53.67951704333356
38,77,95.61105028161107,47.16,48.451050281611074
38,78,333.1642057808265,47.16,286.0042057808265
38,79,135.6559694245591,47.16,88.49596942455909
38,80,39.15628384666165,37.13,2.0262838466616486
38,81,39.15466624061429,37.13,2.0246662406142875
38,82,39.15404634437016,37.13,2.0240463443701557
38,83,39.153681443064364,37.13,2.023681443064362
38,84,36.71343241150677,34.69,2.023432411506775
38,85,36.713249809864415,34.69,2.023249809864417
38,86,36.71311011410928,34.69,2.0231101141092793
38,87,36.71300018218155,34.69,2.023000182181555
38,88,38.19296603212666,31.8,6.392966032126662
38,89,33.822833585171416,31.8,2.0228335851714156
38,90,33.82276969013865,31.8,2.0227696901386487
38,91,33.82271702277932,31.8,2.0227170227793216
38,92,28.2326720996412,26.21,2.0226720996411984
38,93,26.461786523172904,26.21,0.2517865231729033
38,94,165.4400003996276,26.21,139.23000039962758
38,95,26.46490355256057,26.21,0.2549035525605703
42,0,36.045083112550586,31.0,5.045083112550586
42,1,38.62063590583075,31.0,7.620635905830753
42,2,31.008907119845425,31.0,0.008907119845424916
42,3,37.6429955261885,31.0,6.6429955261885
42,4,30.94913751151117,30.94,0.00913751151117026
42,5,40.09500358009105,30.94,9.155003580091051
42,6,36.566816018977015,30.94,5.626816018977014
42,7,36.05749868105547,30.94,5.117498681055469
42,8,35.8100353229508,31.32,4.490035322950803
42,9,33.988398207342726,31.32,2.668398207342726
42,10,37.72143653771261,31.32,6.401436537712613
42,11,33.576589675036125,31.32,2.2565896750361247
42,12,36.78092640987403,29.03,7.750926409874026
42,13,34.319191801191074,29.03,5.289191801191073
42,14,29.03810658352819,29.03,0.008106583528189049
42,15,32.95531580059448,29.03,3.9253158005944755
42,16,29.19241430389879,28.2,0.9924143038987907
42,17,29.202899982533047,28.2,1.002899982533048
42,18,29.212828368538066,28.2,1.0128283685380666
42,19,29.212829477325926,28.2,1.0128294773259263
42,20,123.18724134295312,43.75,79.43724134295312
42,21,123.18724145646387,43.75,79.43724145646387
42,22,123.18724215529846,43.75,79.43724215529846
42,23,123.18724281315507,43.75,79.43724281315507
42,24,131.22724337685815,51.79,79.43724337685816
42,25,131.22724376512224,51.79,79.43724376512225
42,26,131.22724407712892,51.79,79.43724407712892
42,27,131.227244329883,51.79,79.43724432988301
42,28,131.83724455732127,52.4,79.43724455732126
42,29,131.83724471967054,52.4,79.43724471967053
42,30,131.8372448186751,52.4,79.43724481867508
42,31,131.8372448121842,52.4,79.43724481218419
42,32,128.85724496580994,49.42,79.43724496580994
42,33,128.85724502372125,49.42,79.43724502372125
42,34,310.6972555149735,49.42,261.2772555149735
42,35,128.8572451235384,49.42,79.4372451235384
42,36,128.81724527519447,49.38,79.43724527519447
42,37,128.81724526021446,49.38,79.43724526021447
42,38,128.817245296116,49.38,79.437245296116
42,39,128.81724536441521,49.38,79.43724536441522
42,40,125.81724548073433,46.38,79.43724548073433
42,41,125.81724545789459,46.38,79.43724545789459
42,42,125.8172455012469,46.38,79.4372455012469
42,43,125.8172456615502,46.38,79.43724566155021
42,44,115.71724559243549,36.28,79.43724559243549
42,45,115.71724570412947,36.28,79.43724570412947
42,46,115.71724573899067,36.28,79.43724573899067
42,47,115.71724571615906,36.28,79.43724571615905
42,48,115.01724585701116,35.58,79.43724585701116
42,49,115.01724584832962,35.58,79.43724584832962
42,50,115.01724586368235,35.58,79.43724586368235
42,51,115.01724581662747,35.58,79.43724581662747
42,52,114.65724579235453,35.22,79.43724579235453
42,53,114.65724598309747,35.22,79.43724598309747
42,54,114.65724587196745,35.22,79.43724587196745
42,55,114.65724591585186,35.22,79.43724591585186
42,56,114.35724588323848,34.92,79.43724588323848
42,57,114.35724589191099,34.92,79.43724589191099
42,58,1035.3545649830057,34.92,1000.4345649830058
42,59,1628.496461129359,34.92,1593.576461129359
42,60,506.3104056925364,34.76,471.5504056925364
42,61,1364.116094928937,34.76,1329.356094928937
42,62,292.3869791664016,34.76,257.6269791664016
42,63,3284.816079526074,34.76,3250.056079526074
42,64,1440.7970333745639,40.47,1400.3270333745638
42,65,1143.2403690233043,40.47,1102.7703690233043
42,66,1919.7779876556178,40.47,1879.3079876556178
42,67,1140.4753139663067,40.47,1100.0053139663066
42,68,2203.810172654778,48.01,2155.8001726547777
42,69,1526.2608930543354,48.01,1478.2508930543354
42,70,846.562588114293,48.01,798.552588114293
42,71,2264.141536861178,48.01,2216.1315368611777
42,72,664.9012233035664,51.61,613.2912233035664
42,73,1827.1142558983856,51.61,1775.5042558983857
42,74,3059.850544300125,51.61,3008.240544300125
42,75,693.0500842079723,51.61,641.4400842079723
42,76,471.57402185892954,47.16,424.4140218589296
42,77,428.1872514139467,47.16,381.0272514139467
42,78,2299.7049374050043,47.16,2252.5449374050045
42,79,764.3633714550057,47.16,717.2033714550057
42,80,116.56724589788465,37.13,79.43724589788465
42,81,116.567245863073,37.13,79.437245863073
42,82,116.56724581186558,37.13,79.43724581186558
42,83,116.56724576024737,37.13,79.43724576024738
42,84,114.12724570779812,34.69,79.43724570779813
42,85,114.12724565491557,34.69,79.43724565491557
42,86,114.12724561862893,34.69,79.43724561862894
42,87,114.12724554620158,34.69,79.43724554620158
42,88,132.90634262907463,31.8,101.10634262907463
42,89,111.23724538890198,31.8,79.43724538890199
42,90,111.23724529808685,31.8,79.43724529808685
42,91,111.23724520613237,31.8,79.43724520613237
42,92,26.583388137661657,26.21,0.37338813766165657
42,93,26.583654079491815,26.21,0.3736540794918142
42,94,1204.6987463943278,26.21,1178.4887463943278
42,95,105.64724499921326,26.21,79.43724499921325
48,0,36.316489356046006,31.0,5.316489356046006
48,1,38.649546532138125,31.0,7.649546532138125
48,2,31.892456602199232,31.0,0.892456602199232
48,3,37.7394494140806,31.0,6.739449414080603
48,4,30.932248802720242,30.94,-0.007751197279759481
48,5,40.03003973753233,30.94,9.090039737532326
48,6,36.528079946685374,30.94,5.588079946685372
48,7,36.022820219627675,30.94,5.082820219627674
48,8,35.77424309269811,31.32,4.454243092698107
48,9,33.9633494856672,31.32,2.6433494856672013
48,10,37.67158909697591,31.32,6.351589096975907
48,11,33.55381185436651,31.32,2.2338118543665075
48,12,36.70881046566785,29.03,7.678810465667851
48,13,34.274462233305215,29.03,5.244462233305214
48,14,29.024344823277893,29.03,-0.005655176722108024
48,15,32.92523020002951,29.03,3.895230200029509
48,16,28.19462091716058,28.2,-0.005379082839418459
48,17,28.194522772161253,28.2,-0.005477227838746046
48,18,28.194531120893092,28.2,-0.005468879106906854
48,19,28.194163868802487,28.2,-0.005836131197511918
48,20,44.65120363887458,43.75,0.901203638874577
48,21,44.66207070343808,43.75,0.9120707034380828
48,22,44.67641692911666,43.75,0.9264169291166624
48,23,44.698419153847105,43.75,0.9484191538471052
48,24,147.9638353793025,51.79,96.17383537930252
48,25,248.06079244303461,51.79,196.27079244303462
48,26,248.0607923933873,51.79,196.2707923933873
48,27,248.06079302715014,51.79,196.27079302715015
48,28,248.67079234806735,52.4,196.27079234806735
48,29,248.67069681618463,52.4,196.27069681618462
48,30,248.67069689126694,52.4,196.27069689126694
48,31,248.67079232011417,52.4,196.27079232011417
48,32,245.69079548862663,49.42,196.27079548862662
48,33,245.69080036840154,49.42,196.27080036840152
48,34,590.4916815005034,49.42,541.0716815005035
48,35,245.69079185854213,49.42,196.2707918585421
48,36,245.65079222028578,49.38,196.27079222028578
48,37,245.6507919361248,49.38,196.2707919361248
48,38,245.650791782071,49.38,196.270791782071
48,39,245.6507924991689,49.38,196.2707924991689
48,40,242.65079387857426,46.38,196.27079387857427
48,41,242.6507918342644,46.38,196.2707918342644
48,42,242.65079276889387,46.38,196.27079276889387
48,43,242.6507923514496,46.38,196.27079235144961
48,44,232.55079281008977,36.28,196.27079281008977
48,45,232.550696689154,36.28,196.270696689154
48,46,232.55079283624687,36.28,196.27079283624687
48,47,232.5507933119065,36.28,196.2707933119065
48,48,231.85068888773844,35.58,196.27068888773846
48,49,231.85068106724992,35.58,196.27068106724994
48,50,231.850673385858,35.58,196.270673385858
48,51,231.85067342186153,35.58,196.27067342186155
48,52,35.59880902192153,35.22,0.37880902192153343
48,53,231.49066603692438,35.22,196.27066603692438
48,54,231.4906660381606,35.22,196.2706660381606
48,55,231.49066586698746,35.22,196.27066586698746
48,56,231.19066586809282,34.92,196.2706658680928
48,57,231.1906659392805,34.92,196.2706659392805
48,58,1973.126396493079,34.92,1938.206396493079
48,59,3094.3305315356274,34.92,3059.4105315356273
48,60,953.8477494171261,34.76,919.0877494171261
48,61,2594.7952654591327,34.76,2560.0352654591325
48,62,568.1798919886646,34.76,533.4198919886646
48,63,6226.88888660238,34.76,6192.12888660238
48,64,2739.274220530649,40.47,2698.804220530649
48,65,2176.1295627989753,40.47,2135.6595627989755
48,66,3637.3200170384303,40.47,3596.8500170384305
48,67,2168.984457348457,40.47,2128.514457348457
48,68,4174.395961769253,48.01,4126.385961769252
48,69,2890.6229303464543,48.01,2842.612930346454
48,70,1605.0133702185299,48.01,1557.0033702185299
48,71,4280.263918132502,48.01,4232.253918132502
48,72,1257.0377253374725,51.61,1205.4277253374726
48,73,3456.6388570706144,51.61,3405.0288570706143
48,74,5792.40921827995,51.61,5740.799218279951
48,75,1310.6480069765375,51.61,1259.0380069765376
48,76,895.8282000105947,47.16,848.6682000105948
48,77,813.5453676682006,47.16,766.3853676682006
48,78,4344.251864142077,47.16,4297.091864142077
48,79,1450.7656707922615,47.16,1403.6056707922614
48,80,69.5489174922217,37.13,32.4189174922217
48,81,69.54890283232143,37.13,32.41890283232143
48,82,69.54889413901401,37.13,32.41889413901401
48,83,69.54888683752392,37.13,32.41888683752392
48,84,67.10888013608735,34.69,32.41888013608735
48,85,67.10887989350636,34.69,32.41887989350636
48,86,67.10887960305051,34.69,32.41887960305051
48,87,67.10887936631816,34.69,32.418879366318166
48,88,103.30137870107616,31.8,71.50137870107616
48,89,64.2188685590353,31.8,32.4188685590353
48,90,64.21886345463916,31.8,32.418863454639165
48,91,64.2188585257045,31.8,32.41885852570451
48,92,26.585490262394075,26.21,0.3754902623940737
48,93,26.585680873990448,26.21,0.37568087399044714
48,94,2126.880679469438,26.21,2100.670679469438
48,95,26.601063488298117,26.21,0.39106348829811566
54,0,35.947713421675104,31.0,4.947713421675104
54,1,38.42657649247871,31.0,7.426576492478709
54,2,30.96014881904589,31.0,-0.03985118095410911
54,3,37.476521055714635,31.0,6.476521055714635
54,4,30.899969604299383,30.94,-0.040030395700618726
54,5,39.878992708133495,30.94,8.938992708133494
54,6,36.4335918923702,30.94,5.493591892370201
54,7,35.935864319943164,30.94,4.995864319943163
54,8,35.69953893602039,31.32,4.3795389360203885
54,9,33.90897213068732,31.32,2.588972130687317
54,10,37.562356880607325,31.32,6.242356880607325
54,11,33.502565212357624,31.32,2.1825652123576234
54,12,36.5760254609796,29.03,7.5460254609796
54,13,34.184567554230206,29.03,5.154567554230205
54,14,28.989611205601463,29.03,-0.04038879439853815
54,15,32.85554430070812,29.03,3.825544300708117
54,16,28.93601362641041,28.2,0.7360136264104113
54,17,28.943207990571363,28.2,0.7432079905713636
54,18,28.95153228213272,28.2,0.7515322821327217
54,19,28.961393348512775,28.2,0.761393348512776
54,20,44.523483091987764,43.75,0.7734830919877638
54,21,44.523561590467416,43.75,0.7735615904674162
54,22,44.54582487394184,43.75,0.7958248739418394
54,23,44.58537196777645,43.75,0.8353719677764531
54,24,121.43307798506294,51.79,69.64307798506294
54,25,209.62843133564738,51.79,157.83843133564739
54,26,209.62843223245886,51.79,157.83843223245887
54,27,209.6284322014077,51.79,157.8384322014077
54,28,210.23843249506842,52.4,157.83843249506842
54,29,210.2384324994748,52.4,157.8384324994748
54,30,210.23843257573142,52.4,157.83843257573142
54,31,210.23843265288272,52.4,157.83843265288272
54,32,207.2584326324565,49.42,157.8384326324565
54,33,207.25843256801926,49.42,157.83843256801924
54,34,552.4885566281635,49.42,503.06855662816344
54,35,207.25843264305684,49.42,157.83843264305682
54,36,207.2184326683887,49.38,157.8384326683887
54,37,207.21843274378747,49.38,157.83843274378748
54,38,207.2184327215725,49.38,157.8384327215725
54,39,207.21843324852767,49.38,157.83843324852768
54,40,204.21843353243483,46.38,157.83843353243483
54,41,204.21843287178226,46.38,157.83843287178226
54,42,204.21853109782805,46.38,157.83853109782805
54,43,204.2184328725614,46.38,157.8384328725614
54,44,194.118432919713,36.28,157.838432919713
54,45,194.11843286664362,36.28,157.83843286664361
54,46,194.11843294679898,36.28,157.83843294679897
54,47,194.11853167475272,36.28,157.83853167475272
54,48,193.41843278520702,35.58,157.83843278520703
54,49,193.4184328177733,35.58,157.8384328177733
54,50,193.41843286876525,35.58,157.83843286876527
54,51,193.4184329188027,35.58,157.8384329188027
54,52,193.05843293152725,35.22,157.83843293152725
54,53,193.05843295062803,35.22,157.83843295062803
54,54,193.05843296240698,35.22,157.83843296240698
54,55,193.05843301507502,35.22,157.83843301507503
54,56,192.75843300208214,34.92,157.83843300208213
54,57,35.293476044435785,34.92,0.3734760444357832
54,58,1936.7770537971974,34.92,1901.8570537971973
54,59,3060.917437742158,34.92,3025.997437742158
54,60,916.576108420033,34.76,881.8161084200331
54,61,2558.8873232674396,34.76,2524.1273232674394
54,62,530.2247081920012,34.76,495.46470819200124
54,63,6196.59673870436,34.76,6161.83673870436
54,64,2704.8414856620307,40.47,2664.371485662031
54,65,2140.1003065691834,40.47,2099.6303065691836
54,66,3603.3475425638726,40.47,3562.877542563873
54,67,2133.312507032896,40.47,2092.8425070328963
54,68,4140.471807868308,48.01,4092.461807868308
54,69,2856.635104868452,48.01,2808.6251048684517
54,70,997.4198045166063,48.01,949.4098045166063
54,71,997.4188242814312,48.01,949.4088242814312
54,72,1219.994420006852,51.61,1168.384420006852
54,73,3423.4352329997423,51.61,3371.825232999742
54,74,5763.364950966219,51.61,5711.754950966219
54,75,1273.5932686498597,51.61,1221.9832686498598
54,76,857.9111409538264,47.16,810.7511409538264
54,77,775.5785121953131,47.16,728.4185121953132
54,78,4286.30545302783,47.16,4239.14545302783
54,79,996.5688353397505,47.16,949.4088353397506
54,80,194.96853123771706,37.13,157.83853123771706
54,81,194.96843406099924,37.13,157.83843406099925
54,82,194.96843373539943,37.13,157.83843373539943
54,83,194.9684337882053,37.13,157.8384337882053
54,84,192.52843400287253,34.69,157.83843400287253
54,85,192.52843374734138,34.69,157.83843374734138
54,86,192.52843381676064,34.69,157.83843381676064
54,87,192.52843376975272,34.69,157.83843376975273
54,88,85.88804357589697,31.8,54.088043575896975
54,89,32.174955867811626,31.8,0.37495586781162515
54,90,32.175362573763735,31.8,0.3753625737637343
54,91,32.17618124768386,31.8,0.3761812476838564
54,92,129.682451813104,26.21,103.47245181310399
54,93,129.6824517515519,26.21,103.47245175155189
54,94,2199.1735172238637,26.21,2172.9635172238636
54,95,129.68245167663204,26.21,103.47245167663203
56,0,35.946977248432205,31.0,4.946977248432205
56,1,38.29934689400231,31.0,7.299346894002312
56,2,31.269706419383553,31.0,0.269706419383553
56,3,37.40573068128347,31.0,6.4057306812834724
56,4,31.209486189604075,30.94,0.26948618960407345
56,5,39.65576249990956,30.94,8.715762499909555
56,6,36.41341024347574,30.94,5.473410243475737
56,7,35.95281488390575,30.94,5.012814883905751
56,8,35.77487993282434,31.32,4.4548799328243405
56,9,34.10215975059233,31.32,2.782159750592328
56,10,37.50383136834364,31.32,6.18383136834364
56,11,33.721464557141964,31.32,2.4014645571419635
56,12,36.455747975393905,29.03,7.425747975393904
56,13,34.22386106871718,29.03,5.193861068717176
56,14,29.296310309739916,29.03,0.26631030973991443
56,15,32.97643340467216,29.03,3.946433404672156
56,16,28.83570497661737,28.2,0.6357049766173724
56,17,28.836433820481716,28.2,0.6364338204817166
56,18,28.837289244415174,28.2,0.6372892444151752
56,19,28.83830976835608,28.2,0.6383097683560806
56,20,44.389548691989106,43.75,0.6395486919891056
56,21,44.391067850371265,43.75,0.6410678503712646
56,22,44.39282809929984,43.75,0.642828099299841
56,23,44.39312971346122,43.75,0.6431297134612208
56,24,55.55535944836396,51.79,3.7653594483639594
56,25,55.55535957346795,51.79,3.765359573467954
56,26,55.55535964683606,51.79,3.7653596468360604
56,27,55.55535968317976,51.79,3.76535968317976
56,28,56.165359711403816,52.4,3.7653597114038178
56,29,56.1653597322934,52.4,3.7653597322934047
56,30,56.16535975162827,52.4,3.7653597516282744
56,31,56.165359771307564,52.4,3.7653597713075655
56,32,53.18535978569859,49.42,3.7653597856985854
56,33,53.1853597964372,49.42,3.7653597964371954
56,34,54.16630307064317,49.42,4.746303070643165
56,35,53.185620726032994,49.42,3.765620726032992
56,36,53.14562082880252,49.38,3.7656208288025184
56,37,53.145620493869906,49.38,3.7656204938699034
56,38,53.145620564818486,49.38,3.7656205648184837
56,39,53.14535980902326,49.38,3.765359809023259
56,40,50.14562067828452,46.38,3.7656206782845203
56,41,50.1456197387614,46.38,3.7656197387613943
56,42,50.145620249116355,46.38,3.7656202491163526
56,43,50.14561886063822,46.38,3.76561886063822
56,44,40.04561975717653,36.28,3.7656197571765304
56,45,40.04561984448696,36.28,3.765619844486956
56,46,40.04561988830151,36.28,3.765619888301508
56,47,40.045359809818095,36.28,3.7653598098180936
56,48,39.34535980944868,35.58,3.7653598094486824
56,49,39.3453598094043,35.58,3.765359809404302
56,50,39.345359812767065,35.58,3.765359812767066
56,51,39.34535980929527,35.58,3.765359809295269
56,52,38.98535980818886,35.22,3.7653598081888617
56,53,38.98535980825787,35.22,3.7653598082578696
56,54,38.98535980897243,35.22,3.765359808972434
56,55,38.98535980869379,35.22,3.7653598086937876
56,56,38.68535980870752,34.92,3.7653598087075153
56,57,38.68535980863957,34.92,3.765359808639566
56,58,43.724723413247446,34.92,8.804723413247444
56,59,46.89065522428088,34.92,11.970655224280875
56,60,62.19941122386732,34.76,27.439411223867324
56,61,48.682725150908595,34.76,13.922725150908597
56,62,39.492898442198594,34.76,4.7328984421985965
56,63,80.96651218422943,34.76,46.20651218422943
56,64,51.33607151587619,40.47,10.866071515876193
56,65,49.77630392618763,40.47,9.306303926187631
56,66,303.8418398726644,40.47,263.3718398726644
56,67,49.7498955319645,40.47,9.279895531964499
56,68,62.89144649548855,48.01,14.881446495488554
56,69,59.28937117361992,48.01,11.279371173619921
56,70,55.65234519175515,48.01,7.642345191755155
56,71,461.84774266510277,48.01,413.8377426651028
56,72,58.26030853343653,51.61,6.6503085334365295
56,73,205.8767577792329,51.61,154.26675777923288
56,74,269.22356204130944,51.61,217.61356204130942
56,75,58.411751512909426,51.61,6.801751512909426
56,76,52.796359403483926,47.16,5.6363594034839295
56,77,52.558349882729374,47.16,5.398349882729377
56,78,79.14750041895506,47.16,31.987500418955065
56,79,54.36945619061961,47.16,7.209456190619612
56,80,40.89535980750195,37.13,3.7653598075019445
56,81,40.89535980903352,37.13,3.7653598090335194
56,82,40.895359805983695,37.13,3.7653598059836924
56,83,40.89535980536819,37.13,3.7653598053681847
56,84,38.455359803692595,34.69,3.765359803692597
56,85,38.45535980233248,34.69,3.7653598023324832
56,86,38.455359799422006,34.69,3.765359799422008
56,87,38.45535978831755,34.69,3.7653597883175536
56,88,34.410243297703346,31.8,2.610243297703345
56,89,32.27941409148432,31.8,0.479414091484319
56,90,32.27656433490304,31.8,0.47656433490304195
56,91,32.275334118959364,31.8,0.4753341189593634
56,92,26.684629160304297,26.21,0.47462916030429625
56,93,26.438980555170822,26.21,0.22898055517082128
56,94,38.8450351755681,26.21,12.635035175568099
56,95,26.439088469213857,26.21,0.22908846921385617
60,0,35.33026765386533,31.0,4.330267653865327
60,1,37.66396524135433,31.0,6.663965241354333
60,2,30.92271228119005,31.0,-0.07728771880994856
60,3,36.772580973254016,31.0,5.772580973254016
60,4,30.862797845291457,30.94,-0.07720215470854441
60,5,39.01901810151499,30.94,8.079018101514986
60,6,35.78758911189918,30.94,4.847589111899179
60,7,35.336289308907524,30.94,4.396289308907523
60,8,35.17479805084081,31.32,3.854798050840813
60,9,33.58452600929523,31.32,2.2645260092952313
60,10,36.87101965989664,31.32,5.551019659896639
60,11,33.22794757610462,31.32,1.9079475761046183
60,12,35.81994566696005,29.03,6.789945666960051
60,13,33.60379094389143,29.03,4.5737909438914315
60,14,28.95202785778357,29.03,-0.07797214221643145
60,15,32.39786080091116,29.03,3.36786080091116
60,16,28.199999087556456,28.2,-9.124435429441746e-07
60,17,28.1999990904455,28.2,-9.095545010495698e-07
60,18,28.199999093375773,28.2,-9.066242263600088e-07
60,19,28.19999909635564,28.2,-9.036443593402055e-07
60,20,43.74999909913229,43.75,-9.008677110955432e-07
60,21,43.74999910164984,43.75,-8.983501587067622e-07
60,22,43.749999104196185,43.75,-8.958038151263281e-07
60,23,43.74999910668858,43.75,-8.933114230558203e-07
60,24,51.78999910911813,51.79,-8.908818713848632e-07
60,25,51.7899991113575,51.79,-8.886424964771322e-07
60,26,51.78999911359928,51.79,-8.864007199349544e-07
60,27,51.78999911567452,51.79,-8.84325480399184e-07
60,28,52.39999911784299,52.4,-8.821570105510546e-07
60,29,52.39999911981767,52.4,-8.801823270232489e-07
60,30,52.39999912135451,52.4,-8.786454870346461e-07
60,31,52.39999912281914,52.4,-8.771808595042785e-07
60,32,49.419999123997535,49.42,-8.760024670095845e-07
60,33,49.41999912539172,49.42,-8.746082826860402e-07
60,34,50.4005415900911,49.42,0.9805415900911001
60,35,49.41999912789365,49.42,-8.721063551320185e-07
60,36,49.37999912897698,49.38,-8.710230190445145e-07
60,37,49.37999913018065,49.38,-8.698193525447095e-07
60,38,49.37999913129243,49.38,-8.687075734314931e-07
60,39,49.37999913238216,49.38,-8.676178424593672e-07
60,40,46.379999133574806,46.38,-8.664251964773939e-07
60,41,46.37999913465367,46.38,-8.653463297036978e-07
60,42,46.37999913575653,46.38,-8.642434750072425e-07
60,43,46.3799991367476,46.38,-8.63252402893977e-07
60,44,36.27999913732047,36.28,-8.626795278132704e-07
60,45,36.279999143971686,36.28,-8.56028314899504e-07
60,46,36.27999913930395,36.28,-8.606960477663961e-07
60,47,36.27999913914888,36.28,-8.608511237184757e-07
60,48,35.57999914144464,35.58,-8.585553601392348e-07
60,49,35.57999913888708,35.58,-8.611129160840392e-07
60,50,35.5799991388242,35.58,-8.611757991161539e-07
60,51,35.57999913938815,35.58,-8.606118484522085e-07
60,52,35.219999139146346,35.22,-8.60853653250615e-07
60,53,35.219999139394545,35.22,-8.606054535675867e-07
60,54,35.21999913949353,35.22,-8.605064678590679e-07
60,55,35.21999913934274,35.22,-8.606572592384509e-07
60,56,34.91999913953387,34.92,-8.604661303479588e-07
60,57,34.919999139940515,34.92,-8.600594867402833e-07
60,58,39.95720034188238,34.92,5.037200341882375
60,59,43.13267983163709,34.92,8.21267983163709
60,60,58.4609744303426,34.76,23.700974430342605
60,61,44.91511307035633,34.76,10.155113070356329
60,62,35.72788024140504,34.76,0.9678802414050409
60,63,77.16131414474594,34.76,42.401314144745946
60,64,47.56547899540666,40.47,7.095478995406658
60,65,46.00597563421384,40.47,5.535975634213841
60,66,299.8606756854558,40.47,259.3906756854558
60,67,45.982154275184634,40.47,5.512154275184635
60,68,59.122438163231614,48.01,11.112438163231616
60,69,55.5241538479228,48.01,7.514153847922799
60,70,51.88525257236962,48.01,3.875252572369625
60,71,457.68567838249606,48.01,409.6756783824961
60,72,54.493747353601236,51.61,2.883747353601237
60,73,202.0501610407191,51.61,150.4401610407191
60,74,265.3168354087164,51.61,213.70683540871636
60,75,54.64467619246884,51.61,3.0346761924688437
60,76,49.03130570801677,47.16,1.87130570801677
60,77,48.79141200109953,47.16,1.6314120010995339
60,78,75.34597565706167,47.16,28.185975657061675
60,79,50.60223428776349,47.16,3.4422342877634904
60,80,37.129999141346055,37.13,-8.586539479438215e-07
60,81,37.12999914128797,37.13,-8.587120348124699e-07
60,82,37.12999914126399,37.13,-8.587360156298018e-07
60,83,37.129999141106246,37.13,-8.588937561171406e-07
60,84,34.68999914100313,34.69,-8.589968700789541e-07
60,85,34.68999914087003,34.69,-8.591299689442167e-07
60,86,34.68999914071802,34.69,-8.592819753516778e-07
60,87,34.68999914082513,34.69,-8.591748681396894e-07
60,88,33.90437433511017,31.8,2.104374335110169
60,89,31.79999914022615,31.8,-8.597738521132214e-07
60,90,31.79999914000166,31.8,-8.599983409851575e-07
60,91,31.799999139871765,31.8,-8.601282353026818e-07
60,92,26.209999139664998,26.21,-8.60335003238788e-07
60,93,26.209999139377828,26.21,-8.606221726381591e-07
60,94,38.362201858057674,26.21,12.152201858057673
60,95,26.209999139006857,26.21,-8.609931434477858e-07
62,0,36.11433541952841,31.0,5.114335419528409
62,1,38.44136534171374,31.0,7.441365341713741
62,2,31.76655227434716,31.0,0.7665522743471591
62,3,37.54687672165366,31.0,6.5468767216536605
62,4,31.165599398773292,30.94,0.22559939877329072
62,5,39.80092149533492,30.94,8.860921495334917
62,6,36.53234060025027,30.94,5.592340600250271
62,7,36.05798341695808,30.94,5.117983416958079
62,8,35.863084333363545,31.32,4.543084333363545
62,9,34.13174867158143,31.32,2.8117486715814266
62,10,37.639471063296334,31.32,6.319471063296334
62,11,33.74138128969529,31.32,2.42138128969529
62,12,36.59654618369268,29.03,7.5665461836926795
62,13,34.33319525795644,29.03,5.303195257956439
62,14,29.257356678501957,29.03,0.2273566785019554
62,15,33.05040529808385,29.03,4.020405298083851
62,16,28.42656416864475,28.2,0.2265641686447495
62,17,28.426383975413746,28.2,0.22638397541374644
62,18,28.42635456545501,28.2,0.22635456545501143
62,19,28.426364760823827,28.2,0.22636476082382728
62,20,44.51751002869544,43.75,0.7675100286954404
62,21,44.51751050882218,43.75,0.767510508822177
62,22,44.51957124137055,43.75,0.7695712413705493
62,23,44.523649072687185,43.75,0.773649072687185
62,24,68.78704179856979,51.79,16.99704179856979
62,25,68.78704183900606,51.79,16.997041839006066
62,26,68.78704187426563,51.79,16.997041874265626
62,27,68.78704189391138,51.79,16.99704189391138
62,28,69.39704190433692,52.4,16.997041904336918
62,29,69.39704191199145,52.4,16.997041911991452
62,30,69.39704191701144,52.4,16.997041917011437
62,31,69.39704192022887,52.4,16.997041920228874
62,32,66.4170419229672,49.42,16.9970419229672
62,33,66.41719176961523,49.42,16.997191769615227
62,34,67.3985537863717,49.42,17.978553786371705
62,35,66.41719178269597,49.42,16.997191782695964
62,36,66.37719211992808,49.38,16.99719211992808
62,37,66.37719175330614,49.38,16.997191753306133
62,38,66.37719197847002,49.38,16.99719197847002
62,39,66.37719225808956,49.38,16.997192258089562
62,40,63.37719164529494,46.38,16.99719164529494
62,41,63.377191828071936,46.38,16.997191828071934
62,42,63.37719192076898,46.38,16.997191920768977
62,43,63.37719067537693,46.38,16.997190675376928
62,44,53.27719125598183,36.28,16.997191255981832
62,45,53.27719188248441,36.28,16.997191882484408
62,46,53.27719119558802,36.28,16.997191195588016
62,47,53.27719183399306,36.28,16.997191833993057
62,48,52.57704192619029,35.58,16.997041926190292
62,49,52.577192810726956,35.58,16.997192810726958
62,50,52.57719208807835,35.58,16.99719208807835
62,51,52.57719247138667,35.58,16.99719247138667
62,52,52.21703027549048,35.22,16.99703027549048
62,53,52.21703027391894,35.22,16.997030273918938
62,54,52.21703027125175,35.22,16.997030271251752
62,55,52.217030271118524,35.22,16.997030271118525
62,56,51.91703027092241,34.92,16.99703027092241
62,57,51.91703027179531,34.92,16.99703027179531
62,58,56.973713118755896,34.92,22.053713118755894
62,59,60.149077011908545,34.92,25.229077011908544
62,60,75.53270722164856,34.76,40.77270722164857
62,61,61.962996644397606,34.76,27.202996644397608
62,62,52.72849591493039,34.76,17.968495914930394
62,63,86.33092713062905,34.76,51.57092713062905
62,64,64.60958582286516,40.47,24.139585822865158
62,65,63.06375552221062,40.47,22.59375552221062
62,66,1199.0964548440556,40.47,1158.6264548440556
62,67,63.02911887363338,40.47,22.55911887363338
62,68,76.21360336973521,48.01,28.203603369735212
62,69,72.56138733330572,48.01,24.55138733330572
62,70,68.91525324821733,48.01,20.905253248217328
62,71,1914.8771622253857,48.01,1866.8671622253858
62,72,71.51032929294018,51.61,19.900329292940185
62,73,718.1374253766081,51.61,666.5274253766081
62,74,980.5299010609828,51.61,928.9199010609827
62,75,71.66249337225585,51.61,20.052493372255853
62,76,66.04097529286733,47.16,18.880975292867333
62,77,65.8004650822352,47.16,18.64046508223521
62,78,92.60854736806218,47.16,45.44854736806218
62,79,67.62452542084606,47.16,20.46452542084606
62,80,37.25140956760371,37.13,0.12140956760370614
62,81,37.22628345446439,37.13,0.09628345446438402
62,82,37.21016909969251,37.13,0.08016909969250463
62,83,37.21016904937542,37.13,0.0801690493754208
62,84,34.7601267886225,34.69,0.07012678862250254
62,85,34.75149407734137,34.69,0.06149407734137213
62,86,34.75149402653068,34.69,0.06149402653068137
62,87,34.744589050979656,34.69,0.05458905097965783
62,88,33.96386428538379,31.8,2.1638642853837915
62,89,31.834746004233917,31.8,0.034746004233916494
62,90,31.822436106867098,31.8,0.022436106867097294
62,91,31.81090853051043,31.8,0.010908530510430836
62,92,26.11505705226589,26.21,-0.09494294773411127
62,93,26.115276702812174,26.21,-0.09472329718782646
62,94,38.42260939718558,26.21,12.212609397185581
62,95,26.115751674133115,26.21,-0.09424832586688581
65,0,35.98013392608421,31.0,4.980133926084207
65,1,38.328377943596465,31.0,7.328377943596465
65,2,31.205227810883102,31.0,0.20522781088310182
65,3,37.429129632155295,31.0,6.429129632155295
65,4,31.145453125031242,30.94,0.2054531250312408
65,5,39.69664301715719,30.94,8.756643017157192
65,6,36.43644102421531,30.94,5.496441024215311
65,7,35.968543673657464,30.94,5.028543673657463
65,8,35.786086805884295,31.32,4.466086805884295
65,9,34.082326588855935,31.32,2.7623265888559345
65,10,37.536121184425916,31.32,6.216121184425916
65,11,33.69968936414603,31.32,2.3796893641460315
65,12,36.48447242610258,29.03,7.454472426102576
65,13,34.238231366403916,29.03,5.208231366403915
65,14,29.23543759113707,29.03,0.20543759113706983
65,15,32.98483691594141,29.03,3.9548369159414065
65,16,28.83800537146616,28.2,0.6380053714661607
65,17,28.838067069616546,28.2,0.6380670696165467
65,18,28.83807584076749,28.2,0.6380758407674918
65,19,28.838080203885674,28.2,0.638080203885675
65,20,44.38908814297277,43.75,0.6390881429727671
65,21,44.38909186558766,43.75,0.639091865587659
65,22,44.38909202099483,43.75,0.6390920209948305
65,23,44.389092125749954,43.75,0.6390921257499542
65,24,93.05261902029261,51.79,41.26261902029261
65,25,93.05261989244578,51.79,41.26261989244578
65,26,93.05261991784758,51.79,41.26261991784758
65,27,93.0526199281961,51.79,41.262619928196095
65,28,93.66261993413858,52.4,41.26261993413858
65,29,93.66261993674314,52.4,41.26261993674314
65,30,93.6626199377578,52.4,41.2626199377578
65,31,93.6626199391311,52.4,41.262619939131106
65,32,90.68261993998348,49.42,41.26261993998348
65,33,90.68261994058062,49.42,41.26261994058062
65,34,91.67047913703719,49.42,42.25047913703719
65,35,90.68261994167094,49.42,41.262619941670934
65,36,90.64261994229977,49.38,41.26261994229977
65,37,90.64261994427443,49.38,41.26261994427443
65,38,90.64261996905252,49.38,41.262619969052516
65,39,90.64261997302053,49.38,41.26261997302053
65,40,87.64261995278605,46.38,41.262619952786046
65,41,87.642730456857,46.38,41.26273045685699
65,42,87.64261994387104,46.38,41.26261994387104
65,43,87.64261996669333,46.38,41.26261996669333
65,44,77.5426199428769,36.28,41.262619942876896
65,45,77.54261994305568,36.28,41.26261994305568
65,46,77.5426199423797,36.28,41.2626199423797
65,47,77.54261994260884,36.28,41.262619942608836
65,48,76.84261994338131,35.58,41.26261994338131
65,49,76.84261994301572,35.58,41.26261994301572
65,50,76.84261994239195,35.58,41.26261994239195
65,51,76.84261994357578,35.58,41.262619943575785
65,52,35.595966375998614,35.22,0.3759663759986154
65,53,35.597090417403635,35.22,0.377090417403636
65,54,35.597243277381644,35.22,0.37724327738164476
65,55,35.59720717763925,35.22,0.3772071776392494
65,56,35.29701499704781,34.92,0.3770149970478087
65,57,76.18261994081001,34.92,41.26261994081001
65,58,81.29615519805554,34.92,46.37615519805554
65,59,45.257209303041215,34.92,10.337209303041213
65,60,100.08468354688847,34.76,65.32468354688848
65,61,86.34586459444077,34.76,51.58586459444077
65,62,77.00395050760386,34.76,42.24395050760386
65,63,119.74463842324025,34.76,84.98463842324026
65,64,88.96446548019074,40.47,48.49446548019074
65,65,87.53253119229018,40.47,47.06253119229018
65,66,3060.1072495717817,40.47,3019.637249571782
65,67,87.47493725119337,40.47,47.00493725119337
65,68,100.89005878562816,48.01,52.88005878562816
65,69,96.9121487587795,48.01,48.9021487587795
65,70,93.31005748757914,48.01,45.300057487579146
65,71,4863.037781778838,48.01,4815.027781778837
65,72,95.83110377173566,51.61,44.221103771735656
65,73,1775.8111758169512,51.61,1724.2011758169513
65,74,2455.3734679170516,51.61,2403.7634679170515
65,75,95.98858946703521,51.61,44.37858946703521
65,76,90.3398468184053,47.16,43.17984681840531
65,77,90.08191631638059,47.16,42.92191631638059
65,78,118.01581429766946,47.16,70.85581429766947
65,79,91.99284100427028,47.16,44.83284100427028
65,80,78.39261994563284,37.13,41.26261994563284
65,81,78.39261994306102,37.13,41.26261994306102
65,82,78.39261994230911,37.13,41.26261994230911
65,83,78.39261994242952,37.13,41.26261994242952
65,84,75.95261994244977,34.69,41.262619942449774
65,85,75.95261994125339,34.69,41.26261994125339
65,86,75.95261993952917,34.69,41.26261993952917
65,87,75.95261993753476,34.69,41.262619937534765
65,88,33.91702908370626,31.8,2.11702908370626
65,89,31.703874371696944,31.8,-0.09612562830305649
65,90,31.703931196666208,31.8,-0.09606880333379308
65,91,31.70389646463509,31.8,-0.0961035353649109
65,92,26.209652219622438,26.21,-0.00034778037756311164
65,93,26.209652218952243,26.21,-0.00034778104775767815
65,94,38.52642920995422,26.21,12.316429209954222
65,95,26.20965221851995,26.21,-0.0003477814800518786
68,0,35.37759217034692,31.0,4.377592170346922
68,1,37.699238956032616,31.0,6.699238956032616
68,2,30.90540391909608,31.0,-0.09459608090391924
68,3,36.79752085816434,31.0,5.79752085816434
68,4,30.84540875907783,30.94,-0.09459124092217053
68,5,39.0686939637291,30.94,8.128693963729102
68,6,35.813944694993246,30.94,4.873944694993245
68,7,35.357199334485216,30.94,4.417199334485215
68,8,35.195377314277096,31.32,3.8753773142770953
68,9,33.59253994737637,31.32,2.272539947376373
68,10,36.90857487618276,31.32,5.588574876182761
68,11,33.24117289707312,31.32,1.9211728970731201
68,12,35.85261589759978,29.03,6.822615897599782
68,13,33.619211488520385,29.03,4.589211488520384
68,14,28.93515428330138,29.03,-0.09484571669862163
68,15,32.42059194431606,29.03,3.390591944316057
68,16,28.19999794647721,28.2,-2.053522788258988e-06
68,17,28.199998380468536,28.2,-1.6195314636036073e-06
68,18,28.19999878243402,28.2,-1.2175659804825045e-06
68,19,28.199999088149106,28.2,-9.118508934591318e-07
68,20,43.74999923254743,43.75,-7.674525690504197e-07
68,21,43.749999314978126,43.75,-6.850218738918556e-07
68,22,43.74999938325041,43.75,-6.167495882891671e-07
68,23,43.74999943995492,43.75,-5.600450805332002e-07
68,24,51.789999486230975,51.79,-5.13769023768873e-07
68,25,51.78999952229093,51.79,-4.777090722996036e-07
68,26,51.789999553322374,51.79,-4.46677624665881e-07
68,27,51.78999957877424,51.79,-4.212257564972788e-07
68,28,52.3999996010372,52.4,-3.989627970213405e-07
68,29,52.39999961757338,52.4,-3.8242662014909e-07
68,30,52.39999962877801,52.4,-3.712219864837607e-07
68,31,52.39999963761987,52.4,-3.623801276830818e-07
68,32,49.41999964460496,49.42,-3.553950449486365e-07
68,33,49.41999965143183,49.42,-3.485681716597355e-07
68,34,50.402516482733525,49.42,0.9825164827335229
68,35,49.419999663122546,49.42,-3.3687745570887273e-07
68,36,49.37999966811182,49.38,-3.318881809377672e-07
68,37,49.3799996730525,49.38,-3.2694750018436025e-07
68,38,49.37999967756905,49.38,-3.224309494953559e-07
68,39,49.37999968178748,49.38,-3.182125212219944e-07
68,40,46.37999968585689,46.38,-3.1414311507660386e-07
68,41,46.3799996893473,46.38,-3.106527017848748e-07
68,42,46.37999969235223,46.38,-3.076477739227812e-07
68,43,46.37999969476736,46.38,-3.052326391639326e-07
68,44,36.2799996962659,36.28,-3.0373410453421457e-07
68,45,36.279999708855826,36.28,-2.911441754349653e-07
68,46,36.27999969952249,36.28,-3.004775095405421e-07
68,47,36.27999969946467,36.28,-3.0053533350837824e-07
68,48,35.57999970273858,35.58,-2.9726141548280793e-07
68,49,35.5799996993437,35.58,-3.0065629630371404e-07
68,50,35.57999969936755,35.58,-3.0063245048950193e-07
68,51,35.579999700080975,35.58,-2.9991902295023465e-07
68,52,35.21999969988447,35.22,-3.0011553064923646e-07
68,53,35.219999700227525,35.22,-2.9977247351098413e-07
68,54,35.21999970040352,35.22,-2.995964791807637e-07
68,55,35.21999970029527,35.22,-2.9970473036655676e-07
68,56,34.9199997005589,34.92,-2.9944110480073505e-07
68,57,34.91999970106792,34.92,-2.9893207909026387e-07
68,58,40.026364713039115,34.92,5.106364713039113
68,59,43.23769792708971,34.92,8.31769792708971
68,60,59.06974075120003,34.76,24.30974075120003
68,61,45.16043497119378,34.76,10.400434971193782
68,62,35.741706141693946,34.76,0.9817061416939481
68,63,78.57475638043249,34.76,43.81475638043249
68,64,47.780701624941535,40.47,7.310701624941537
68,65,46.313319122186584,40.47,5.8433191221865854
68,66,4388.558898418092,40.47,4348.088898418092
68,67,46.249382123514586,40.47,5.779382123514587
68,68,59.701809798929766,48.01,11.691809798929768
68,69,55.73441994772337,48.01,7.724419947723369
68,70,52.07092082189256,48.01,4.060920821892559
68,71,7031.915615312486,48.01,6983.905615312486
68,72,54.602196455860266,51.61,2.9921964558602667
68,73,2505.892975790973,51.61,2454.282975790973
68,74,3498.8391657063407,51.61,3447.2291657063406
68,75,54.76465993058686,51.61,3.1546599305868597
68,76,49.101994475819346,47.16,1.9419944758193495
68,77,48.83913598814335,47.16,1.6791359881433507
68,78,76.99372274372647,47.16,29.83372274372647
68,79,50.75460929458048,47.16,3.5946092945804864
68,80,37.12999970295974,37.13,-2.970402590563026e-07
68,81,37.129999702884334,37.13,-2.971156689568488e-07
68,82,37.12999970285076,37.13,-2.971492421011135e-07
68,83,37.12999970264426,37.13,-2.973557400309801e-07
68,84,34.689999702522755,34.69,-2.9747724283879506e-07
68,85,34.68999970234397,34.69,-2.97656029601967e-07
68,86,34.68999970215025,34.69,-2.978497448680173e-07
68,87,34.689999702249644,34.69,-2.977503541501392e-07
68,88,33.950253744423435,31.8,2.150253744423434
68,89,31.799999701523955,31.8,-2.984760456570257e-07
68,90,31.79999970123339,31.8,-2.9876661145067374e-07
68,91,31.799999701027154,31.8,-2.989728464797281e-07
68,92,26.209999700729792,26.21,-2.992702086146437e-07
68,93,26.2099997003429,26.21,-2.996570991342651e-07
68,94,38.621006345466455,26.21,12.411006345466454
68,95,26.209999699724463,26.21,-3.002755377679023e-07
74,0,35.38297412248681,31.0,4.382974122486807
74,1,37.70373472383508,31.0,6.703734723835083
74,2,30.99999732931085,31.0,-2.670689148942529e-06
74,3,36.8008129080305,31.0,5.800812908030501
74,4,30.8432117666264,30.94,-0.09678823337360143
74,5,39.073792997746,30.94,8.133792997745996
74,6,35.81670090054025,30.94,4.876700900540246
74,7,35.359294491672685,30.94,4.419294491672684
74,8,35.19746282258181,31.32,3.877462822581812
74,9,33.59285453344077,31.32,2.2728545334407713
74,10,36.912731511408644,31.32,5.592731511408644
74,11,33.24302607421073,31.32,1.923026074210732
74,12,35.85490789548673,29.03,6.8249078954867315
74,13,33.620376264792085,29.03,4.590376264792084
74,14,28.93439666605031,29.03,-0.09560333394968978
74,15,32.423795707731685,29.03,3.393795707731684
74,16,28.199997329693687,28.2,-2.670306312069215e-06
74,17,28.19999733007667,28.2,-2.6699233295346403e-06
74,18,28.199997330508037,28.2,-2.669491962592474e-06
74,19,28.199997330817336,28.2,-2.6691826633395976e-06
74,20,43.749997331274294,43.75,-2.668725706200803e-06
74,21,43.749997331579706,43.75,-2.668420293616691e-06
74,22,43.74999733198777,43.75,-2.668012228923544e-06
74,23,43.74999733237605,43.75,-2.667623952845588e-06
74,24,51.78999733278059,51.79,-2.6672194124444104e-06
74,25,51.78999733311126,51.79,-2.6668887400660424e-06
74,26,51.7899973337292,51.79,-2.666270802365034e-06
74,27,51.78999733422054,51.79,-2.6657794620632558e-06
74,28,52.3999973343006,52.4,-2.6656993981077903e-06
74,29,52.399997334508036,52.4,-2.6654919622615125e-06
74,30,52.399997334660114,52.4,-2.665339884799778e-06
74,31,52.39999733520561,52.4,-2.66479438693068e-06
74,32,49.41999733564727,49.42,-2.6643527348824136e-06
74,33,49.41999733546608,49.42,-2.6645339232800325e-06
74,34,50.40079592500087,49.42,0.9807959250008693
74,35,49.419997335976596,49.42,-2.664023405429816e-06
74,36,49.379997336536555,49.38,-2.6634634480160457e-06
74,37,49.37999733626305,49.38,-2.6637369501258945e-06
74,38,49.379997336513775,49.38,-2.663486228016154e-06
74,39,49.379997336722305,49.38,-2.6632776979340633e-06
74,40,46.37999733696355,46.38,-2.663036454464418e-06
74,41,46.379997337148495,46.38,-2.662851507295727e-06
74,42,46.379997337322024,46.38,-2.6626779785487997e-06
74,43,46.379997337582715,46.38,-2.6624172875244767e-06
74,44,36.27999733805321,36.28,-2.661946794546566e-06
74,45,36.279997338216006,36.28,-2.6617839949949484e-06
74,46,36.279997338331384,36.28,-2.6616686170655157e-06
74,47,36.279997338597305,36.28,-2.6614026964466575e-06
74,48,35.5799973383828,35.58,-2.6616171950877288e-06
74,49,35.57999733862614,35.58,-2.661373855517013e-06
74,50,35.57999733848915,35.58,-2.6615108481564675e-06
74,51,35.579997338900455,35.58,-2.6610995433884455e-06
74,52,35.219997339325914,35.22,-2.660674084609127e-06
74,53,35.21999733918896,35.22,-2.6608110417214448e-06
74,54,35.21999733920282,35.22,-2.66079717903267e-06
74,55,35.219997339362955,35.22,-2.660637044016312e-06
74,56,34.919997339465944,34.92,-2.6605340579521908e-06
74,57,34.91999733984151,34.92,-2.6601584934837774e-06
74,58,40.02385674241074,34.92,5.103856742410741
74,59,43.23262305356312,34.92,8.312623053563115
74,60,59.05895084974357,34.76,24.29895084974357
74,61,45.16648859871848,34.76,10.406488598718482
74,62,35.7416438230962,34.76,0.9816438230961992
74,63,78.61731889602387,34.76,43.85731889602388
74,64,47.78944281583465,40.47,7.319442815834648
74,65,46.34622162650088,40.47,5.876221626500879
74,66,6195.554903871421,40.47,6155.0849038714205
74,67,46.276032669708336,40.47,5.806032669708337
74,68,59.75130775870616,48.01,11.741307758706164
74,69,55.74504241979372,48.01,7.7350424197937215
74,70,52.086311772084734,48.01,4.076311772084736
74,71,9936.981798611032,48.01,9888.971798611032
74,72,54.61141305528658,51.61,3.0014130552865836
74,73,3523.184254527461,51.61,3471.5742545274607
74,74,4925.306821715467,51.61,4873.696821715467
74,75,54.77363707221825,51.61,3.1636370722182505
74,76,49.106653938068185,47.16,1.946653938068188
74,77,48.85491775176169,47.16,1.6949177517616931
74,78,77.11510477325139,47.16,29.955104773251392
74,79,50.76658236423248,47.16,3.60658236423248
74,80,37.12999734044129,37.13,-2.6595587101496676e-06
74,81,37.129997340054004,37.13,-2.659945998573221e-06
74,82,37.12999733979888,37.13,-2.660201126047923e-06
74,83,37.12999733963861,37.13,-2.660361396067401e-06
74,84,34.68999733951097,34.69,-2.6604890308590257e-06
74,85,34.68999733946261,34.69,-2.6605373903976215e-06
74,86,34.689997338675305,34.69,-2.6613246930651258e-06
74,87,34.689997338788615,34.69,-2.661211382815054e-06
74,88,33.95446452543071,31.8,2.1544645254307078
74,89,31.799997338099168,31.8,-2.661900833089703e-06
74,90,31.799997337245383,31.8,-2.662754617688279e-06
74,91,31.799997336810524,31.8,-2.6631894769479914e-06
74,92,26.209997336517432,26.21,-2.663482568721065e-06
74,93,26.20999733620192,26.21,-2.6637980816701656e-06
74,94,38.63888621111312,26.21,12.428886211113117
74,95,26.20999733546957,26.21,-2.664530430962486e-06
